{
"type": "FeatureCollection",
"name": "roads_ar_points_อำเภอห้วยคต",
"crs": { "type": "name", "properties": { "name": "urn:ogc:def:crs:OGC:1.3:CRS84" } },
"features": [
{ "type": "Feature", "properties": { "road_key": "61010000ST011.3", "road_name": "ทางหลวงชนบท อน.3027 (บ้านใหม่คลองเคียน-บ้านเจ้าวัด) ช่วงที่ 3", "road_no": "3027", "aumpher": "อำเภอห้วยคต", "office": "สาขาบ้านไร่", "branch_code": "61010000", "name_short": "อน.", "price_new": 350, "price_old": 250, "width_m": 8, "pt_i": 0 }, "geometry": { "type": "Point", "coordinates": [ 99.594229796027932, 15.202469130615352 ] } },
{ "type": "Feature", "properties": { "road_key": "61010000ST011.3", "road_name": "ทางหลวงชนบท อน.3027 (บ้านใหม่คลองเคียน-บ้านเจ้าวัด) ช่วงที่ 3", "road_no": "3027", "aumpher": "อำเภอห้วยคต", "office": "สาขาบ้านไร่", "branch_code": "61010000", "name_short": "อน.", "price_new": 350, "price_old": 250, "width_m": 8, "pt_i": 1 }, "geometry": { "type": "Point", "coordinates": [ 99.593220654443925, 15.202006461492052 ] } },
{ "type": "Feature", "properties": { "road_key": "61010000ST011.3", "road_name": "ทางหลวงชนบท อน.3027 (บ้านใหม่คลองเคียน-บ้านเจ้าวัด) ช่วงที่ 3", "road_no": "3027", "aumpher": "อำเภอห้วยคต", "office": "สาขาบ้านไร่", "branch_code": "61010000", "name_short": "อน.", "price_new": 350, "price_old": 250, "width_m": 8, "pt_i": 2 }, "geometry": { "type": "Point", "coordinates": [ 99.592173310101785, 15.201632958102508 ] } },
{ "type": "Feature", "properties": { "road_key": "61010000ST011.3", "road_name": "ทางหลวงชนบท อน.3027 (บ้านใหม่คลองเคียน-บ้านเจ้าวัด) ช่วงที่ 3", "road_no": "3027", "aumpher": "อำเภอห้วยคต", "office": "สาขาบ้านไร่", "branch_code": "61010000", "name_short": "อน.", "price_new": 350, "price_old": 250, "width_m": 8, "pt_i": 3 }, "geometry": { "type": "Point", "coordinates": [ 99.591092569650698, 15.201358415869882 ] } },
{ "type": "Feature", "properties": { "road_key": "61010000ST011.3", "road_name": "ทางหลวงชนบท อน.3027 (บ้านใหม่คลองเคียน-บ้านเจ้าวัด) ช่วงที่ 3", "road_no": "3027", "aumpher": "อำเภอห้วยคต", "office": "สาขาบ้านไร่", "branch_code": "61010000", "name_short": "อน.", "price_new": 350, "price_old": 250, "width_m": 8, "pt_i": 4 }, "geometry": { "type": "Point", "coordinates": [ 99.590008834852867, 15.201094883580547 ] } },
{ "type": "Feature", "properties": { "road_key": "61010000ST011.3", "road_name": "ทางหลวงชนบท อน.3027 (บ้านใหม่คลองเคียน-บ้านเจ้าวัด) ช่วงที่ 3", "road_no": "3027", "aumpher": "อำเภอห้วยคต", "office": "สาขาบ้านไร่", "branch_code": "61010000", "name_short": "อน.", "price_new": 350, "price_old": 250, "width_m": 8, "pt_i": 5 }, "geometry": { "type": "Point", "coordinates": [ 99.588920095217588, 15.200851725575358 ] } },
{ "type": "Feature", "properties": { "road_key": "61010000ST011.3", "road_name": "ทางหลวงชนบท อน.3027 (บ้านใหม่คลองเคียน-บ้านเจ้าวัด) ช่วงที่ 3", "road_no": "3027", "aumpher": "อำเภอห้วยคต", "office": "สาขาบ้านไร่", "branch_code": "61010000", "name_short": "อน.", "price_new": 350, "price_old": 250, "width_m": 8, "pt_i": 6 }, "geometry": { "type": "Point", "coordinates": [ 99.588027390881976, 15.200310235721339 ] } },
{ "type": "Feature", "properties": { "road_key": "61010000ST011.3", "road_name": "ทางหลวงชนบท อน.3027 (บ้านใหม่คลองเคียน-บ้านเจ้าวัด) ช่วงที่ 3", "road_no": "3027", "aumpher": "อำเภอห้วยคต", "office": "สาขาบ้านไร่", "branch_code": "61010000", "name_short": "อน.", "price_new": 350, "price_old": 250, "width_m": 8, "pt_i": 7 }, "geometry": { "type": "Point", "coordinates": [ 99.587600053189988, 15.199308641452737 ] } },
{ "type": "Feature", "properties": { "road_key": "61010000ST011.3", "road_name": "ทางหลวงชนบท อน.3027 (บ้านใหม่คลองเคียน-บ้านเจ้าวัด) ช่วงที่ 3", "road_no": "3027", "aumpher": "อำเภอห้วยคต", "office": "สาขาบ้านไร่", "branch_code": "61010000", "name_short": "อน.", "price_new": 350, "price_old": 250, "width_m": 8, "pt_i": 8 }, "geometry": { "type": "Point", "coordinates": [ 99.587182699643236, 15.198302311830076 ] } },
{ "type": "Feature", "properties": { "road_key": "61010000ST011.3", "road_name": "ทางหลวงชนบท อน.3027 (บ้านใหม่คลองเคียน-บ้านเจ้าวัด) ช่วงที่ 3", "road_no": "3027", "aumpher": "อำเภอห้วยคต", "office": "สาขาบ้านไร่", "branch_code": "61010000", "name_short": "อน.", "price_new": 350, "price_old": 250, "width_m": 8, "pt_i": 9 }, "geometry": { "type": "Point", "coordinates": [ 99.586765350205567, 15.197295981203236 ] } },
{ "type": "Feature", "properties": { "road_key": "61010000ST011.3", "road_name": "ทางหลวงชนบท อน.3027 (บ้านใหม่คลองเคียน-บ้านเจ้าวัด) ช่วงที่ 3", "road_no": "3027", "aumpher": "อำเภอห้วยคต", "office": "สาขาบ้านไร่", "branch_code": "61010000", "name_short": "อน.", "price_new": 350, "price_old": 250, "width_m": 8, "pt_i": 10 }, "geometry": { "type": "Point", "coordinates": [ 99.5863757548628, 15.196279281082377 ] } },
{ "type": "Feature", "properties": { "road_key": "61010000ST011.3", "road_name": "ทางหลวงชนบท อน.3027 (บ้านใหม่คลองเคียน-บ้านเจ้าวัด) ช่วงที่ 3", "road_no": "3027", "aumpher": "อำเภอห้วยคต", "office": "สาขาบ้านไร่", "branch_code": "61010000", "name_short": "อน.", "price_new": 350, "price_old": 250, "width_m": 8, "pt_i": 11 }, "geometry": { "type": "Point", "coordinates": [ 99.585982321702502, 15.195264017057932 ] } },
{ "type": "Feature", "properties": { "road_key": "61010000ST011.3", "road_name": "ทางหลวงชนบท อน.3027 (บ้านใหม่คลองเคียน-บ้านเจ้าวัด) ช่วงที่ 3", "road_no": "3027", "aumpher": "อำเภอห้วยคต", "office": "สาขาบ้านไร่", "branch_code": "61010000", "name_short": "อน.", "price_new": 350, "price_old": 250, "width_m": 8, "pt_i": 12 }, "geometry": { "type": "Point", "coordinates": [ 99.585273705680493, 15.194467934553737 ] } },
{ "type": "Feature", "properties": { "road_key": "61010000ST011.3", "road_name": "ทางหลวงชนบท อน.3027 (บ้านใหม่คลองเคียน-บ้านเจ้าวัด) ช่วงที่ 3", "road_no": "3027", "aumpher": "อำเภอห้วยคต", "office": "สาขาบ้านไร่", "branch_code": "61010000", "name_short": "อน.", "price_new": 350, "price_old": 250, "width_m": 8, "pt_i": 13 }, "geometry": { "type": "Point", "coordinates": [ 99.58427649554929, 15.193978879405016 ] } },
{ "type": "Feature", "properties": { "road_key": "61010000ST011.3", "road_name": "ทางหลวงชนบท อน.3027 (บ้านใหม่คลองเคียน-บ้านเจ้าวัด) ช่วงที่ 3", "road_no": "3027", "aumpher": "อำเภอห้วยคต", "office": "สาขาบ้านไร่", "branch_code": "61010000", "name_short": "อน.", "price_new": 350, "price_old": 250, "width_m": 8, "pt_i": 14 }, "geometry": { "type": "Point", "coordinates": [ 99.583529975767576, 15.193192625286914 ] } },
{ "type": "Feature", "properties": { "road_key": "61010000ST011.3", "road_name": "ทางหลวงชนบท อน.3027 (บ้านใหม่คลองเคียน-บ้านเจ้าวัด) ช่วงที่ 3", "road_no": "3027", "aumpher": "อำเภอห้วยคต", "office": "สาขาบ้านไร่", "branch_code": "61010000", "name_short": "อน.", "price_new": 350, "price_old": 250, "width_m": 8, "pt_i": 15 }, "geometry": { "type": "Point", "coordinates": [ 99.582854329283265, 15.192328702784071 ] } },
{ "type": "Feature", "properties": { "road_key": "61010000ST011.3", "road_name": "ทางหลวงชนบท อน.3027 (บ้านใหม่คลองเคียน-บ้านเจ้าวัด) ช่วงที่ 3", "road_no": "3027", "aumpher": "อำเภอห้วยคต", "office": "สาขาบ้านไร่", "branch_code": "61010000", "name_short": "อน.", "price_new": 350, "price_old": 250, "width_m": 8, "pt_i": 16 }, "geometry": { "type": "Point", "coordinates": [ 99.582373570547659, 15.191377696540714 ] } },
{ "type": "Feature", "properties": { "road_key": "61010000ST011.3", "road_name": "ทางหลวงชนบท อน.3027 (บ้านใหม่คลองเคียน-บ้านเจ้าวัด) ช่วงที่ 3", "road_no": "3027", "aumpher": "อำเภอห้วยคต", "office": "สาขาบ้านไร่", "branch_code": "61010000", "name_short": "อน.", "price_new": 350, "price_old": 250, "width_m": 8, "pt_i": 17 }, "geometry": { "type": "Point", "coordinates": [ 99.582541578030629, 15.190311307681858 ] } },
{ "type": "Feature", "properties": { "road_key": "61010000ST011.3", "road_name": "ทางหลวงชนบท อน.3027 (บ้านใหม่คลองเคียน-บ้านเจ้าวัด) ช่วงที่ 3", "road_no": "3027", "aumpher": "อำเภอห้วยคต", "office": "สาขาบ้านไร่", "branch_code": "61010000", "name_short": "อน.", "price_new": 350, "price_old": 250, "width_m": 8, "pt_i": 18 }, "geometry": { "type": "Point", "coordinates": [ 99.582808007458027, 15.189257935024672 ] } },
{ "type": "Feature", "properties": { "road_key": "61010000ST011.3", "road_name": "ทางหลวงชนบท อน.3027 (บ้านใหม่คลองเคียน-บ้านเจ้าวัด) ช่วงที่ 3", "road_no": "3027", "aumpher": "อำเภอห้วยคต", "office": "สาขาบ้านไร่", "branch_code": "61010000", "name_short": "อน.", "price_new": 350, "price_old": 250, "width_m": 8, "pt_i": 19 }, "geometry": { "type": "Point", "coordinates": [ 99.58243775847896, 15.188265640204666 ] } },
{ "type": "Feature", "properties": { "road_key": "61010000ST011.3", "road_name": "ทางหลวงชนบท อน.3027 (บ้านใหม่คลองเคียน-บ้านเจ้าวัด) ช่วงที่ 3", "road_no": "3027", "aumpher": "อำเภอห้วยคต", "office": "สาขาบ้านไร่", "branch_code": "61010000", "name_short": "อน.", "price_new": 350, "price_old": 250, "width_m": 8, "pt_i": 20 }, "geometry": { "type": "Point", "coordinates": [ 99.581843417561643, 15.187347044152867 ] } },
{ "type": "Feature", "properties": { "road_key": "61010000ST011.3", "road_name": "ทางหลวงชนบท อน.3027 (บ้านใหม่คลองเคียน-บ้านเจ้าวัด) ช่วงที่ 3", "road_no": "3027", "aumpher": "อำเภอห้วยคต", "office": "สาขาบ้านไร่", "branch_code": "61010000", "name_short": "อน.", "price_new": 350, "price_old": 250, "width_m": 8, "pt_i": 21 }, "geometry": { "type": "Point", "coordinates": [ 99.581273261376239, 15.186417165523812 ] } },
{ "type": "Feature", "properties": { "road_key": "61010000ST011.4", "road_name": "ทางหลวงชนบท อน.3027 (บ้านใหม่คลองเคียน-บ้านเจ้าวัด) ช่วงที่ 4", "road_no": "3027", "aumpher": "อำเภอห้วยคต", "office": "สาขาบ้านไร่", "branch_code": "61010000", "name_short": "อน.", "price_new": 350, "price_old": 250, "width_m": 8, "pt_i": 0 }, "geometry": { "type": "Point", "coordinates": [ 99.581253460983191, 15.186337782698672 ] } },
{ "type": "Feature", "properties": { "road_key": "61010000ST011.4", "road_name": "ทางหลวงชนบท อน.3027 (บ้านใหม่คลองเคียน-บ้านเจ้าวัด) ช่วงที่ 4", "road_no": "3027", "aumpher": "อำเภอห้วยคต", "office": "สาขาบ้านไร่", "branch_code": "61010000", "name_short": "อน.", "price_new": 350, "price_old": 250, "width_m": 8, "pt_i": 1 }, "geometry": { "type": "Point", "coordinates": [ 99.581700297918317, 15.185351464406775 ] } },
{ "type": "Feature", "properties": { "road_key": "61010000ST011.4", "road_name": "ทางหลวงชนบท อน.3027 (บ้านใหม่คลองเคียน-บ้านเจ้าวัด) ช่วงที่ 4", "road_no": "3027", "aumpher": "อำเภอห้วยคต", "office": "สาขาบ้านไร่", "branch_code": "61010000", "name_short": "อน.", "price_new": 350, "price_old": 250, "width_m": 8, "pt_i": 2 }, "geometry": { "type": "Point", "coordinates": [ 99.582269396722978, 15.184417918867073 ] } },
{ "type": "Feature", "properties": { "road_key": "61010000ST011.4", "road_name": "ทางหลวงชนบท อน.3027 (บ้านใหม่คลองเคียน-บ้านเจ้าวัด) ช่วงที่ 4", "road_no": "3027", "aumpher": "อำเภอห้วยคต", "office": "สาขาบ้านไร่", "branch_code": "61010000", "name_short": "อน.", "price_new": 350, "price_old": 250, "width_m": 8, "pt_i": 3 }, "geometry": { "type": "Point", "coordinates": [ 99.582838490625136, 15.183484371989165 ] } },
{ "type": "Feature", "properties": { "road_key": "61010000ST011.4", "road_name": "ทางหลวงชนบท อน.3027 (บ้านใหม่คลองเคียน-บ้านเจ้าวัด) ช่วงที่ 4", "road_no": "3027", "aumpher": "อำเภอห้วยคต", "office": "สาขาบ้านไร่", "branch_code": "61010000", "name_short": "อน.", "price_new": 350, "price_old": 250, "width_m": 8, "pt_i": 4 }, "geometry": { "type": "Point", "coordinates": [ 99.583381949816641, 15.182539762518413 ] } },
{ "type": "Feature", "properties": { "road_key": "61010000ST011.4", "road_name": "ทางหลวงชนบท อน.3027 (บ้านใหม่คลองเคียน-บ้านเจ้าวัด) ช่วงที่ 4", "road_no": "3027", "aumpher": "อำเภอห้วยคต", "office": "สาขาบ้านไร่", "branch_code": "61010000", "name_short": "อน.", "price_new": 350, "price_old": 250, "width_m": 8, "pt_i": 5 }, "geometry": { "type": "Point", "coordinates": [ 99.582894200948502, 15.181643744329632 ] } },
{ "type": "Feature", "properties": { "road_key": "61010000ST011.4", "road_name": "ทางหลวงชนบท อน.3027 (บ้านใหม่คลองเคียน-บ้านเจ้าวัด) ช่วงที่ 4", "road_no": "3027", "aumpher": "อำเภอห้วยคต", "office": "สาขาบ้านไร่", "branch_code": "61010000", "name_short": "อน.", "price_new": 350, "price_old": 250, "width_m": 8, "pt_i": 6 }, "geometry": { "type": "Point", "coordinates": [ 99.582057546305137, 15.180935953128966 ] } },
{ "type": "Feature", "properties": { "road_key": "61010000ST011.4", "road_name": "ทางหลวงชนบท อน.3027 (บ้านใหม่คลองเคียน-บ้านเจ้าวัด) ช่วงที่ 4", "road_no": "3027", "aumpher": "อำเภอห้วยคต", "office": "สาขาบ้านไร่", "branch_code": "61010000", "name_short": "อน.", "price_new": 350, "price_old": 250, "width_m": 8, "pt_i": 7 }, "geometry": { "type": "Point", "coordinates": [ 99.581045011649095, 15.180478250081494 ] } },
{ "type": "Feature", "properties": { "road_key": "61010000ST011.4", "road_name": "ทางหลวงชนบท อน.3027 (บ้านใหม่คลองเคียน-บ้านเจ้าวัด) ช่วงที่ 4", "road_no": "3027", "aumpher": "อำเภอห้วยคต", "office": "สาขาบ้านไร่", "branch_code": "61010000", "name_short": "อน.", "price_new": 350, "price_old": 250, "width_m": 8, "pt_i": 8 }, "geometry": { "type": "Point", "coordinates": [ 99.579976258905262, 15.180176299407666 ] } },
{ "type": "Feature", "properties": { "road_key": "61010000ST011.4", "road_name": "ทางหลวงชนบท อน.3027 (บ้านใหม่คลองเคียน-บ้านเจ้าวัด) ช่วงที่ 4", "road_no": "3027", "aumpher": "อำเภอห้วยคต", "office": "สาขาบ้านไร่", "branch_code": "61010000", "name_short": "อน.", "price_new": 350, "price_old": 250, "width_m": 8, "pt_i": 9 }, "geometry": { "type": "Point", "coordinates": [ 99.578882775200086, 15.179955415804734 ] } },
{ "type": "Feature", "properties": { "road_key": "61010000ST011.4", "road_name": "ทางหลวงชนบท อน.3027 (บ้านใหม่คลองเคียน-บ้านเจ้าวัด) ช่วงที่ 4", "road_no": "3027", "aumpher": "อำเภอห้วยคต", "office": "สาขาบ้านไร่", "branch_code": "61010000", "name_short": "อน.", "price_new": 350, "price_old": 250, "width_m": 8, "pt_i": 10 }, "geometry": { "type": "Point", "coordinates": [ 99.577855526153471, 15.179541036028695 ] } },
{ "type": "Feature", "properties": { "road_key": "61010000ST011.4", "road_name": "ทางหลวงชนบท อน.3027 (บ้านใหม่คลองเคียน-บ้านเจ้าวัด) ช่วงที่ 4", "road_no": "3027", "aumpher": "อำเภอห้วยคต", "office": "สาขาบ้านไร่", "branch_code": "61010000", "name_short": "อน.", "price_new": 350, "price_old": 250, "width_m": 8, "pt_i": 11 }, "geometry": { "type": "Point", "coordinates": [ 99.576883076844481, 15.17900713975909 ] } },
{ "type": "Feature", "properties": { "road_key": "61010000ST011.4", "road_name": "ทางหลวงชนบท อน.3027 (บ้านใหม่คลองเคียน-บ้านเจ้าวัด) ช่วงที่ 4", "road_no": "3027", "aumpher": "อำเภอห้วยคต", "office": "สาขาบ้านไร่", "branch_code": "61010000", "name_short": "อน.", "price_new": 350, "price_old": 250, "width_m": 8, "pt_i": 12 }, "geometry": { "type": "Point", "coordinates": [ 99.575859940689995, 15.178578358657559 ] } },
{ "type": "Feature", "properties": { "road_key": "61010000ST011.4", "road_name": "ทางหลวงชนบท อน.3027 (บ้านใหม่คลองเคียน-บ้านเจ้าวัด) ช่วงที่ 4", "road_no": "3027", "aumpher": "อำเภอห้วยคต", "office": "สาขาบ้านไร่", "branch_code": "61010000", "name_short": "อน.", "price_new": 350, "price_old": 250, "width_m": 8, "pt_i": 13 }, "geometry": { "type": "Point", "coordinates": [ 99.574811628900733, 15.178203592838777 ] } },
{ "type": "Feature", "properties": { "road_key": "61010000ST011.4", "road_name": "ทางหลวงชนบท อน.3027 (บ้านใหม่คลองเคียน-บ้านเจ้าวัด) ช่วงที่ 4", "road_no": "3027", "aumpher": "อำเภอห้วยคต", "office": "สาขาบ้านไร่", "branch_code": "61010000", "name_short": "อน.", "price_new": 350, "price_old": 250, "width_m": 8, "pt_i": 14 }, "geometry": { "type": "Point", "coordinates": [ 99.573793913334896, 15.177759111855449 ] } },
{ "type": "Feature", "properties": { "road_key": "61010000ST011.4", "road_name": "ทางหลวงชนบท อน.3027 (บ้านใหม่คลองเคียน-บ้านเจ้าวัด) ช่วงที่ 4", "road_no": "3027", "aumpher": "อำเภอห้วยคต", "office": "สาขาบ้านไร่", "branch_code": "61010000", "name_short": "อน.", "price_new": 350, "price_old": 250, "width_m": 8, "pt_i": 15 }, "geometry": { "type": "Point", "coordinates": [ 99.572855613499271, 15.177170405131285 ] } },
{ "type": "Feature", "properties": { "road_key": "61010000ST011.4", "road_name": "ทางหลวงชนบท อน.3027 (บ้านใหม่คลองเคียน-บ้านเจ้าวัด) ช่วงที่ 4", "road_no": "3027", "aumpher": "อำเภอห้วยคต", "office": "สาขาบ้านไร่", "branch_code": "61010000", "name_short": "อน.", "price_new": 350, "price_old": 250, "width_m": 8, "pt_i": 16 }, "geometry": { "type": "Point", "coordinates": [ 99.571917517566277, 15.176581395521785 ] } },
{ "type": "Feature", "properties": { "road_key": "61010000ST011.4", "road_name": "ทางหลวงชนบท อน.3027 (บ้านใหม่คลองเคียน-บ้านเจ้าวัด) ช่วงที่ 4", "road_no": "3027", "aumpher": "อำเภอห้วยคต", "office": "สาขาบ้านไร่", "branch_code": "61010000", "name_short": "อน.", "price_new": 350, "price_old": 250, "width_m": 8, "pt_i": 17 }, "geometry": { "type": "Point", "coordinates": [ 99.570971483623069, 15.176004529126578 ] } },
{ "type": "Feature", "properties": { "road_key": "61010000ST011.4", "road_name": "ทางหลวงชนบท อน.3027 (บ้านใหม่คลองเคียน-บ้านเจ้าวัด) ช่วงที่ 4", "road_no": "3027", "aumpher": "อำเภอห้วยคต", "office": "สาขาบ้านไร่", "branch_code": "61010000", "name_short": "อน.", "price_new": 350, "price_old": 250, "width_m": 8, "pt_i": 18 }, "geometry": { "type": "Point", "coordinates": [ 99.569947320120534, 15.175591110841291 ] } },
{ "type": "Feature", "properties": { "road_key": "61010000ST011.4", "road_name": "ทางหลวงชนบท อน.3027 (บ้านใหม่คลองเคียน-บ้านเจ้าวัด) ช่วงที่ 4", "road_no": "3027", "aumpher": "อำเภอห้วยคต", "office": "สาขาบ้านไร่", "branch_code": "61010000", "name_short": "อน.", "price_new": 350, "price_old": 250, "width_m": 8, "pt_i": 19 }, "geometry": { "type": "Point", "coordinates": [ 99.568862149191474, 15.175334674264306 ] } },
{ "type": "Feature", "properties": { "road_key": "61010000ST011.4", "road_name": "ทางหลวงชนบท อน.3027 (บ้านใหม่คลองเคียน-บ้านเจ้าวัด) ช่วงที่ 4", "road_no": "3027", "aumpher": "อำเภอห้วยคต", "office": "สาขาบ้านไร่", "branch_code": "61010000", "name_short": "อน.", "price_new": 350, "price_old": 250, "width_m": 8, "pt_i": 20 }, "geometry": { "type": "Point", "coordinates": [ 99.567771835670186, 15.175415045571423 ] } },
{ "type": "Feature", "properties": { "road_key": "61010000ST011.4", "road_name": "ทางหลวงชนบท อน.3027 (บ้านใหม่คลองเคียน-บ้านเจ้าวัด) ช่วงที่ 4", "road_no": "3027", "aumpher": "อำเภอห้วยคต", "office": "สาขาบ้านไร่", "branch_code": "61010000", "name_short": "อน.", "price_new": 350, "price_old": 250, "width_m": 8, "pt_i": 21 }, "geometry": { "type": "Point", "coordinates": [ 99.566795434066321, 15.175939939951141 ] } },
{ "type": "Feature", "properties": { "road_key": "61010000ST011.4", "road_name": "ทางหลวงชนบท อน.3027 (บ้านใหม่คลองเคียน-บ้านเจ้าวัด) ช่วงที่ 4", "road_no": "3027", "aumpher": "อำเภอห้วยคต", "office": "สาขาบ้านไร่", "branch_code": "61010000", "name_short": "อน.", "price_new": 350, "price_old": 250, "width_m": 8, "pt_i": 22 }, "geometry": { "type": "Point", "coordinates": [ 99.565825367656771, 15.17647777238332 ] } },
{ "type": "Feature", "properties": { "road_key": "61010000ST011.4", "road_name": "ทางหลวงชนบท อน.3027 (บ้านใหม่คลองเคียน-บ้านเจ้าวัด) ช่วงที่ 4", "road_no": "3027", "aumpher": "อำเภอห้วยคต", "office": "สาขาบ้านไร่", "branch_code": "61010000", "name_short": "อน.", "price_new": 350, "price_old": 250, "width_m": 8, "pt_i": 23 }, "geometry": { "type": "Point", "coordinates": [ 99.564904038890234, 15.17708689988949 ] } },
{ "type": "Feature", "properties": { "road_key": "61010000ST011.4", "road_name": "ทางหลวงชนบท อน.3027 (บ้านใหม่คลองเคียน-บ้านเจ้าวัด) ช่วงที่ 4", "road_no": "3027", "aumpher": "อำเภอห้วยคต", "office": "สาขาบ้านไร่", "branch_code": "61010000", "name_short": "อน.", "price_new": 350, "price_old": 250, "width_m": 8, "pt_i": 24 }, "geometry": { "type": "Point", "coordinates": [ 99.564052108626157, 15.177785843032138 ] } },
{ "type": "Feature", "properties": { "road_key": "61010000ST011.4", "road_name": "ทางหลวงชนบท อน.3027 (บ้านใหม่คลองเคียน-บ้านเจ้าวัด) ช่วงที่ 4", "road_no": "3027", "aumpher": "อำเภอห้วยคต", "office": "สาขาบ้านไร่", "branch_code": "61010000", "name_short": "อน.", "price_new": 350, "price_old": 250, "width_m": 8, "pt_i": 25 }, "geometry": { "type": "Point", "coordinates": [ 99.563311241823726, 15.178597753677735 ] } },
{ "type": "Feature", "properties": { "road_key": "61010000ST011.4", "road_name": "ทางหลวงชนบท อน.3027 (บ้านใหม่คลองเคียน-บ้านเจ้าวัด) ช่วงที่ 4", "road_no": "3027", "aumpher": "อำเภอห้วยคต", "office": "สาขาบ้านไร่", "branch_code": "61010000", "name_short": "อน.", "price_new": 350, "price_old": 250, "width_m": 8, "pt_i": 26 }, "geometry": { "type": "Point", "coordinates": [ 99.562439984087646, 15.179271915445351 ] } },
{ "type": "Feature", "properties": { "road_key": "61010000ST011.4", "road_name": "ทางหลวงชนบท อน.3027 (บ้านใหม่คลองเคียน-บ้านเจ้าวัด) ช่วงที่ 4", "road_no": "3027", "aumpher": "อำเภอห้วยคต", "office": "สาขาบ้านไร่", "branch_code": "61010000", "name_short": "อน.", "price_new": 350, "price_old": 250, "width_m": 8, "pt_i": 27 }, "geometry": { "type": "Point", "coordinates": [ 99.561496804200985, 15.179853031202988 ] } },
{ "type": "Feature", "properties": { "road_key": "61010000ST011.4", "road_name": "ทางหลวงชนบท อน.3027 (บ้านใหม่คลองเคียน-บ้านเจ้าวัด) ช่วงที่ 4", "road_no": "3027", "aumpher": "อำเภอห้วยคต", "office": "สาขาบ้านไร่", "branch_code": "61010000", "name_short": "อน.", "price_new": 350, "price_old": 250, "width_m": 8, "pt_i": 28 }, "geometry": { "type": "Point", "coordinates": [ 99.560548870572646, 15.180426183856653 ] } },
{ "type": "Feature", "properties": { "road_key": "61010000ST011.4", "road_name": "ทางหลวงชนบท อน.3027 (บ้านใหม่คลองเคียน-บ้านเจ้าวัด) ช่วงที่ 4", "road_no": "3027", "aumpher": "อำเภอห้วยคต", "office": "สาขาบ้านไร่", "branch_code": "61010000", "name_short": "อน.", "price_new": 350, "price_old": 250, "width_m": 8, "pt_i": 29 }, "geometry": { "type": "Point", "coordinates": [ 99.559634093285254, 15.181048853473742 ] } },
{ "type": "Feature", "properties": { "road_key": "61010000ST011.4", "road_name": "ทางหลวงชนบท อน.3027 (บ้านใหม่คลองเคียน-บ้านเจ้าวัด) ช่วงที่ 4", "road_no": "3027", "aumpher": "อำเภอห้วยคต", "office": "สาขาบ้านไร่", "branch_code": "61010000", "name_short": "อน.", "price_new": 350, "price_old": 250, "width_m": 8, "pt_i": 30 }, "geometry": { "type": "Point", "coordinates": [ 99.558719648202327, 15.181671949343082 ] } },
{ "type": "Feature", "properties": { "road_key": "61010000ST011.4", "road_name": "ทางหลวงชนบท อน.3027 (บ้านใหม่คลองเคียน-บ้านเจ้าวัด) ช่วงที่ 4", "road_no": "3027", "aumpher": "อำเภอห้วยคต", "office": "สาขาบ้านไร่", "branch_code": "61010000", "name_short": "อน.", "price_new": 350, "price_old": 250, "width_m": 8, "pt_i": 31 }, "geometry": { "type": "Point", "coordinates": [ 99.557859551266645, 15.182364235813079 ] } },
{ "type": "Feature", "properties": { "road_key": "61010000ST011.4", "road_name": "ทางหลวงชนบท อน.3027 (บ้านใหม่คลองเคียน-บ้านเจ้าวัด) ช่วงที่ 4", "road_no": "3027", "aumpher": "อำเภอห้วยคต", "office": "สาขาบ้านไร่", "branch_code": "61010000", "name_short": "อน.", "price_new": 350, "price_old": 250, "width_m": 8, "pt_i": 32 }, "geometry": { "type": "Point", "coordinates": [ 99.556999448688586, 15.183056519146305 ] } },
{ "type": "Feature", "properties": { "road_key": "61010000ST011.4", "road_name": "ทางหลวงชนบท อน.3027 (บ้านใหม่คลองเคียน-บ้านเจ้าวัด) ช่วงที่ 4", "road_no": "3027", "aumpher": "อำเภอห้วยคต", "office": "สาขาบ้านไร่", "branch_code": "61010000", "name_short": "อน.", "price_new": 350, "price_old": 250, "width_m": 8, "pt_i": 33 }, "geometry": { "type": "Point", "coordinates": [ 99.556140570835737, 15.183750235018666 ] } },
{ "type": "Feature", "properties": { "road_key": "61010000ST011.4", "road_name": "ทางหลวงชนบท อน.3027 (บ้านใหม่คลองเคียน-บ้านเจ้าวัด) ช่วงที่ 4", "road_no": "3027", "aumpher": "อำเภอห้วยคต", "office": "สาขาบ้านไร่", "branch_code": "61010000", "name_short": "อน.", "price_new": 350, "price_old": 250, "width_m": 8, "pt_i": 34 }, "geometry": { "type": "Point", "coordinates": [ 99.555206330694233, 15.184337154157223 ] } },
{ "type": "Feature", "properties": { "road_key": "61010000ST011.4", "road_name": "ทางหลวงชนบท อน.3027 (บ้านใหม่คลองเคียน-บ้านเจ้าวัด) ช่วงที่ 4", "road_no": "3027", "aumpher": "อำเภอห้วยคต", "office": "สาขาบ้านไร่", "branch_code": "61010000", "name_short": "อน.", "price_new": 350, "price_old": 250, "width_m": 8, "pt_i": 35 }, "geometry": { "type": "Point", "coordinates": [ 99.554226110865059, 15.184857453869292 ] } },
{ "type": "Feature", "properties": { "road_key": "61010000ST011.4", "road_name": "ทางหลวงชนบท อน.3027 (บ้านใหม่คลองเคียน-บ้านเจ้าวัด) ช่วงที่ 4", "road_no": "3027", "aumpher": "อำเภอห้วยคต", "office": "สาขาบ้านไร่", "branch_code": "61010000", "name_short": "อน.", "price_new": 350, "price_old": 250, "width_m": 8, "pt_i": 36 }, "geometry": { "type": "Point", "coordinates": [ 99.553229320532068, 15.185346632124817 ] } },
{ "type": "Feature", "properties": { "road_key": "61010000ST011.4", "road_name": "ทางหลวงชนบท อน.3027 (บ้านใหม่คลองเคียน-บ้านเจ้าวัด) ช่วงที่ 4", "road_no": "3027", "aumpher": "อำเภอห้วยคต", "office": "สาขาบ้านไร่", "branch_code": "61010000", "name_short": "อน.", "price_new": 350, "price_old": 250, "width_m": 8, "pt_i": 37 }, "geometry": { "type": "Point", "coordinates": [ 99.55219575843897, 15.185750746036152 ] } },
{ "type": "Feature", "properties": { "road_key": "61010000ST011.4", "road_name": "ทางหลวงชนบท อน.3027 (บ้านใหม่คลองเคียน-บ้านเจ้าวัด) ช่วงที่ 4", "road_no": "3027", "aumpher": "อำเภอห้วยคต", "office": "สาขาบ้านไร่", "branch_code": "61010000", "name_short": "อน.", "price_new": 350, "price_old": 250, "width_m": 8, "pt_i": 38 }, "geometry": { "type": "Point", "coordinates": [ 99.551123231297623, 15.186052851539586 ] } },
{ "type": "Feature", "properties": { "road_key": "61010000ST011.4", "road_name": "ทางหลวงชนบท อน.3027 (บ้านใหม่คลองเคียน-บ้านเจ้าวัด) ช่วงที่ 4", "road_no": "3027", "aumpher": "อำเภอห้วยคต", "office": "สาขาบ้านไร่", "branch_code": "61010000", "name_short": "อน.", "price_new": 350, "price_old": 250, "width_m": 8, "pt_i": 39 }, "geometry": { "type": "Point", "coordinates": [ 99.550056066778822, 15.186369244634822 ] } },
{ "type": "Feature", "properties": { "road_key": "61010000ST011.4", "road_name": "ทางหลวงชนบท อน.3027 (บ้านใหม่คลองเคียน-บ้านเจ้าวัด) ช่วงที่ 4", "road_no": "3027", "aumpher": "อำเภอห้วยคต", "office": "สาขาบ้านไร่", "branch_code": "61010000", "name_short": "อน.", "price_new": 350, "price_old": 250, "width_m": 8, "pt_i": 40 }, "geometry": { "type": "Point", "coordinates": [ 99.549004196405463, 15.186734607665269 ] } },
{ "type": "Feature", "properties": { "road_key": "61010000ST011.4", "road_name": "ทางหลวงชนบท อน.3027 (บ้านใหม่คลองเคียน-บ้านเจ้าวัด) ช่วงที่ 4", "road_no": "3027", "aumpher": "อำเภอห้วยคต", "office": "สาขาบ้านไร่", "branch_code": "61010000", "name_short": "อน.", "price_new": 350, "price_old": 250, "width_m": 8, "pt_i": 41 }, "geometry": { "type": "Point", "coordinates": [ 99.547950522743207, 15.187095012355375 ] } },
{ "type": "Feature", "properties": { "road_key": "61010000ST011.4", "road_name": "ทางหลวงชนบท อน.3027 (บ้านใหม่คลองเคียน-บ้านเจ้าวัด) ช่วงที่ 4", "road_no": "3027", "aumpher": "อำเภอห้วยคต", "office": "สาขาบ้านไร่", "branch_code": "61010000", "name_short": "อน.", "price_new": 350, "price_old": 250, "width_m": 8, "pt_i": 42 }, "geometry": { "type": "Point", "coordinates": [ 99.546880942810049, 15.187403039234681 ] } },
{ "type": "Feature", "properties": { "road_key": "61010000ST011.4", "road_name": "ทางหลวงชนบท อน.3027 (บ้านใหม่คลองเคียน-บ้านเจ้าวัด) ช่วงที่ 4", "road_no": "3027", "aumpher": "อำเภอห้วยคต", "office": "สาขาบ้านไร่", "branch_code": "61010000", "name_short": "อน.", "price_new": 350, "price_old": 250, "width_m": 8, "pt_i": 43 }, "geometry": { "type": "Point", "coordinates": [ 99.545781647686056, 15.187357378824862 ] } },
{ "type": "Feature", "properties": { "road_key": "61010000ST011.4", "road_name": "ทางหลวงชนบท อน.3027 (บ้านใหม่คลองเคียน-บ้านเจ้าวัด) ช่วงที่ 4", "road_no": "3027", "aumpher": "อำเภอห้วยคต", "office": "สาขาบ้านไร่", "branch_code": "61010000", "name_short": "อน.", "price_new": 350, "price_old": 250, "width_m": 8, "pt_i": 44 }, "geometry": { "type": "Point", "coordinates": [ 99.544751471250365, 15.186942613224035 ] } },
{ "type": "Feature", "properties": { "road_key": "61010000ST011.4", "road_name": "ทางหลวงชนบท อน.3027 (บ้านใหม่คลองเคียน-บ้านเจ้าวัด) ช่วงที่ 4", "road_no": "3027", "aumpher": "อำเภอห้วยคต", "office": "สาขาบ้านไร่", "branch_code": "61010000", "name_short": "อน.", "price_new": 350, "price_old": 250, "width_m": 8, "pt_i": 45 }, "geometry": { "type": "Point", "coordinates": [ 99.543738248853771, 15.186485726685222 ] } },
{ "type": "Feature", "properties": { "road_key": "61010000ST011.4", "road_name": "ทางหลวงชนบท อน.3027 (บ้านใหม่คลองเคียน-บ้านเจ้าวัด) ช่วงที่ 4", "road_no": "3027", "aumpher": "อำเภอห้วยคต", "office": "สาขาบ้านไร่", "branch_code": "61010000", "name_short": "อน.", "price_new": 350, "price_old": 250, "width_m": 8, "pt_i": 46 }, "geometry": { "type": "Point", "coordinates": [ 99.542703635834314, 15.186091436919732 ] } },
{ "type": "Feature", "properties": { "road_key": "61010000ST011.4", "road_name": "ทางหลวงชนบท อน.3027 (บ้านใหม่คลองเคียน-บ้านเจ้าวัด) ช่วงที่ 4", "road_no": "3027", "aumpher": "อำเภอห้วยคต", "office": "สาขาบ้านไร่", "branch_code": "61010000", "name_short": "อน.", "price_new": 350, "price_old": 250, "width_m": 8, "pt_i": 47 }, "geometry": { "type": "Point", "coordinates": [ 99.541637109818268, 15.185777491646139 ] } },
{ "type": "Feature", "properties": { "road_key": "61010000ST011.4", "road_name": "ทางหลวงชนบท อน.3027 (บ้านใหม่คลองเคียน-บ้านเจ้าวัด) ช่วงที่ 4", "road_no": "3027", "aumpher": "อำเภอห้วยคต", "office": "สาขาบ้านไร่", "branch_code": "61010000", "name_short": "อน.", "price_new": 350, "price_old": 250, "width_m": 8, "pt_i": 48 }, "geometry": { "type": "Point", "coordinates": [ 99.540533996404164, 15.185688351465256 ] } },
{ "type": "Feature", "properties": { "road_key": "61010000ST011.4", "road_name": "ทางหลวงชนบท อน.3027 (บ้านใหม่คลองเคียน-บ้านเจ้าวัด) ช่วงที่ 4", "road_no": "3027", "aumpher": "อำเภอห้วยคต", "office": "สาขาบ้านไร่", "branch_code": "61010000", "name_short": "อน.", "price_new": 350, "price_old": 250, "width_m": 8, "pt_i": 49 }, "geometry": { "type": "Point", "coordinates": [ 99.539418886934655, 15.185745756387833 ] } },
{ "type": "Feature", "properties": { "road_key": "61010000ST011.4", "road_name": "ทางหลวงชนบท อน.3027 (บ้านใหม่คลองเคียน-บ้านเจ้าวัด) ช่วงที่ 4", "road_no": "3027", "aumpher": "อำเภอห้วยคต", "office": "สาขาบ้านไร่", "branch_code": "61010000", "name_short": "อน.", "price_new": 350, "price_old": 250, "width_m": 8, "pt_i": 50 }, "geometry": { "type": "Point", "coordinates": [ 99.53830177076054, 15.185750175900493 ] } },
{ "type": "Feature", "properties": { "road_key": "61010000ST011.4", "road_name": "ทางหลวงชนบท อน.3027 (บ้านใหม่คลองเคียน-บ้านเจ้าวัด) ช่วงที่ 4", "road_no": "3027", "aumpher": "อำเภอห้วยคต", "office": "สาขาบ้านไร่", "branch_code": "61010000", "name_short": "อน.", "price_new": 350, "price_old": 250, "width_m": 8, "pt_i": 51 }, "geometry": { "type": "Point", "coordinates": [ 99.537184654348181, 15.185754589873397 ] } },
{ "type": "Feature", "properties": { "road_key": "61010000ST011.4", "road_name": "ทางหลวงชนบท อน.3027 (บ้านใหม่คลองเคียน-บ้านเจ้าวัด) ช่วงที่ 4", "road_no": "3027", "aumpher": "อำเภอห้วยคต", "office": "สาขาบ้านไร่", "branch_code": "61010000", "name_short": "อน.", "price_new": 350, "price_old": 250, "width_m": 8, "pt_i": 52 }, "geometry": { "type": "Point", "coordinates": [ 99.536067537698017, 15.18575899830655 ] } },
{ "type": "Feature", "properties": { "road_key": "61010000ST011.4", "road_name": "ทางหลวงชนบท อน.3027 (บ้านใหม่คลองเคียน-บ้านเจ้าวัด) ช่วงที่ 4", "road_no": "3027", "aumpher": "อำเภอห้วยคต", "office": "สาขาบ้านไร่", "branch_code": "61010000", "name_short": "อน.", "price_new": 350, "price_old": 250, "width_m": 8, "pt_i": 53 }, "geometry": { "type": "Point", "coordinates": [ 99.534950413539065, 15.185758974078121 ] } },
{ "type": "Feature", "properties": { "road_key": "61010000ST011.4", "road_name": "ทางหลวงชนบท อน.3027 (บ้านใหม่คลองเคียน-บ้านเจ้าวัด) ช่วงที่ 4", "road_no": "3027", "aumpher": "อำเภอห้วยคต", "office": "สาขาบ้านไร่", "branch_code": "61010000", "name_short": "อน.", "price_new": 350, "price_old": 250, "width_m": 8, "pt_i": 54 }, "geometry": { "type": "Point", "coordinates": [ 99.533834519950972, 15.185737556432896 ] } },
{ "type": "Feature", "properties": { "road_key": "61010000ST011.4", "road_name": "ทางหลวงชนบท อน.3027 (บ้านใหม่คลองเคียน-บ้านเจ้าวัด) ช่วงที่ 4", "road_no": "3027", "aumpher": "อำเภอห้วยคต", "office": "สาขาบ้านไร่", "branch_code": "61010000", "name_short": "อน.", "price_new": 350, "price_old": 250, "width_m": 8, "pt_i": 55 }, "geometry": { "type": "Point", "coordinates": [ 99.532726389553318, 15.185600942719496 ] } },
{ "type": "Feature", "properties": { "road_key": "61010000ST011.4", "road_name": "ทางหลวงชนบท อน.3027 (บ้านใหม่คลองเคียน-บ้านเจ้าวัด) ช่วงที่ 4", "road_no": "3027", "aumpher": "อำเภอห้วยคต", "office": "สาขาบ้านไร่", "branch_code": "61010000", "name_short": "อน.", "price_new": 350, "price_old": 250, "width_m": 8, "pt_i": 56 }, "geometry": { "type": "Point", "coordinates": [ 99.531620811415365, 15.185445359608226 ] } },
{ "type": "Feature", "properties": { "road_key": "61010000ST011.4", "road_name": "ทางหลวงชนบท อน.3027 (บ้านใหม่คลองเคียน-บ้านเจ้าวัด) ช่วงที่ 4", "road_no": "3027", "aumpher": "อำเภอห้วยคต", "office": "สาขาบ้านไร่", "branch_code": "61010000", "name_short": "อน.", "price_new": 350, "price_old": 250, "width_m": 8, "pt_i": 57 }, "geometry": { "type": "Point", "coordinates": [ 99.530515234715466, 15.185289771015331 ] } },
{ "type": "Feature", "properties": { "road_key": "61010000ST011.4", "road_name": "ทางหลวงชนบท อน.3027 (บ้านใหม่คลองเคียน-บ้านเจ้าวัด) ช่วงที่ 4", "road_no": "3027", "aumpher": "อำเภอห้วยคต", "office": "สาขาบ้านไร่", "branch_code": "61010000", "name_short": "อน.", "price_new": 350, "price_old": 250, "width_m": 8, "pt_i": 58 }, "geometry": { "type": "Point", "coordinates": [ 99.529413488605016, 15.18511053221526 ] } },
{ "type": "Feature", "properties": { "road_key": "61010000ST011.4", "road_name": "ทางหลวงชนบท อน.3027 (บ้านใหม่คลองเคียน-บ้านเจ้าวัด) ช่วงที่ 4", "road_no": "3027", "aumpher": "อำเภอห้วยคต", "office": "สาขาบ้านไร่", "branch_code": "61010000", "name_short": "อน.", "price_new": 350, "price_old": 250, "width_m": 8, "pt_i": 59 }, "geometry": { "type": "Point", "coordinates": [ 99.528310215300493, 15.184940899751311 ] } },
{ "type": "Feature", "properties": { "road_key": "61010000ST011.4", "road_name": "ทางหลวงชนบท อน.3027 (บ้านใหม่คลองเคียน-บ้านเจ้าวัด) ช่วงที่ 4", "road_no": "3027", "aumpher": "อำเภอห้วยคต", "office": "สาขาบ้านไร่", "branch_code": "61010000", "name_short": "อน.", "price_new": 350, "price_old": 250, "width_m": 8, "pt_i": 60 }, "geometry": { "type": "Point", "coordinates": [ 99.527248217476171, 15.184615604979381 ] } },
{ "type": "Feature", "properties": { "road_key": "61010000ST011.4", "road_name": "ทางหลวงชนบท อน.3027 (บ้านใหม่คลองเคียน-บ้านเจ้าวัด) ช่วงที่ 4", "road_no": "3027", "aumpher": "อำเภอห้วยคต", "office": "สาขาบ้านไร่", "branch_code": "61010000", "name_short": "อน.", "price_new": 350, "price_old": 250, "width_m": 8, "pt_i": 61 }, "geometry": { "type": "Point", "coordinates": [ 99.526272168761494, 15.18409018788503 ] } },
{ "type": "Feature", "properties": { "road_key": "61010000ST011.4", "road_name": "ทางหลวงชนบท อน.3027 (บ้านใหม่คลองเคียน-บ้านเจ้าวัด) ช่วงที่ 4", "road_no": "3027", "aumpher": "อำเภอห้วยคต", "office": "สาขาบ้านไร่", "branch_code": "61010000", "name_short": "อน.", "price_new": 350, "price_old": 250, "width_m": 8, "pt_i": 62 }, "geometry": { "type": "Point", "coordinates": [ 99.525306513485347, 15.183544751589571 ] } },
{ "type": "Feature", "properties": { "road_key": "61010000ST011.4", "road_name": "ทางหลวงชนบท อน.3027 (บ้านใหม่คลองเคียน-บ้านเจ้าวัด) ช่วงที่ 4", "road_no": "3027", "aumpher": "อำเภอห้วยคต", "office": "สาขาบ้านไร่", "branch_code": "61010000", "name_short": "อน.", "price_new": 350, "price_old": 250, "width_m": 8, "pt_i": 63 }, "geometry": { "type": "Point", "coordinates": [ 99.524280882730807, 15.183144740286954 ] } },
{ "type": "Feature", "properties": { "road_key": "61010000ST011.4", "road_name": "ทางหลวงชนบท อน.3027 (บ้านใหม่คลองเคียน-บ้านเจ้าวัด) ช่วงที่ 4", "road_no": "3027", "aumpher": "อำเภอห้วยคต", "office": "สาขาบ้านไร่", "branch_code": "61010000", "name_short": "อน.", "price_new": 350, "price_old": 250, "width_m": 8, "pt_i": 64 }, "geometry": { "type": "Point", "coordinates": [ 99.523173010391162, 15.183005565103253 ] } },
{ "type": "Feature", "properties": { "road_key": "61010000ST011.4", "road_name": "ทางหลวงชนบท อน.3027 (บ้านใหม่คลองเคียน-บ้านเจ้าวัด) ช่วงที่ 4", "road_no": "3027", "aumpher": "อำเภอห้วยคต", "office": "สาขาบ้านไร่", "branch_code": "61010000", "name_short": "อน.", "price_new": 350, "price_old": 250, "width_m": 8, "pt_i": 65 }, "geometry": { "type": "Point", "coordinates": [ 99.522064686532858, 15.182869740445625 ] } },
{ "type": "Feature", "properties": { "road_key": "61010000ST011.4", "road_name": "ทางหลวงชนบท อน.3027 (บ้านใหม่คลองเคียน-บ้านเจ้าวัด) ช่วงที่ 4", "road_no": "3027", "aumpher": "อำเภอห้วยคต", "office": "สาขาบ้านไร่", "branch_code": "61010000", "name_short": "อน.", "price_new": 350, "price_old": 250, "width_m": 8, "pt_i": 66 }, "geometry": { "type": "Point", "coordinates": [ 99.520958293983554, 15.182732233190441 ] } },
{ "type": "Feature", "properties": { "road_key": "61010000ST011.4", "road_name": "ทางหลวงชนบท อน.3027 (บ้านใหม่คลองเคียน-บ้านเจ้าวัด) ช่วงที่ 4", "road_no": "3027", "aumpher": "อำเภอห้วยคต", "office": "สาขาบ้านไร่", "branch_code": "61010000", "name_short": "อน.", "price_new": 350, "price_old": 250, "width_m": 8, "pt_i": 67 }, "geometry": { "type": "Point", "coordinates": [ 99.519929043636168, 15.182324112035602 ] } },
{ "type": "Feature", "properties": { "road_key": "61010000ST011.4", "road_name": "ทางหลวงชนบท อน.3027 (บ้านใหม่คลองเคียน-บ้านเจ้าวัด) ช่วงที่ 4", "road_no": "3027", "aumpher": "อำเภอห้วยคต", "office": "สาขาบ้านไร่", "branch_code": "61010000", "name_short": "อน.", "price_new": 350, "price_old": 250, "width_m": 8, "pt_i": 68 }, "geometry": { "type": "Point", "coordinates": [ 99.518993500954295, 15.181733646774715 ] } },
{ "type": "Feature", "properties": { "road_key": "61010000ST011.4", "road_name": "ทางหลวงชนบท อน.3027 (บ้านใหม่คลองเคียน-บ้านเจ้าวัด) ช่วงที่ 4", "road_no": "3027", "aumpher": "อำเภอห้วยคต", "office": "สาขาบ้านไร่", "branch_code": "61010000", "name_short": "อน.", "price_new": 350, "price_old": 250, "width_m": 8, "pt_i": 69 }, "geometry": { "type": "Point", "coordinates": [ 99.518064673057594, 15.181131296973881 ] } },
{ "type": "Feature", "properties": { "road_key": "61010000ST011.4", "road_name": "ทางหลวงชนบท อน.3027 (บ้านใหม่คลองเคียน-บ้านเจ้าวัด) ช่วงที่ 4", "road_no": "3027", "aumpher": "อำเภอห้วยคต", "office": "สาขาบ้านไร่", "branch_code": "61010000", "name_short": "อน.", "price_new": 350, "price_old": 250, "width_m": 8, "pt_i": 70 }, "geometry": { "type": "Point", "coordinates": [ 99.517054625421366, 15.180679543239952 ] } },
{ "type": "Feature", "properties": { "road_key": "61010000ST011.4", "road_name": "ทางหลวงชนบท อน.3027 (บ้านใหม่คลองเคียน-บ้านเจ้าวัด) ช่วงที่ 4", "road_no": "3027", "aumpher": "อำเภอห้วยคต", "office": "สาขาบ้านไร่", "branch_code": "61010000", "name_short": "อน.", "price_new": 350, "price_old": 250, "width_m": 8, "pt_i": 71 }, "geometry": { "type": "Point", "coordinates": [ 99.515990040492568, 15.180367293887802 ] } },
{ "type": "Feature", "properties": { "road_key": "61010000ST011.4", "road_name": "ทางหลวงชนบท อน.3027 (บ้านใหม่คลองเคียน-บ้านเจ้าวัด) ช่วงที่ 4", "road_no": "3027", "aumpher": "อำเภอห้วยคต", "office": "สาขาบ้านไร่", "branch_code": "61010000", "name_short": "อน.", "price_new": 350, "price_old": 250, "width_m": 8, "pt_i": 72 }, "geometry": { "type": "Point", "coordinates": [ 99.515146802319222, 15.179692855134514 ] } },
{ "type": "Feature", "properties": { "road_key": "61010000ST011.4", "road_name": "ทางหลวงชนบท อน.3027 (บ้านใหม่คลองเคียน-บ้านเจ้าวัด) ช่วงที่ 4", "road_no": "3027", "aumpher": "อำเภอห้วยคต", "office": "สาขาบ้านไร่", "branch_code": "61010000", "name_short": "อน.", "price_new": 350, "price_old": 250, "width_m": 8, "pt_i": 73 }, "geometry": { "type": "Point", "coordinates": [ 99.514688749406304, 15.178704740661013 ] } },
{ "type": "Feature", "properties": { "road_key": "61010000ST011.4", "road_name": "ทางหลวงชนบท อน.3027 (บ้านใหม่คลองเคียน-บ้านเจ้าวัด) ช่วงที่ 4", "road_no": "3027", "aumpher": "อำเภอห้วยคต", "office": "สาขาบ้านไร่", "branch_code": "61010000", "name_short": "อน.", "price_new": 350, "price_old": 250, "width_m": 8, "pt_i": 74 }, "geometry": { "type": "Point", "coordinates": [ 99.514242961948028, 15.177709979471301 ] } },
{ "type": "Feature", "properties": { "road_key": "61010000ST011.4", "road_name": "ทางหลวงชนบท อน.3027 (บ้านใหม่คลองเคียน-บ้านเจ้าวัด) ช่วงที่ 4", "road_no": "3027", "aumpher": "อำเภอห้วยคต", "office": "สาขาบ้านไร่", "branch_code": "61010000", "name_short": "อน.", "price_new": 350, "price_old": 250, "width_m": 8, "pt_i": 75 }, "geometry": { "type": "Point", "coordinates": [ 99.513854018297081, 15.176694142277372 ] } },
{ "type": "Feature", "properties": { "road_key": "61010000ST011.4", "road_name": "ทางหลวงชนบท อน.3027 (บ้านใหม่คลองเคียน-บ้านเจ้าวัด) ช่วงที่ 4", "road_no": "3027", "aumpher": "อำเภอห้วยคต", "office": "สาขาบ้านไร่", "branch_code": "61010000", "name_short": "อน.", "price_new": 350, "price_old": 250, "width_m": 8, "pt_i": 76 }, "geometry": { "type": "Point", "coordinates": [ 99.51361304625587, 15.175635387182739 ] } },
{ "type": "Feature", "properties": { "road_key": "61010000ST011.4", "road_name": "ทางหลวงชนบท อน.3027 (บ้านใหม่คลองเคียน-บ้านเจ้าวัด) ช่วงที่ 4", "road_no": "3027", "aumpher": "อำเภอห้วยคต", "office": "สาขาบ้านไร่", "branch_code": "61010000", "name_short": "อน.", "price_new": 350, "price_old": 250, "width_m": 8, "pt_i": 77 }, "geometry": { "type": "Point", "coordinates": [ 99.51340809147753, 15.174569936956379 ] } },
{ "type": "Feature", "properties": { "road_key": "61020000ST001.1", "road_name": "ทางหลวงแผ่นดินหมายเลข 333 (สายการุ้ง-อุทัยธานี) ช่วงที่ 1", "road_no": "333", "aumpher": "อำเภอห้วยคต", "office": "สาขาหนองฉาง", "branch_code": "61020000", "name_short": "ทล.", "price_new": 3000, "price_old": 2500, "width_m": 16, "pt_i": 0 }, "geometry": { "type": "Point", "coordinates": [ 99.688787873333894, 15.297976907415061 ] } },
{ "type": "Feature", "properties": { "road_key": "61020000ST001.1", "road_name": "ทางหลวงแผ่นดินหมายเลข 333 (สายการุ้ง-อุทัยธานี) ช่วงที่ 1", "road_no": "333", "aumpher": "อำเภอห้วยคต", "office": "สาขาหนองฉาง", "branch_code": "61020000", "name_short": "ทล.", "price_new": 3000, "price_old": 2500, "width_m": 16, "pt_i": 1 }, "geometry": { "type": "Point", "coordinates": [ 99.687939090573508, 15.297271093512121 ] } },
{ "type": "Feature", "properties": { "road_key": "61020000ST001.1", "road_name": "ทางหลวงแผ่นดินหมายเลข 333 (สายการุ้ง-อุทัยธานี) ช่วงที่ 1", "road_no": "333", "aumpher": "อำเภอห้วยคต", "office": "สาขาหนองฉาง", "branch_code": "61020000", "name_short": "ทล.", "price_new": 3000, "price_old": 2500, "width_m": 16, "pt_i": 2 }, "geometry": { "type": "Point", "coordinates": [ 99.687090313460459, 15.296565276109671 ] } },
{ "type": "Feature", "properties": { "road_key": "61020000ST001.1", "road_name": "ทางหลวงแผ่นดินหมายเลข 333 (สายการุ้ง-อุทัยธานี) ช่วงที่ 1", "road_no": "333", "aumpher": "อำเภอห้วยคต", "office": "สาขาหนองฉาง", "branch_code": "61020000", "name_short": "ทล.", "price_new": 3000, "price_old": 2500, "width_m": 16, "pt_i": 3 }, "geometry": { "type": "Point", "coordinates": [ 99.686247442709046, 15.295852878413728 ] } },
{ "type": "Feature", "properties": { "road_key": "61020000ST001.1", "road_name": "ทางหลวงแผ่นดินหมายเลข 333 (สายการุ้ง-อุทัยธานี) ช่วงที่ 1", "road_no": "333", "aumpher": "อำเภอห้วยคต", "office": "สาขาหนองฉาง", "branch_code": "61020000", "name_short": "ทล.", "price_new": 3000, "price_old": 2500, "width_m": 16, "pt_i": 4 }, "geometry": { "type": "Point", "coordinates": [ 99.685410527086916, 15.295133846161901 ] } },
{ "type": "Feature", "properties": { "road_key": "61020000ST001.1", "road_name": "ทางหลวงแผ่นดินหมายเลข 333 (สายการุ้ง-อุทัยธานี) ช่วงที่ 1", "road_no": "333", "aumpher": "อำเภอห้วยคต", "office": "สาขาหนองฉาง", "branch_code": "61020000", "name_short": "ทล.", "price_new": 3000, "price_old": 2500, "width_m": 16, "pt_i": 5 }, "geometry": { "type": "Point", "coordinates": [ 99.684573617144707, 15.29441481049853 ] } },
{ "type": "Feature", "properties": { "road_key": "61020000ST001.1", "road_name": "ทางหลวงแผ่นดินหมายเลข 333 (สายการุ้ง-อุทัยธานี) ช่วงที่ 1", "road_no": "333", "aumpher": "อำเภอห้วยคต", "office": "สาขาหนองฉาง", "branch_code": "61020000", "name_short": "ทล.", "price_new": 3000, "price_old": 2500, "width_m": 16, "pt_i": 6 }, "geometry": { "type": "Point", "coordinates": [ 99.683745831458893, 15.293687738220992 ] } },
{ "type": "Feature", "properties": { "road_key": "61020000ST001.1", "road_name": "ทางหลวงแผ่นดินหมายเลข 333 (สายการุ้ง-อุทัยธานี) ช่วงที่ 1", "road_no": "333", "aumpher": "อำเภอห้วยคต", "office": "สาขาหนองฉาง", "branch_code": "61020000", "name_short": "ทล.", "price_new": 3000, "price_old": 2500, "width_m": 16, "pt_i": 7 }, "geometry": { "type": "Point", "coordinates": [ 99.68312578510718, 15.292789514055029 ] } },
{ "type": "Feature", "properties": { "road_key": "61020000ST001.1", "road_name": "ทางหลวงแผ่นดินหมายเลข 333 (สายการุ้ง-อุทัยธานี) ช่วงที่ 1", "road_no": "333", "aumpher": "อำเภอห้วยคต", "office": "สาขาหนองฉาง", "branch_code": "61020000", "name_short": "ทล.", "price_new": 3000, "price_old": 2500, "width_m": 16, "pt_i": 8 }, "geometry": { "type": "Point", "coordinates": [ 99.682717520387726, 15.291784090181409 ] } },
{ "type": "Feature", "properties": { "road_key": "61020000ST001.1", "road_name": "ทางหลวงแผ่นดินหมายเลข 333 (สายการุ้ง-อุทัยธานี) ช่วงที่ 1", "road_no": "333", "aumpher": "อำเภอห้วยคต", "office": "สาขาหนองฉาง", "branch_code": "61020000", "name_short": "ทล.", "price_new": 3000, "price_old": 2500, "width_m": 16, "pt_i": 9 }, "geometry": { "type": "Point", "coordinates": [ 99.682539243680282, 15.290713308042454 ] } },
{ "type": "Feature", "properties": { "road_key": "61020000ST001.1", "road_name": "ทางหลวงแผ่นดินหมายเลข 333 (สายการุ้ง-อุทัยธานี) ช่วงที่ 1", "road_no": "333", "aumpher": "อำเภอห้วยคต", "office": "สาขาหนองฉาง", "branch_code": "61020000", "name_short": "ทล.", "price_new": 3000, "price_old": 2500, "width_m": 16, "pt_i": 10 }, "geometry": { "type": "Point", "coordinates": [ 99.682450431735489, 15.289631891017375 ] } },
{ "type": "Feature", "properties": { "road_key": "61020000ST001.1", "road_name": "ทางหลวงแผ่นดินหมายเลข 333 (สายการุ้ง-อุทัยธานี) ช่วงที่ 1", "road_no": "333", "aumpher": "อำเภอห้วยคต", "office": "สาขาหนองฉาง", "branch_code": "61020000", "name_short": "ทล.", "price_new": 3000, "price_old": 2500, "width_m": 16, "pt_i": 11 }, "geometry": { "type": "Point", "coordinates": [ 99.682361620941663, 15.288550473816089 ] } },
{ "type": "Feature", "properties": { "road_key": "61020000ST001.1", "road_name": "ทางหลวงแผ่นดินหมายเลข 333 (สายการุ้ง-อุทัยธานี) ช่วงที่ 1", "road_no": "333", "aumpher": "อำเภอห้วยคต", "office": "สาขาหนองฉาง", "branch_code": "61020000", "name_short": "ทล.", "price_new": 3000, "price_old": 2500, "width_m": 16, "pt_i": 12 }, "geometry": { "type": "Point", "coordinates": [ 99.682277591757767, 15.287468700156939 ] } },
{ "type": "Feature", "properties": { "road_key": "61020000ST001.1", "road_name": "ทางหลวงแผ่นดินหมายเลข 333 (สายการุ้ง-อุทัยธานี) ช่วงที่ 1", "road_no": "333", "aumpher": "อำเภอห้วยคต", "office": "สาขาหนองฉาง", "branch_code": "61020000", "name_short": "ทล.", "price_new": 3000, "price_old": 2500, "width_m": 16, "pt_i": 13 }, "geometry": { "type": "Point", "coordinates": [ 99.682195279130724, 15.286386798476864 ] } },
{ "type": "Feature", "properties": { "road_key": "61020000ST001.1", "road_name": "ทางหลวงแผ่นดินหมายเลข 333 (สายการุ้ง-อุทัยธานี) ช่วงที่ 1", "road_no": "333", "aumpher": "อำเภอห้วยคต", "office": "สาขาหนองฉาง", "branch_code": "61020000", "name_short": "ทล.", "price_new": 3000, "price_old": 2500, "width_m": 16, "pt_i": 14 }, "geometry": { "type": "Point", "coordinates": [ 99.682112967588552, 15.285304896628224 ] } },
{ "type": "Feature", "properties": { "road_key": "61020000ST001.1", "road_name": "ทางหลวงแผ่นดินหมายเลข 333 (สายการุ้ง-อุทัยธานี) ช่วงที่ 1", "road_no": "333", "aumpher": "อำเภอห้วยคต", "office": "สาขาหนองฉาง", "branch_code": "61020000", "name_short": "ทล.", "price_new": 3000, "price_old": 2500, "width_m": 16, "pt_i": 15 }, "geometry": { "type": "Point", "coordinates": [ 99.682030657131108, 15.284222994611017 ] } },
{ "type": "Feature", "properties": { "road_key": "61020000ST001.1", "road_name": "ทางหลวงแผ่นดินหมายเลข 333 (สายการุ้ง-อุทัยธานี) ช่วงที่ 1", "road_no": "333", "aumpher": "อำเภอห้วยคต", "office": "สาขาหนองฉาง", "branch_code": "61020000", "name_short": "ทล.", "price_new": 3000, "price_old": 2500, "width_m": 16, "pt_i": 16 }, "geometry": { "type": "Point", "coordinates": [ 99.681946808149092, 15.283141205165556 ] } },
{ "type": "Feature", "properties": { "road_key": "61020000ST001.1", "road_name": "ทางหลวงแผ่นดินหมายเลข 333 (สายการุ้ง-อุทัยธานี) ช่วงที่ 1", "road_no": "333", "aumpher": "อำเภอห้วยคต", "office": "สาขาหนองฉาง", "branch_code": "61020000", "name_short": "ทล.", "price_new": 3000, "price_old": 2500, "width_m": 16, "pt_i": 17 }, "geometry": { "type": "Point", "coordinates": [ 99.681860974612974, 15.28205956095197 ] } },
{ "type": "Feature", "properties": { "road_key": "61020000ST001.1", "road_name": "ทางหลวงแผ่นดินหมายเลข 333 (สายการุ้ง-อุทัยธานี) ช่วงที่ 1", "road_no": "333", "aumpher": "อำเภอห้วยคต", "office": "สาขาหนองฉาง", "branch_code": "61020000", "name_short": "ทล.", "price_new": 3000, "price_old": 2500, "width_m": 16, "pt_i": 18 }, "geometry": { "type": "Point", "coordinates": [ 99.681775142197012, 15.280977916565803 ] } },
{ "type": "Feature", "properties": { "road_key": "61020000ST001.1", "road_name": "ทางหลวงแผ่นดินหมายเลข 333 (สายการุ้ง-อุทัยธานี) ช่วงที่ 1", "road_no": "333", "aumpher": "อำเภอห้วยคต", "office": "สาขาหนองฉาง", "branch_code": "61020000", "name_short": "ทล.", "price_new": 3000, "price_old": 2500, "width_m": 16, "pt_i": 19 }, "geometry": { "type": "Point", "coordinates": [ 99.681689400692292, 15.279896265302931 ] } },
{ "type": "Feature", "properties": { "road_key": "61020000ST001.1", "road_name": "ทางหลวงแผ่นดินหมายเลข 333 (สายการุ้ง-อุทัยธานี) ช่วงที่ 1", "road_no": "333", "aumpher": "อำเภอห้วยคต", "office": "สาขาหนองฉาง", "branch_code": "61020000", "name_short": "ทล.", "price_new": 3000, "price_old": 2500, "width_m": 16, "pt_i": 20 }, "geometry": { "type": "Point", "coordinates": [ 99.681603813761512, 15.27881460241016 ] } },
{ "type": "Feature", "properties": { "road_key": "61020000ST001.1", "road_name": "ทางหลวงแผ่นดินหมายเลข 333 (สายการุ้ง-อุทัยธานี) ช่วงที่ 1", "road_no": "333", "aumpher": "อำเภอห้วยคต", "office": "สาขาหนองฉาง", "branch_code": "61020000", "name_short": "ทล.", "price_new": 3000, "price_old": 2500, "width_m": 16, "pt_i": 21 }, "geometry": { "type": "Point", "coordinates": [ 99.681518227948089, 15.277732939345123 ] } },
{ "type": "Feature", "properties": { "road_key": "61020000ST001.1", "road_name": "ทางหลวงแผ่นดินหมายเลข 333 (สายการุ้ง-อุทัยธานี) ช่วงที่ 1", "road_no": "333", "aumpher": "อำเภอห้วยคต", "office": "สาขาหนองฉาง", "branch_code": "61020000", "name_short": "ทล.", "price_new": 3000, "price_old": 2500, "width_m": 16, "pt_i": 22 }, "geometry": { "type": "Point", "coordinates": [ 99.681432643251924, 15.276651276107843 ] } },
{ "type": "Feature", "properties": { "road_key": "61020000ST001.1", "road_name": "ทางหลวงแผ่นดินหมายเลข 333 (สายการุ้ง-อุทัยธานี) ช่วงที่ 1", "road_no": "333", "aumpher": "อำเภอห้วยคต", "office": "สาขาหนองฉาง", "branch_code": "61020000", "name_short": "ทล.", "price_new": 3000, "price_old": 2500, "width_m": 16, "pt_i": 23 }, "geometry": { "type": "Point", "coordinates": [ 99.681348012743868, 15.275569542493169 ] } },
{ "type": "Feature", "properties": { "road_key": "61020000ST001.1", "road_name": "ทางหลวงแผ่นดินหมายเลข 333 (สายการุ้ง-อุทัยธานี) ช่วงที่ 1", "road_no": "333", "aumpher": "อำเภอห้วยคต", "office": "สาขาหนองฉาง", "branch_code": "61020000", "name_short": "ทล.", "price_new": 3000, "price_old": 2500, "width_m": 16, "pt_i": 24 }, "geometry": { "type": "Point", "coordinates": [ 99.681264471137879, 15.274487728578421 ] } },
{ "type": "Feature", "properties": { "road_key": "61020000ST001.1", "road_name": "ทางหลวงแผ่นดินหมายเลข 333 (สายการุ้ง-อุทัยธานี) ช่วงที่ 1", "road_no": "333", "aumpher": "อำเภอห้วยคต", "office": "สาขาหนองฉาง", "branch_code": "61020000", "name_short": "ทล.", "price_new": 3000, "price_old": 2500, "width_m": 16, "pt_i": 25 }, "geometry": { "type": "Point", "coordinates": [ 99.681180930628159, 15.273405914493823 ] } },
{ "type": "Feature", "properties": { "road_key": "61020000ST001.1", "road_name": "ทางหลวงแผ่นดินหมายเลข 333 (สายการุ้ง-อุทัยธานี) ช่วงที่ 1", "road_no": "333", "aumpher": "อำเภอห้วยคต", "office": "สาขาหนองฉาง", "branch_code": "61020000", "name_short": "ทล.", "price_new": 3000, "price_old": 2500, "width_m": 16, "pt_i": 26 }, "geometry": { "type": "Point", "coordinates": [ 99.681095302664431, 15.272324257133539 ] } },
{ "type": "Feature", "properties": { "road_key": "61020000ST001.1", "road_name": "ทางหลวงแผ่นดินหมายเลข 333 (สายการุ้ง-อุทัยธานี) ช่วงที่ 1", "road_no": "333", "aumpher": "อำเภอห้วยคต", "office": "สาขาหนองฉาง", "branch_code": "61020000", "name_short": "ทล.", "price_new": 3000, "price_old": 2500, "width_m": 16, "pt_i": 27 }, "geometry": { "type": "Point", "coordinates": [ 99.681006392582105, 15.27124284624052 ] } },
{ "type": "Feature", "properties": { "road_key": "61020000ST001.1", "road_name": "ทางหลวงแผ่นดินหมายเลข 333 (สายการุ้ง-อุทัยธานี) ช่วงที่ 1", "road_no": "333", "aumpher": "อำเภอห้วยคต", "office": "สาขาหนองฉาง", "branch_code": "61020000", "name_short": "ทล.", "price_new": 3000, "price_old": 2500, "width_m": 16, "pt_i": 28 }, "geometry": { "type": "Point", "coordinates": [ 99.680917483650077, 15.270161435171399 ] } },
{ "type": "Feature", "properties": { "road_key": "61020000ST001.1", "road_name": "ทางหลวงแผ่นดินหมายเลข 333 (สายการุ้ง-อุทัยธานี) ช่วงที่ 1", "road_no": "333", "aumpher": "อำเภอห้วยคต", "office": "สาขาหนองฉาง", "branch_code": "61020000", "name_short": "ทล.", "price_new": 3000, "price_old": 2500, "width_m": 16, "pt_i": 29 }, "geometry": { "type": "Point", "coordinates": [ 99.680829459371694, 15.269079957858422 ] } },
{ "type": "Feature", "properties": { "road_key": "61020000ST001.2", "road_name": "ทางหลวงแผ่นดินหมายเลข 333 (สายการุ้ง-อุทัยธานี) ช่วงที่ 2", "road_no": "333", "aumpher": "อำเภอห้วยคต", "office": "สาขาหนองฉาง", "branch_code": "61020000", "name_short": "ทล.", "price_new": 5000, "price_old": 5000, "width_m": 16, "pt_i": 0 }, "geometry": { "type": "Point", "coordinates": [ 99.71190390745457, 15.308994688659823 ] } },
{ "type": "Feature", "properties": { "road_key": "61020000ST001.2", "road_name": "ทางหลวงแผ่นดินหมายเลข 333 (สายการุ้ง-อุทัยธานี) ช่วงที่ 2", "road_no": "333", "aumpher": "อำเภอห้วยคต", "office": "สาขาหนองฉาง", "branch_code": "61020000", "name_short": "ทล.", "price_new": 5000, "price_old": 5000, "width_m": 16, "pt_i": 1 }, "geometry": { "type": "Point", "coordinates": [ 99.710897398884214, 15.308522905131786 ] } },
{ "type": "Feature", "properties": { "road_key": "61020000ST001.2", "road_name": "ทางหลวงแผ่นดินหมายเลข 333 (สายการุ้ง-อุทัยธานี) ช่วงที่ 2", "road_no": "333", "aumpher": "อำเภอห้วยคต", "office": "สาขาหนองฉาง", "branch_code": "61020000", "name_short": "ทล.", "price_new": 5000, "price_old": 5000, "width_m": 16, "pt_i": 2 }, "geometry": { "type": "Point", "coordinates": [ 99.709889492949983, 15.308053960037016 ] } },
{ "type": "Feature", "properties": { "road_key": "61020000ST001.2", "road_name": "ทางหลวงแผ่นดินหมายเลข 333 (สายการุ้ง-อุทัยธานี) ช่วงที่ 2", "road_no": "333", "aumpher": "อำเภอห้วยคต", "office": "สาขาหนองฉาง", "branch_code": "61020000", "name_short": "ทล.", "price_new": 5000, "price_old": 5000, "width_m": 16, "pt_i": 3 }, "geometry": { "type": "Point", "coordinates": [ 99.708879499449367, 15.307589253252974 ] } },
{ "type": "Feature", "properties": { "road_key": "61020000ST001.2", "road_name": "ทางหลวงแผ่นดินหมายเลข 333 (สายการุ้ง-อุทัยธานี) ช่วงที่ 2", "road_no": "333", "aumpher": "อำเภอห้วยคต", "office": "สาขาหนองฉาง", "branch_code": "61020000", "name_short": "ทล.", "price_new": 5000, "price_old": 5000, "width_m": 16, "pt_i": 4 }, "geometry": { "type": "Point", "coordinates": [ 99.707869510245942, 15.307124541697489 ] } },
{ "type": "Feature", "properties": { "road_key": "61020000ST001.2", "road_name": "ทางหลวงแผ่นดินหมายเลข 333 (สายการุ้ง-อุทัยธานี) ช่วงที่ 2", "road_no": "333", "aumpher": "อำเภอห้วยคต", "office": "สาขาหนองฉาง", "branch_code": "61020000", "name_short": "ทล.", "price_new": 5000, "price_old": 5000, "width_m": 16, "pt_i": 5 }, "geometry": { "type": "Point", "coordinates": [ 99.706859525339809, 15.306659825370986 ] } },
{ "type": "Feature", "properties": { "road_key": "61020000ST001.2", "road_name": "ทางหลวงแผ่นดินหมายเลข 333 (สายการุ้ง-อุทัยธานี) ช่วงที่ 2", "road_no": "333", "aumpher": "อำเภอห้วยคต", "office": "สาขาหนองฉาง", "branch_code": "61020000", "name_short": "ทล.", "price_new": 5000, "price_old": 5000, "width_m": 16, "pt_i": 6 }, "geometry": { "type": "Point", "coordinates": [ 99.705849982770474, 15.306194212214049 ] } },
{ "type": "Feature", "properties": { "road_key": "61020000ST001.2", "road_name": "ทางหลวงแผ่นดินหมายเลข 333 (สายการุ้ง-อุทัยธานี) ช่วงที่ 2", "road_no": "333", "aumpher": "อำเภอห้วยคต", "office": "สาขาหนองฉาง", "branch_code": "61020000", "name_short": "ทล.", "price_new": 5000, "price_old": 5000, "width_m": 16, "pt_i": 7 }, "geometry": { "type": "Point", "coordinates": [ 99.704841977982795, 15.305725471421159 ] } },
{ "type": "Feature", "properties": { "road_key": "61020000ST001.2", "road_name": "ทางหลวงแผ่นดินหมายเลข 333 (สายการุ้ง-อุทัยธานี) ช่วงที่ 2", "road_no": "333", "aumpher": "อำเภอห้วยคต", "office": "สาขาหนองฉาง", "branch_code": "61020000", "name_short": "ทล.", "price_new": 5000, "price_old": 5000, "width_m": 16, "pt_i": 8 }, "geometry": { "type": "Point", "coordinates": [ 99.70383397752407, 15.305256725874758 ] } },
{ "type": "Feature", "properties": { "road_key": "61020000ST001.2", "road_name": "ทางหลวงแผ่นดินหมายเลข 333 (สายการุ้ง-อุทัยธานี) ช่วงที่ 2", "road_no": "333", "aumpher": "อำเภอห้วยคต", "office": "สาขาหนองฉาง", "branch_code": "61020000", "name_short": "ทล.", "price_new": 5000, "price_old": 5000, "width_m": 16, "pt_i": 9 }, "geometry": { "type": "Point", "coordinates": [ 99.702825981394398, 15.304787975575287 ] } },
{ "type": "Feature", "properties": { "road_key": "61020000ST001.2", "road_name": "ทางหลวงแผ่นดินหมายเลข 333 (สายการุ้ง-อุทัยธานี) ช่วงที่ 2", "road_no": "333", "aumpher": "อำเภอห้วยคต", "office": "สาขาหนองฉาง", "branch_code": "61020000", "name_short": "ทล.", "price_new": 5000, "price_old": 5000, "width_m": 16, "pt_i": 10 }, "geometry": { "type": "Point", "coordinates": [ 99.701817989593906, 15.304319220523174 ] } },
{ "type": "Feature", "properties": { "road_key": "61020000ST001.2", "road_name": "ทางหลวงแผ่นดินหมายเลข 333 (สายการุ้ง-อุทัยธานี) ช่วงที่ 2", "road_no": "333", "aumpher": "อำเภอห้วยคต", "office": "สาขาหนองฉาง", "branch_code": "61020000", "name_short": "ทล.", "price_new": 5000, "price_old": 5000, "width_m": 16, "pt_i": 11 }, "geometry": { "type": "Point", "coordinates": [ 99.700807823017001, 15.30385492610586 ] } },
{ "type": "Feature", "properties": { "road_key": "61020000ST001.2", "road_name": "ทางหลวงแผ่นดินหมายเลข 333 (สายการุ้ง-อุทัยธานี) ช่วงที่ 2", "road_no": "333", "aumpher": "อำเภอห้วยคต", "office": "สาขาหนองฉาง", "branch_code": "61020000", "name_short": "ทล.", "price_new": 5000, "price_old": 5000, "width_m": 16, "pt_i": 12 }, "geometry": { "type": "Point", "coordinates": [ 99.699795553899008, 15.30339494416768 ] } },
{ "type": "Feature", "properties": { "road_key": "61020000ST001.2", "road_name": "ทางหลวงแผ่นดินหมายเลข 333 (สายการุ้ง-อุทัยธานี) ช่วงที่ 2", "road_no": "333", "aumpher": "อำเภอห้วยคต", "office": "สาขาหนองฉาง", "branch_code": "61020000", "name_short": "ทล.", "price_new": 5000, "price_old": 5000, "width_m": 16, "pt_i": 13 }, "geometry": { "type": "Point", "coordinates": [ 99.698783289041728, 15.302934957442924 ] } },
{ "type": "Feature", "properties": { "road_key": "61020000ST001.2", "road_name": "ทางหลวงแผ่นดินหมายเลข 333 (สายการุ้ง-อุทัยธานี) ช่วงที่ 2", "road_no": "333", "aumpher": "อำเภอห้วยคต", "office": "สาขาหนองฉาง", "branch_code": "61020000", "name_short": "ทล.", "price_new": 5000, "price_old": 5000, "width_m": 16, "pt_i": 14 }, "geometry": { "type": "Point", "coordinates": [ 99.697771028445288, 15.302474965932008 ] } },
{ "type": "Feature", "properties": { "road_key": "61020000ST001.2", "road_name": "ทางหลวงแผ่นดินหมายเลข 333 (สายการุ้ง-อุทัยธานี) ช่วงที่ 2", "road_no": "333", "aumpher": "อำเภอห้วยคต", "office": "สาขาหนองฉาง", "branch_code": "61020000", "name_short": "ทล.", "price_new": 5000, "price_old": 5000, "width_m": 16, "pt_i": 15 }, "geometry": { "type": "Point", "coordinates": [ 99.696758772109803, 15.302014969635367 ] } },
{ "type": "Feature", "properties": { "road_key": "61020000ST001.2", "road_name": "ทางหลวงแผ่นดินหมายเลข 333 (สายการุ้ง-อุทัยธานี) ช่วงที่ 2", "road_no": "333", "aumpher": "อำเภอห้วยคต", "office": "สาขาหนองฉาง", "branch_code": "61020000", "name_short": "ทล.", "price_new": 5000, "price_old": 5000, "width_m": 16, "pt_i": 16 }, "geometry": { "type": "Point", "coordinates": [ 99.695746520035371, 15.301554968553452 ] } },
{ "type": "Feature", "properties": { "road_key": "61020000ST001.2", "road_name": "ทางหลวงแผ่นดินหมายเลข 333 (สายการุ้ง-อุทัยธานี) ช่วงที่ 2", "road_no": "333", "aumpher": "อำเภอห้วยคต", "office": "สาขาหนองฉาง", "branch_code": "61020000", "name_short": "ทล.", "price_new": 5000, "price_old": 5000, "width_m": 16, "pt_i": 17 }, "geometry": { "type": "Point", "coordinates": [ 99.69473409001823, 15.301095341521226 ] } },
{ "type": "Feature", "properties": { "road_key": "61020000ST001.2", "road_name": "ทางหลวงแผ่นดินหมายเลข 333 (สายการุ้ง-อุทัยธานี) ช่วงที่ 2", "road_no": "333", "aumpher": "อำเภอห้วยคต", "office": "สาขาหนองฉาง", "branch_code": "61020000", "name_short": "ทล.", "price_new": 5000, "price_old": 5000, "width_m": 16, "pt_i": 18 }, "geometry": { "type": "Point", "coordinates": [ 99.693720768246692, 15.300637572654935 ] } },
{ "type": "Feature", "properties": { "road_key": "61020000ST001.2", "road_name": "ทางหลวงแผ่นดินหมายเลข 333 (สายการุ้ง-อุทัยธานี) ช่วงที่ 2", "road_no": "333", "aumpher": "อำเภอห้วยคต", "office": "สาขาหนองฉาง", "branch_code": "61020000", "name_short": "ทล.", "price_new": 5000, "price_old": 5000, "width_m": 16, "pt_i": 19 }, "geometry": { "type": "Point", "coordinates": [ 99.692707450718871, 15.300179798995771 ] } },
{ "type": "Feature", "properties": { "road_key": "61020000ST001.2", "road_name": "ทางหลวงแผ่นดินหมายเลข 333 (สายการุ้ง-อุทัยธานี) ช่วงที่ 2", "road_no": "333", "aumpher": "อำเภอห้วยคต", "office": "สาขาหนองฉาง", "branch_code": "61020000", "name_short": "ทล.", "price_new": 5000, "price_old": 5000, "width_m": 16, "pt_i": 20 }, "geometry": { "type": "Point", "coordinates": [ 99.69169413743488, 15.299722020544165 ] } },
{ "type": "Feature", "properties": { "road_key": "61020000ST001.2", "road_name": "ทางหลวงแผ่นดินหมายเลข 333 (สายการุ้ง-อุทัยธานี) ช่วงที่ 2", "road_no": "333", "aumpher": "อำเภอห้วยคต", "office": "สาขาหนองฉาง", "branch_code": "61020000", "name_short": "ทล.", "price_new": 5000, "price_old": 5000, "width_m": 16, "pt_i": 21 }, "geometry": { "type": "Point", "coordinates": [ 99.690680828394846, 15.299264237300536 ] } },
{ "type": "Feature", "properties": { "road_key": "61020000ST001.2", "road_name": "ทางหลวงแผ่นดินหมายเลข 333 (สายการุ้ง-อุทัยธานี) ช่วงที่ 2", "road_no": "333", "aumpher": "อำเภอห้วยคต", "office": "สาขาหนองฉาง", "branch_code": "61020000", "name_short": "ทล.", "price_new": 5000, "price_old": 5000, "width_m": 16, "pt_i": 22 }, "geometry": { "type": "Point", "coordinates": [ 99.689714617844174, 15.298723118527347 ] } },
{ "type": "Feature", "properties": { "road_key": "61020000ST001.2", "road_name": "ทางหลวงแผ่นดินหมายเลข 333 (สายการุ้ง-อุทัยธานี) ช่วงที่ 2", "road_no": "333", "aumpher": "อำเภอห้วยคต", "office": "สาขาหนองฉาง", "branch_code": "61020000", "name_short": "ทล.", "price_new": 5000, "price_old": 5000, "width_m": 16, "pt_i": 23 }, "geometry": { "type": "Point", "coordinates": [ 99.68885357383563, 15.298031527895114 ] } },
{ "type": "Feature", "properties": { "road_key": "61020000ST001.3", "road_name": "ทางหลวงแผ่นดินหมายเลข 333 (สายการุ้ง-อุทัยธานี) ช่วงที่ 3", "road_no": "333", "aumpher": "อำเภอห้วยคต", "office": "สาขาหนองฉาง", "branch_code": "61020000", "name_short": "ทล.", "price_new": 6500, "price_old": 5000, "width_m": 40, "pt_i": 0 }, "geometry": { "type": "Point", "coordinates": [ 99.724243317065756, 15.316826913286059 ] } },
{ "type": "Feature", "properties": { "road_key": "61020000ST001.3", "road_name": "ทางหลวงแผ่นดินหมายเลข 333 (สายการุ้ง-อุทัยธานี) ช่วงที่ 3", "road_no": "333", "aumpher": "อำเภอห้วยคต", "office": "สาขาหนองฉาง", "branch_code": "61020000", "name_short": "ทล.", "price_new": 6500, "price_old": 5000, "width_m": 40, "pt_i": 1 }, "geometry": { "type": "Point", "coordinates": [ 99.723310359917633, 15.316229410323688 ] } },
{ "type": "Feature", "properties": { "road_key": "61020000ST001.3", "road_name": "ทางหลวงแผ่นดินหมายเลข 333 (สายการุ้ง-อุทัยธานี) ช่วงที่ 3", "road_no": "333", "aumpher": "อำเภอห้วยคต", "office": "สาขาหนองฉาง", "branch_code": "61020000", "name_short": "ทล.", "price_new": 6500, "price_old": 5000, "width_m": 40, "pt_i": 2 }, "geometry": { "type": "Point", "coordinates": [ 99.722384531382076, 15.315621600315204 ] } },
{ "type": "Feature", "properties": { "road_key": "61020000ST001.3", "road_name": "ทางหลวงแผ่นดินหมายเลข 333 (สายการุ้ง-อุทัยธานี) ช่วงที่ 3", "road_no": "333", "aumpher": "อำเภอห้วยคต", "office": "สาขาหนองฉาง", "branch_code": "61020000", "name_short": "ทล.", "price_new": 6500, "price_old": 5000, "width_m": 40, "pt_i": 3 }, "geometry": { "type": "Point", "coordinates": [ 99.721461191888551, 15.315010193821234 ] } },
{ "type": "Feature", "properties": { "road_key": "61020000ST001.3", "road_name": "ทางหลวงแผ่นดินหมายเลข 333 (สายการุ้ง-อุทัยธานี) ช่วงที่ 3", "road_no": "333", "aumpher": "อำเภอห้วยคต", "office": "สาขาหนองฉาง", "branch_code": "61020000", "name_short": "ทล.", "price_new": 6500, "price_old": 5000, "width_m": 40, "pt_i": 4 }, "geometry": { "type": "Point", "coordinates": [ 99.720537857664908, 15.314398783247034 ] } },
{ "type": "Feature", "properties": { "road_key": "61020000ST001.3", "road_name": "ทางหลวงแผ่นดินหมายเลข 333 (สายการุ้ง-อุทัยธานี) ช่วงที่ 3", "road_no": "333", "aumpher": "อำเภอห้วยคต", "office": "สาขาหนองฉาง", "branch_code": "61020000", "name_short": "ทล.", "price_new": 6500, "price_old": 5000, "width_m": 40, "pt_i": 5 }, "geometry": { "type": "Point", "coordinates": [ 99.719614274645735, 15.31378773369331 ] } },
{ "type": "Feature", "properties": { "road_key": "61020000ST001.3", "road_name": "ทางหลวงแผ่นดินหมายเลข 333 (สายการุ้ง-อุทัยธานี) ช่วงที่ 3", "road_no": "333", "aumpher": "อำเภอห้วยคต", "office": "สาขาหนองฉาง", "branch_code": "61020000", "name_short": "ทล.", "price_new": 6500, "price_old": 5000, "width_m": 40, "pt_i": 6 }, "geometry": { "type": "Point", "coordinates": [ 99.718685031780254, 15.313184820961425 ] } },
{ "type": "Feature", "properties": { "road_key": "61020000ST001.3", "road_name": "ทางหลวงแผ่นดินหมายเลข 333 (สายการุ้ง-อุทัยธานี) ช่วงที่ 3", "road_no": "333", "aumpher": "อำเภอห้วยคต", "office": "สาขาหนองฉาง", "branch_code": "61020000", "name_short": "ทล.", "price_new": 6500, "price_old": 5000, "width_m": 40, "pt_i": 7 }, "geometry": { "type": "Point", "coordinates": [ 99.717755794139194, 15.312581904104253 ] } },
{ "type": "Feature", "properties": { "road_key": "61020000ST001.3", "road_name": "ทางหลวงแผ่นดินหมายเลข 333 (สายการุ้ง-อุทัยธานี) ช่วงที่ 3", "road_no": "333", "aumpher": "อำเภอห้วยคต", "office": "สาขาหนองฉาง", "branch_code": "61020000", "name_short": "ทล.", "price_new": 6500, "price_old": 5000, "width_m": 40, "pt_i": 8 }, "geometry": { "type": "Point", "coordinates": [ 99.716826561722513, 15.311978983122271 ] } },
{ "type": "Feature", "properties": { "road_key": "61020000ST001.3", "road_name": "ทางหลวงแผ่นดินหมายเลข 333 (สายการุ้ง-อุทัยธานี) ช่วงที่ 3", "road_no": "333", "aumpher": "อำเภอห้วยคต", "office": "สาขาหนองฉาง", "branch_code": "61020000", "name_short": "ทล.", "price_new": 6500, "price_old": 5000, "width_m": 40, "pt_i": 9 }, "geometry": { "type": "Point", "coordinates": [ 99.715900337806374, 15.311371756695291 ] } },
{ "type": "Feature", "properties": { "road_key": "61020000ST001.3", "road_name": "ทางหลวงแผ่นดินหมายเลข 333 (สายการุ้ง-อุทัยธานี) ช่วงที่ 3", "road_no": "333", "aumpher": "อำเภอห้วยคต", "office": "สาขาหนองฉาง", "branch_code": "61020000", "name_short": "ทล.", "price_new": 6500, "price_old": 5000, "width_m": 40, "pt_i": 10 }, "geometry": { "type": "Point", "coordinates": [ 99.71497899030274, 15.310757549683945 ] } },
{ "type": "Feature", "properties": { "road_key": "61020000ST001.3", "road_name": "ทางหลวงแผ่นดินหมายเลข 333 (สายการุ้ง-อุทัยธานี) ช่วงที่ 3", "road_no": "333", "aumpher": "อำเภอห้วยคต", "office": "สาขาหนองฉาง", "branch_code": "61020000", "name_short": "ทล.", "price_new": 6500, "price_old": 5000, "width_m": 40, "pt_i": 11 }, "geometry": { "type": "Point", "coordinates": [ 99.714057648082758, 15.310143338610898 ] } },
{ "type": "Feature", "properties": { "road_key": "61020000ST001.3", "road_name": "ทางหลวงแผ่นดินหมายเลข 333 (สายการุ้ง-อุทัยธานี) ช่วงที่ 3", "road_no": "333", "aumpher": "อำเภอห้วยคต", "office": "สาขาหนองฉาง", "branch_code": "61020000", "name_short": "ทล.", "price_new": 6500, "price_old": 5000, "width_m": 40, "pt_i": 12 }, "geometry": { "type": "Point", "coordinates": [ 99.7131049929299, 15.309577088051887 ] } },
{ "type": "Feature", "properties": { "road_key": "61020000ST001.3", "road_name": "ทางหลวงแผ่นดินหมายเลข 333 (สายการุ้ง-อุทัยธานี) ช่วงที่ 3", "road_no": "333", "aumpher": "อำเภอห้วยคต", "office": "สาขาหนองฉาง", "branch_code": "61020000", "name_short": "ทล.", "price_new": 6500, "price_old": 5000, "width_m": 40, "pt_i": 13 }, "geometry": { "type": "Point", "coordinates": [ 99.712106945900203, 15.309089861814201 ] } },
{ "type": "Feature", "properties": { "road_key": "61020000ST001.4", "road_name": "ทางหลวงแผ่นดินหมายเลข 333 (สายการุ้ง-อุทัยธานี) ช่วงที่ 4", "road_no": "333", "aumpher": "อำเภอห้วยคต", "office": "สาขาหนองฉาง", "branch_code": "61020000", "name_short": "ทล.", "price_new": 5000, "price_old": 5000, "width_m": 16, "pt_i": 0 }, "geometry": { "type": "Point", "coordinates": [ 99.730588543869601, 15.321023722901398 ] } },
{ "type": "Feature", "properties": { "road_key": "61020000ST001.4", "road_name": "ทางหลวงแผ่นดินหมายเลข 333 (สายการุ้ง-อุทัยธานี) ช่วงที่ 4", "road_no": "333", "aumpher": "อำเภอห้วยคต", "office": "สาขาหนองฉาง", "branch_code": "61020000", "name_short": "ทล.", "price_new": 5000, "price_old": 5000, "width_m": 16, "pt_i": 1 }, "geometry": { "type": "Point", "coordinates": [ 99.729665302769575, 15.320412146330405 ] } },
{ "type": "Feature", "properties": { "road_key": "61020000ST001.4", "road_name": "ทางหลวงแผ่นดินหมายเลข 333 (สายการุ้ง-อุทัยธานี) ช่วงที่ 4", "road_no": "333", "aumpher": "อำเภอห้วยคต", "office": "สาขาหนองฉาง", "branch_code": "61020000", "name_short": "ทล.", "price_new": 5000, "price_old": 5000, "width_m": 16, "pt_i": 2 }, "geometry": { "type": "Point", "coordinates": [ 99.728742066941436, 15.319800565675983 ] } },
{ "type": "Feature", "properties": { "road_key": "61020000ST001.4", "road_name": "ทางหลวงแผ่นดินหมายเลข 333 (สายการุ้ง-อุทัยธานี) ช่วงที่ 4", "road_no": "333", "aumpher": "อำเภอห้วยคต", "office": "สาขาหนองฉาง", "branch_code": "61020000", "name_short": "ทล.", "price_new": 5000, "price_old": 5000, "width_m": 16, "pt_i": 3 }, "geometry": { "type": "Point", "coordinates": [ 99.727819710784502, 15.319187741730333 ] } },
{ "type": "Feature", "properties": { "road_key": "61020000ST001.4", "road_name": "ทางหลวงแผ่นดินหมายเลข 333 (สายการุ้ง-อุทัยธานี) ช่วงที่ 4", "road_no": "333", "aumpher": "อำเภอห้วยคต", "office": "สาขาหนองฉาง", "branch_code": "61020000", "name_short": "ทล.", "price_new": 5000, "price_old": 5000, "width_m": 16, "pt_i": 4 }, "geometry": { "type": "Point", "coordinates": [ 99.726898411359102, 15.318573423587527 ] } },
{ "type": "Feature", "properties": { "road_key": "61020000ST001.4", "road_name": "ทางหลวงแผ่นดินหมายเลข 333 (สายการุ้ง-อุทัยธานี) ช่วงที่ 4", "road_no": "333", "aumpher": "อำเภอห้วยคต", "office": "สาขาหนองฉาง", "branch_code": "61020000", "name_short": "ทล.", "price_new": 5000, "price_old": 5000, "width_m": 16, "pt_i": 5 }, "geometry": { "type": "Point", "coordinates": [ 99.725977117219472, 15.317959101377774 ] } },
{ "type": "Feature", "properties": { "road_key": "61020000ST001.4", "road_name": "ทางหลวงแผ่นดินหมายเลข 333 (สายการุ้ง-อุทัยธานี) ช่วงที่ 4", "road_no": "333", "aumpher": "อำเภอห้วยคต", "office": "สาขาหนองฉาง", "branch_code": "61020000", "name_short": "ทล.", "price_new": 5000, "price_old": 5000, "width_m": 16, "pt_i": 6 }, "geometry": { "type": "Point", "coordinates": [ 99.725054632655201, 15.317346498425039 ] } },
{ "type": "Feature", "properties": { "road_key": "61020000ST003.1", "road_name": "ทางหลวงแผ่นดินหมายเลข 3282 (สายไร่ใหม่-แยกนิคมทับเสลา) ช่วงที่ 1", "road_no": "3282", "aumpher": "อำเภอห้วยคต", "office": "สาขาหนองฉาง", "branch_code": "61020000", "name_short": "ทล.", "price_new": 600, "price_old": 500, "width_m": 12, "pt_i": 0 }, "geometry": { "type": "Point", "coordinates": [ 99.516537446381932, 15.357797933894092 ] } },
{ "type": "Feature", "properties": { "road_key": "61020000ST003.1", "road_name": "ทางหลวงแผ่นดินหมายเลข 3282 (สายไร่ใหม่-แยกนิคมทับเสลา) ช่วงที่ 1", "road_no": "3282", "aumpher": "อำเภอห้วยคต", "office": "สาขาหนองฉาง", "branch_code": "61020000", "name_short": "ทล.", "price_new": 600, "price_old": 500, "width_m": 12, "pt_i": 1 }, "geometry": { "type": "Point", "coordinates": [ 99.51750203695039, 15.357288301088131 ] } },
{ "type": "Feature", "properties": { "road_key": "61020000ST003.1", "road_name": "ทางหลวงแผ่นดินหมายเลข 3282 (สายไร่ใหม่-แยกนิคมทับเสลา) ช่วงที่ 1", "road_no": "3282", "aumpher": "อำเภอห้วยคต", "office": "สาขาหนองฉาง", "branch_code": "61020000", "name_short": "ทล.", "price_new": 600, "price_old": 500, "width_m": 12, "pt_i": 2 }, "geometry": { "type": "Point", "coordinates": [ 99.518284702151718, 15.356513721368225 ] } },
{ "type": "Feature", "properties": { "road_key": "61020000ST003.1", "road_name": "ทางหลวงแผ่นดินหมายเลข 3282 (สายไร่ใหม่-แยกนิคมทับเสลา) ช่วงที่ 1", "road_no": "3282", "aumpher": "อำเภอห้วยคต", "office": "สาขาหนองฉาง", "branch_code": "61020000", "name_short": "ทล.", "price_new": 600, "price_old": 500, "width_m": 12, "pt_i": 3 }, "geometry": { "type": "Point", "coordinates": [ 99.519061902539036, 15.355733846786078 ] } },
{ "type": "Feature", "properties": { "road_key": "61020000ST003.1", "road_name": "ทางหลวงแผ่นดินหมายเลข 3282 (สายไร่ใหม่-แยกนิคมทับเสลา) ช่วงที่ 1", "road_no": "3282", "aumpher": "อำเภอห้วยคต", "office": "สาขาหนองฉาง", "branch_code": "61020000", "name_short": "ทล.", "price_new": 600, "price_old": 500, "width_m": 12, "pt_i": 4 }, "geometry": { "type": "Point", "coordinates": [ 99.519839111344197, 15.354953982931097 ] } },
{ "type": "Feature", "properties": { "road_key": "61020000ST003.1", "road_name": "ทางหลวงแผ่นดินหมายเลข 3282 (สายไร่ใหม่-แยกนิคมทับเสลา) ช่วงที่ 1", "road_no": "3282", "aumpher": "อำเภอห้วยคต", "office": "สาขาหนองฉาง", "branch_code": "61020000", "name_short": "ทล.", "price_new": 600, "price_old": 500, "width_m": 12, "pt_i": 5 }, "geometry": { "type": "Point", "coordinates": [ 99.520616314381456, 15.354174116492395 ] } },
{ "type": "Feature", "properties": { "road_key": "61020000ST003.1", "road_name": "ทางหลวงแผ่นดินหมายเลข 3282 (สายไร่ใหม่-แยกนิคมทับเสลา) ช่วงที่ 1", "road_no": "3282", "aumpher": "อำเภอห้วยคต", "office": "สาขาหนองฉาง", "branch_code": "61020000", "name_short": "ทล.", "price_new": 600, "price_old": 500, "width_m": 12, "pt_i": 6 }, "geometry": { "type": "Point", "coordinates": [ 99.521393511651169, 15.353394247470421 ] } },
{ "type": "Feature", "properties": { "road_key": "61020000ST003.1", "road_name": "ทางหลวงแผ่นดินหมายเลข 3282 (สายไร่ใหม่-แยกนิคมทับเสลา) ช่วงที่ 1", "road_no": "3282", "aumpher": "อำเภอห้วยคต", "office": "สาขาหนองฉาง", "branch_code": "61020000", "name_short": "ทล.", "price_new": 600, "price_old": 500, "width_m": 12, "pt_i": 7 }, "geometry": { "type": "Point", "coordinates": [ 99.522177307662005, 15.352620662856943 ] } },
{ "type": "Feature", "properties": { "road_key": "61020000ST003.1", "road_name": "ทางหลวงแผ่นดินหมายเลข 3282 (สายไร่ใหม่-แยกนิคมทับเสลา) ช่วงที่ 1", "road_no": "3282", "aumpher": "อำเภอห้วยคต", "office": "สาขาหนองฉาง", "branch_code": "61020000", "name_short": "ทล.", "price_new": 600, "price_old": 500, "width_m": 12, "pt_i": 8 }, "geometry": { "type": "Point", "coordinates": [ 99.523160798539536, 15.352179772335752 ] } },
{ "type": "Feature", "properties": { "road_key": "61020000ST003.1", "road_name": "ทางหลวงแผ่นดินหมายเลข 3282 (สายไร่ใหม่-แยกนิคมทับเสลา) ช่วงที่ 1", "road_no": "3282", "aumpher": "อำเภอห้วยคต", "office": "สาขาหนองฉาง", "branch_code": "61020000", "name_short": "ทล.", "price_new": 600, "price_old": 500, "width_m": 12, "pt_i": 9 }, "geometry": { "type": "Point", "coordinates": [ 99.524256511469957, 15.352325951522362 ] } },
{ "type": "Feature", "properties": { "road_key": "61020000ST003.1", "road_name": "ทางหลวงแผ่นดินหมายเลข 3282 (สายไร่ใหม่-แยกนิคมทับเสลา) ช่วงที่ 1", "road_no": "3282", "aumpher": "อำเภอห้วยคต", "office": "สาขาหนองฉาง", "branch_code": "61020000", "name_short": "ทล.", "price_new": 600, "price_old": 500, "width_m": 12, "pt_i": 10 }, "geometry": { "type": "Point", "coordinates": [ 99.525336758441512, 15.352605531169544 ] } },
{ "type": "Feature", "properties": { "road_key": "61020000ST003.1", "road_name": "ทางหลวงแผ่นดินหมายเลข 3282 (สายไร่ใหม่-แยกนิคมทับเสลา) ช่วงที่ 1", "road_no": "3282", "aumpher": "อำเภอห้วยคต", "office": "สาขาหนองฉาง", "branch_code": "61020000", "name_short": "ทล.", "price_new": 600, "price_old": 500, "width_m": 12, "pt_i": 11 }, "geometry": { "type": "Point", "coordinates": [ 99.526417008127368, 15.352885105486404 ] } },
{ "type": "Feature", "properties": { "road_key": "61020000ST003.1", "road_name": "ทางหลวงแผ่นดินหมายเลข 3282 (สายไร่ใหม่-แยกนิคมทับเสลา) ช่วงที่ 1", "road_no": "3282", "aumpher": "อำเภอห้วยคต", "office": "สาขาหนองฉาง", "branch_code": "61020000", "name_short": "ทล.", "price_new": 600, "price_old": 500, "width_m": 12, "pt_i": 12 }, "geometry": { "type": "Point", "coordinates": [ 99.527497495020555, 15.353163818044106 ] } },
{ "type": "Feature", "properties": { "road_key": "61020000ST003.1", "road_name": "ทางหลวงแผ่นดินหมายเลข 3282 (สายไร่ใหม่-แยกนิคมทับเสลา) ช่วงที่ 1", "road_no": "3282", "aumpher": "อำเภอห้วยคต", "office": "สาขาหนองฉาง", "branch_code": "61020000", "name_short": "ทล.", "price_new": 600, "price_old": 500, "width_m": 12, "pt_i": 13 }, "geometry": { "type": "Point", "coordinates": [ 99.528578294985309, 15.353441391711936 ] } },
{ "type": "Feature", "properties": { "road_key": "61020000ST003.1", "road_name": "ทางหลวงแผ่นดินหมายเลข 3282 (สายไร่ใหม่-แยกนิคมทับเสลา) ช่วงที่ 1", "road_no": "3282", "aumpher": "อำเภอห้วยคต", "office": "สาขาหนองฉาง", "branch_code": "61020000", "name_short": "ทล.", "price_new": 600, "price_old": 500, "width_m": 12, "pt_i": 14 }, "geometry": { "type": "Point", "coordinates": [ 99.529659097644014, 15.353718960043983 ] } },
{ "type": "Feature", "properties": { "road_key": "61020000ST003.1", "road_name": "ทางหลวงแผ่นดินหมายเลข 3282 (สายไร่ใหม่-แยกนิคมทับเสลา) ช่วงที่ 1", "road_no": "3282", "aumpher": "อำเภอห้วยคต", "office": "สาขาหนองฉาง", "branch_code": "61020000", "name_short": "ทล.", "price_new": 600, "price_old": 500, "width_m": 12, "pt_i": 15 }, "geometry": { "type": "Point", "coordinates": [ 99.530756113942061, 15.353862646963622 ] } },
{ "type": "Feature", "properties": { "road_key": "61020000ST003.1", "road_name": "ทางหลวงแผ่นดินหมายเลข 3282 (สายไร่ใหม่-แยกนิคมทับเสลา) ช่วงที่ 1", "road_no": "3282", "aumpher": "อำเภอห้วยคต", "office": "สาขาหนองฉาง", "branch_code": "61020000", "name_short": "ทล.", "price_new": 600, "price_old": 500, "width_m": 12, "pt_i": 16 }, "geometry": { "type": "Point", "coordinates": [ 99.531856744664168, 15.353677888836806 ] } },
{ "type": "Feature", "properties": { "road_key": "61020000ST003.1", "road_name": "ทางหลวงแผ่นดินหมายเลข 3282 (สายไร่ใหม่-แยกนิคมทับเสลา) ช่วงที่ 1", "road_no": "3282", "aumpher": "อำเภอห้วยคต", "office": "สาขาหนองฉาง", "branch_code": "61020000", "name_short": "ทล.", "price_new": 600, "price_old": 500, "width_m": 12, "pt_i": 17 }, "geometry": { "type": "Point", "coordinates": [ 99.532950108539239, 15.353451332087682 ] } },
{ "type": "Feature", "properties": { "road_key": "61020000ST003.1", "road_name": "ทางหลวงแผ่นดินหมายเลข 3282 (สายไร่ใหม่-แยกนิคมทับเสลา) ช่วงที่ 1", "road_no": "3282", "aumpher": "อำเภอห้วยคต", "office": "สาขาหนองฉาง", "branch_code": "61020000", "name_short": "ทล.", "price_new": 600, "price_old": 500, "width_m": 12, "pt_i": 18 }, "geometry": { "type": "Point", "coordinates": [ 99.534010284346493, 15.353689041051339 ] } },
{ "type": "Feature", "properties": { "road_key": "61020000ST003.1", "road_name": "ทางหลวงแผ่นดินหมายเลข 3282 (สายไร่ใหม่-แยกนิคมทับเสลา) ช่วงที่ 1", "road_no": "3282", "aumpher": "อำเภอห้วยคต", "office": "สาขาหนองฉาง", "branch_code": "61020000", "name_short": "ทล.", "price_new": 600, "price_old": 500, "width_m": 12, "pt_i": 19 }, "geometry": { "type": "Point", "coordinates": [ 99.534899912892186, 15.354346107659637 ] } },
{ "type": "Feature", "properties": { "road_key": "61020000ST003.1", "road_name": "ทางหลวงแผ่นดินหมายเลข 3282 (สายไร่ใหม่-แยกนิคมทับเสลา) ช่วงที่ 1", "road_no": "3282", "aumpher": "อำเภอห้วยคต", "office": "สาขาหนองฉาง", "branch_code": "61020000", "name_short": "ทล.", "price_new": 600, "price_old": 500, "width_m": 12, "pt_i": 20 }, "geometry": { "type": "Point", "coordinates": [ 99.535789546955542, 15.355003170501758 ] } },
{ "type": "Feature", "properties": { "road_key": "61020000ST003.1", "road_name": "ทางหลวงแผ่นดินหมายเลข 3282 (สายไร่ใหม่-แยกนิคมทับเสลา) ช่วงที่ 1", "road_no": "3282", "aumpher": "อำเภอห้วยคต", "office": "สาขาหนองฉาง", "branch_code": "61020000", "name_short": "ทล.", "price_new": 600, "price_old": 500, "width_m": 12, "pt_i": 21 }, "geometry": { "type": "Point", "coordinates": [ 99.536679186536702, 15.355660229577222 ] } },
{ "type": "Feature", "properties": { "road_key": "61020000ST003.1", "road_name": "ทางหลวงแผ่นดินหมายเลข 3282 (สายไร่ใหม่-แยกนิคมทับเสลา) ช่วงที่ 1", "road_no": "3282", "aumpher": "อำเภอห้วยคต", "office": "สาขาหนองฉาง", "branch_code": "61020000", "name_short": "ทล.", "price_new": 600, "price_old": 500, "width_m": 12, "pt_i": 22 }, "geometry": { "type": "Point", "coordinates": [ 99.537568831635852, 15.356317284885559 ] } },
{ "type": "Feature", "properties": { "road_key": "61020000ST003.1", "road_name": "ทางหลวงแผ่นดินหมายเลข 3282 (สายไร่ใหม่-แยกนิคมทับเสลา) ช่วงที่ 1", "road_no": "3282", "aumpher": "อำเภอห้วยคต", "office": "สาขาหนองฉาง", "branch_code": "61020000", "name_short": "ทล.", "price_new": 600, "price_old": 500, "width_m": 12, "pt_i": 23 }, "geometry": { "type": "Point", "coordinates": [ 99.538458482253162, 15.356974336426285 ] } },
{ "type": "Feature", "properties": { "road_key": "61020000ST003.1", "road_name": "ทางหลวงแผ่นดินหมายเลข 3282 (สายไร่ใหม่-แยกนิคมทับเสลา) ช่วงที่ 1", "road_no": "3282", "aumpher": "อำเภอห้วยคต", "office": "สาขาหนองฉาง", "branch_code": "61020000", "name_short": "ทล.", "price_new": 600, "price_old": 500, "width_m": 12, "pt_i": 24 }, "geometry": { "type": "Point", "coordinates": [ 99.539353022186859, 15.357625071359863 ] } },
{ "type": "Feature", "properties": { "road_key": "61020000ST003.1", "road_name": "ทางหลวงแผ่นดินหมายเลข 3282 (สายไร่ใหม่-แยกนิคมทับเสลา) ช่วงที่ 1", "road_no": "3282", "aumpher": "อำเภอห้วยคต", "office": "สาขาหนองฉาง", "branch_code": "61020000", "name_short": "ทล.", "price_new": 600, "price_old": 500, "width_m": 12, "pt_i": 25 }, "geometry": { "type": "Point", "coordinates": [ 99.540251599476051, 15.358270590836987 ] } },
{ "type": "Feature", "properties": { "road_key": "61020000ST003.1", "road_name": "ทางหลวงแผ่นดินหมายเลข 3282 (สายไร่ใหม่-แยกนิคมทับเสลา) ช่วงที่ 1", "road_no": "3282", "aumpher": "อำเภอห้วยคต", "office": "สาขาหนองฉาง", "branch_code": "61020000", "name_short": "ทล.", "price_new": 600, "price_old": 500, "width_m": 12, "pt_i": 26 }, "geometry": { "type": "Point", "coordinates": [ 99.541150182236123, 15.358916106476272 ] } },
{ "type": "Feature", "properties": { "road_key": "61020000ST003.1", "road_name": "ทางหลวงแผ่นดินหมายเลข 3282 (สายไร่ใหม่-แยกนิคมทับเสลา) ช่วงที่ 1", "road_no": "3282", "aumpher": "อำเภอห้วยคต", "office": "สาขาหนองฉาง", "branch_code": "61020000", "name_short": "ทล.", "price_new": 600, "price_old": 500, "width_m": 12, "pt_i": 27 }, "geometry": { "type": "Point", "coordinates": [ 99.542048770467233, 15.359561618277244 ] } },
{ "type": "Feature", "properties": { "road_key": "61020000ST003.1", "road_name": "ทางหลวงแผ่นดินหมายเลข 3282 (สายไร่ใหม่-แยกนิคมทับเสลา) ช่วงที่ 1", "road_no": "3282", "aumpher": "อำเภอห้วยคต", "office": "สาขาหนองฉาง", "branch_code": "61020000", "name_short": "ทล.", "price_new": 600, "price_old": 500, "width_m": 12, "pt_i": 28 }, "geometry": { "type": "Point", "coordinates": [ 99.542947364169521, 15.360207126239409 ] } },
{ "type": "Feature", "properties": { "road_key": "61020000ST003.1", "road_name": "ทางหลวงแผ่นดินหมายเลข 3282 (สายไร่ใหม่-แยกนิคมทับเสลา) ช่วงที่ 1", "road_no": "3282", "aumpher": "อำเภอห้วยคต", "office": "สาขาหนองฉาง", "branch_code": "61020000", "name_short": "ทล.", "price_new": 600, "price_old": 500, "width_m": 12, "pt_i": 29 }, "geometry": { "type": "Point", "coordinates": [ 99.543845963343145, 15.360852630362302 ] } },
{ "type": "Feature", "properties": { "road_key": "61020000ST003.1", "road_name": "ทางหลวงแผ่นดินหมายเลข 3282 (สายไร่ใหม่-แยกนิคมทับเสลา) ช่วงที่ 1", "road_no": "3282", "aumpher": "อำเภอห้วยคต", "office": "สาขาหนองฉาง", "branch_code": "61020000", "name_short": "ทล.", "price_new": 600, "price_old": 500, "width_m": 12, "pt_i": 30 }, "geometry": { "type": "Point", "coordinates": [ 99.544744567988261, 15.361498130645433 ] } },
{ "type": "Feature", "properties": { "road_key": "61020000ST003.1", "road_name": "ทางหลวงแผ่นดินหมายเลข 3282 (สายไร่ใหม่-แยกนิคมทับเสลา) ช่วงที่ 1", "road_no": "3282", "aumpher": "อำเภอห้วยคต", "office": "สาขาหนองฉาง", "branch_code": "61020000", "name_short": "ทล.", "price_new": 600, "price_old": 500, "width_m": 12, "pt_i": 31 }, "geometry": { "type": "Point", "coordinates": [ 99.545648339821213, 15.362136728784616 ] } },
{ "type": "Feature", "properties": { "road_key": "61020000ST003.1", "road_name": "ทางหลวงแผ่นดินหมายเลข 3282 (สายไร่ใหม่-แยกนิคมทับเสลา) ช่วงที่ 1", "road_no": "3282", "aumpher": "อำเภอห้วยคต", "office": "สาขาหนองฉาง", "branch_code": "61020000", "name_short": "ทล.", "price_new": 600, "price_old": 500, "width_m": 12, "pt_i": 32 }, "geometry": { "type": "Point", "coordinates": [ 99.546559135509227, 15.362765943325305 ] } },
{ "type": "Feature", "properties": { "road_key": "61020000ST003.1", "road_name": "ทางหลวงแผ่นดินหมายเลข 3282 (สายไร่ใหม่-แยกนิคมทับเสลา) ช่วงที่ 1", "road_no": "3282", "aumpher": "อำเภอห้วยคต", "office": "สาขาหนองฉาง", "branch_code": "61020000", "name_short": "ทล.", "price_new": 600, "price_old": 500, "width_m": 12, "pt_i": 33 }, "geometry": { "type": "Point", "coordinates": [ 99.547347922881244, 15.363531850237436 ] } },
{ "type": "Feature", "properties": { "road_key": "61020000ST003.1", "road_name": "ทางหลวงแผ่นดินหมายเลข 3282 (สายไร่ใหม่-แยกนิคมทับเสลา) ช่วงที่ 1", "road_no": "3282", "aumpher": "อำเภอห้วยคต", "office": "สาขาหนองฉาง", "branch_code": "61020000", "name_short": "ทล.", "price_new": 600, "price_old": 500, "width_m": 12, "pt_i": 34 }, "geometry": { "type": "Point", "coordinates": [ 99.548119797187653, 15.364316708933069 ] } },
{ "type": "Feature", "properties": { "road_key": "61020000ST003.1", "road_name": "ทางหลวงแผ่นดินหมายเลข 3282 (สายไร่ใหม่-แยกนิคมทับเสลา) ช่วงที่ 1", "road_no": "3282", "aumpher": "อำเภอห้วยคต", "office": "สาขาหนองฉาง", "branch_code": "61020000", "name_short": "ทล.", "price_new": 600, "price_old": 500, "width_m": 12, "pt_i": 35 }, "geometry": { "type": "Point", "coordinates": [ 99.548891677278178, 15.365101564710919 ] } },
{ "type": "Feature", "properties": { "road_key": "61020000ST003.1", "road_name": "ทางหลวงแผ่นดินหมายเลข 3282 (สายไร่ใหม่-แยกนิคมทับเสลา) ช่วงที่ 1", "road_no": "3282", "aumpher": "อำเภอห้วยคต", "office": "สาขาหนองฉาง", "branch_code": "61020000", "name_short": "ทล.", "price_new": 600, "price_old": 500, "width_m": 12, "pt_i": 36 }, "geometry": { "type": "Point", "coordinates": [ 99.549663563153146, 15.36588641757054 ] } },
{ "type": "Feature", "properties": { "road_key": "61020000ST003.1", "road_name": "ทางหลวงแผ่นดินหมายเลข 3282 (สายไร่ใหม่-แยกนิคมทับเสลา) ช่วงที่ 1", "road_no": "3282", "aumpher": "อำเภอห้วยคต", "office": "สาขาหนองฉาง", "branch_code": "61020000", "name_short": "ทล.", "price_new": 600, "price_old": 500, "width_m": 12, "pt_i": 37 }, "geometry": { "type": "Point", "coordinates": [ 99.55043471481784, 15.366671952004825 ] } },
{ "type": "Feature", "properties": { "road_key": "61020000ST003.1", "road_name": "ทางหลวงแผ่นดินหมายเลข 3282 (สายไร่ใหม่-แยกนิคมทับเสลา) ช่วงที่ 1", "road_no": "3282", "aumpher": "อำเภอห้วยคต", "office": "สาขาหนองฉาง", "branch_code": "61020000", "name_short": "ทล.", "price_new": 600, "price_old": 500, "width_m": 12, "pt_i": 38 }, "geometry": { "type": "Point", "coordinates": [ 99.551205799604389, 15.367457550738497 ] } },
{ "type": "Feature", "properties": { "road_key": "61020000ST003.1", "road_name": "ทางหลวงแผ่นดินหมายเลข 3282 (สายไร่ใหม่-แยกนิคมทับเสลา) ช่วงที่ 1", "road_no": "3282", "aumpher": "อำเภอห้วยคต", "office": "สาขาหนองฉาง", "branch_code": "61020000", "name_short": "ทล.", "price_new": 600, "price_old": 500, "width_m": 12, "pt_i": 39 }, "geometry": { "type": "Point", "coordinates": [ 99.551976890176263, 15.368243146558211 ] } },
{ "type": "Feature", "properties": { "road_key": "61020000ST003.1", "road_name": "ทางหลวงแผ่นดินหมายเลข 3282 (สายไร่ใหม่-แยกนิคมทับเสลา) ช่วงที่ 1", "road_no": "3282", "aumpher": "อำเภอห้วยคต", "office": "สาขาหนองฉาง", "branch_code": "61020000", "name_short": "ทล.", "price_new": 600, "price_old": 500, "width_m": 12, "pt_i": 40 }, "geometry": { "type": "Point", "coordinates": [ 99.552747986533802, 15.369028739463506 ] } },
{ "type": "Feature", "properties": { "road_key": "61020000ST003.1", "road_name": "ทางหลวงแผ่นดินหมายเลข 3282 (สายไร่ใหม่-แยกนิคมทับเสลา) ช่วงที่ 1", "road_no": "3282", "aumpher": "อำเภอห้วยคต", "office": "สาขาหนองฉาง", "branch_code": "61020000", "name_short": "ทล.", "price_new": 600, "price_old": 500, "width_m": 12, "pt_i": 41 }, "geometry": { "type": "Point", "coordinates": [ 99.553519088677362, 15.369814329453972 ] } },
{ "type": "Feature", "properties": { "road_key": "61020000ST003.1", "road_name": "ทางหลวงแผ่นดินหมายเลข 3282 (สายไร่ใหม่-แยกนิคมทับเสลา) ช่วงที่ 1", "road_no": "3282", "aumpher": "อำเภอห้วยคต", "office": "สาขาหนองฉาง", "branch_code": "61020000", "name_short": "ทล.", "price_new": 600, "price_old": 500, "width_m": 12, "pt_i": 42 }, "geometry": { "type": "Point", "coordinates": [ 99.554290196607283, 15.370599916529171 ] } },
{ "type": "Feature", "properties": { "road_key": "61020000ST003.1", "road_name": "ทางหลวงแผ่นดินหมายเลข 3282 (สายไร่ใหม่-แยกนิคมทับเสลา) ช่วงที่ 1", "road_no": "3282", "aumpher": "อำเภอห้วยคต", "office": "สาขาหนองฉาง", "branch_code": "61020000", "name_short": "ทล.", "price_new": 600, "price_old": 500, "width_m": 12, "pt_i": 43 }, "geometry": { "type": "Point", "coordinates": [ 99.555063803359033, 15.371383182215832 ] } },
{ "type": "Feature", "properties": { "road_key": "61020000ST003.1", "road_name": "ทางหลวงแผ่นดินหมายเลข 3282 (สายไร่ใหม่-แยกนิคมทับเสลา) ช่วงที่ 1", "road_no": "3282", "aumpher": "อำเภอห้วยคต", "office": "สาขาหนองฉาง", "branch_code": "61020000", "name_short": "ทล.", "price_new": 600, "price_old": 500, "width_m": 12, "pt_i": 44 }, "geometry": { "type": "Point", "coordinates": [ 99.555840048352408, 15.372163996830567 ] } },
{ "type": "Feature", "properties": { "road_key": "61020000ST003.1", "road_name": "ทางหลวงแผ่นดินหมายเลข 3282 (สายไร่ใหม่-แยกนิคมทับเสลา) ช่วงที่ 1", "road_no": "3282", "aumpher": "อำเภอห้วยคต", "office": "สาขาหนองฉาง", "branch_code": "61020000", "name_short": "ทล.", "price_new": 600, "price_old": 500, "width_m": 12, "pt_i": 45 }, "geometry": { "type": "Point", "coordinates": [ 99.556616299133808, 15.372944808493703 ] } },
{ "type": "Feature", "properties": { "road_key": "61020000ST003.1", "road_name": "ทางหลวงแผ่นดินหมายเลข 3282 (สายไร่ใหม่-แยกนิคมทับเสลา) ช่วงที่ 1", "road_no": "3282", "aumpher": "อำเภอห้วยคต", "office": "สาขาหนองฉาง", "branch_code": "61020000", "name_short": "ทล.", "price_new": 600, "price_old": 500, "width_m": 12, "pt_i": 46 }, "geometry": { "type": "Point", "coordinates": [ 99.557392555703402, 15.373725617204903 ] } },
{ "type": "Feature", "properties": { "road_key": "61020000ST003.1", "road_name": "ทางหลวงแผ่นดินหมายเลข 3282 (สายไร่ใหม่-แยกนิคมทับเสลา) ช่วงที่ 1", "road_no": "3282", "aumpher": "อำเภอห้วยคต", "office": "สาขาหนองฉาง", "branch_code": "61020000", "name_short": "ทล.", "price_new": 600, "price_old": 500, "width_m": 12, "pt_i": 47 }, "geometry": { "type": "Point", "coordinates": [ 99.558168818060977, 15.374506422964306 ] } },
{ "type": "Feature", "properties": { "road_key": "61020000ST003.1", "road_name": "ทางหลวงแผ่นดินหมายเลข 3282 (สายไร่ใหม่-แยกนิคมทับเสลา) ช่วงที่ 1", "road_no": "3282", "aumpher": "อำเภอห้วยคต", "office": "สาขาหนองฉาง", "branch_code": "61020000", "name_short": "ทล.", "price_new": 600, "price_old": 500, "width_m": 12, "pt_i": 48 }, "geometry": { "type": "Point", "coordinates": [ 99.558945086207558, 15.375287225770794 ] } },
{ "type": "Feature", "properties": { "road_key": "61020000ST003.1", "road_name": "ทางหลวงแผ่นดินหมายเลข 3282 (สายไร่ใหม่-แยกนิคมทับเสลา) ช่วงที่ 1", "road_no": "3282", "aumpher": "อำเภอห้วยคต", "office": "สาขาหนองฉาง", "branch_code": "61020000", "name_short": "ทล.", "price_new": 600, "price_old": 500, "width_m": 12, "pt_i": 49 }, "geometry": { "type": "Point", "coordinates": [ 99.559722887431789, 15.376066588465283 ] } },
{ "type": "Feature", "properties": { "road_key": "61020000ST003.1", "road_name": "ทางหลวงแผ่นดินหมายเลข 3282 (สายไร่ใหม่-แยกนิคมทับเสลา) ช่วงที่ 1", "road_no": "3282", "aumpher": "อำเภอห้วยคต", "office": "สาขาหนองฉาง", "branch_code": "61020000", "name_short": "ทล.", "price_new": 600, "price_old": 500, "width_m": 12, "pt_i": 50 }, "geometry": { "type": "Point", "coordinates": [ 99.560503490896295, 15.376843316761654 ] } },
{ "type": "Feature", "properties": { "road_key": "61020000ST003.1", "road_name": "ทางหลวงแผ่นดินหมายเลข 3282 (สายไร่ใหม่-แยกนิคมทับเสลา) ช่วงที่ 1", "road_no": "3282", "aumpher": "อำเภอห้วยคต", "office": "สาขาหนองฉาง", "branch_code": "61020000", "name_short": "ทล.", "price_new": 600, "price_old": 500, "width_m": 12, "pt_i": 51 }, "geometry": { "type": "Point", "coordinates": [ 99.561284100150601, 15.37762004207409 ] } },
{ "type": "Feature", "properties": { "road_key": "61020000ST003.1", "road_name": "ทางหลวงแผ่นดินหมายเลข 3282 (สายไร่ใหม่-แยกนิคมทับเสลา) ช่วงที่ 1", "road_no": "3282", "aumpher": "อำเภอห้วยคต", "office": "สาขาหนองฉาง", "branch_code": "61020000", "name_short": "ทล.", "price_new": 600, "price_old": 500, "width_m": 12, "pt_i": 52 }, "geometry": { "type": "Point", "coordinates": [ 99.562064715195007, 15.378396764402153 ] } },
{ "type": "Feature", "properties": { "road_key": "61020000ST003.1", "road_name": "ทางหลวงแผ่นดินหมายเลข 3282 (สายไร่ใหม่-แยกนิคมทับเสลา) ช่วงที่ 1", "road_no": "3282", "aumpher": "อำเภอห้วยคต", "office": "สาขาหนองฉาง", "branch_code": "61020000", "name_short": "ทล.", "price_new": 600, "price_old": 500, "width_m": 12, "pt_i": 53 }, "geometry": { "type": "Point", "coordinates": [ 99.562845336029866, 15.379173483745411 ] } },
{ "type": "Feature", "properties": { "road_key": "61020000ST003.1", "road_name": "ทางหลวงแผ่นดินหมายเลข 3282 (สายไร่ใหม่-แยกนิคมทับเสลา) ช่วงที่ 1", "road_no": "3282", "aumpher": "อำเภอห้วยคต", "office": "สาขาหนองฉาง", "branch_code": "61020000", "name_short": "ทล.", "price_new": 600, "price_old": 500, "width_m": 12, "pt_i": 54 }, "geometry": { "type": "Point", "coordinates": [ 99.56362596265555, 15.37995020010343 ] } },
{ "type": "Feature", "properties": { "road_key": "61020000ST003.1", "road_name": "ทางหลวงแผ่นดินหมายเลข 3282 (สายไร่ใหม่-แยกนิคมทับเสลา) ช่วงที่ 1", "road_no": "3282", "aumpher": "อำเภอห้วยคต", "office": "สาขาหนองฉาง", "branch_code": "61020000", "name_short": "ทล.", "price_new": 600, "price_old": 500, "width_m": 12, "pt_i": 55 }, "geometry": { "type": "Point", "coordinates": [ 99.564406595072342, 15.380726913475762 ] } },
{ "type": "Feature", "properties": { "road_key": "61020000ST003.1", "road_name": "ทางหลวงแผ่นดินหมายเลข 3282 (สายไร่ใหม่-แยกนิคมทับเสลา) ช่วงที่ 1", "road_no": "3282", "aumpher": "อำเภอห้วยคต", "office": "สาขาหนองฉาง", "branch_code": "61020000", "name_short": "ทล.", "price_new": 600, "price_old": 500, "width_m": 12, "pt_i": 56 }, "geometry": { "type": "Point", "coordinates": [ 99.565183438668711, 15.38150719497081 ] } },
{ "type": "Feature", "properties": { "road_key": "61020000ST003.1", "road_name": "ทางหลวงแผ่นดินหมายเลข 3282 (สายไร่ใหม่-แยกนิคมทับเสลา) ช่วงที่ 1", "road_no": "3282", "aumpher": "อำเภอห้วยคต", "office": "สาขาหนองฉาง", "branch_code": "61020000", "name_short": "ทล.", "price_new": 600, "price_old": 500, "width_m": 12, "pt_i": 57 }, "geometry": { "type": "Point", "coordinates": [ 99.565959834399379, 15.382287900444213 ] } },
{ "type": "Feature", "properties": { "road_key": "61020000ST003.1", "road_name": "ทางหลวงแผ่นดินหมายเลข 3282 (สายไร่ใหม่-แยกนิคมทับเสลา) ช่วงที่ 1", "road_no": "3282", "aumpher": "อำเภอห้วยคต", "office": "สาขาหนองฉาง", "branch_code": "61020000", "name_short": "ทล.", "price_new": 600, "price_old": 500, "width_m": 12, "pt_i": 58 }, "geometry": { "type": "Point", "coordinates": [ 99.566736235922463, 15.383068602959854 ] } },
{ "type": "Feature", "properties": { "road_key": "61020000ST003.1", "road_name": "ทางหลวงแผ่นดินหมายเลข 3282 (สายไร่ใหม่-แยกนิคมทับเสลา) ช่วงที่ 1", "road_no": "3282", "aumpher": "อำเภอห้วยคต", "office": "สาขาหนองฉาง", "branch_code": "61020000", "name_short": "ทล.", "price_new": 600, "price_old": 500, "width_m": 12, "pt_i": 59 }, "geometry": { "type": "Point", "coordinates": [ 99.56751264323826, 15.383849302517305 ] } },
{ "type": "Feature", "properties": { "road_key": "61020000ST003.1", "road_name": "ทางหลวงแผ่นดินหมายเลข 3282 (สายไร่ใหม่-แยกนิคมทับเสลา) ช่วงที่ 1", "road_no": "3282", "aumpher": "อำเภอห้วยคต", "office": "สาขาหนองฉาง", "branch_code": "61020000", "name_short": "ทล.", "price_new": 600, "price_old": 500, "width_m": 12, "pt_i": 60 }, "geometry": { "type": "Point", "coordinates": [ 99.568289056347169, 15.384629999116122 ] } },
{ "type": "Feature", "properties": { "road_key": "61020000ST003.1", "road_name": "ทางหลวงแผ่นดินหมายเลข 3282 (สายไร่ใหม่-แยกนิคมทับเสลา) ช่วงที่ 1", "road_no": "3282", "aumpher": "อำเภอห้วยคต", "office": "สาขาหนองฉาง", "branch_code": "61020000", "name_short": "ทล.", "price_new": 600, "price_old": 500, "width_m": 12, "pt_i": 61 }, "geometry": { "type": "Point", "coordinates": [ 99.569065475249474, 15.385410692755864 ] } },
{ "type": "Feature", "properties": { "road_key": "61020000ST003.1", "road_name": "ทางหลวงแผ่นดินหมายเลข 3282 (สายไร่ใหม่-แยกนิคมทับเสลา) ช่วงที่ 1", "road_no": "3282", "aumpher": "อำเภอห้วยคต", "office": "สาขาหนองฉาง", "branch_code": "61020000", "name_short": "ทล.", "price_new": 600, "price_old": 500, "width_m": 12, "pt_i": 62 }, "geometry": { "type": "Point", "coordinates": [ 99.56984408933026, 15.386189326193767 ] } },
{ "type": "Feature", "properties": { "road_key": "61020000ST003.1", "road_name": "ทางหลวงแผ่นดินหมายเลข 3282 (สายไร่ใหม่-แยกนิคมทับเสลา) ช่วงที่ 1", "road_no": "3282", "aumpher": "อำเภอห้วยคต", "office": "สาขาหนองฉาง", "branch_code": "61020000", "name_short": "ทล.", "price_new": 600, "price_old": 500, "width_m": 12, "pt_i": 63 }, "geometry": { "type": "Point", "coordinates": [ 99.570623510824717, 15.38696720341672 ] } },
{ "type": "Feature", "properties": { "road_key": "61020000ST003.1", "road_name": "ทางหลวงแผ่นดินหมายเลข 3282 (สายไร่ใหม่-แยกนิคมทับเสลา) ช่วงที่ 1", "road_no": "3282", "aumpher": "อำเภอห้วยคต", "office": "สาขาหนองฉาง", "branch_code": "61020000", "name_short": "ทล.", "price_new": 600, "price_old": 500, "width_m": 12, "pt_i": 64 }, "geometry": { "type": "Point", "coordinates": [ 99.571402938113479, 15.387745077658749 ] } },
{ "type": "Feature", "properties": { "road_key": "61020000ST003.1", "road_name": "ทางหลวงแผ่นดินหมายเลข 3282 (สายไร่ใหม่-แยกนิคมทับเสลา) ช่วงที่ 1", "road_no": "3282", "aumpher": "อำเภอห้วยคต", "office": "สาขาหนองฉาง", "branch_code": "61020000", "name_short": "ทล.", "price_new": 600, "price_old": 500, "width_m": 12, "pt_i": 65 }, "geometry": { "type": "Point", "coordinates": [ 99.572182371196874, 15.388522948919398 ] } },
{ "type": "Feature", "properties": { "road_key": "61020000ST003.1", "road_name": "ทางหลวงแผ่นดินหมายเลข 3282 (สายไร่ใหม่-แยกนิคมทับเสลา) ช่วงที่ 1", "road_no": "3282", "aumpher": "อำเภอห้วยคต", "office": "สาขาหนองฉาง", "branch_code": "61020000", "name_short": "ทล.", "price_new": 600, "price_old": 500, "width_m": 12, "pt_i": 66 }, "geometry": { "type": "Point", "coordinates": [ 99.572961810075242, 15.389300817198244 ] } },
{ "type": "Feature", "properties": { "road_key": "61020000ST003.1", "road_name": "ทางหลวงแผ่นดินหมายเลข 3282 (สายไร่ใหม่-แยกนิคมทับเสลา) ช่วงที่ 1", "road_no": "3282", "aumpher": "อำเภอห้วยคต", "office": "สาขาหนองฉาง", "branch_code": "61020000", "name_short": "ทล.", "price_new": 600, "price_old": 500, "width_m": 12, "pt_i": 67 }, "geometry": { "type": "Point", "coordinates": [ 99.573741254748924, 15.390078682494858 ] } },
{ "type": "Feature", "properties": { "road_key": "61020000ST003.1", "road_name": "ทางหลวงแผ่นดินหมายเลข 3282 (สายไร่ใหม่-แยกนิคมทับเสลา) ช่วงที่ 1", "road_no": "3282", "aumpher": "อำเภอห้วยคต", "office": "สาขาหนองฉาง", "branch_code": "61020000", "name_short": "ทล.", "price_new": 600, "price_old": 500, "width_m": 12, "pt_i": 68 }, "geometry": { "type": "Point", "coordinates": [ 99.574518368023959, 15.390858729184616 ] } },
{ "type": "Feature", "properties": { "road_key": "61020000ST003.1", "road_name": "ทางหลวงแผ่นดินหมายเลข 3282 (สายไร่ใหม่-แยกนิคมทับเสลา) ช่วงที่ 1", "road_no": "3282", "aumpher": "อำเภอห้วยคต", "office": "สาขาหนองฉาง", "branch_code": "61020000", "name_short": "ทล.", "price_new": 600, "price_old": 500, "width_m": 12, "pt_i": 69 }, "geometry": { "type": "Point", "coordinates": [ 99.575290488163844, 15.391643444998122 ] } },
{ "type": "Feature", "properties": { "road_key": "61020000ST003.1", "road_name": "ทางหลวงแผ่นดินหมายเลข 3282 (สายไร่ใหม่-แยกนิคมทับเสลา) ช่วงที่ 1", "road_no": "3282", "aumpher": "อำเภอห้วยคต", "office": "สาขาหนองฉาง", "branch_code": "61020000", "name_short": "ทล.", "price_new": 600, "price_old": 500, "width_m": 12, "pt_i": 70 }, "geometry": { "type": "Point", "coordinates": [ 99.576062614099854, 15.392428157878413 ] } },
{ "type": "Feature", "properties": { "road_key": "61020000ST003.1", "road_name": "ทางหลวงแผ่นดินหมายเลข 3282 (สายไร่ใหม่-แยกนิคมทับเสลา) ช่วงที่ 1", "road_no": "3282", "aumpher": "อำเภอห้วยคต", "office": "สาขาหนองฉาง", "branch_code": "61020000", "name_short": "ทล.", "price_new": 600, "price_old": 500, "width_m": 12, "pt_i": 71 }, "geometry": { "type": "Point", "coordinates": [ 99.576834745832329, 15.393212867825076 ] } },
{ "type": "Feature", "properties": { "road_key": "61020000ST003.1", "road_name": "ทางหลวงแผ่นดินหมายเลข 3282 (สายไร่ใหม่-แยกนิคมทับเสลา) ช่วงที่ 1", "road_no": "3282", "aumpher": "อำเภอห้วยคต", "office": "สาขาหนองฉาง", "branch_code": "61020000", "name_short": "ทล.", "price_new": 600, "price_old": 500, "width_m": 12, "pt_i": 72 }, "geometry": { "type": "Point", "coordinates": [ 99.577606883361597, 15.393997574837671 ] } },
{ "type": "Feature", "properties": { "road_key": "61020000ST003.1", "road_name": "ทางหลวงแผ่นดินหมายเลข 3282 (สายไร่ใหม่-แยกนิคมทับเสลา) ช่วงที่ 1", "road_no": "3282", "aumpher": "อำเภอห้วยคต", "office": "สาขาหนองฉาง", "branch_code": "61020000", "name_short": "ทล.", "price_new": 600, "price_old": 500, "width_m": 12, "pt_i": 73 }, "geometry": { "type": "Point", "coordinates": [ 99.578379026688026, 15.394782278915763 ] } },
{ "type": "Feature", "properties": { "road_key": "61020000ST003.1", "road_name": "ทางหลวงแผ่นดินหมายเลข 3282 (สายไร่ใหม่-แยกนิคมทับเสลา) ช่วงที่ 1", "road_no": "3282", "aumpher": "อำเภอห้วยคต", "office": "สาขาหนองฉาง", "branch_code": "61020000", "name_short": "ทล.", "price_new": 600, "price_old": 500, "width_m": 12, "pt_i": 74 }, "geometry": { "type": "Point", "coordinates": [ 99.579147646277008, 15.39557022248643 ] } },
{ "type": "Feature", "properties": { "road_key": "61020000ST003.1", "road_name": "ทางหลวงแผ่นดินหมายเลข 3282 (สายไร่ใหม่-แยกนิคมทับเสลา) ช่วงที่ 1", "road_no": "3282", "aumpher": "อำเภอห้วยคต", "office": "สาขาหนองฉาง", "branch_code": "61020000", "name_short": "ทล.", "price_new": 600, "price_old": 500, "width_m": 12, "pt_i": 75 }, "geometry": { "type": "Point", "coordinates": [ 99.579913211045962, 15.396360974809069 ] } },
{ "type": "Feature", "properties": { "road_key": "61020000ST003.1", "road_name": "ทางหลวงแผ่นดินหมายเลข 3282 (สายไร่ใหม่-แยกนิคมทับเสลา) ช่วงที่ 1", "road_no": "3282", "aumpher": "อำเภอห้วยคต", "office": "สาขาหนองฉาง", "branch_code": "61020000", "name_short": "ทล.", "price_new": 600, "price_old": 500, "width_m": 12, "pt_i": 76 }, "geometry": { "type": "Point", "coordinates": [ 99.58067878161134, 15.397151724240802 ] } },
{ "type": "Feature", "properties": { "road_key": "61020000ST003.1", "road_name": "ทางหลวงแผ่นดินหมายเลข 3282 (สายไร่ใหม่-แยกนิคมทับเสลา) ช่วงที่ 1", "road_no": "3282", "aumpher": "อำเภอห้วยคต", "office": "สาขาหนองฉาง", "branch_code": "61020000", "name_short": "ทล.", "price_new": 600, "price_old": 500, "width_m": 12, "pt_i": 77 }, "geometry": { "type": "Point", "coordinates": [ 99.581444357973481, 15.397942470781208 ] } },
{ "type": "Feature", "properties": { "road_key": "61020000ST003.1", "road_name": "ทางหลวงแผ่นดินหมายเลข 3282 (สายไร่ใหม่-แยกนิคมทับเสลา) ช่วงที่ 1", "road_no": "3282", "aumpher": "อำเภอห้วยคต", "office": "สาขาหนองฉาง", "branch_code": "61020000", "name_short": "ทล.", "price_new": 600, "price_old": 500, "width_m": 12, "pt_i": 78 }, "geometry": { "type": "Point", "coordinates": [ 99.582209940132742, 15.398733214429853 ] } },
{ "type": "Feature", "properties": { "road_key": "61020000ST003.1", "road_name": "ทางหลวงแผ่นดินหมายเลข 3282 (สายไร่ใหม่-แยกนิคมทับเสลา) ช่วงที่ 1", "road_no": "3282", "aumpher": "อำเภอห้วยคต", "office": "สาขาหนองฉาง", "branch_code": "61020000", "name_short": "ทล.", "price_new": 600, "price_old": 500, "width_m": 12, "pt_i": 79 }, "geometry": { "type": "Point", "coordinates": [ 99.582975528089449, 15.399523955186305 ] } },
{ "type": "Feature", "properties": { "road_key": "61020000ST003.1", "road_name": "ทางหลวงแผ่นดินหมายเลข 3282 (สายไร่ใหม่-แยกนิคมทับเสลา) ช่วงที่ 1", "road_no": "3282", "aumpher": "อำเภอห้วยคต", "office": "สาขาหนองฉาง", "branch_code": "61020000", "name_short": "ทล.", "price_new": 600, "price_old": 500, "width_m": 12, "pt_i": 80 }, "geometry": { "type": "Point", "coordinates": [ 99.583741860667232, 15.400314018025666 ] } },
{ "type": "Feature", "properties": { "road_key": "61020000ST003.1", "road_name": "ทางหลวงแผ่นดินหมายเลข 3282 (สายไร่ใหม่-แยกนิคมทับเสลา) ช่วงที่ 1", "road_no": "3282", "aumpher": "อำเภอห้วยคต", "office": "สาขาหนองฉาง", "branch_code": "61020000", "name_short": "ทล.", "price_new": 600, "price_old": 500, "width_m": 12, "pt_i": 81 }, "geometry": { "type": "Point", "coordinates": [ 99.584509607925298, 15.401102790740095 ] } },
{ "type": "Feature", "properties": { "road_key": "61020000ST003.1", "road_name": "ทางหลวงแผ่นดินหมายเลข 3282 (สายไร่ใหม่-แยกนิคมทับเสลา) ช่วงที่ 1", "road_no": "3282", "aumpher": "อำเภอห้วยคต", "office": "สาขาหนองฉาง", "branch_code": "61020000", "name_short": "ทล.", "price_new": 600, "price_old": 500, "width_m": 12, "pt_i": 82 }, "geometry": { "type": "Point", "coordinates": [ 99.585277360982616, 15.401891560546462 ] } },
{ "type": "Feature", "properties": { "road_key": "61020000ST003.1", "road_name": "ทางหลวงแผ่นดินหมายเลข 3282 (สายไร่ใหม่-แยกนิคมทับเสลา) ช่วงที่ 1", "road_no": "3282", "aumpher": "อำเภอห้วยคต", "office": "สาขาหนองฉาง", "branch_code": "61020000", "name_short": "ทล.", "price_new": 600, "price_old": 500, "width_m": 12, "pt_i": 83 }, "geometry": { "type": "Point", "coordinates": [ 99.58604511983954, 15.402680327444337 ] } },
{ "type": "Feature", "properties": { "road_key": "61020000ST003.1", "road_name": "ทางหลวงแผ่นดินหมายเลข 3282 (สายไร่ใหม่-แยกนิคมทับเสลา) ช่วงที่ 1", "road_no": "3282", "aumpher": "อำเภอห้วยคต", "office": "สาขาหนองฉาง", "branch_code": "61020000", "name_short": "ทล.", "price_new": 600, "price_old": 500, "width_m": 12, "pt_i": 84 }, "geometry": { "type": "Point", "coordinates": [ 99.586812884496439, 15.403469091433276 ] } },
{ "type": "Feature", "properties": { "road_key": "61020000ST003.1", "road_name": "ทางหลวงแผ่นดินหมายเลข 3282 (สายไร่ใหม่-แยกนิคมทับเสลา) ช่วงที่ 1", "road_no": "3282", "aumpher": "อำเภอห้วยคต", "office": "สาขาหนองฉาง", "branch_code": "61020000", "name_short": "ทล.", "price_new": 600, "price_old": 500, "width_m": 12, "pt_i": 85 }, "geometry": { "type": "Point", "coordinates": [ 99.587608033039743, 15.404231199802524 ] } },
{ "type": "Feature", "properties": { "road_key": "61020000ST003.1", "road_name": "ทางหลวงแผ่นดินหมายเลข 3282 (สายไร่ใหม่-แยกนิคมทับเสลา) ช่วงที่ 1", "road_no": "3282", "aumpher": "อำเภอห้วยคต", "office": "สาขาหนองฉาง", "branch_code": "61020000", "name_short": "ทล.", "price_new": 600, "price_old": 500, "width_m": 12, "pt_i": 86 }, "geometry": { "type": "Point", "coordinates": [ 99.588481376036242, 15.404905189502806 ] } },
{ "type": "Feature", "properties": { "road_key": "61020000ST003.1", "road_name": "ทางหลวงแผ่นดินหมายเลข 3282 (สายไร่ใหม่-แยกนิคมทับเสลา) ช่วงที่ 1", "road_no": "3282", "aumpher": "อำเภอห้วยคต", "office": "สาขาหนองฉาง", "branch_code": "61020000", "name_short": "ทล.", "price_new": 600, "price_old": 500, "width_m": 12, "pt_i": 87 }, "geometry": { "type": "Point", "coordinates": [ 99.589392080200298, 15.405534648786899 ] } },
{ "type": "Feature", "properties": { "road_key": "61020000ST003.1", "road_name": "ทางหลวงแผ่นดินหมายเลข 3282 (สายไร่ใหม่-แยกนิคมทับเสลา) ช่วงที่ 1", "road_no": "3282", "aumpher": "อำเภอห้วยคต", "office": "สาขาหนองฉาง", "branch_code": "61020000", "name_short": "ทล.", "price_new": 600, "price_old": 500, "width_m": 12, "pt_i": 88 }, "geometry": { "type": "Point", "coordinates": [ 99.590335902388517, 15.406116516632309 ] } },
{ "type": "Feature", "properties": { "road_key": "61020000ST003.1", "road_name": "ทางหลวงแผ่นดินหมายเลข 3282 (สายไร่ใหม่-แยกนิคมทับเสลา) ช่วงที่ 1", "road_no": "3282", "aumpher": "อำเภอห้วยคต", "office": "สาขาหนองฉาง", "branch_code": "61020000", "name_short": "ทล.", "price_new": 600, "price_old": 500, "width_m": 12, "pt_i": 89 }, "geometry": { "type": "Point", "coordinates": [ 99.59127972973755, 15.406698380255492 ] } },
{ "type": "Feature", "properties": { "road_key": "61020000ST003.1", "road_name": "ทางหลวงแผ่นดินหมายเลข 3282 (สายไร่ใหม่-แยกนิคมทับเสลา) ช่วงที่ 1", "road_no": "3282", "aumpher": "อำเภอห้วยคต", "office": "สาขาหนองฉาง", "branch_code": "61020000", "name_short": "ทล.", "price_new": 600, "price_old": 500, "width_m": 12, "pt_i": 90 }, "geometry": { "type": "Point", "coordinates": [ 99.592219328133751, 15.407286423991509 ] } },
{ "type": "Feature", "properties": { "road_key": "61020000ST003.1", "road_name": "ทางหลวงแผ่นดินหมายเลข 3282 (สายไร่ใหม่-แยกนิคมทับเสลา) ช่วงที่ 1", "road_no": "3282", "aumpher": "อำเภอห้วยคต", "office": "สาขาหนองฉาง", "branch_code": "61020000", "name_short": "ทล.", "price_new": 600, "price_old": 500, "width_m": 12, "pt_i": 91 }, "geometry": { "type": "Point", "coordinates": [ 99.593138199498028, 15.407904745176316 ] } },
{ "type": "Feature", "properties": { "road_key": "61020000ST003.1", "road_name": "ทางหลวงแผ่นดินหมายเลข 3282 (สายไร่ใหม่-แยกนิคมทับเสลา) ช่วงที่ 1", "road_no": "3282", "aumpher": "อำเภอห้วยคต", "office": "สาขาหนองฉาง", "branch_code": "61020000", "name_short": "ทล.", "price_new": 600, "price_old": 500, "width_m": 12, "pt_i": 92 }, "geometry": { "type": "Point", "coordinates": [ 99.594057076220523, 15.408523062336361 ] } },
{ "type": "Feature", "properties": { "road_key": "61020000ST003.1", "road_name": "ทางหลวงแผ่นดินหมายเลข 3282 (สายไร่ใหม่-แยกนิคมทับเสลา) ช่วงที่ 1", "road_no": "3282", "aumpher": "อำเภอห้วยคต", "office": "สาขาหนองฉาง", "branch_code": "61020000", "name_short": "ทล.", "price_new": 600, "price_old": 500, "width_m": 12, "pt_i": 93 }, "geometry": { "type": "Point", "coordinates": [ 99.594975958301333, 15.409141375471155 ] } },
{ "type": "Feature", "properties": { "road_key": "61020000ST003.1", "road_name": "ทางหลวงแผ่นดินหมายเลข 3282 (สายไร่ใหม่-แยกนิคมทับเสลา) ช่วงที่ 1", "road_no": "3282", "aumpher": "อำเภอห้วยคต", "office": "สาขาหนองฉาง", "branch_code": "61020000", "name_short": "ทล.", "price_new": 600, "price_old": 500, "width_m": 12, "pt_i": 94 }, "geometry": { "type": "Point", "coordinates": [ 99.595830652941814, 15.409840731335018 ] } },
{ "type": "Feature", "properties": { "road_key": "61020000ST003.1", "road_name": "ทางหลวงแผ่นดินหมายเลข 3282 (สายไร่ใหม่-แยกนิคมทับเสลา) ช่วงที่ 1", "road_no": "3282", "aumpher": "อำเภอห้วยคต", "office": "สาขาหนองฉาง", "branch_code": "61020000", "name_short": "ทล.", "price_new": 600, "price_old": 500, "width_m": 12, "pt_i": 95 }, "geometry": { "type": "Point", "coordinates": [ 99.596529920812017, 15.410682688752203 ] } },
{ "type": "Feature", "properties": { "road_key": "61020000ST003.1", "road_name": "ทางหลวงแผ่นดินหมายเลข 3282 (สายไร่ใหม่-แยกนิคมทับเสลา) ช่วงที่ 1", "road_no": "3282", "aumpher": "อำเภอห้วยคต", "office": "สาขาหนองฉาง", "branch_code": "61020000", "name_short": "ทล.", "price_new": 600, "price_old": 500, "width_m": 12, "pt_i": 96 }, "geometry": { "type": "Point", "coordinates": [ 99.59712156259431, 15.411603284875854 ] } },
{ "type": "Feature", "properties": { "road_key": "61020000ST003.1", "road_name": "ทางหลวงแผ่นดินหมายเลข 3282 (สายไร่ใหม่-แยกนิคมทับเสลา) ช่วงที่ 1", "road_no": "3282", "aumpher": "อำเภอห้วยคต", "office": "สาขาหนองฉาง", "branch_code": "61020000", "name_short": "ทล.", "price_new": 600, "price_old": 500, "width_m": 12, "pt_i": 97 }, "geometry": { "type": "Point", "coordinates": [ 99.597723837672888, 15.41251707895267 ] } },
{ "type": "Feature", "properties": { "road_key": "61020000ST003.1", "road_name": "ทางหลวงแผ่นดินหมายเลข 3282 (สายไร่ใหม่-แยกนิคมทับเสลา) ช่วงที่ 1", "road_no": "3282", "aumpher": "อำเภอห้วยคต", "office": "สาขาหนองฉาง", "branch_code": "61020000", "name_short": "ทล.", "price_new": 600, "price_old": 500, "width_m": 12, "pt_i": 98 }, "geometry": { "type": "Point", "coordinates": [ 99.598363270184748, 15.41340709971068 ] } },
{ "type": "Feature", "properties": { "road_key": "61020000ST003.1", "road_name": "ทางหลวงแผ่นดินหมายเลข 3282 (สายไร่ใหม่-แยกนิคมทับเสลา) ช่วงที่ 1", "road_no": "3282", "aumpher": "อำเภอห้วยคต", "office": "สาขาหนองฉาง", "branch_code": "61020000", "name_short": "ทล.", "price_new": 600, "price_old": 500, "width_m": 12, "pt_i": 99 }, "geometry": { "type": "Point", "coordinates": [ 99.599002708213789, 15.414297118363766 ] } },
{ "type": "Feature", "properties": { "road_key": "61020000ST003.1", "road_name": "ทางหลวงแผ่นดินหมายเลข 3282 (สายไร่ใหม่-แยกนิคมทับเสลา) ช่วงที่ 1", "road_no": "3282", "aumpher": "อำเภอห้วยคต", "office": "สาขาหนองฉาง", "branch_code": "61020000", "name_short": "ทล.", "price_new": 600, "price_old": 500, "width_m": 12, "pt_i": 100 }, "geometry": { "type": "Point", "coordinates": [ 99.599462185063089, 15.415261045161186 ] } },
{ "type": "Feature", "properties": { "road_key": "61020000ST003.1", "road_name": "ทางหลวงแผ่นดินหมายเลข 3282 (สายไร่ใหม่-แยกนิคมทับเสลา) ช่วงที่ 1", "road_no": "3282", "aumpher": "อำเภอห้วยคต", "office": "สาขาหนองฉาง", "branch_code": "61020000", "name_short": "ทล.", "price_new": 600, "price_old": 500, "width_m": 12, "pt_i": 101 }, "geometry": { "type": "Point", "coordinates": [ 99.599547766550543, 15.416342695265868 ] } },
{ "type": "Feature", "properties": { "road_key": "61020000ST003.1", "road_name": "ทางหลวงแผ่นดินหมายเลข 3282 (สายไร่ใหม่-แยกนิคมทับเสลา) ช่วงที่ 1", "road_no": "3282", "aumpher": "อำเภอห้วยคต", "office": "สาขาหนองฉาง", "branch_code": "61020000", "name_short": "ทล.", "price_new": 600, "price_old": 500, "width_m": 12, "pt_i": 102 }, "geometry": { "type": "Point", "coordinates": [ 99.599600577075194, 15.417426305205263 ] } },
{ "type": "Feature", "properties": { "road_key": "61020000ST003.1", "road_name": "ทางหลวงแผ่นดินหมายเลข 3282 (สายไร่ใหม่-แยกนิคมทับเสลา) ช่วงที่ 1", "road_no": "3282", "aumpher": "อำเภอห้วยคต", "office": "สาขาหนองฉาง", "branch_code": "61020000", "name_short": "ทล.", "price_new": 600, "price_old": 500, "width_m": 12, "pt_i": 103 }, "geometry": { "type": "Point", "coordinates": [ 99.599651054150655, 15.418510051228321 ] } },
{ "type": "Feature", "properties": { "road_key": "61020000ST003.1", "road_name": "ทางหลวงแผ่นดินหมายเลข 3282 (สายไร่ใหม่-แยกนิคมทับเสลา) ช่วงที่ 1", "road_no": "3282", "aumpher": "อำเภอห้วยคต", "office": "สาขาหนองฉาง", "branch_code": "61020000", "name_short": "ทล.", "price_new": 600, "price_old": 500, "width_m": 12, "pt_i": 104 }, "geometry": { "type": "Point", "coordinates": [ 99.599721442849045, 15.419592295175097 ] } },
{ "type": "Feature", "properties": { "road_key": "61020000ST003.1", "road_name": "ทางหลวงแผ่นดินหมายเลข 3282 (สายไร่ใหม่-แยกนิคมทับเสลา) ช่วงที่ 1", "road_no": "3282", "aumpher": "อำเภอห้วยคต", "office": "สาขาหนองฉาง", "branch_code": "61020000", "name_short": "ทล.", "price_new": 600, "price_old": 500, "width_m": 12, "pt_i": 105 }, "geometry": { "type": "Point", "coordinates": [ 99.599844283323122, 15.420670582422312 ] } },
{ "type": "Feature", "properties": { "road_key": "61020000ST003.1", "road_name": "ทางหลวงแผ่นดินหมายเลข 3282 (สายไร่ใหม่-แยกนิคมทับเสลา) ช่วงที่ 1", "road_no": "3282", "aumpher": "อำเภอห้วยคต", "office": "สาขาหนองฉาง", "branch_code": "61020000", "name_short": "ทล.", "price_new": 600, "price_old": 500, "width_m": 12, "pt_i": 106 }, "geometry": { "type": "Point", "coordinates": [ 99.600038356179979, 15.421738922726867 ] } },
{ "type": "Feature", "properties": { "road_key": "61020000ST003.1", "road_name": "ทางหลวงแผ่นดินหมายเลข 3282 (สายไร่ใหม่-แยกนิคมทับเสลา) ช่วงที่ 1", "road_no": "3282", "aumpher": "อำเภอห้วยคต", "office": "สาขาหนองฉาง", "branch_code": "61020000", "name_short": "ทล.", "price_new": 600, "price_old": 500, "width_m": 12, "pt_i": 107 }, "geometry": { "type": "Point", "coordinates": [ 99.60023404476064, 15.422807037372596 ] } },
{ "type": "Feature", "properties": { "road_key": "61020000ST003.1", "road_name": "ทางหลวงแผ่นดินหมายเลข 3282 (สายไร่ใหม่-แยกนิคมทับเสลา) ช่วงที่ 1", "road_no": "3282", "aumpher": "อำเภอห้วยคต", "office": "สาขาหนองฉาง", "branch_code": "61020000", "name_short": "ทล.", "price_new": 600, "price_old": 500, "width_m": 12, "pt_i": 108 }, "geometry": { "type": "Point", "coordinates": [ 99.600438425124537, 15.423873610077518 ] } },
{ "type": "Feature", "properties": { "road_key": "61020000ST003.1", "road_name": "ทางหลวงแผ่นดินหมายเลข 3282 (สายไร่ใหม่-แยกนิคมทับเสลา) ช่วงที่ 1", "road_no": "3282", "aumpher": "อำเภอห้วยคต", "office": "สาขาหนองฉาง", "branch_code": "61020000", "name_short": "ทล.", "price_new": 600, "price_old": 500, "width_m": 12, "pt_i": 109 }, "geometry": { "type": "Point", "coordinates": [ 99.600636464218553, 15.424941130440827 ] } },
{ "type": "Feature", "properties": { "road_key": "61020000ST003.1", "road_name": "ทางหลวงแผ่นดินหมายเลข 3282 (สายไร่ใหม่-แยกนิคมทับเสลา) ช่วงที่ 1", "road_no": "3282", "aumpher": "อำเภอห้วยคต", "office": "สาขาหนองฉาง", "branch_code": "61020000", "name_short": "ทล.", "price_new": 600, "price_old": 500, "width_m": 12, "pt_i": 110 }, "geometry": { "type": "Point", "coordinates": [ 99.600782106275787, 15.426016650960856 ] } },
{ "type": "Feature", "properties": { "road_key": "61020000ST003.1", "road_name": "ทางหลวงแผ่นดินหมายเลข 3282 (สายไร่ใหม่-แยกนิคมทับเสลา) ช่วงที่ 1", "road_no": "3282", "aumpher": "อำเภอห้วยคต", "office": "สาขาหนองฉาง", "branch_code": "61020000", "name_short": "ทล.", "price_new": 600, "price_old": 500, "width_m": 12, "pt_i": 111 }, "geometry": { "type": "Point", "coordinates": [ 99.60088445408006, 15.427096949329 ] } },
{ "type": "Feature", "properties": { "road_key": "61020000ST003.1", "road_name": "ทางหลวงแผ่นดินหมายเลข 3282 (สายไร่ใหม่-แยกนิคมทับเสลา) ช่วงที่ 1", "road_no": "3282", "aumpher": "อำเภอห้วยคต", "office": "สาขาหนองฉาง", "branch_code": "61020000", "name_short": "ทล.", "price_new": 600, "price_old": 500, "width_m": 12, "pt_i": 112 }, "geometry": { "type": "Point", "coordinates": [ 99.600986803153376, 15.42817724750776 ] } },
{ "type": "Feature", "properties": { "road_key": "61020000ST003.1", "road_name": "ทางหลวงแผ่นดินหมายเลข 3282 (สายไร่ใหม่-แยกนิคมทับเสลา) ช่วงที่ 1", "road_no": "3282", "aumpher": "อำเภอห้วยคต", "office": "สาขาหนองฉาง", "branch_code": "61020000", "name_short": "ทล.", "price_new": 600, "price_old": 500, "width_m": 12, "pt_i": 113 }, "geometry": { "type": "Point", "coordinates": [ 99.601115190912239, 15.429252628996529 ] } },
{ "type": "Feature", "properties": { "road_key": "61020000ST003.1", "road_name": "ทางหลวงแผ่นดินหมายเลข 3282 (สายไร่ใหม่-แยกนิคมทับเสลา) ช่วงที่ 1", "road_no": "3282", "aumpher": "อำเภอห้วยคต", "office": "สาขาหนองฉาง", "branch_code": "61020000", "name_short": "ทล.", "price_new": 600, "price_old": 500, "width_m": 12, "pt_i": 114 }, "geometry": { "type": "Point", "coordinates": [ 99.601450499833817, 15.430287249629899 ] } },
{ "type": "Feature", "properties": { "road_key": "61020000ST003.1", "road_name": "ทางหลวงแผ่นดินหมายเลข 3282 (สายไร่ใหม่-แยกนิคมทับเสลา) ช่วงที่ 1", "road_no": "3282", "aumpher": "อำเภอห้วยคต", "office": "สาขาหนองฉาง", "branch_code": "61020000", "name_short": "ทล.", "price_new": 600, "price_old": 500, "width_m": 12, "pt_i": 115 }, "geometry": { "type": "Point", "coordinates": [ 99.601821961827937, 15.431310253271945 ] } },
{ "type": "Feature", "properties": { "road_key": "61020000ST003.1", "road_name": "ทางหลวงแผ่นดินหมายเลข 3282 (สายไร่ใหม่-แยกนิคมทับเสลา) ช่วงที่ 1", "road_no": "3282", "aumpher": "อำเภอห้วยคต", "office": "สาขาหนองฉาง", "branch_code": "61020000", "name_short": "ทล.", "price_new": 600, "price_old": 500, "width_m": 12, "pt_i": 116 }, "geometry": { "type": "Point", "coordinates": [ 99.6021609961699, 15.432344057701592 ] } },
{ "type": "Feature", "properties": { "road_key": "61020000ST003.1", "road_name": "ทางหลวงแผ่นดินหมายเลข 3282 (สายไร่ใหม่-แยกนิคมทับเสลา) ช่วงที่ 1", "road_no": "3282", "aumpher": "อำเภอห้วยคต", "office": "สาขาหนองฉาง", "branch_code": "61020000", "name_short": "ทล.", "price_new": 600, "price_old": 500, "width_m": 12, "pt_i": 117 }, "geometry": { "type": "Point", "coordinates": [ 99.6025000340437, 15.433377861397538 ] } },
{ "type": "Feature", "properties": { "road_key": "61020000ST003.1", "road_name": "ทางหลวงแผ่นดินหมายเลข 3282 (สายไร่ใหม่-แยกนิคมทับเสลา) ช่วงที่ 1", "road_no": "3282", "aumpher": "อำเภอห้วยคต", "office": "สาขาหนองฉาง", "branch_code": "61020000", "name_short": "ทล.", "price_new": 600, "price_old": 500, "width_m": 12, "pt_i": 118 }, "geometry": { "type": "Point", "coordinates": [ 99.602835049408853, 15.434412897875125 ] } },
{ "type": "Feature", "properties": { "road_key": "61020000ST003.2", "road_name": "ทางหลวงแผ่นดินหมายเลข 3282 (สายไร่ใหม่-แยกนิคมทับเสลา) ช่วงที่ 2", "road_no": "3282", "aumpher": "อำเภอห้วยคต", "office": "สาขาหนองฉาง", "branch_code": "61020000", "name_short": "ทล.", "price_new": 600, "price_old": 500, "width_m": 12, "pt_i": 0 }, "geometry": { "type": "Point", "coordinates": [ 99.480290753913948, 15.307799322490412 ] } },
{ "type": "Feature", "properties": { "road_key": "61020000ST003.2", "road_name": "ทางหลวงแผ่นดินหมายเลข 3282 (สายไร่ใหม่-แยกนิคมทับเสลา) ช่วงที่ 2", "road_no": "3282", "aumpher": "อำเภอห้วยคต", "office": "สาขาหนองฉาง", "branch_code": "61020000", "name_short": "ทล.", "price_new": 600, "price_old": 500, "width_m": 12, "pt_i": 1 }, "geometry": { "type": "Point", "coordinates": [ 99.480844395952587, 15.308741777315632 ] } },
{ "type": "Feature", "properties": { "road_key": "61020000ST003.2", "road_name": "ทางหลวงแผ่นดินหมายเลข 3282 (สายไร่ใหม่-แยกนิคมทับเสลา) ช่วงที่ 2", "road_no": "3282", "aumpher": "อำเภอห้วยคต", "office": "สาขาหนองฉาง", "branch_code": "61020000", "name_short": "ทล.", "price_new": 600, "price_old": 500, "width_m": 12, "pt_i": 2 }, "geometry": { "type": "Point", "coordinates": [ 99.481394671652353, 15.309686039625303 ] } },
{ "type": "Feature", "properties": { "road_key": "61020000ST003.2", "road_name": "ทางหลวงแผ่นดินหมายเลข 3282 (สายไร่ใหม่-แยกนิคมทับเสลา) ช่วงที่ 2", "road_no": "3282", "aumpher": "อำเภอห้วยคต", "office": "สาขาหนองฉาง", "branch_code": "61020000", "name_short": "ทล.", "price_new": 600, "price_old": 500, "width_m": 12, "pt_i": 3 }, "geometry": { "type": "Point", "coordinates": [ 99.481879186108358, 15.31066370732915 ] } },
{ "type": "Feature", "properties": { "road_key": "61020000ST003.2", "road_name": "ทางหลวงแผ่นดินหมายเลข 3282 (สายไร่ใหม่-แยกนิคมทับเสลา) ช่วงที่ 2", "road_no": "3282", "aumpher": "อำเภอห้วยคต", "office": "สาขาหนองฉาง", "branch_code": "61020000", "name_short": "ทล.", "price_new": 600, "price_old": 500, "width_m": 12, "pt_i": 4 }, "geometry": { "type": "Point", "coordinates": [ 99.482363705170428, 15.311641373767634 ] } },
{ "type": "Feature", "properties": { "road_key": "61020000ST003.2", "road_name": "ทางหลวงแผ่นดินหมายเลข 3282 (สายไร่ใหม่-แยกนิคมทับเสลา) ช่วงที่ 2", "road_no": "3282", "aumpher": "อำเภอห้วยคต", "office": "สาขาหนองฉาง", "branch_code": "61020000", "name_short": "ทล.", "price_new": 600, "price_old": 500, "width_m": 12, "pt_i": 5 }, "geometry": { "type": "Point", "coordinates": [ 99.482834816241976, 15.312625172219819 ] } },
{ "type": "Feature", "properties": { "road_key": "61020000ST003.2", "road_name": "ทางหลวงแผ่นดินหมายเลข 3282 (สายไร่ใหม่-แยกนิคมทับเสลา) ช่วงที่ 2", "road_no": "3282", "aumpher": "อำเภอห้วยคต", "office": "สาขาหนองฉาง", "branch_code": "61020000", "name_short": "ทล.", "price_new": 600, "price_old": 500, "width_m": 12, "pt_i": 6 }, "geometry": { "type": "Point", "coordinates": [ 99.483303115991262, 15.313610257085115 ] } },
{ "type": "Feature", "properties": { "road_key": "61020000ST003.2", "road_name": "ทางหลวงแผ่นดินหมายเลข 3282 (สายไร่ใหม่-แยกนิคมทับเสลา) ช่วงที่ 2", "road_no": "3282", "aumpher": "อำเภอห้วยคต", "office": "สาขาหนองฉาง", "branch_code": "61020000", "name_short": "ทล.", "price_new": 600, "price_old": 500, "width_m": 12, "pt_i": 7 }, "geometry": { "type": "Point", "coordinates": [ 99.483755289548753, 15.314602023658567 ] } },
{ "type": "Feature", "properties": { "road_key": "61020000ST003.2", "road_name": "ทางหลวงแผ่นดินหมายเลข 3282 (สายไร่ใหม่-แยกนิคมทับเสลา) ช่วงที่ 2", "road_no": "3282", "aumpher": "อำเภอห้วยคต", "office": "สาขาหนองฉาง", "branch_code": "61020000", "name_short": "ทล.", "price_new": 600, "price_old": 500, "width_m": 12, "pt_i": 8 }, "geometry": { "type": "Point", "coordinates": [ 99.483896529457752, 15.315662788415491 ] } },
{ "type": "Feature", "properties": { "road_key": "61020000ST003.2", "road_name": "ทางหลวงแผ่นดินหมายเลข 3282 (สายไร่ใหม่-แยกนิคมทับเสลา) ช่วงที่ 2", "road_no": "3282", "aumpher": "อำเภอห้วยคต", "office": "สาขาหนองฉาง", "branch_code": "61020000", "name_short": "ทล.", "price_new": 600, "price_old": 500, "width_m": 12, "pt_i": 9 }, "geometry": { "type": "Point", "coordinates": [ 99.483810728417851, 15.316744468225458 ] } },
{ "type": "Feature", "properties": { "road_key": "61020000ST003.2", "road_name": "ทางหลวงแผ่นดินหมายเลข 3282 (สายไร่ใหม่-แยกนิคมทับเสลา) ช่วงที่ 2", "road_no": "3282", "aumpher": "อำเภอห้วยคต", "office": "สาขาหนองฉาง", "branch_code": "61020000", "name_short": "ทล.", "price_new": 600, "price_old": 500, "width_m": 12, "pt_i": 10 }, "geometry": { "type": "Point", "coordinates": [ 99.484126232926357, 15.317779058698521 ] } },
{ "type": "Feature", "properties": { "road_key": "61020000ST003.2", "road_name": "ทางหลวงแผ่นดินหมายเลข 3282 (สายไร่ใหม่-แยกนิคมทับเสลา) ช่วงที่ 2", "road_no": "3282", "aumpher": "อำเภอห้วยคต", "office": "สาขาหนองฉาง", "branch_code": "61020000", "name_short": "ทล.", "price_new": 600, "price_old": 500, "width_m": 12, "pt_i": 11 }, "geometry": { "type": "Point", "coordinates": [ 99.484511022164952, 15.318797638282218 ] } },
{ "type": "Feature", "properties": { "road_key": "61020000ST003.2", "road_name": "ทางหลวงแผ่นดินหมายเลข 3282 (สายไร่ใหม่-แยกนิคมทับเสลา) ช่วงที่ 2", "road_no": "3282", "aumpher": "อำเภอห้วยคต", "office": "สาขาหนองฉาง", "branch_code": "61020000", "name_short": "ทล.", "price_new": 600, "price_old": 500, "width_m": 12, "pt_i": 12 }, "geometry": { "type": "Point", "coordinates": [ 99.484796462081903, 15.3198439615885 ] } },
{ "type": "Feature", "properties": { "road_key": "61020000ST003.2", "road_name": "ทางหลวงแผ่นดินหมายเลข 3282 (สายไร่ใหม่-แยกนิคมทับเสลา) ช่วงที่ 2", "road_no": "3282", "aumpher": "อำเภอห้วยคต", "office": "สาขาหนองฉาง", "branch_code": "61020000", "name_short": "ทล.", "price_new": 600, "price_old": 500, "width_m": 12, "pt_i": 13 }, "geometry": { "type": "Point", "coordinates": [ 99.485028486938205, 15.320905214672612 ] } },
{ "type": "Feature", "properties": { "road_key": "61020000ST003.2", "road_name": "ทางหลวงแผ่นดินหมายเลข 3282 (สายไร่ใหม่-แยกนิคมทับเสลา) ช่วงที่ 2", "road_no": "3282", "aumpher": "อำเภอห้วยคต", "office": "สาขาหนองฉาง", "branch_code": "61020000", "name_short": "ทล.", "price_new": 600, "price_old": 500, "width_m": 12, "pt_i": 14 }, "geometry": { "type": "Point", "coordinates": [ 99.48526079381341, 15.321966409773331 ] } },
{ "type": "Feature", "properties": { "road_key": "61020000ST003.2", "road_name": "ทางหลวงแผ่นดินหมายเลข 3282 (สายไร่ใหม่-แยกนิคมทับเสลา) ช่วงที่ 2", "road_no": "3282", "aumpher": "อำเภอห้วยคต", "office": "สาขาหนองฉาง", "branch_code": "61020000", "name_short": "ทล.", "price_new": 600, "price_old": 500, "width_m": 12, "pt_i": 15 }, "geometry": { "type": "Point", "coordinates": [ 99.48543181961108, 15.323036951508469 ] } },
{ "type": "Feature", "properties": { "road_key": "61020000ST003.2", "road_name": "ทางหลวงแผ่นดินหมายเลข 3282 (สายไร่ใหม่-แยกนิคมทับเสลา) ช่วงที่ 2", "road_no": "3282", "aumpher": "อำเภอห้วยคต", "office": "สาขาหนองฉาง", "branch_code": "61020000", "name_short": "ทล.", "price_new": 600, "price_old": 500, "width_m": 12, "pt_i": 16 }, "geometry": { "type": "Point", "coordinates": [ 99.485441607375975, 15.32412178937475 ] } },
{ "type": "Feature", "properties": { "road_key": "61020000ST003.2", "road_name": "ทางหลวงแผ่นดินหมายเลข 3282 (สายไร่ใหม่-แยกนิคมทับเสลา) ช่วงที่ 2", "road_no": "3282", "aumpher": "อำเภอห้วยคต", "office": "สาขาหนองฉาง", "branch_code": "61020000", "name_short": "ทล.", "price_new": 600, "price_old": 500, "width_m": 12, "pt_i": 17 }, "geometry": { "type": "Point", "coordinates": [ 99.485448546253906, 15.325206648280181 ] } },
{ "type": "Feature", "properties": { "road_key": "61020000ST003.2", "road_name": "ทางหลวงแผ่นดินหมายเลข 3282 (สายไร่ใหม่-แยกนิคมทับเสลา) ช่วงที่ 2", "road_no": "3282", "aumpher": "อำเภอห้วยคต", "office": "สาขาหนองฉาง", "branch_code": "61020000", "name_short": "ทล.", "price_new": 600, "price_old": 500, "width_m": 12, "pt_i": 18 }, "geometry": { "type": "Point", "coordinates": [ 99.485546508501699, 15.326278552798625 ] } },
{ "type": "Feature", "properties": { "road_key": "61020000ST003.2", "road_name": "ทางหลวงแผ่นดินหมายเลข 3282 (สายไร่ใหม่-แยกนิคมทับเสลา) ช่วงที่ 2", "road_no": "3282", "aumpher": "อำเภอห้วยคต", "office": "สาขาหนองฉาง", "branch_code": "61020000", "name_short": "ทล.", "price_new": 600, "price_old": 500, "width_m": 12, "pt_i": 19 }, "geometry": { "type": "Point", "coordinates": [ 99.486065935039804, 15.327239137706714 ] } },
{ "type": "Feature", "properties": { "road_key": "61020000ST003.2", "road_name": "ทางหลวงแผ่นดินหมายเลข 3282 (สายไร่ใหม่-แยกนิคมทับเสลา) ช่วงที่ 2", "road_no": "3282", "aumpher": "อำเภอห้วยคต", "office": "สาขาหนองฉาง", "branch_code": "61020000", "name_short": "ทล.", "price_new": 600, "price_old": 500, "width_m": 12, "pt_i": 20 }, "geometry": { "type": "Point", "coordinates": [ 99.486593484645923, 15.328193657508276 ] } },
{ "type": "Feature", "properties": { "road_key": "61020000ST003.2", "road_name": "ทางหลวงแผ่นดินหมายเลข 3282 (สายไร่ใหม่-แยกนิคมทับเสลา) ช่วงที่ 2", "road_no": "3282", "aumpher": "อำเภอห้วยคต", "office": "สาขาหนองฉาง", "branch_code": "61020000", "name_short": "ทล.", "price_new": 600, "price_old": 500, "width_m": 12, "pt_i": 21 }, "geometry": { "type": "Point", "coordinates": [ 99.4874545339176, 15.32888536759028 ] } },
{ "type": "Feature", "properties": { "road_key": "61020000ST003.2", "road_name": "ทางหลวงแผ่นดินหมายเลข 3282 (สายไร่ใหม่-แยกนิคมทับเสลา) ช่วงที่ 2", "road_no": "3282", "aumpher": "อำเภอห้วยคต", "office": "สาขาหนองฉาง", "branch_code": "61020000", "name_short": "ทล.", "price_new": 600, "price_old": 500, "width_m": 12, "pt_i": 22 }, "geometry": { "type": "Point", "coordinates": [ 99.48832663588766, 15.329564075620057 ] } },
{ "type": "Feature", "properties": { "road_key": "61020000ST003.2", "road_name": "ทางหลวงแผ่นดินหมายเลข 3282 (สายไร่ใหม่-แยกนิคมทับเสลา) ช่วงที่ 2", "road_no": "3282", "aumpher": "อำเภอห้วยคต", "office": "สาขาหนองฉาง", "branch_code": "61020000", "name_short": "ทล.", "price_new": 600, "price_old": 500, "width_m": 12, "pt_i": 23 }, "geometry": { "type": "Point", "coordinates": [ 99.489207438479355, 15.330232132006834 ] } },
{ "type": "Feature", "properties": { "road_key": "61020000ST003.2", "road_name": "ทางหลวงแผ่นดินหมายเลข 3282 (สายไร่ใหม่-แยกนิคมทับเสลา) ช่วงที่ 2", "road_no": "3282", "aumpher": "อำเภอห้วยคต", "office": "สาขาหนองฉาง", "branch_code": "61020000", "name_short": "ทล.", "price_new": 600, "price_old": 500, "width_m": 12, "pt_i": 24 }, "geometry": { "type": "Point", "coordinates": [ 99.489971479439461, 15.331021102568247 ] } },
{ "type": "Feature", "properties": { "road_key": "61020000ST003.2", "road_name": "ทางหลวงแผ่นดินหมายเลข 3282 (สายไร่ใหม่-แยกนิคมทับเสลา) ช่วงที่ 2", "road_no": "3282", "aumpher": "อำเภอห้วยคต", "office": "สาขาหนองฉาง", "branch_code": "61020000", "name_short": "ทล.", "price_new": 600, "price_old": 500, "width_m": 12, "pt_i": 25 }, "geometry": { "type": "Point", "coordinates": [ 99.490713520671093, 15.331827282371361 ] } },
{ "type": "Feature", "properties": { "road_key": "61020000ST003.2", "road_name": "ทางหลวงแผ่นดินหมายเลข 3282 (สายไร่ใหม่-แยกนิคมทับเสลา) ช่วงที่ 2", "road_no": "3282", "aumpher": "อำเภอห้วยคต", "office": "สาขาหนองฉาง", "branch_code": "61020000", "name_short": "ทล.", "price_new": 600, "price_old": 500, "width_m": 12, "pt_i": 26 }, "geometry": { "type": "Point", "coordinates": [ 99.491637012530163, 15.332432172836794 ] } },
{ "type": "Feature", "properties": { "road_key": "61020000ST003.2", "road_name": "ทางหลวงแผ่นดินหมายเลข 3282 (สายไร่ใหม่-แยกนิคมทับเสลา) ช่วงที่ 2", "road_no": "3282", "aumpher": "อำเภอห้วยคต", "office": "สาขาหนองฉาง", "branch_code": "61020000", "name_short": "ทล.", "price_new": 600, "price_old": 500, "width_m": 12, "pt_i": 27 }, "geometry": { "type": "Point", "coordinates": [ 99.492613315868127, 15.332960244463056 ] } },
{ "type": "Feature", "properties": { "road_key": "61020000ST003.2", "road_name": "ทางหลวงแผ่นดินหมายเลข 3282 (สายไร่ใหม่-แยกนิคมทับเสลา) ช่วงที่ 2", "road_no": "3282", "aumpher": "อำเภอห้วยคต", "office": "สาขาหนองฉาง", "branch_code": "61020000", "name_short": "ทล.", "price_new": 600, "price_old": 500, "width_m": 12, "pt_i": 28 }, "geometry": { "type": "Point", "coordinates": [ 99.493597233891407, 15.333475254561707 ] } },
{ "type": "Feature", "properties": { "road_key": "61020000ST003.2", "road_name": "ทางหลวงแผ่นดินหมายเลข 3282 (สายไร่ใหม่-แยกนิคมทับเสลา) ช่วงที่ 2", "road_no": "3282", "aumpher": "อำเภอห้วยคต", "office": "สาขาหนองฉาง", "branch_code": "61020000", "name_short": "ทล.", "price_new": 600, "price_old": 500, "width_m": 12, "pt_i": 29 }, "geometry": { "type": "Point", "coordinates": [ 99.494521694573208, 15.334081158665073 ] } },
{ "type": "Feature", "properties": { "road_key": "61020000ST003.2", "road_name": "ทางหลวงแผ่นดินหมายเลข 3282 (สายไร่ใหม่-แยกนิคมทับเสลา) ช่วงที่ 2", "road_no": "3282", "aumpher": "อำเภอห้วยคต", "office": "สาขาหนองฉาง", "branch_code": "61020000", "name_short": "ทล.", "price_new": 600, "price_old": 500, "width_m": 12, "pt_i": 30 }, "geometry": { "type": "Point", "coordinates": [ 99.495401528569786, 15.334749873131011 ] } },
{ "type": "Feature", "properties": { "road_key": "61020000ST003.2", "road_name": "ทางหลวงแผ่นดินหมายเลข 3282 (สายไร่ใหม่-แยกนิคมทับเสลา) ช่วงที่ 2", "road_no": "3282", "aumpher": "อำเภอห้วยคต", "office": "สาขาหนองฉาง", "branch_code": "61020000", "name_short": "ทล.", "price_new": 600, "price_old": 500, "width_m": 12, "pt_i": 31 }, "geometry": { "type": "Point", "coordinates": [ 99.49626474010887, 15.335439234170867 ] } },
{ "type": "Feature", "properties": { "road_key": "61020000ST003.2", "road_name": "ทางหลวงแผ่นดินหมายเลข 3282 (สายไร่ใหม่-แยกนิคมทับเสลา) ช่วงที่ 2", "road_no": "3282", "aumpher": "อำเภอห้วยคต", "office": "สาขาหนองฉาง", "branch_code": "61020000", "name_short": "ทล.", "price_new": 600, "price_old": 500, "width_m": 12, "pt_i": 32 }, "geometry": { "type": "Point", "coordinates": [ 99.497124395521624, 15.336132775052286 ] } },
{ "type": "Feature", "properties": { "road_key": "61020000ST003.2", "road_name": "ทางหลวงแผ่นดินหมายเลข 3282 (สายไร่ใหม่-แยกนิคมทับเสลา) ช่วงที่ 2", "road_no": "3282", "aumpher": "อำเภอห้วยคต", "office": "สาขาหนองฉาง", "branch_code": "61020000", "name_short": "ทล.", "price_new": 600, "price_old": 500, "width_m": 12, "pt_i": 33 }, "geometry": { "type": "Point", "coordinates": [ 99.498000757677303, 15.336806079465418 ] } },
{ "type": "Feature", "properties": { "road_key": "61020000ST003.2", "road_name": "ทางหลวงแผ่นดินหมายเลข 3282 (สายไร่ใหม่-แยกนิคมทับเสลา) ช่วงที่ 2", "road_no": "3282", "aumpher": "อำเภอห้วยคต", "office": "สาขาหนองฉาง", "branch_code": "61020000", "name_short": "ทล.", "price_new": 600, "price_old": 500, "width_m": 12, "pt_i": 34 }, "geometry": { "type": "Point", "coordinates": [ 99.499028819398859, 15.337213671537292 ] } },
{ "type": "Feature", "properties": { "road_key": "61020000ST003.2", "road_name": "ทางหลวงแผ่นดินหมายเลข 3282 (สายไร่ใหม่-แยกนิคมทับเสลา) ช่วงที่ 2", "road_no": "3282", "aumpher": "อำเภอห้วยคต", "office": "สาขาหนองฉาง", "branch_code": "61020000", "name_short": "ทล.", "price_new": 600, "price_old": 500, "width_m": 12, "pt_i": 35 }, "geometry": { "type": "Point", "coordinates": [ 99.499963787143471, 15.337783530830091 ] } },
{ "type": "Feature", "properties": { "road_key": "61020000ST003.2", "road_name": "ทางหลวงแผ่นดินหมายเลข 3282 (สายไร่ใหม่-แยกนิคมทับเสลา) ช่วงที่ 2", "road_no": "3282", "aumpher": "อำเภอห้วยคต", "office": "สาขาหนองฉาง", "branch_code": "61020000", "name_short": "ทล.", "price_new": 600, "price_old": 500, "width_m": 12, "pt_i": 36 }, "geometry": { "type": "Point", "coordinates": [ 99.500753734171781, 15.338550777698316 ] } },
{ "type": "Feature", "properties": { "road_key": "61020000ST003.2", "road_name": "ทางหลวงแผ่นดินหมายเลข 3282 (สายไร่ใหม่-แยกนิคมทับเสลา) ช่วงที่ 2", "road_no": "3282", "aumpher": "อำเภอห้วยคต", "office": "สาขาหนองฉาง", "branch_code": "61020000", "name_short": "ทล.", "price_new": 600, "price_old": 500, "width_m": 12, "pt_i": 37 }, "geometry": { "type": "Point", "coordinates": [ 99.501519557969601, 15.339341126024451 ] } },
{ "type": "Feature", "properties": { "road_key": "61020000ST003.2", "road_name": "ทางหลวงแผ่นดินหมายเลข 3282 (สายไร่ใหม่-แยกนิคมทับเสลา) ช่วงที่ 2", "road_no": "3282", "aumpher": "อำเภอห้วยคต", "office": "สาขาหนองฉาง", "branch_code": "61020000", "name_short": "ทล.", "price_new": 600, "price_old": 500, "width_m": 12, "pt_i": 38 }, "geometry": { "type": "Point", "coordinates": [ 99.502258157961435, 15.3401548360902 ] } },
{ "type": "Feature", "properties": { "road_key": "61020000ST003.2", "road_name": "ทางหลวงแผ่นดินหมายเลข 3282 (สายไร่ใหม่-แยกนิคมทับเสลา) ช่วงที่ 2", "road_no": "3282", "aumpher": "อำเภอห้วยคต", "office": "สาขาหนองฉาง", "branch_code": "61020000", "name_short": "ทล.", "price_new": 600, "price_old": 500, "width_m": 12, "pt_i": 39 }, "geometry": { "type": "Point", "coordinates": [ 99.502541514801138, 15.341167694753105 ] } },
{ "type": "Feature", "properties": { "road_key": "61020000ST003.2", "road_name": "ทางหลวงแผ่นดินหมายเลข 3282 (สายไร่ใหม่-แยกนิคมทับเสลา) ช่วงที่ 2", "road_no": "3282", "aumpher": "อำเภอห้วยคต", "office": "สาขาหนองฉาง", "branch_code": "61020000", "name_short": "ทล.", "price_new": 600, "price_old": 500, "width_m": 12, "pt_i": 40 }, "geometry": { "type": "Point", "coordinates": [ 99.502503755433338, 15.342251339755579 ] } },
{ "type": "Feature", "properties": { "road_key": "61020000ST003.2", "road_name": "ทางหลวงแผ่นดินหมายเลข 3282 (สายไร่ใหม่-แยกนิคมทับเสลา) ช่วงที่ 2", "road_no": "3282", "aumpher": "อำเภอห้วยคต", "office": "สาขาหนองฉาง", "branch_code": "61020000", "name_short": "ทล.", "price_new": 600, "price_old": 500, "width_m": 12, "pt_i": 41 }, "geometry": { "type": "Point", "coordinates": [ 99.502523324926472, 15.343336046401737 ] } },
{ "type": "Feature", "properties": { "road_key": "61020000ST003.2", "road_name": "ทางหลวงแผ่นดินหมายเลข 3282 (สายไร่ใหม่-แยกนิคมทับเสลา) ช่วงที่ 2", "road_no": "3282", "aumpher": "อำเภอห้วยคต", "office": "สาขาหนองฉาง", "branch_code": "61020000", "name_short": "ทล.", "price_new": 600, "price_old": 500, "width_m": 12, "pt_i": 42 }, "geometry": { "type": "Point", "coordinates": [ 99.502448584575859, 15.344412562107955 ] } },
{ "type": "Feature", "properties": { "road_key": "61020000ST003.2", "road_name": "ทางหลวงแผ่นดินหมายเลข 3282 (สายไร่ใหม่-แยกนิคมทับเสลา) ช่วงที่ 2", "road_no": "3282", "aumpher": "อำเภอห้วยคต", "office": "สาขาหนองฉาง", "branch_code": "61020000", "name_short": "ทล.", "price_new": 600, "price_old": 500, "width_m": 12, "pt_i": 43 }, "geometry": { "type": "Point", "coordinates": [ 99.502178071607915, 15.345465141740608 ] } },
{ "type": "Feature", "properties": { "road_key": "61020000ST003.2", "road_name": "ทางหลวงแผ่นดินหมายเลข 3282 (สายไร่ใหม่-แยกนิคมทับเสลา) ช่วงที่ 2", "road_no": "3282", "aumpher": "อำเภอห้วยคต", "office": "สาขาหนองฉาง", "branch_code": "61020000", "name_short": "ทล.", "price_new": 600, "price_old": 500, "width_m": 12, "pt_i": 44 }, "geometry": { "type": "Point", "coordinates": [ 99.502205695346561, 15.346526560537258 ] } },
{ "type": "Feature", "properties": { "road_key": "61020000ST003.2", "road_name": "ทางหลวงแผ่นดินหมายเลข 3282 (สายไร่ใหม่-แยกนิคมทับเสลา) ช่วงที่ 2", "road_no": "3282", "aumpher": "อำเภอห้วยคต", "office": "สาขาหนองฉาง", "branch_code": "61020000", "name_short": "ทล.", "price_new": 600, "price_old": 500, "width_m": 12, "pt_i": 45 }, "geometry": { "type": "Point", "coordinates": [ 99.502514099193434, 15.347569341051985 ] } },
{ "type": "Feature", "properties": { "road_key": "61020000ST003.2", "road_name": "ทางหลวงแผ่นดินหมายเลข 3282 (สายไร่ใหม่-แยกนิคมทับเสลา) ช่วงที่ 2", "road_no": "3282", "aumpher": "อำเภอห้วยคต", "office": "สาขาหนองฉาง", "branch_code": "61020000", "name_short": "ทล.", "price_new": 600, "price_old": 500, "width_m": 12, "pt_i": 46 }, "geometry": { "type": "Point", "coordinates": [ 99.502822506254205, 15.348612120951229 ] } },
{ "type": "Feature", "properties": { "road_key": "61020000ST003.2", "road_name": "ทางหลวงแผ่นดินหมายเลข 3282 (สายไร่ใหม่-แยกนิคมทับเสลา) ช่วงที่ 2", "road_no": "3282", "aumpher": "อำเภอห้วยคต", "office": "สาขาหนองฉาง", "branch_code": "61020000", "name_short": "ทล.", "price_new": 600, "price_old": 500, "width_m": 12, "pt_i": 47 }, "geometry": { "type": "Point", "coordinates": [ 99.503129076853227, 15.349655402972328 ] } },
{ "type": "Feature", "properties": { "road_key": "61020000ST003.2", "road_name": "ทางหลวงแผ่นดินหมายเลข 3282 (สายไร่ใหม่-แยกนิคมทับเสลา) ช่วงที่ 2", "road_no": "3282", "aumpher": "อำเภอห้วยคต", "office": "สาขาหนองฉาง", "branch_code": "61020000", "name_short": "ทล.", "price_new": 600, "price_old": 500, "width_m": 12, "pt_i": 48 }, "geometry": { "type": "Point", "coordinates": [ 99.50342678089595, 15.350701108267327 ] } },
{ "type": "Feature", "properties": { "road_key": "61020000ST003.2", "road_name": "ทางหลวงแผ่นดินหมายเลข 3282 (สายไร่ใหม่-แยกนิคมทับเสลา) ช่วงที่ 2", "road_no": "3282", "aumpher": "อำเภอห้วยคต", "office": "สาขาหนองฉาง", "branch_code": "61020000", "name_short": "ทล.", "price_new": 600, "price_old": 500, "width_m": 12, "pt_i": 49 }, "geometry": { "type": "Point", "coordinates": [ 99.503724488057415, 15.351746812978073 ] } },
{ "type": "Feature", "properties": { "road_key": "61020000ST003.2", "road_name": "ทางหลวงแผ่นดินหมายเลข 3282 (สายไร่ใหม่-แยกนิคมทับเสลา) ช่วงที่ 2", "road_no": "3282", "aumpher": "อำเภอห้วยคต", "office": "สาขาหนองฉาง", "branch_code": "61020000", "name_short": "ทล.", "price_new": 600, "price_old": 500, "width_m": 12, "pt_i": 50 }, "geometry": { "type": "Point", "coordinates": [ 99.504019054180532, 15.352793326069543 ] } },
{ "type": "Feature", "properties": { "road_key": "61020000ST003.2", "road_name": "ทางหลวงแผ่นดินหมายเลข 3282 (สายไร่ใหม่-แยกนิคมทับเสลา) ช่วงที่ 2", "road_no": "3282", "aumpher": "อำเภอห้วยคต", "office": "สาขาหนองฉาง", "branch_code": "61020000", "name_short": "ทล.", "price_new": 600, "price_old": 500, "width_m": 12, "pt_i": 51 }, "geometry": { "type": "Point", "coordinates": [ 99.504214840480628, 15.353854266047534 ] } },
{ "type": "Feature", "properties": { "road_key": "61020000ST003.2", "road_name": "ทางหลวงแผ่นดินหมายเลข 3282 (สายไร่ใหม่-แยกนิคมทับเสลา) ช่วงที่ 2", "road_no": "3282", "aumpher": "อำเภอห้วยคต", "office": "สาขาหนองฉาง", "branch_code": "61020000", "name_short": "ทล.", "price_new": 600, "price_old": 500, "width_m": 12, "pt_i": 52 }, "geometry": { "type": "Point", "coordinates": [ 99.504076169195685, 15.354927256417106 ] } },
{ "type": "Feature", "properties": { "road_key": "61020000ST003.2", "road_name": "ทางหลวงแผ่นดินหมายเลข 3282 (สายไร่ใหม่-แยกนิคมทับเสลา) ช่วงที่ 2", "road_no": "3282", "aumpher": "อำเภอห้วยคต", "office": "สาขาหนองฉาง", "branch_code": "61020000", "name_short": "ทล.", "price_new": 600, "price_old": 500, "width_m": 12, "pt_i": 53 }, "geometry": { "type": "Point", "coordinates": [ 99.504018632307151, 15.355998975096039 ] } },
{ "type": "Feature", "properties": { "road_key": "61020000ST003.2", "road_name": "ทางหลวงแผ่นดินหมายเลข 3282 (สายไร่ใหม่-แยกนิคมทับเสลา) ช่วงที่ 2", "road_no": "3282", "aumpher": "อำเภอห้วยคต", "office": "สาขาหนองฉาง", "branch_code": "61020000", "name_short": "ทล.", "price_new": 600, "price_old": 500, "width_m": 12, "pt_i": 54 }, "geometry": { "type": "Point", "coordinates": [ 99.504608970776914, 15.356905791859019 ] } },
{ "type": "Feature", "properties": { "road_key": "61020000ST003.2", "road_name": "ทางหลวงแผ่นดินหมายเลข 3282 (สายไร่ใหม่-แยกนิคมทับเสลา) ช่วงที่ 2", "road_no": "3282", "aumpher": "อำเภอห้วยคต", "office": "สาขาหนองฉาง", "branch_code": "61020000", "name_short": "ทล.", "price_new": 600, "price_old": 500, "width_m": 12, "pt_i": 55 }, "geometry": { "type": "Point", "coordinates": [ 99.505491008156426, 15.357552566556917 ] } },
{ "type": "Feature", "properties": { "road_key": "61020000ST003.2", "road_name": "ทางหลวงแผ่นดินหมายเลข 3282 (สายไร่ใหม่-แยกนิคมทับเสลา) ช่วงที่ 2", "road_no": "3282", "aumpher": "อำเภอห้วยคต", "office": "สาขาหนองฉาง", "branch_code": "61020000", "name_short": "ทล.", "price_new": 600, "price_old": 500, "width_m": 12, "pt_i": 56 }, "geometry": { "type": "Point", "coordinates": [ 99.5065153918692, 15.357985012952016 ] } },
{ "type": "Feature", "properties": { "road_key": "61020000ST003.2", "road_name": "ทางหลวงแผ่นดินหมายเลข 3282 (สายไร่ใหม่-แยกนิคมทับเสลา) ช่วงที่ 2", "road_no": "3282", "aumpher": "อำเภอห้วยคต", "office": "สาขาหนองฉาง", "branch_code": "61020000", "name_short": "ทล.", "price_new": 600, "price_old": 500, "width_m": 12, "pt_i": 57 }, "geometry": { "type": "Point", "coordinates": [ 99.507620212690057, 15.358013366446578 ] } },
{ "type": "Feature", "properties": { "road_key": "61020000ST003.2", "road_name": "ทางหลวงแผ่นดินหมายเลข 3282 (สายไร่ใหม่-แยกนิคมทับเสลา) ช่วงที่ 2", "road_no": "3282", "aumpher": "อำเภอห้วยคต", "office": "สาขาหนองฉาง", "branch_code": "61020000", "name_short": "ทล.", "price_new": 600, "price_old": 500, "width_m": 12, "pt_i": 58 }, "geometry": { "type": "Point", "coordinates": [ 99.508725729957206, 15.357875552439918 ] } },
{ "type": "Feature", "properties": { "road_key": "61020000ST003.2", "road_name": "ทางหลวงแผ่นดินหมายเลข 3282 (สายไร่ใหม่-แยกนิคมทับเสลา) ช่วงที่ 2", "road_no": "3282", "aumpher": "อำเภอห้วยคต", "office": "สาขาหนองฉาง", "branch_code": "61020000", "name_short": "ทล.", "price_new": 600, "price_old": 500, "width_m": 12, "pt_i": 59 }, "geometry": { "type": "Point", "coordinates": [ 99.509783580057032, 15.358195171701025 ] } },
{ "type": "Feature", "properties": { "road_key": "61020000ST003.2", "road_name": "ทางหลวงแผ่นดินหมายเลข 3282 (สายไร่ใหม่-แยกนิคมทับเสลา) ช่วงที่ 2", "road_no": "3282", "aumpher": "อำเภอห้วยคต", "office": "สาขาหนองฉาง", "branch_code": "61020000", "name_short": "ทล.", "price_new": 600, "price_old": 500, "width_m": 12, "pt_i": 60 }, "geometry": { "type": "Point", "coordinates": [ 99.510826610312563, 15.358584912325366 ] } },
{ "type": "Feature", "properties": { "road_key": "61020000ST003.2", "road_name": "ทางหลวงแผ่นดินหมายเลข 3282 (สายไร่ใหม่-แยกนิคมทับเสลา) ช่วงที่ 2", "road_no": "3282", "aumpher": "อำเภอห้วยคต", "office": "สาขาหนองฉาง", "branch_code": "61020000", "name_short": "ทล.", "price_new": 600, "price_old": 500, "width_m": 12, "pt_i": 61 }, "geometry": { "type": "Point", "coordinates": [ 99.511926028348228, 15.358777320212667 ] } },
{ "type": "Feature", "properties": { "road_key": "61020000ST003.2", "road_name": "ทางหลวงแผ่นดินหมายเลข 3282 (สายไร่ใหม่-แยกนิคมทับเสลา) ช่วงที่ 2", "road_no": "3282", "aumpher": "อำเภอห้วยคต", "office": "สาขาหนองฉาง", "branch_code": "61020000", "name_short": "ทล.", "price_new": 600, "price_old": 500, "width_m": 12, "pt_i": 62 }, "geometry": { "type": "Point", "coordinates": [ 99.513041512007163, 15.358730910330243 ] } },
{ "type": "Feature", "properties": { "road_key": "61020000ST003.2", "road_name": "ทางหลวงแผ่นดินหมายเลข 3282 (สายไร่ใหม่-แยกนิคมทับเสลา) ช่วงที่ 2", "road_no": "3282", "aumpher": "อำเภอห้วยคต", "office": "สาขาหนองฉาง", "branch_code": "61020000", "name_short": "ทล.", "price_new": 600, "price_old": 500, "width_m": 12, "pt_i": 63 }, "geometry": { "type": "Point", "coordinates": [ 99.514122678230848, 15.358454573572455 ] } },
{ "type": "Feature", "properties": { "road_key": "61020000ST003.2", "road_name": "ทางหลวงแผ่นดินหมายเลข 3282 (สายไร่ใหม่-แยกนิคมทับเสลา) ช่วงที่ 2", "road_no": "3282", "aumpher": "อำเภอห้วยคต", "office": "สาขาหนองฉาง", "branch_code": "61020000", "name_short": "ทล.", "price_new": 600, "price_old": 500, "width_m": 12, "pt_i": 64 }, "geometry": { "type": "Point", "coordinates": [ 99.515203841448269, 15.358178231651873 ] } },
{ "type": "Feature", "properties": { "road_key": "61020000ST003.2", "road_name": "ทางหลวงแผ่นดินหมายเลข 3282 (สายไร่ใหม่-แยกนิคมทับเสลา) ช่วงที่ 2", "road_no": "3282", "aumpher": "อำเภอห้วยคต", "office": "สาขาหนองฉาง", "branch_code": "61020000", "name_short": "ทล.", "price_new": 600, "price_old": 500, "width_m": 12, "pt_i": 65 }, "geometry": { "type": "Point", "coordinates": [ 99.516276539443098, 15.357872430345857 ] } },
{ "type": "Feature", "properties": { "road_key": "61020000ST003.3", "road_name": "ทางหลวงแผ่นดินหมายเลข 3282 (สายไร่ใหม่-แยกนิคมทับเสลา) ช่วงที่ 3", "road_no": "3282", "aumpher": "อำเภอห้วยคต", "office": "สาขาหนองฉาง", "branch_code": "61020000", "name_short": "ทล.", "price_new": 600, "price_old": 500, "width_m": 12, "pt_i": 0 }, "geometry": { "type": "Point", "coordinates": [ 99.475666116458285, 15.279640695601184 ] } },
{ "type": "Feature", "properties": { "road_key": "61020000ST003.3", "road_name": "ทางหลวงแผ่นดินหมายเลข 3282 (สายไร่ใหม่-แยกนิคมทับเสลา) ช่วงที่ 3", "road_no": "3282", "aumpher": "อำเภอห้วยคต", "office": "สาขาหนองฉาง", "branch_code": "61020000", "name_short": "ทล.", "price_new": 600, "price_old": 500, "width_m": 12, "pt_i": 1 }, "geometry": { "type": "Point", "coordinates": [ 99.475949130956721, 15.280647499566141 ] } },
{ "type": "Feature", "properties": { "road_key": "61020000ST003.3", "road_name": "ทางหลวงแผ่นดินหมายเลข 3282 (สายไร่ใหม่-แยกนิคมทับเสลา) ช่วงที่ 3", "road_no": "3282", "aumpher": "อำเภอห้วยคต", "office": "สาขาหนองฉาง", "branch_code": "61020000", "name_short": "ทล.", "price_new": 600, "price_old": 500, "width_m": 12, "pt_i": 2 }, "geometry": { "type": "Point", "coordinates": [ 99.476564832839912, 15.281552917157969 ] } },
{ "type": "Feature", "properties": { "road_key": "61020000ST003.3", "road_name": "ทางหลวงแผ่นดินหมายเลข 3282 (สายไร่ใหม่-แยกนิคมทับเสลา) ช่วงที่ 3", "road_no": "3282", "aumpher": "อำเภอห้วยคต", "office": "สาขาหนองฉาง", "branch_code": "61020000", "name_short": "ทล.", "price_new": 600, "price_old": 500, "width_m": 12, "pt_i": 3 }, "geometry": { "type": "Point", "coordinates": [ 99.477180540073761, 15.282458332832567 ] } },
{ "type": "Feature", "properties": { "road_key": "61020000ST003.3", "road_name": "ทางหลวงแผ่นดินหมายเลข 3282 (สายไร่ใหม่-แยกนิคมทับเสลา) ช่วงที่ 3", "road_no": "3282", "aumpher": "อำเภอห้วยคต", "office": "สาขาหนองฉาง", "branch_code": "61020000", "name_short": "ทล.", "price_new": 600, "price_old": 500, "width_m": 12, "pt_i": 4 }, "geometry": { "type": "Point", "coordinates": [ 99.477796252658749, 15.283363746589599 ] } },
{ "type": "Feature", "properties": { "road_key": "61020000ST003.3", "road_name": "ทางหลวงแผ่นดินหมายเลข 3282 (สายไร่ใหม่-แยกนิคมทับเสลา) ช่วงที่ 3", "road_no": "3282", "aumpher": "อำเภอห้วยคต", "office": "สาขาหนองฉาง", "branch_code": "61020000", "name_short": "ทล.", "price_new": 600, "price_old": 500, "width_m": 12, "pt_i": 5 }, "geometry": { "type": "Point", "coordinates": [ 99.478442304658316, 15.284248767594491 ] } },
{ "type": "Feature", "properties": { "road_key": "61020000ST003.3", "road_name": "ทางหลวงแผ่นดินหมายเลข 3282 (สายไร่ใหม่-แยกนิคมทับเสลา) ช่วงที่ 3", "road_no": "3282", "aumpher": "อำเภอห้วยคต", "office": "สาขาหนองฉาง", "branch_code": "61020000", "name_short": "ทล.", "price_new": 600, "price_old": 500, "width_m": 12, "pt_i": 6 }, "geometry": { "type": "Point", "coordinates": [ 99.47914098970476, 15.285093756527433 ] } },
{ "type": "Feature", "properties": { "road_key": "61020000ST003.3", "road_name": "ทางหลวงแผ่นดินหมายเลข 3282 (สายไร่ใหม่-แยกนิคมทับเสลา) ช่วงที่ 3", "road_no": "3282", "aumpher": "อำเภอห้วยคต", "office": "สาขาหนองฉาง", "branch_code": "61020000", "name_short": "ทล.", "price_new": 600, "price_old": 500, "width_m": 12, "pt_i": 7 }, "geometry": { "type": "Point", "coordinates": [ 99.479885758064782, 15.285902676222626 ] } },
{ "type": "Feature", "properties": { "road_key": "61020000ST003.3", "road_name": "ทางหลวงแผ่นดินหมายเลข 3282 (สายไร่ใหม่-แยกนิคมทับเสลา) ช่วงที่ 3", "road_no": "3282", "aumpher": "อำเภอห้วยคต", "office": "สาขาหนองฉาง", "branch_code": "61020000", "name_short": "ทล.", "price_new": 600, "price_old": 500, "width_m": 12, "pt_i": 8 }, "geometry": { "type": "Point", "coordinates": [ 99.480630270383983, 15.286711819820471 ] } },
{ "type": "Feature", "properties": { "road_key": "61020000ST003.3", "road_name": "ทางหลวงแผ่นดินหมายเลข 3282 (สายไร่ใหม่-แยกนิคมทับเสลา) ช่วงที่ 3", "road_no": "3282", "aumpher": "อำเภอห้วยคต", "office": "สาขาหนองฉาง", "branch_code": "61020000", "name_short": "ทล.", "price_new": 600, "price_old": 500, "width_m": 12, "pt_i": 9 }, "geometry": { "type": "Point", "coordinates": [ 99.481373292182226, 15.287522255955848 ] } },
{ "type": "Feature", "properties": { "road_key": "61020000ST003.3", "road_name": "ทางหลวงแผ่นดินหมายเลข 3282 (สายไร่ใหม่-แยกนิคมทับเสลา) ช่วงที่ 3", "road_no": "3282", "aumpher": "อำเภอห้วยคต", "office": "สาขาหนองฉาง", "branch_code": "61020000", "name_short": "ทล.", "price_new": 600, "price_old": 500, "width_m": 12, "pt_i": 10 }, "geometry": { "type": "Point", "coordinates": [ 99.482081559621136, 15.288355152181536 ] } },
{ "type": "Feature", "properties": { "road_key": "61020000ST003.3", "road_name": "ทางหลวงแผ่นดินหมายเลข 3282 (สายไร่ใหม่-แยกนิคมทับเสลา) ช่วงที่ 3", "road_no": "3282", "aumpher": "อำเภอห้วยคต", "office": "สาขาหนองฉาง", "branch_code": "61020000", "name_short": "ทล.", "price_new": 600, "price_old": 500, "width_m": 12, "pt_i": 11 }, "geometry": { "type": "Point", "coordinates": [ 99.482276904407399, 15.289407089816089 ] } },
{ "type": "Feature", "properties": { "road_key": "61020000ST003.3", "road_name": "ทางหลวงแผ่นดินหมายเลข 3282 (สายไร่ใหม่-แยกนิคมทับเสลา) ช่วงที่ 3", "road_no": "3282", "aumpher": "อำเภอห้วยคต", "office": "สาขาหนองฉาง", "branch_code": "61020000", "name_short": "ทล.", "price_new": 600, "price_old": 500, "width_m": 12, "pt_i": 12 }, "geometry": { "type": "Point", "coordinates": [ 99.482276404636934, 15.290491973338519 ] } },
{ "type": "Feature", "properties": { "road_key": "61020000ST003.3", "road_name": "ทางหลวงแผ่นดินหมายเลข 3282 (สายไร่ใหม่-แยกนิคมทับเสลา) ช่วงที่ 3", "road_no": "3282", "aumpher": "อำเภอห้วยคต", "office": "สาขาหนองฉาง", "branch_code": "61020000", "name_short": "ทล.", "price_new": 600, "price_old": 500, "width_m": 12, "pt_i": 13 }, "geometry": { "type": "Point", "coordinates": [ 99.482275905033163, 15.291576856756473 ] } },
{ "type": "Feature", "properties": { "road_key": "61020000ST003.3", "road_name": "ทางหลวงแผ่นดินหมายเลข 3282 (สายไร่ใหม่-แยกนิคมทับเสลา) ช่วงที่ 3", "road_no": "3282", "aumpher": "อำเภอห้วยคต", "office": "สาขาหนองฉาง", "branch_code": "61020000", "name_short": "ทล.", "price_new": 600, "price_old": 500, "width_m": 12, "pt_i": 14 }, "geometry": { "type": "Point", "coordinates": [ 99.482440604086392, 15.29264387758654 ] } },
{ "type": "Feature", "properties": { "road_key": "61020000ST003.3", "road_name": "ทางหลวงแผ่นดินหมายเลข 3282 (สายไร่ใหม่-แยกนิคมทับเสลา) ช่วงที่ 3", "road_no": "3282", "aumpher": "อำเภอห้วยคต", "office": "สาขาหนองฉาง", "branch_code": "61020000", "name_short": "ทล.", "price_new": 600, "price_old": 500, "width_m": 12, "pt_i": 15 }, "geometry": { "type": "Point", "coordinates": [ 99.482728372546262, 15.293692187035138 ] } },
{ "type": "Feature", "properties": { "road_key": "61020000ST003.3", "road_name": "ทางหลวงแผ่นดินหมายเลข 3282 (สายไร่ใหม่-แยกนิคมทับเสลา) ช่วงที่ 3", "road_no": "3282", "aumpher": "อำเภอห้วยคต", "office": "สาขาหนองฉาง", "branch_code": "61020000", "name_short": "ทล.", "price_new": 600, "price_old": 500, "width_m": 12, "pt_i": 16 }, "geometry": { "type": "Point", "coordinates": [ 99.48299226225123, 15.294746364202528 ] } },
{ "type": "Feature", "properties": { "road_key": "61020000ST003.3", "road_name": "ทางหลวงแผ่นดินหมายเลข 3282 (สายไร่ใหม่-แยกนิคมทับเสลา) ช่วงที่ 3", "road_no": "3282", "aumpher": "อำเภอห้วยคต", "office": "สาขาหนองฉาง", "branch_code": "61020000", "name_short": "ทล.", "price_new": 600, "price_old": 500, "width_m": 12, "pt_i": 17 }, "geometry": { "type": "Point", "coordinates": [ 99.483253053671774, 15.295801302885531 ] } },
{ "type": "Feature", "properties": { "road_key": "61020000ST003.3", "road_name": "ทางหลวงแผ่นดินหมายเลข 3282 (สายไร่ใหม่-แยกนิคมทับเสลา) ช่วงที่ 3", "road_no": "3282", "aumpher": "อำเภอห้วยคต", "office": "สาขาหนองฉาง", "branch_code": "61020000", "name_short": "ทล.", "price_new": 600, "price_old": 500, "width_m": 12, "pt_i": 18 }, "geometry": { "type": "Point", "coordinates": [ 99.483489070253384, 15.296859657087117 ] } },
{ "type": "Feature", "properties": { "road_key": "61020000ST003.3", "road_name": "ทางหลวงแผ่นดินหมายเลข 3282 (สายไร่ใหม่-แยกนิคมทับเสลา) ช่วงที่ 3", "road_no": "3282", "aumpher": "อำเภอห้วยคต", "office": "สาขาหนองฉาง", "branch_code": "61020000", "name_short": "ทล.", "price_new": 600, "price_old": 500, "width_m": 12, "pt_i": 19 }, "geometry": { "type": "Point", "coordinates": [ 99.482929462707375, 15.29778273384933 ] } },
{ "type": "Feature", "properties": { "road_key": "61020000ST003.3", "road_name": "ทางหลวงแผ่นดินหมายเลข 3282 (สายไร่ใหม่-แยกนิคมทับเสลา) ช่วงที่ 3", "road_no": "3282", "aumpher": "อำเภอห้วยคต", "office": "สาขาหนองฉาง", "branch_code": "61020000", "name_short": "ทล.", "price_new": 600, "price_old": 500, "width_m": 12, "pt_i": 20 }, "geometry": { "type": "Point", "coordinates": [ 99.482230508404626, 15.298629329466774 ] } },
{ "type": "Feature", "properties": { "road_key": "61020000ST003.3", "road_name": "ทางหลวงแผ่นดินหมายเลข 3282 (สายไร่ใหม่-แยกนิคมทับเสลา) ช่วงที่ 3", "road_no": "3282", "aumpher": "อำเภอห้วยคต", "office": "สาขาหนองฉาง", "branch_code": "61020000", "name_short": "ทล.", "price_new": 600, "price_old": 500, "width_m": 12, "pt_i": 21 }, "geometry": { "type": "Point", "coordinates": [ 99.481531548524003, 15.299475922999459 ] } },
{ "type": "Feature", "properties": { "road_key": "61020000ST003.3", "road_name": "ทางหลวงแผ่นดินหมายเลข 3282 (สายไร่ใหม่-แยกนิคมทับเสลา) ช่วงที่ 3", "road_no": "3282", "aumpher": "อำเภอห้วยคต", "office": "สาขาหนองฉาง", "branch_code": "61020000", "name_short": "ทล.", "price_new": 600, "price_old": 500, "width_m": 12, "pt_i": 22 }, "geometry": { "type": "Point", "coordinates": [ 99.48083001904044, 15.300320434855909 ] } },
{ "type": "Feature", "properties": { "road_key": "61020000ST003.3", "road_name": "ทางหลวงแผ่นดินหมายเลข 3282 (สายไร่ใหม่-แยกนิคมทับเสลา) ช่วงที่ 3", "road_no": "3282", "aumpher": "อำเภอห้วยคต", "office": "สาขาหนองฉาง", "branch_code": "61020000", "name_short": "ทล.", "price_new": 600, "price_old": 500, "width_m": 12, "pt_i": 23 }, "geometry": { "type": "Point", "coordinates": [ 99.480095150240487, 15.301137856826067 ] } },
{ "type": "Feature", "properties": { "road_key": "61020000ST003.3", "road_name": "ทางหลวงแผ่นดินหมายเลข 3282 (สายไร่ใหม่-แยกนิคมทับเสลา) ช่วงที่ 3", "road_no": "3282", "aumpher": "อำเภอห้วยคต", "office": "สาขาหนองฉาง", "branch_code": "61020000", "name_short": "ทล.", "price_new": 600, "price_old": 500, "width_m": 12, "pt_i": 24 }, "geometry": { "type": "Point", "coordinates": [ 99.479323540040809, 15.301922759241535 ] } },
{ "type": "Feature", "properties": { "road_key": "61020000ST003.3", "road_name": "ทางหลวงแผ่นดินหมายเลข 3282 (สายไร่ใหม่-แยกนิคมทับเสลา) ช่วงที่ 3", "road_no": "3282", "aumpher": "อำเภอห้วยคต", "office": "สาขาหนองฉาง", "branch_code": "61020000", "name_short": "ทล.", "price_new": 600, "price_old": 500, "width_m": 12, "pt_i": 25 }, "geometry": { "type": "Point", "coordinates": [ 99.478795661892306, 15.302858047271201 ] } },
{ "type": "Feature", "properties": { "road_key": "61020000ST003.3", "road_name": "ทางหลวงแผ่นดินหมายเลข 3282 (สายไร่ใหม่-แยกนิคมทับเสลา) ช่วงที่ 3", "road_no": "3282", "aumpher": "อำเภอห้วยคต", "office": "สาขาหนองฉาง", "branch_code": "61020000", "name_short": "ทล.", "price_new": 600, "price_old": 500, "width_m": 12, "pt_i": 26 }, "geometry": { "type": "Point", "coordinates": [ 99.478434287637995, 15.303884006466056 ] } },
{ "type": "Feature", "properties": { "road_key": "61020000ST003.3", "road_name": "ทางหลวงแผ่นดินหมายเลข 3282 (สายไร่ใหม่-แยกนิคมทับเสลา) ช่วงที่ 3", "road_no": "3282", "aumpher": "อำเภอห้วยคต", "office": "สาขาหนองฉาง", "branch_code": "61020000", "name_short": "ทล.", "price_new": 600, "price_old": 500, "width_m": 12, "pt_i": 27 }, "geometry": { "type": "Point", "coordinates": [ 99.478595672694965, 15.304917754315651 ] } },
{ "type": "Feature", "properties": { "road_key": "61020000ST003.3", "road_name": "ทางหลวงแผ่นดินหมายเลข 3282 (สายไร่ใหม่-แยกนิคมทับเสลา) ช่วงที่ 3", "road_no": "3282", "aumpher": "อำเภอห้วยคต", "office": "สาขาหนองฉาง", "branch_code": "61020000", "name_short": "ทล.", "price_new": 600, "price_old": 500, "width_m": 12, "pt_i": 28 }, "geometry": { "type": "Point", "coordinates": [ 99.4791456077443, 15.305862057550426 ] } },
{ "type": "Feature", "properties": { "road_key": "61020000ST003.3", "road_name": "ทางหลวงแผ่นดินหมายเลข 3282 (สายไร่ใหม่-แยกนิคมทับเสลา) ช่วงที่ 3", "road_no": "3282", "aumpher": "อำเภอห้วยคต", "office": "สาขาหนองฉาง", "branch_code": "61020000", "name_short": "ทล.", "price_new": 600, "price_old": 500, "width_m": 12, "pt_i": 29 }, "geometry": { "type": "Point", "coordinates": [ 99.479701850857936, 15.306803069684275 ] } },
{ "type": "Feature", "properties": { "road_key": "61020000ST003.3", "road_name": "ทางหลวงแผ่นดินหมายเลข 3282 (สายไร่ใหม่-แยกนิคมทับเสลา) ช่วงที่ 3", "road_no": "3282", "aumpher": "อำเภอห้วยคต", "office": "สาขาหนองฉาง", "branch_code": "61020000", "name_short": "ทล.", "price_new": 600, "price_old": 500, "width_m": 12, "pt_i": 30 }, "geometry": { "type": "Point", "coordinates": [ 99.480258099027793, 15.3077440802124 ] } },
{ "type": "Feature", "properties": { "road_key": "61020000ST007.1", "road_name": "ทางหลวงชนบท อน.3027 (บ้านใหม่คลองเคียน-บ้านเจ้าวัด) ช่วงที่ 1", "road_no": "3027", "aumpher": "อำเภอห้วยคต", "office": "สาขาหนองฉาง", "branch_code": "61020000", "name_short": "อน.", "price_new": 450, "price_old": 250, "width_m": 8, "pt_i": 0 }, "geometry": { "type": "Point", "coordinates": [ 99.677549066785247, 15.246842086406842 ] } },
{ "type": "Feature", "properties": { "road_key": "61020000ST007.1", "road_name": "ทางหลวงชนบท อน.3027 (บ้านใหม่คลองเคียน-บ้านเจ้าวัด) ช่วงที่ 1", "road_no": "3027", "aumpher": "อำเภอห้วยคต", "office": "สาขาหนองฉาง", "branch_code": "61020000", "name_short": "อน.", "price_new": 450, "price_old": 250, "width_m": 8, "pt_i": 1 }, "geometry": { "type": "Point", "coordinates": [ 99.676443813845225, 15.246998651020492 ] } },
{ "type": "Feature", "properties": { "road_key": "61020000ST007.1", "road_name": "ทางหลวงชนบท อน.3027 (บ้านใหม่คลองเคียน-บ้านเจ้าวัด) ช่วงที่ 1", "road_no": "3027", "aumpher": "อำเภอห้วยคต", "office": "สาขาหนองฉาง", "branch_code": "61020000", "name_short": "อน.", "price_new": 450, "price_old": 250, "width_m": 8, "pt_i": 2 }, "geometry": { "type": "Point", "coordinates": [ 99.675345689865694, 15.247198027177769 ] } },
{ "type": "Feature", "properties": { "road_key": "61020000ST007.1", "road_name": "ทางหลวงชนบท อน.3027 (บ้านใหม่คลองเคียน-บ้านเจ้าวัด) ช่วงที่ 1", "road_no": "3027", "aumpher": "อำเภอห้วยคต", "office": "สาขาหนองฉาง", "branch_code": "61020000", "name_short": "อน.", "price_new": 450, "price_old": 250, "width_m": 8, "pt_i": 3 }, "geometry": { "type": "Point", "coordinates": [ 99.674266922154629, 15.247478444649548 ] } },
{ "type": "Feature", "properties": { "road_key": "61020000ST007.1", "road_name": "ทางหลวงชนบท อน.3027 (บ้านใหม่คลองเคียน-บ้านเจ้าวัด) ช่วงที่ 1", "road_no": "3027", "aumpher": "อำเภอห้วยคต", "office": "สาขาหนองฉาง", "branch_code": "61020000", "name_short": "อน.", "price_new": 450, "price_old": 250, "width_m": 8, "pt_i": 4 }, "geometry": { "type": "Point", "coordinates": [ 99.673253554067344, 15.247935128870299 ] } },
{ "type": "Feature", "properties": { "road_key": "61020000ST007.1", "road_name": "ทางหลวงชนบท อน.3027 (บ้านใหม่คลองเคียน-บ้านเจ้าวัด) ช่วงที่ 1", "road_no": "3027", "aumpher": "อำเภอห้วยคต", "office": "สาขาหนองฉาง", "branch_code": "61020000", "name_short": "อน.", "price_new": 450, "price_old": 250, "width_m": 8, "pt_i": 5 }, "geometry": { "type": "Point", "coordinates": [ 99.672242761376438, 15.248397618141999 ] } },
{ "type": "Feature", "properties": { "road_key": "61020000ST007.1", "road_name": "ทางหลวงชนบท อน.3027 (บ้านใหม่คลองเคียน-บ้านเจ้าวัด) ช่วงที่ 1", "road_no": "3027", "aumpher": "อำเภอห้วยคต", "office": "สาขาหนองฉาง", "branch_code": "61020000", "name_short": "อน.", "price_new": 450, "price_old": 250, "width_m": 8, "pt_i": 6 }, "geometry": { "type": "Point", "coordinates": [ 99.671233160501032, 15.24886257007573 ] } },
{ "type": "Feature", "properties": { "road_key": "61020000ST007.1", "road_name": "ทางหลวงชนบท อน.3027 (บ้านใหม่คลองเคียน-บ้านเจ้าวัด) ช่วงที่ 1", "road_no": "3027", "aumpher": "อำเภอห้วยคต", "office": "สาขาหนองฉาง", "branch_code": "61020000", "name_short": "อน.", "price_new": 450, "price_old": 250, "width_m": 8, "pt_i": 7 }, "geometry": { "type": "Point", "coordinates": [ 99.670221786623685, 15.249323800761115 ] } },
{ "type": "Feature", "properties": { "road_key": "61020000ST007.1", "road_name": "ทางหลวงชนบท อน.3027 (บ้านใหม่คลองเคียน-บ้านเจ้าวัด) ช่วงที่ 1", "road_no": "3027", "aumpher": "อำเภอห้วยคต", "office": "สาขาหนองฉาง", "branch_code": "61020000", "name_short": "อน.", "price_new": 450, "price_old": 250, "width_m": 8, "pt_i": 8 }, "geometry": { "type": "Point", "coordinates": [ 99.669202611280724, 15.249768639272292 ] } },
{ "type": "Feature", "properties": { "road_key": "61020000ST007.1", "road_name": "ทางหลวงชนบท อน.3027 (บ้านใหม่คลองเคียน-บ้านเจ้าวัด) ช่วงที่ 1", "road_no": "3027", "aumpher": "อำเภอห้วยคต", "office": "สาขาหนองฉาง", "branch_code": "61020000", "name_short": "อน.", "price_new": 450, "price_old": 250, "width_m": 8, "pt_i": 9 }, "geometry": { "type": "Point", "coordinates": [ 99.668128979277739, 15.249922731353301 ] } },
{ "type": "Feature", "properties": { "road_key": "61020000ST007.1", "road_name": "ทางหลวงชนบท อน.3027 (บ้านใหม่คลองเคียน-บ้านเจ้าวัด) ช่วงที่ 1", "road_no": "3027", "aumpher": "อำเภอห้วยคต", "office": "สาขาหนองฉาง", "branch_code": "61020000", "name_short": "อน.", "price_new": 450, "price_old": 250, "width_m": 8, "pt_i": 10 }, "geometry": { "type": "Point", "coordinates": [ 99.667031509042843, 15.249718559563293 ] } },
{ "type": "Feature", "properties": { "road_key": "61020000ST007.2", "road_name": "ทางหลวงชนบท อน.3027 (บ้านใหม่คลองเคียน-บ้านเจ้าวัด) ช่วงที่ 2", "road_no": "3027", "aumpher": "อำเภอห้วยคต", "office": "สาขาหนองฉาง", "branch_code": "61020000", "name_short": "อน.", "price_new": 450, "price_old": 250, "width_m": 8, "pt_i": 0 }, "geometry": { "type": "Point", "coordinates": [ 99.666839066756367, 15.249682757277244 ] } },
{ "type": "Feature", "properties": { "road_key": "61020000ST007.2", "road_name": "ทางหลวงชนบท อน.3027 (บ้านใหม่คลองเคียน-บ้านเจ้าวัด) ช่วงที่ 2", "road_no": "3027", "aumpher": "อำเภอห้วยคต", "office": "สาขาหนองฉาง", "branch_code": "61020000", "name_short": "อน.", "price_new": 450, "price_old": 250, "width_m": 8, "pt_i": 1 }, "geometry": { "type": "Point", "coordinates": [ 99.66576995294183, 15.249368119307084 ] } },
{ "type": "Feature", "properties": { "road_key": "61020000ST007.2", "road_name": "ทางหลวงชนบท อน.3027 (บ้านใหม่คลองเคียน-บ้านเจ้าวัด) ช่วงที่ 2", "road_no": "3027", "aumpher": "อำเภอห้วยคต", "office": "สาขาหนองฉาง", "branch_code": "61020000", "name_short": "อน.", "price_new": 450, "price_old": 250, "width_m": 8, "pt_i": 2 }, "geometry": { "type": "Point", "coordinates": [ 99.66474008679684, 15.248947129295198 ] } },
{ "type": "Feature", "properties": { "road_key": "61020000ST007.2", "road_name": "ทางหลวงชนบท อน.3027 (บ้านใหม่คลองเคียน-บ้านเจ้าวัด) ช่วงที่ 2", "road_no": "3027", "aumpher": "อำเภอห้วยคต", "office": "สาขาหนองฉาง", "branch_code": "61020000", "name_short": "อน.", "price_new": 450, "price_old": 250, "width_m": 8, "pt_i": 3 }, "geometry": { "type": "Point", "coordinates": [ 99.663716906324922, 15.248511159966114 ] } },
{ "type": "Feature", "properties": { "road_key": "61020000ST007.2", "road_name": "ทางหลวงชนบท อน.3027 (บ้านใหม่คลองเคียน-บ้านเจ้าวัด) ช่วงที่ 2", "road_no": "3027", "aumpher": "อำเภอห้วยคต", "office": "สาขาหนองฉาง", "branch_code": "61020000", "name_short": "อน.", "price_new": 450, "price_old": 250, "width_m": 8, "pt_i": 4 }, "geometry": { "type": "Point", "coordinates": [ 99.662741742856625, 15.247988378291017 ] } },
{ "type": "Feature", "properties": { "road_key": "61020000ST007.2", "road_name": "ทางหลวงชนบท อน.3027 (บ้านใหม่คลองเคียน-บ้านเจ้าวัด) ช่วงที่ 2", "road_no": "3027", "aumpher": "อำเภอห้วยคต", "office": "สาขาหนองฉาง", "branch_code": "61020000", "name_short": "อน.", "price_new": 450, "price_old": 250, "width_m": 8, "pt_i": 5 }, "geometry": { "type": "Point", "coordinates": [ 99.661808088687863, 15.247393579858993 ] } },
{ "type": "Feature", "properties": { "road_key": "61020000ST007.2", "road_name": "ทางหลวงชนบท อน.3027 (บ้านใหม่คลองเคียน-บ้านเจ้าวัด) ช่วงที่ 2", "road_no": "3027", "aumpher": "อำเภอห้วยคต", "office": "สาขาหนองฉาง", "branch_code": "61020000", "name_short": "อน.", "price_new": 450, "price_old": 250, "width_m": 8, "pt_i": 6 }, "geometry": { "type": "Point", "coordinates": [ 99.660761211040381, 15.247022736198925 ] } },
{ "type": "Feature", "properties": { "road_key": "61020000ST007.2", "road_name": "ทางหลวงชนบท อน.3027 (บ้านใหม่คลองเคียน-บ้านเจ้าวัด) ช่วงที่ 2", "road_no": "3027", "aumpher": "อำเภอห้วยคต", "office": "สาขาหนองฉาง", "branch_code": "61020000", "name_short": "อน.", "price_new": 450, "price_old": 250, "width_m": 8, "pt_i": 7 }, "geometry": { "type": "Point", "coordinates": [ 99.659745405911437, 15.246574539144808 ] } },
{ "type": "Feature", "properties": { "road_key": "61020000ST007.2", "road_name": "ทางหลวงชนบท อน.3027 (บ้านใหม่คลองเคียน-บ้านเจ้าวัด) ช่วงที่ 2", "road_no": "3027", "aumpher": "อำเภอห้วยคต", "office": "สาขาหนองฉาง", "branch_code": "61020000", "name_short": "อน.", "price_new": 450, "price_old": 250, "width_m": 8, "pt_i": 8 }, "geometry": { "type": "Point", "coordinates": [ 99.658848866029913, 15.245939200457201 ] } },
{ "type": "Feature", "properties": { "road_key": "61020000ST007.2", "road_name": "ทางหลวงชนบท อน.3027 (บ้านใหม่คลองเคียน-บ้านเจ้าวัด) ช่วงที่ 2", "road_no": "3027", "aumpher": "อำเภอห้วยคต", "office": "สาขาหนองฉาง", "branch_code": "61020000", "name_short": "อน.", "price_new": 450, "price_old": 250, "width_m": 8, "pt_i": 9 }, "geometry": { "type": "Point", "coordinates": [ 99.65797909556818, 15.24525934442795 ] } },
{ "type": "Feature", "properties": { "road_key": "61020000ST007.2", "road_name": "ทางหลวงชนบท อน.3027 (บ้านใหม่คลองเคียน-บ้านเจ้าวัด) ช่วงที่ 2", "road_no": "3027", "aumpher": "อำเภอห้วยคต", "office": "สาขาหนองฉาง", "branch_code": "61020000", "name_short": "อน.", "price_new": 450, "price_old": 250, "width_m": 8, "pt_i": 10 }, "geometry": { "type": "Point", "coordinates": [ 99.657071545583833, 15.244626526345622 ] } },
{ "type": "Feature", "properties": { "road_key": "61020000ST007.2", "road_name": "ทางหลวงชนบท อน.3027 (บ้านใหม่คลองเคียน-บ้านเจ้าวัด) ช่วงที่ 2", "road_no": "3027", "aumpher": "อำเภอห้วยคต", "office": "สาขาหนองฉาง", "branch_code": "61020000", "name_short": "อน.", "price_new": 450, "price_old": 250, "width_m": 8, "pt_i": 11 }, "geometry": { "type": "Point", "coordinates": [ 99.656140467187853, 15.244027547593044 ] } },
{ "type": "Feature", "properties": { "road_key": "61020000ST007.2", "road_name": "ทางหลวงชนบท อน.3027 (บ้านใหม่คลองเคียน-บ้านเจ้าวัด) ช่วงที่ 2", "road_no": "3027", "aumpher": "อำเภอห้วยคต", "office": "สาขาหนองฉาง", "branch_code": "61020000", "name_short": "อน.", "price_new": 450, "price_old": 250, "width_m": 8, "pt_i": 12 }, "geometry": { "type": "Point", "coordinates": [ 99.655372562785757, 15.24324483562307 ] } },
{ "type": "Feature", "properties": { "road_key": "61020000ST007.2", "road_name": "ทางหลวงชนบท อน.3027 (บ้านใหม่คลองเคียน-บ้านเจ้าวัด) ช่วงที่ 2", "road_no": "3027", "aumpher": "อำเภอห้วยคต", "office": "สาขาหนองฉาง", "branch_code": "61020000", "name_short": "อน.", "price_new": 450, "price_old": 250, "width_m": 8, "pt_i": 13 }, "geometry": { "type": "Point", "coordinates": [ 99.654633040559972, 15.242432772932977 ] } },
{ "type": "Feature", "properties": { "road_key": "61020000ST007.2", "road_name": "ทางหลวงชนบท อน.3027 (บ้านใหม่คลองเคียน-บ้านเจ้าวัด) ช่วงที่ 2", "road_no": "3027", "aumpher": "อำเภอห้วยคต", "office": "สาขาหนองฉาง", "branch_code": "61020000", "name_short": "อน.", "price_new": 450, "price_old": 250, "width_m": 8, "pt_i": 14 }, "geometry": { "type": "Point", "coordinates": [ 99.653807234214852, 15.241702166842884 ] } },
{ "type": "Feature", "properties": { "road_key": "61020000ST007.2", "road_name": "ทางหลวงชนบท อน.3027 (บ้านใหม่คลองเคียน-บ้านเจ้าวัด) ช่วงที่ 2", "road_no": "3027", "aumpher": "อำเภอห้วยคต", "office": "สาขาหนองฉาง", "branch_code": "61020000", "name_short": "อน.", "price_new": 450, "price_old": 250, "width_m": 8, "pt_i": 15 }, "geometry": { "type": "Point", "coordinates": [ 99.652973288118005, 15.240980110532657 ] } },
{ "type": "Feature", "properties": { "road_key": "61020000ST007.2", "road_name": "ทางหลวงชนบท อน.3027 (บ้านใหม่คลองเคียน-บ้านเจ้าวัด) ช่วงที่ 2", "road_no": "3027", "aumpher": "อำเภอห้วยคต", "office": "สาขาหนองฉาง", "branch_code": "61020000", "name_short": "อน.", "price_new": 450, "price_old": 250, "width_m": 8, "pt_i": 16 }, "geometry": { "type": "Point", "coordinates": [ 99.652137403888176, 15.240260184335233 ] } },
{ "type": "Feature", "properties": { "road_key": "61020000ST007.2", "road_name": "ทางหลวงชนบท อน.3027 (บ้านใหม่คลองเคียน-บ้านเจ้าวัด) ช่วงที่ 2", "road_no": "3027", "aumpher": "อำเภอห้วยคต", "office": "สาขาหนองฉาง", "branch_code": "61020000", "name_short": "อน.", "price_new": 450, "price_old": 250, "width_m": 8, "pt_i": 17 }, "geometry": { "type": "Point", "coordinates": [ 99.651297004552845, 15.239545266155073 ] } },
{ "type": "Feature", "properties": { "road_key": "61020000ST007.2", "road_name": "ทางหลวงชนบท อน.3027 (บ้านใหม่คลองเคียน-บ้านเจ้าวัด) ช่วงที่ 2", "road_no": "3027", "aumpher": "อำเภอห้วยคต", "office": "สาขาหนองฉาง", "branch_code": "61020000", "name_short": "อน.", "price_new": 450, "price_old": 250, "width_m": 8, "pt_i": 18 }, "geometry": { "type": "Point", "coordinates": [ 99.650393123095057, 15.238907510137222 ] } },
{ "type": "Feature", "properties": { "road_key": "61020000ST007.2", "road_name": "ทางหลวงชนบท อน.3027 (บ้านใหม่คลองเคียน-บ้านเจ้าวัด) ช่วงที่ 2", "road_no": "3027", "aumpher": "อำเภอห้วยคต", "office": "สาขาหนองฉาง", "branch_code": "61020000", "name_short": "อน.", "price_new": 450, "price_old": 250, "width_m": 8, "pt_i": 19 }, "geometry": { "type": "Point", "coordinates": [ 99.649485703549573, 15.238274465395568 ] } },
{ "type": "Feature", "properties": { "road_key": "61020000ST007.2", "road_name": "ทางหลวงชนบท อน.3027 (บ้านใหม่คลองเคียน-บ้านเจ้าวัด) ช่วงที่ 2", "road_no": "3027", "aumpher": "อำเภอห้วยคต", "office": "สาขาหนองฉาง", "branch_code": "61020000", "name_short": "อน.", "price_new": 450, "price_old": 250, "width_m": 8, "pt_i": 20 }, "geometry": { "type": "Point", "coordinates": [ 99.648569236050676, 15.237653873235319 ] } },
{ "type": "Feature", "properties": { "road_key": "61020000ST007.2", "road_name": "ทางหลวงชนบท อน.3027 (บ้านใหม่คลองเคียน-บ้านเจ้าวัด) ช่วงที่ 2", "road_no": "3027", "aumpher": "อำเภอห้วยคต", "office": "สาขาหนองฉาง", "branch_code": "61020000", "name_short": "อน.", "price_new": 450, "price_old": 250, "width_m": 8, "pt_i": 21 }, "geometry": { "type": "Point", "coordinates": [ 99.647645533432495, 15.237044500490128 ] } },
{ "type": "Feature", "properties": { "road_key": "61020000ST007.2", "road_name": "ทางหลวงชนบท อน.3027 (บ้านใหม่คลองเคียน-บ้านเจ้าวัด) ช่วงที่ 2", "road_no": "3027", "aumpher": "อำเภอห้วยคต", "office": "สาขาหนองฉาง", "branch_code": "61020000", "name_short": "อน.", "price_new": 450, "price_old": 250, "width_m": 8, "pt_i": 22 }, "geometry": { "type": "Point", "coordinates": [ 99.646602370740879, 15.236663253835658 ] } },
{ "type": "Feature", "properties": { "road_key": "61020000ST007.2", "road_name": "ทางหลวงชนบท อน.3027 (บ้านใหม่คลองเคียน-บ้านเจ้าวัด) ช่วงที่ 2", "road_no": "3027", "aumpher": "อำเภอห้วยคต", "office": "สาขาหนองฉาง", "branch_code": "61020000", "name_short": "อน.", "price_new": 450, "price_old": 250, "width_m": 8, "pt_i": 23 }, "geometry": { "type": "Point", "coordinates": [ 99.645536042383284, 15.236339103979788 ] } },
{ "type": "Feature", "properties": { "road_key": "61020000ST007.2", "road_name": "ทางหลวงชนบท อน.3027 (บ้านใหม่คลองเคียน-บ้านเจ้าวัด) ช่วงที่ 2", "road_no": "3027", "aumpher": "อำเภอห้วยคต", "office": "สาขาหนองฉาง", "branch_code": "61020000", "name_short": "อน.", "price_new": 450, "price_old": 250, "width_m": 8, "pt_i": 24 }, "geometry": { "type": "Point", "coordinates": [ 99.644463512163171, 15.236036195015904 ] } },
{ "type": "Feature", "properties": { "road_key": "61020000ST007.2", "road_name": "ทางหลวงชนบท อน.3027 (บ้านใหม่คลองเคียน-บ้านเจ้าวัด) ช่วงที่ 2", "road_no": "3027", "aumpher": "อำเภอห้วยคต", "office": "สาขาหนองฉาง", "branch_code": "61020000", "name_short": "อน.", "price_new": 450, "price_old": 250, "width_m": 8, "pt_i": 25 }, "geometry": { "type": "Point", "coordinates": [ 99.643380648993656, 15.235768670670478 ] } },
{ "type": "Feature", "properties": { "road_key": "61020000ST007.2", "road_name": "ทางหลวงชนบท อน.3027 (บ้านใหม่คลองเคียน-บ้านเจ้าวัด) ช่วงที่ 2", "road_no": "3027", "aumpher": "อำเภอห้วยคต", "office": "สาขาหนองฉาง", "branch_code": "61020000", "name_short": "อน.", "price_new": 450, "price_old": 250, "width_m": 8, "pt_i": 26 }, "geometry": { "type": "Point", "coordinates": [ 99.642297788360167, 15.235501140990031 ] } },
{ "type": "Feature", "properties": { "road_key": "61020000ST007.2", "road_name": "ทางหลวงชนบท อน.3027 (บ้านใหม่คลองเคียน-บ้านเจ้าวัด) ช่วงที่ 2", "road_no": "3027", "aumpher": "อำเภอห้วยคต", "office": "สาขาหนองฉาง", "branch_code": "61020000", "name_short": "อน.", "price_new": 450, "price_old": 250, "width_m": 8, "pt_i": 27 }, "geometry": { "type": "Point", "coordinates": [ 99.641216332717832, 15.235228522852617 ] } },
{ "type": "Feature", "properties": { "road_key": "61020000ST007.2", "road_name": "ทางหลวงชนบท อน.3027 (บ้านใหม่คลองเคียน-บ้านเจ้าวัด) ช่วงที่ 2", "road_no": "3027", "aumpher": "อำเภอห้วยคต", "office": "สาขาหนองฉาง", "branch_code": "61020000", "name_short": "อน.", "price_new": 450, "price_old": 250, "width_m": 8, "pt_i": 28 }, "geometry": { "type": "Point", "coordinates": [ 99.640161695959904, 15.234875852095973 ] } },
{ "type": "Feature", "properties": { "road_key": "61020000ST007.2", "road_name": "ทางหลวงชนบท อน.3027 (บ้านใหม่คลองเคียน-บ้านเจ้าวัด) ช่วงที่ 2", "road_no": "3027", "aumpher": "อำเภอห้วยคต", "office": "สาขาหนองฉาง", "branch_code": "61020000", "name_short": "อน.", "price_new": 450, "price_old": 250, "width_m": 8, "pt_i": 29 }, "geometry": { "type": "Point", "coordinates": [ 99.639131858526611, 15.234454970475609 ] } },
{ "type": "Feature", "properties": { "road_key": "61020000ST007.2", "road_name": "ทางหลวงชนบท อน.3027 (บ้านใหม่คลองเคียน-บ้านเจ้าวัด) ช่วงที่ 2", "road_no": "3027", "aumpher": "อำเภอห้วยคต", "office": "สาขาหนองฉาง", "branch_code": "61020000", "name_short": "อน.", "price_new": 450, "price_old": 250, "width_m": 8, "pt_i": 30 }, "geometry": { "type": "Point", "coordinates": [ 99.638105240594896, 15.234026729319993 ] } },
{ "type": "Feature", "properties": { "road_key": "61020000ST007.2", "road_name": "ทางหลวงชนบท อน.3027 (บ้านใหม่คลองเคียน-บ้านเจ้าวัด) ช่วงที่ 2", "road_no": "3027", "aumpher": "อำเภอห้วยคต", "office": "สาขาหนองฉาง", "branch_code": "61020000", "name_short": "อน.", "price_new": 450, "price_old": 250, "width_m": 8, "pt_i": 31 }, "geometry": { "type": "Point", "coordinates": [ 99.637120717760169, 15.233518983603842 ] } },
{ "type": "Feature", "properties": { "road_key": "61020000ST007.2", "road_name": "ทางหลวงชนบท อน.3027 (บ้านใหม่คลองเคียน-บ้านเจ้าวัด) ช่วงที่ 2", "road_no": "3027", "aumpher": "อำเภอห้วยคต", "office": "สาขาหนองฉาง", "branch_code": "61020000", "name_short": "อน.", "price_new": 450, "price_old": 250, "width_m": 8, "pt_i": 32 }, "geometry": { "type": "Point", "coordinates": [ 99.636188065196748, 15.232921557214999 ] } },
{ "type": "Feature", "properties": { "road_key": "61020000ST007.2", "road_name": "ทางหลวงชนบท อน.3027 (บ้านใหม่คลองเคียน-บ้านเจ้าวัด) ช่วงที่ 2", "road_no": "3027", "aumpher": "อำเภอห้วยคต", "office": "สาขาหนองฉาง", "branch_code": "61020000", "name_short": "อน.", "price_new": 450, "price_old": 250, "width_m": 8, "pt_i": 33 }, "geometry": { "type": "Point", "coordinates": [ 99.635256990073827, 15.232321798649737 ] } },
{ "type": "Feature", "properties": { "road_key": "61020000ST007.2", "road_name": "ทางหลวงชนบท อน.3027 (บ้านใหม่คลองเคียน-บ้านเจ้าวัด) ช่วงที่ 2", "road_no": "3027", "aumpher": "อำเภอห้วยคต", "office": "สาขาหนองฉาง", "branch_code": "61020000", "name_short": "อน.", "price_new": 450, "price_old": 250, "width_m": 8, "pt_i": 34 }, "geometry": { "type": "Point", "coordinates": [ 99.634326308759839, 15.231721468003592 ] } },
{ "type": "Feature", "properties": { "road_key": "61020000ST007.2", "road_name": "ทางหลวงชนบท อน.3027 (บ้านใหม่คลองเคียน-บ้านเจ้าวัด) ช่วงที่ 2", "road_no": "3027", "aumpher": "อำเภอห้วยคต", "office": "สาขาหนองฉาง", "branch_code": "61020000", "name_short": "อน.", "price_new": 450, "price_old": 250, "width_m": 8, "pt_i": 35 }, "geometry": { "type": "Point", "coordinates": [ 99.633395979373688, 15.231120626498781 ] } },
{ "type": "Feature", "properties": { "road_key": "61020000ST007.2", "road_name": "ทางหลวงชนบท อน.3027 (บ้านใหม่คลองเคียน-บ้านเจ้าวัด) ช่วงที่ 2", "road_no": "3027", "aumpher": "อำเภอห้วยคต", "office": "สาขาหนองฉาง", "branch_code": "61020000", "name_short": "อน.", "price_new": 450, "price_old": 250, "width_m": 8, "pt_i": 36 }, "geometry": { "type": "Point", "coordinates": [ 99.632464787779099, 15.230521071438305 ] } },
{ "type": "Feature", "properties": { "road_key": "61020000ST007.2", "road_name": "ทางหลวงชนบท อน.3027 (บ้านใหม่คลองเคียน-บ้านเจ้าวัด) ช่วงที่ 2", "road_no": "3027", "aumpher": "อำเภอห้วยคต", "office": "สาขาหนองฉาง", "branch_code": "61020000", "name_short": "อน.", "price_new": 450, "price_old": 250, "width_m": 8, "pt_i": 37 }, "geometry": { "type": "Point", "coordinates": [ 99.631469013804093, 15.230062467211951 ] } },
{ "type": "Feature", "properties": { "road_key": "61020000ST007.2", "road_name": "ทางหลวงชนบท อน.3027 (บ้านใหม่คลองเคียน-บ้านเจ้าวัด) ช่วงที่ 2", "road_no": "3027", "aumpher": "อำเภอห้วยคต", "office": "สาขาหนองฉาง", "branch_code": "61020000", "name_short": "อน.", "price_new": 450, "price_old": 250, "width_m": 8, "pt_i": 38 }, "geometry": { "type": "Point", "coordinates": [ 99.630357920266022, 15.229950929477489 ] } },
{ "type": "Feature", "properties": { "road_key": "61020000ST007.2", "road_name": "ทางหลวงชนบท อน.3027 (บ้านใหม่คลองเคียน-บ้านเจ้าวัด) ช่วงที่ 2", "road_no": "3027", "aumpher": "อำเภอห้วยคต", "office": "สาขาหนองฉาง", "branch_code": "61020000", "name_short": "อน.", "price_new": 450, "price_old": 250, "width_m": 8, "pt_i": 39 }, "geometry": { "type": "Point", "coordinates": [ 99.629258832283554, 15.229796245673256 ] } },
{ "type": "Feature", "properties": { "road_key": "61020000ST007.2", "road_name": "ทางหลวงชนบท อน.3027 (บ้านใหม่คลองเคียน-บ้านเจ้าวัด) ช่วงที่ 2", "road_no": "3027", "aumpher": "อำเภอห้วยคต", "office": "สาขาหนองฉาง", "branch_code": "61020000", "name_short": "อน.", "price_new": 450, "price_old": 250, "width_m": 8, "pt_i": 40 }, "geometry": { "type": "Point", "coordinates": [ 99.628282190972598, 15.229271260774498 ] } },
{ "type": "Feature", "properties": { "road_key": "61020000ST007.2", "road_name": "ทางหลวงชนบท อน.3027 (บ้านใหม่คลองเคียน-บ้านเจ้าวัด) ช่วงที่ 2", "road_no": "3027", "aumpher": "อำเภอห้วยคต", "office": "สาขาหนองฉาง", "branch_code": "61020000", "name_short": "อน.", "price_new": 450, "price_old": 250, "width_m": 8, "pt_i": 41 }, "geometry": { "type": "Point", "coordinates": [ 99.627318804150235, 15.228721734668474 ] } },
{ "type": "Feature", "properties": { "road_key": "61020000ST007.2", "road_name": "ทางหลวงชนบท อน.3027 (บ้านใหม่คลองเคียน-บ้านเจ้าวัด) ช่วงที่ 2", "road_no": "3027", "aumpher": "อำเภอห้วยคต", "office": "สาขาหนองฉาง", "branch_code": "61020000", "name_short": "อน.", "price_new": 450, "price_old": 250, "width_m": 8, "pt_i": 42 }, "geometry": { "type": "Point", "coordinates": [ 99.626334366642766, 15.228209136188504 ] } },
{ "type": "Feature", "properties": { "road_key": "61020000ST007.2", "road_name": "ทางหลวงชนบท อน.3027 (บ้านใหม่คลองเคียน-บ้านเจ้าวัด) ช่วงที่ 2", "road_no": "3027", "aumpher": "อำเภอห้วยคต", "office": "สาขาหนองฉาง", "branch_code": "61020000", "name_short": "อน.", "price_new": 450, "price_old": 250, "width_m": 8, "pt_i": 43 }, "geometry": { "type": "Point", "coordinates": [ 99.625356517344812, 15.227684531272129 ] } },
{ "type": "Feature", "properties": { "road_key": "61020000ST007.2", "road_name": "ทางหลวงชนบท อน.3027 (บ้านใหม่คลองเคียน-บ้านเจ้าวัด) ช่วงที่ 2", "road_no": "3027", "aumpher": "อำเภอห้วยคต", "office": "สาขาหนองฉาง", "branch_code": "61020000", "name_short": "อน.", "price_new": 450, "price_old": 250, "width_m": 8, "pt_i": 44 }, "geometry": { "type": "Point", "coordinates": [ 99.624424014331382, 15.227088056449588 ] } },
{ "type": "Feature", "properties": { "road_key": "61020000ST007.2", "road_name": "ทางหลวงชนบท อน.3027 (บ้านใหม่คลองเคียน-บ้านเจ้าวัด) ช่วงที่ 2", "road_no": "3027", "aumpher": "อำเภอห้วยคต", "office": "สาขาหนองฉาง", "branch_code": "61020000", "name_short": "อน.", "price_new": 450, "price_old": 250, "width_m": 8, "pt_i": 45 }, "geometry": { "type": "Point", "coordinates": [ 99.623607366967647, 15.226350329757745 ] } },
{ "type": "Feature", "properties": { "road_key": "61020000ST007.2", "road_name": "ทางหลวงชนบท อน.3027 (บ้านใหม่คลองเคียน-บ้านเจ้าวัด) ช่วงที่ 2", "road_no": "3027", "aumpher": "อำเภอห้วยคต", "office": "สาขาหนองฉาง", "branch_code": "61020000", "name_short": "อน.", "price_new": 450, "price_old": 250, "width_m": 8, "pt_i": 46 }, "geometry": { "type": "Point", "coordinates": [ 99.622816701024433, 15.225583797111689 ] } },
{ "type": "Feature", "properties": { "road_key": "61020000ST007.2", "road_name": "ทางหลวงชนบท อน.3027 (บ้านใหม่คลองเคียน-บ้านเจ้าวัด) ช่วงที่ 2", "road_no": "3027", "aumpher": "อำเภอห้วยคต", "office": "สาขาหนองฉาง", "branch_code": "61020000", "name_short": "อน.", "price_new": 450, "price_old": 250, "width_m": 8, "pt_i": 47 }, "geometry": { "type": "Point", "coordinates": [ 99.622027837209629, 15.224815528387357 ] } },
{ "type": "Feature", "properties": { "road_key": "61020000ST007.2", "road_name": "ทางหลวงชนบท อน.3027 (บ้านใหม่คลองเคียน-บ้านเจ้าวัด) ช่วงที่ 2", "road_no": "3027", "aumpher": "อำเภอห้วยคต", "office": "สาขาหนองฉาง", "branch_code": "61020000", "name_short": "อน.", "price_new": 450, "price_old": 250, "width_m": 8, "pt_i": 48 }, "geometry": { "type": "Point", "coordinates": [ 99.621243486650869, 15.224042908136006 ] } },
{ "type": "Feature", "properties": { "road_key": "61020000ST007.2", "road_name": "ทางหลวงชนบท อน.3027 (บ้านใหม่คลองเคียน-บ้านเจ้าวัด) ช่วงที่ 2", "road_no": "3027", "aumpher": "อำเภอห้วยคต", "office": "สาขาหนองฉาง", "branch_code": "61020000", "name_short": "อน.", "price_new": 450, "price_old": 250, "width_m": 8, "pt_i": 49 }, "geometry": { "type": "Point", "coordinates": [ 99.620490149219719, 15.223242108576919 ] } },
{ "type": "Feature", "properties": { "road_key": "61020000ST007.2", "road_name": "ทางหลวงชนบท อน.3027 (บ้านใหม่คลองเคียน-บ้านเจ้าวัด) ช่วงที่ 2", "road_no": "3027", "aumpher": "อำเภอห้วยคต", "office": "สาขาหนองฉาง", "branch_code": "61020000", "name_short": "อน.", "price_new": 450, "price_old": 250, "width_m": 8, "pt_i": 50 }, "geometry": { "type": "Point", "coordinates": [ 99.619806360128848, 15.222384696474737 ] } },
{ "type": "Feature", "properties": { "road_key": "61020000ST007.2", "road_name": "ทางหลวงชนบท อน.3027 (บ้านใหม่คลองเคียน-บ้านเจ้าวัด) ช่วงที่ 2", "road_no": "3027", "aumpher": "อำเภอห้วยคต", "office": "สาขาหนองฉาง", "branch_code": "61020000", "name_short": "อน.", "price_new": 450, "price_old": 250, "width_m": 8, "pt_i": 51 }, "geometry": { "type": "Point", "coordinates": [ 99.619153102696259, 15.221504668376895 ] } },
{ "type": "Feature", "properties": { "road_key": "61020000ST007.2", "road_name": "ทางหลวงชนบท อน.3027 (บ้านใหม่คลองเคียน-บ้านเจ้าวัด) ช่วงที่ 2", "road_no": "3027", "aumpher": "อำเภอห้วยคต", "office": "สาขาหนองฉาง", "branch_code": "61020000", "name_short": "อน.", "price_new": 450, "price_old": 250, "width_m": 8, "pt_i": 52 }, "geometry": { "type": "Point", "coordinates": [ 99.618509071505528, 15.220618831937051 ] } },
{ "type": "Feature", "properties": { "road_key": "61020000ST007.2", "road_name": "ทางหลวงชนบท อน.3027 (บ้านใหม่คลองเคียน-บ้านเจ้าวัด) ช่วงที่ 2", "road_no": "3027", "aumpher": "อำเภอห้วยคต", "office": "สาขาหนองฉาง", "branch_code": "61020000", "name_short": "อน.", "price_new": 450, "price_old": 250, "width_m": 8, "pt_i": 53 }, "geometry": { "type": "Point", "coordinates": [ 99.61774770444363, 15.219824982097361 ] } },
{ "type": "Feature", "properties": { "road_key": "61020000ST007.2", "road_name": "ทางหลวงชนบท อน.3027 (บ้านใหม่คลองเคียน-บ้านเจ้าวัด) ช่วงที่ 2", "road_no": "3027", "aumpher": "อำเภอห้วยคต", "office": "สาขาหนองฉาง", "branch_code": "61020000", "name_short": "อน.", "price_new": 450, "price_old": 250, "width_m": 8, "pt_i": 54 }, "geometry": { "type": "Point", "coordinates": [ 99.616979185994666, 15.219037602593842 ] } },
{ "type": "Feature", "properties": { "road_key": "61020000ST007.2", "road_name": "ทางหลวงชนบท อน.3027 (บ้านใหม่คลองเคียน-บ้านเจ้าวัด) ช่วงที่ 2", "road_no": "3027", "aumpher": "อำเภอห้วยคต", "office": "สาขาหนองฉาง", "branch_code": "61020000", "name_short": "อน.", "price_new": 450, "price_old": 250, "width_m": 8, "pt_i": 55 }, "geometry": { "type": "Point", "coordinates": [ 99.616253633902218, 15.218213217673167 ] } },
{ "type": "Feature", "properties": { "road_key": "61020000ST007.2", "road_name": "ทางหลวงชนบท อน.3027 (บ้านใหม่คลองเคียน-บ้านเจ้าวัด) ช่วงที่ 2", "road_no": "3027", "aumpher": "อำเภอห้วยคต", "office": "สาขาหนองฉาง", "branch_code": "61020000", "name_short": "อน.", "price_new": 450, "price_old": 250, "width_m": 8, "pt_i": 56 }, "geometry": { "type": "Point", "coordinates": [ 99.61555858466771, 15.217364056488449 ] } },
{ "type": "Feature", "properties": { "road_key": "61020000ST007.2", "road_name": "ทางหลวงชนบท อน.3027 (บ้านใหม่คลองเคียน-บ้านเจ้าวัด) ช่วงที่ 2", "road_no": "3027", "aumpher": "อำเภอห้วยคต", "office": "สาขาหนองฉาง", "branch_code": "61020000", "name_short": "อน.", "price_new": 450, "price_old": 250, "width_m": 8, "pt_i": 57 }, "geometry": { "type": "Point", "coordinates": [ 99.614782054314119, 15.21658533454424 ] } },
{ "type": "Feature", "properties": { "road_key": "61020000ST007.2", "road_name": "ทางหลวงชนบท อน.3027 (บ้านใหม่คลองเคียน-บ้านเจ้าวัด) ช่วงที่ 2", "road_no": "3027", "aumpher": "อำเภอห้วยคต", "office": "สาขาหนองฉาง", "branch_code": "61020000", "name_short": "อน.", "price_new": 450, "price_old": 250, "width_m": 8, "pt_i": 58 }, "geometry": { "type": "Point", "coordinates": [ 99.61396520543579, 15.215845172893788 ] } },
{ "type": "Feature", "properties": { "road_key": "61020000ST007.2", "road_name": "ทางหลวงชนบท อน.3027 (บ้านใหม่คลองเคียน-บ้านเจ้าวัด) ช่วงที่ 2", "road_no": "3027", "aumpher": "อำเภอห้วยคต", "office": "สาขาหนองฉาง", "branch_code": "61020000", "name_short": "อน.", "price_new": 450, "price_old": 250, "width_m": 8, "pt_i": 59 }, "geometry": { "type": "Point", "coordinates": [ 99.613165285515734, 15.215087812249536 ] } },
{ "type": "Feature", "properties": { "road_key": "61020000ST007.2", "road_name": "ทางหลวงชนบท อน.3027 (บ้านใหม่คลองเคียน-บ้านเจ้าวัด) ช่วงที่ 2", "road_no": "3027", "aumpher": "อำเภอห้วยคต", "office": "สาขาหนองฉาง", "branch_code": "61020000", "name_short": "อน.", "price_new": 450, "price_old": 250, "width_m": 8, "pt_i": 60 }, "geometry": { "type": "Point", "coordinates": [ 99.612366744217084, 15.214329053484642 ] } },
{ "type": "Feature", "properties": { "road_key": "61020000ST007.2", "road_name": "ทางหลวงชนบท อน.3027 (บ้านใหม่คลองเคียน-บ้านเจ้าวัด) ช่วงที่ 2", "road_no": "3027", "aumpher": "อำเภอห้วยคต", "office": "สาขาหนองฉาง", "branch_code": "61020000", "name_short": "อน.", "price_new": 450, "price_old": 250, "width_m": 8, "pt_i": 61 }, "geometry": { "type": "Point", "coordinates": [ 99.611623026909101, 15.213519520831962 ] } },
{ "type": "Feature", "properties": { "road_key": "61020000ST007.2", "road_name": "ทางหลวงชนบท อน.3027 (บ้านใหม่คลองเคียน-บ้านเจ้าวัด) ช่วงที่ 2", "road_no": "3027", "aumpher": "อำเภอห้วยคต", "office": "สาขาหนองฉาง", "branch_code": "61020000", "name_short": "อน.", "price_new": 450, "price_old": 250, "width_m": 8, "pt_i": 62 }, "geometry": { "type": "Point", "coordinates": [ 99.61087732159298, 15.212711799723916 ] } },
{ "type": "Feature", "properties": { "road_key": "61020000ST007.2", "road_name": "ทางหลวงชนบท อน.3027 (บ้านใหม่คลองเคียน-บ้านเจ้าวัด) ช่วงที่ 2", "road_no": "3027", "aumpher": "อำเภอห้วยคต", "office": "สาขาหนองฉาง", "branch_code": "61020000", "name_short": "อน.", "price_new": 450, "price_old": 250, "width_m": 8, "pt_i": 63 }, "geometry": { "type": "Point", "coordinates": [ 99.610088295402448, 15.211943720666971 ] } },
{ "type": "Feature", "properties": { "road_key": "61020000ST007.2", "road_name": "ทางหลวงชนบท อน.3027 (บ้านใหม่คลองเคียน-บ้านเจ้าวัด) ช่วงที่ 2", "road_no": "3027", "aumpher": "อำเภอห้วยคต", "office": "สาขาหนองฉาง", "branch_code": "61020000", "name_short": "อน.", "price_new": 450, "price_old": 250, "width_m": 8, "pt_i": 64 }, "geometry": { "type": "Point", "coordinates": [ 99.609297000915987, 15.211177888314136 ] } },
{ "type": "Feature", "properties": { "road_key": "61020000ST007.2", "road_name": "ทางหลวงชนบท อน.3027 (บ้านใหม่คลองเคียน-บ้านเจ้าวัด) ช่วงที่ 2", "road_no": "3027", "aumpher": "อำเภอห้วยคต", "office": "สาขาหนองฉาง", "branch_code": "61020000", "name_short": "อน.", "price_new": 450, "price_old": 250, "width_m": 8, "pt_i": 65 }, "geometry": { "type": "Point", "coordinates": [ 99.608491403321779, 15.210426208919547 ] } },
{ "type": "Feature", "properties": { "road_key": "61020000ST007.2", "road_name": "ทางหลวงชนบท อน.3027 (บ้านใหม่คลองเคียน-บ้านเจ้าวัด) ช่วงที่ 2", "road_no": "3027", "aumpher": "อำเภอห้วยคต", "office": "สาขาหนองฉาง", "branch_code": "61020000", "name_short": "อน.", "price_new": 450, "price_old": 250, "width_m": 8, "pt_i": 66 }, "geometry": { "type": "Point", "coordinates": [ 99.607684166161079, 15.209676228995001 ] } },
{ "type": "Feature", "properties": { "road_key": "61020000ST007.2", "road_name": "ทางหลวงชนบท อน.3027 (บ้านใหม่คลองเคียน-บ้านเจ้าวัด) ช่วงที่ 2", "road_no": "3027", "aumpher": "อำเภอห้วยคต", "office": "สาขาหนองฉาง", "branch_code": "61020000", "name_short": "อน.", "price_new": 450, "price_old": 250, "width_m": 8, "pt_i": 67 }, "geometry": { "type": "Point", "coordinates": [ 99.606860407382584, 15.208943349225923 ] } },
{ "type": "Feature", "properties": { "road_key": "61020000ST007.3", "road_name": "ทางหลวงชนบท อน.3027 (บ้านใหม่คลองเคียน-บ้านเจ้าวัด) ช่วงที่ 3", "road_no": "3027", "aumpher": "อำเภอห้วยคต", "office": "สาขาหนองฉาง", "branch_code": "61020000", "name_short": "อน.", "price_new": 450, "price_old": 250, "width_m": 8, "pt_i": 0 }, "geometry": { "type": "Point", "coordinates": [ 99.606073362071285, 15.20824448736067 ] } },
{ "type": "Feature", "properties": { "road_key": "61020000ST007.3", "road_name": "ทางหลวงชนบท อน.3027 (บ้านใหม่คลองเคียน-บ้านเจ้าวัด) ช่วงที่ 3", "road_no": "3027", "aumpher": "อำเภอห้วยคต", "office": "สาขาหนองฉาง", "branch_code": "61020000", "name_short": "อน.", "price_new": 450, "price_old": 250, "width_m": 8, "pt_i": 1 }, "geometry": { "type": "Point", "coordinates": [ 99.605233891014024, 15.207528621640254 ] } },
{ "type": "Feature", "properties": { "road_key": "61020000ST007.3", "road_name": "ทางหลวงชนบท อน.3027 (บ้านใหม่คลองเคียน-บ้านเจ้าวัด) ช่วงที่ 3", "road_no": "3027", "aumpher": "อำเภอห้วยคต", "office": "สาขาหนองฉาง", "branch_code": "61020000", "name_short": "อน.", "price_new": 450, "price_old": 250, "width_m": 8, "pt_i": 2 }, "geometry": { "type": "Point", "coordinates": [ 99.604384740552419, 15.206823891434636 ] } },
{ "type": "Feature", "properties": { "road_key": "61020000ST007.3", "road_name": "ทางหลวงชนบท อน.3027 (บ้านใหม่คลองเคียน-บ้านเจ้าวัด) ช่วงที่ 3", "road_no": "3027", "aumpher": "อำเภอห้วยคต", "office": "สาขาหนองฉาง", "branch_code": "61020000", "name_short": "อน.", "price_new": 450, "price_old": 250, "width_m": 8, "pt_i": 3 }, "geometry": { "type": "Point", "coordinates": [ 99.603377335035674, 15.206411799357783 ] } },
{ "type": "Feature", "properties": { "road_key": "61020000ST007.3", "road_name": "ทางหลวงชนบท อน.3027 (บ้านใหม่คลองเคียน-บ้านเจ้าวัด) ช่วงที่ 3", "road_no": "3027", "aumpher": "อำเภอห้วยคต", "office": "สาขาหนองฉาง", "branch_code": "61020000", "name_short": "อน.", "price_new": 450, "price_old": 250, "width_m": 8, "pt_i": 4 }, "geometry": { "type": "Point", "coordinates": [ 99.602279086842046, 15.206212709368327 ] } },
{ "type": "Feature", "properties": { "road_key": "61020000ST007.3", "road_name": "ทางหลวงชนบท อน.3027 (บ้านใหม่คลองเคียน-บ้านเจ้าวัด) ช่วงที่ 3", "road_no": "3027", "aumpher": "อำเภอห้วยคต", "office": "สาขาหนองฉาง", "branch_code": "61020000", "name_short": "อน.", "price_new": 450, "price_old": 250, "width_m": 8, "pt_i": 5 }, "geometry": { "type": "Point", "coordinates": [ 99.601180840510139, 15.206013613937905 ] } },
{ "type": "Feature", "properties": { "road_key": "61020000ST007.3", "road_name": "ทางหลวงชนบท อน.3027 (บ้านใหม่คลองเคียน-บ้านเจ้าวัด) ช่วงที่ 3", "road_no": "3027", "aumpher": "อำเภอห้วยคต", "office": "สาขาหนองฉาง", "branch_code": "61020000", "name_short": "อน.", "price_new": 450, "price_old": 250, "width_m": 8, "pt_i": 6 }, "geometry": { "type": "Point", "coordinates": [ 99.60008307401867, 15.205812045282608 ] } },
{ "type": "Feature", "properties": { "road_key": "61020000ST007.3", "road_name": "ทางหลวงชนบท อน.3027 (บ้านใหม่คลองเคียน-บ้านเจ้าวัด) ช่วงที่ 3", "road_no": "3027", "aumpher": "อำเภอห้วยคต", "office": "สาขาหนองฉาง", "branch_code": "61020000", "name_short": "อน.", "price_new": 450, "price_old": 250, "width_m": 8, "pt_i": 7 }, "geometry": { "type": "Point", "coordinates": [ 99.599003027390268, 15.205566461511118 ] } },
{ "type": "Feature", "properties": { "road_key": "61020000ST007.3", "road_name": "ทางหลวงชนบท อน.3027 (บ้านใหม่คลองเคียน-บ้านเจ้าวัด) ช่วงที่ 3", "road_no": "3027", "aumpher": "อำเภอห้วยคต", "office": "สาขาหนองฉาง", "branch_code": "61020000", "name_short": "อน.", "price_new": 450, "price_old": 250, "width_m": 8, "pt_i": 8 }, "geometry": { "type": "Point", "coordinates": [ 99.598075310421279, 15.204962390038629 ] } },
{ "type": "Feature", "properties": { "road_key": "61020000ST007.3", "road_name": "ทางหลวงชนบท อน.3027 (บ้านใหม่คลองเคียน-บ้านเจ้าวัด) ช่วงที่ 3", "road_no": "3027", "aumpher": "อำเภอห้วยคต", "office": "สาขาหนองฉาง", "branch_code": "61020000", "name_short": "อน.", "price_new": 450, "price_old": 250, "width_m": 8, "pt_i": 9 }, "geometry": { "type": "Point", "coordinates": [ 99.597156441660175, 15.204345296214308 ] } },
{ "type": "Feature", "properties": { "road_key": "61020000ST007.3", "road_name": "ทางหลวงชนบท อน.3027 (บ้านใหม่คลองเคียน-บ้านเจ้าวัด) ช่วงที่ 3", "road_no": "3027", "aumpher": "อำเภอห้วยคต", "office": "สาขาหนองฉาง", "branch_code": "61020000", "name_short": "อน.", "price_new": 450, "price_old": 250, "width_m": 8, "pt_i": 10 }, "geometry": { "type": "Point", "coordinates": [ 99.596229947721653, 15.203739190801333 ] } },
{ "type": "Feature", "properties": { "road_key": "61020000ST007.3", "road_name": "ทางหลวงชนบท อน.3027 (บ้านใหม่คลองเคียน-บ้านเจ้าวัด) ช่วงที่ 3", "road_no": "3027", "aumpher": "อำเภอห้วยคต", "office": "สาขาหนองฉาง", "branch_code": "61020000", "name_short": "อน.", "price_new": 450, "price_old": 250, "width_m": 8, "pt_i": 11 }, "geometry": { "type": "Point", "coordinates": [ 99.595296145600571, 15.203143616928388 ] } },
{ "type": "Feature", "properties": { "road_key": "61020000ST007.3", "road_name": "ทางหลวงชนบท อน.3027 (บ้านใหม่คลองเคียน-บ้านเจ้าวัด) ช่วงที่ 3", "road_no": "3027", "aumpher": "อำเภอห้วยคต", "office": "สาขาหนองฉาง", "branch_code": "61020000", "name_short": "อน.", "price_new": 450, "price_old": 250, "width_m": 8, "pt_i": 12 }, "geometry": { "type": "Point", "coordinates": [ 99.594362348638484, 15.202548038959181 ] } },
{ "type": "Feature", "properties": { "road_key": "61020000ST009.1", "road_name": "ทางหลวงชนบท อน 3011 (สายแยก ทล. 333-บ้านทองหลาง) ช่วงที่ 1", "road_no": "3011", "aumpher": "อำเภอห้วยคต", "office": "สาขาหนองฉาง", "branch_code": "61020000", "name_short": "อน.", "price_new": 450, "price_old": 450, "width_m": 8, "pt_i": 0 }, "geometry": { "type": "Point", "coordinates": [ 99.682326860337028, 15.288116134472274 ] } },
{ "type": "Feature", "properties": { "road_key": "61020000ST009.1", "road_name": "ทางหลวงชนบท อน 3011 (สายแยก ทล. 333-บ้านทองหลาง) ช่วงที่ 1", "road_no": "3011", "aumpher": "อำเภอห้วยคต", "office": "สาขาหนองฉาง", "branch_code": "61020000", "name_short": "อน.", "price_new": 450, "price_old": 450, "width_m": 8, "pt_i": 1 }, "geometry": { "type": "Point", "coordinates": [ 99.681211757342382, 15.288189164317625 ] } },
{ "type": "Feature", "properties": { "road_key": "61020000ST009.1", "road_name": "ทางหลวงชนบท อน 3011 (สายแยก ทล. 333-บ้านทองหลาง) ช่วงที่ 1", "road_no": "3011", "aumpher": "อำเภอห้วยคต", "office": "สาขาหนองฉาง", "branch_code": "61020000", "name_short": "อน.", "price_new": 450, "price_old": 450, "width_m": 8, "pt_i": 2 }, "geometry": { "type": "Point", "coordinates": [ 99.680096048872585, 15.288252417950904 ] } },
{ "type": "Feature", "properties": { "road_key": "61020000ST009.1", "road_name": "ทางหลวงชนบท อน 3011 (สายแยก ทล. 333-บ้านทองหลาง) ช่วงที่ 1", "road_no": "3011", "aumpher": "อำเภอห้วยคต", "office": "สาขาหนองฉาง", "branch_code": "61020000", "name_short": "อน.", "price_new": 450, "price_old": 450, "width_m": 8, "pt_i": 3 }, "geometry": { "type": "Point", "coordinates": [ 99.678979954699045, 15.28830944560994 ] } },
{ "type": "Feature", "properties": { "road_key": "61020000ST009.1", "road_name": "ทางหลวงชนบท อน 3011 (สายแยก ทล. 333-บ้านทองหลาง) ช่วงที่ 1", "road_no": "3011", "aumpher": "อำเภอห้วยคต", "office": "สาขาหนองฉาง", "branch_code": "61020000", "name_short": "อน.", "price_new": 450, "price_old": 450, "width_m": 8, "pt_i": 4 }, "geometry": { "type": "Point", "coordinates": [ 99.677862832633238, 15.288337792148686 ] } },
{ "type": "Feature", "properties": { "road_key": "61020000ST009.1", "road_name": "ทางหลวงชนบท อน 3011 (สายแยก ทล. 333-บ้านทองหลาง) ช่วงที่ 1", "road_no": "3011", "aumpher": "อำเภอห้วยคต", "office": "สาขาหนองฉาง", "branch_code": "61020000", "name_short": "อน.", "price_new": 450, "price_old": 450, "width_m": 8, "pt_i": 5 }, "geometry": { "type": "Point", "coordinates": [ 99.676745829221474, 15.288301681468887 ] } },
{ "type": "Feature", "properties": { "road_key": "61020000ST009.2", "road_name": "ทางหลวงชนบท อน 3011 (สายแยก ทล. 333-บ้านทองหลาง) ช่วงที่ 2", "road_no": "3011", "aumpher": "อำเภอห้วยคต", "office": "สาขาหนองฉาง", "branch_code": "61020000", "name_short": "อน.", "price_new": 450, "price_old": 450, "width_m": 8, "pt_i": 0 }, "geometry": { "type": "Point", "coordinates": [ 99.676223615142192, 15.288148177434227 ] } },
{ "type": "Feature", "properties": { "road_key": "61020000ST009.2", "road_name": "ทางหลวงชนบท อน 3011 (สายแยก ทล. 333-บ้านทองหลาง) ช่วงที่ 2", "road_no": "3011", "aumpher": "อำเภอห้วยคต", "office": "สาขาหนองฉาง", "branch_code": "61020000", "name_short": "อน.", "price_new": 450, "price_old": 450, "width_m": 8, "pt_i": 1 }, "geometry": { "type": "Point", "coordinates": [ 99.675183043777722, 15.287752310244491 ] } },
{ "type": "Feature", "properties": { "road_key": "61020000ST009.2", "road_name": "ทางหลวงชนบท อน 3011 (สายแยก ทล. 333-บ้านทองหลาง) ช่วงที่ 2", "road_no": "3011", "aumpher": "อำเภอห้วยคต", "office": "สาขาหนองฉาง", "branch_code": "61020000", "name_short": "อน.", "price_new": 450, "price_old": 450, "width_m": 8, "pt_i": 2 }, "geometry": { "type": "Point", "coordinates": [ 99.674165318107342, 15.287306131403506 ] } },
{ "type": "Feature", "properties": { "road_key": "61020000ST009.2", "road_name": "ทางหลวงชนบท อน 3011 (สายแยก ทล. 333-บ้านทองหลาง) ช่วงที่ 2", "road_no": "3011", "aumpher": "อำเภอห้วยคต", "office": "สาขาหนองฉาง", "branch_code": "61020000", "name_short": "อน.", "price_new": 450, "price_old": 450, "width_m": 8, "pt_i": 3 }, "geometry": { "type": "Point", "coordinates": [ 99.673180636070455, 15.286792955105907 ] } },
{ "type": "Feature", "properties": { "road_key": "61020000ST009.2", "road_name": "ทางหลวงชนบท อน 3011 (สายแยก ทล. 333-บ้านทองหลาง) ช่วงที่ 2", "road_no": "3011", "aumpher": "อำเภอห้วยคต", "office": "สาขาหนองฉาง", "branch_code": "61020000", "name_short": "อน.", "price_new": 450, "price_old": 450, "width_m": 8, "pt_i": 4 }, "geometry": { "type": "Point", "coordinates": [ 99.672212187327474, 15.286251814925704 ] } },
{ "type": "Feature", "properties": { "road_key": "61020000ST009.2", "road_name": "ทางหลวงชนบท อน 3011 (สายแยก ทล. 333-บ้านทองหลาง) ช่วงที่ 2", "road_no": "3011", "aumpher": "อำเภอห้วยคต", "office": "สาขาหนองฉาง", "branch_code": "61020000", "name_short": "อน.", "price_new": 450, "price_old": 450, "width_m": 8, "pt_i": 5 }, "geometry": { "type": "Point", "coordinates": [ 99.671330557566378, 15.285598192156927 ] } },
{ "type": "Feature", "properties": { "road_key": "61020000ST009.2", "road_name": "ทางหลวงชนบท อน 3011 (สายแยก ทล. 333-บ้านทองหลาง) ช่วงที่ 2", "road_no": "3011", "aumpher": "อำเภอห้วยคต", "office": "สาขาหนองฉาง", "branch_code": "61020000", "name_short": "อน.", "price_new": 450, "price_old": 450, "width_m": 8, "pt_i": 6 }, "geometry": { "type": "Point", "coordinates": [ 99.670932723628511, 15.284593965410117 ] } },
{ "type": "Feature", "properties": { "road_key": "61020000ST009.2", "road_name": "ทางหลวงชนบท อน 3011 (สายแยก ทล. 333-บ้านทองหลาง) ช่วงที่ 2", "road_no": "3011", "aumpher": "อำเภอห้วยคต", "office": "สาขาหนองฉาง", "branch_code": "61020000", "name_short": "อน.", "price_new": 450, "price_old": 450, "width_m": 8, "pt_i": 7 }, "geometry": { "type": "Point", "coordinates": [ 99.670721362614216, 15.283528691505445 ] } },
{ "type": "Feature", "properties": { "road_key": "61020000ST009.2", "road_name": "ทางหลวงชนบท อน 3011 (สายแยก ทล. 333-บ้านทองหลาง) ช่วงที่ 2", "road_no": "3011", "aumpher": "อำเภอห้วยคต", "office": "สาขาหนองฉาง", "branch_code": "61020000", "name_short": "อน.", "price_new": 450, "price_old": 450, "width_m": 8, "pt_i": 8 }, "geometry": { "type": "Point", "coordinates": [ 99.670418495556689, 15.282492538091448 ] } },
{ "type": "Feature", "properties": { "road_key": "61020000ST009.2", "road_name": "ทางหลวงชนบท อน 3011 (สายแยก ทล. 333-บ้านทองหลาง) ช่วงที่ 2", "road_no": "3011", "aumpher": "อำเภอห้วยคต", "office": "สาขาหนองฉาง", "branch_code": "61020000", "name_short": "อน.", "price_new": 450, "price_old": 450, "width_m": 8, "pt_i": 9 }, "geometry": { "type": "Point", "coordinates": [ 99.669852639482869, 15.281557395714229 ] } },
{ "type": "Feature", "properties": { "road_key": "61020000ST009.2", "road_name": "ทางหลวงชนบท อน 3011 (สายแยก ทล. 333-บ้านทองหลาง) ช่วงที่ 2", "road_no": "3011", "aumpher": "อำเภอห้วยคต", "office": "สาขาหนองฉาง", "branch_code": "61020000", "name_short": "อน.", "price_new": 450, "price_old": 450, "width_m": 8, "pt_i": 10 }, "geometry": { "type": "Point", "coordinates": [ 99.668988423030257, 15.280937220711403 ] } },
{ "type": "Feature", "properties": { "road_key": "61020000ST009.2", "road_name": "ทางหลวงชนบท อน 3011 (สายแยก ทล. 333-บ้านทองหลาง) ช่วงที่ 2", "road_no": "3011", "aumpher": "อำเภอห้วยคต", "office": "สาขาหนองฉาง", "branch_code": "61020000", "name_short": "อน.", "price_new": 450, "price_old": 450, "width_m": 8, "pt_i": 11 }, "geometry": { "type": "Point", "coordinates": [ 99.667873511046821, 15.280939401637845 ] } },
{ "type": "Feature", "properties": { "road_key": "61020000ST009.2", "road_name": "ทางหลวงชนบท อน 3011 (สายแยก ทล. 333-บ้านทองหลาง) ช่วงที่ 2", "road_no": "3011", "aumpher": "อำเภอห้วยคต", "office": "สาขาหนองฉาง", "branch_code": "61020000", "name_short": "อน.", "price_new": 450, "price_old": 450, "width_m": 8, "pt_i": 12 }, "geometry": { "type": "Point", "coordinates": [ 99.666756474182733, 15.280973935768692 ] } },
{ "type": "Feature", "properties": { "road_key": "61020000ST009.2", "road_name": "ทางหลวงชนบท อน 3011 (สายแยก ทล. 333-บ้านทองหลาง) ช่วงที่ 2", "road_no": "3011", "aumpher": "อำเภอห้วยคต", "office": "สาขาหนองฉาง", "branch_code": "61020000", "name_short": "อน.", "price_new": 450, "price_old": 450, "width_m": 8, "pt_i": 13 }, "geometry": { "type": "Point", "coordinates": [ 99.665639607110165, 15.281013088570749 ] } },
{ "type": "Feature", "properties": { "road_key": "61020000ST009.2", "road_name": "ทางหลวงชนบท อน 3011 (สายแยก ทล. 333-บ้านทองหลาง) ช่วงที่ 2", "road_no": "3011", "aumpher": "อำเภอห้วยคต", "office": "สาขาหนองฉาง", "branch_code": "61020000", "name_short": "อน.", "price_new": 450, "price_old": 450, "width_m": 8, "pt_i": 14 }, "geometry": { "type": "Point", "coordinates": [ 99.664522934411437, 15.281051877916024 ] } },
{ "type": "Feature", "properties": { "road_key": "61020000ST009.2", "road_name": "ทางหลวงชนบท อน 3011 (สายแยก ทล. 333-บ้านทองหลาง) ช่วงที่ 2", "road_no": "3011", "aumpher": "อำเภอห้วยคต", "office": "สาขาหนองฉาง", "branch_code": "61020000", "name_short": "อน.", "price_new": 450, "price_old": 450, "width_m": 8, "pt_i": 15 }, "geometry": { "type": "Point", "coordinates": [ 99.663407805748164, 15.28097977251594 ] } },
{ "type": "Feature", "properties": { "road_key": "61020000ST009.2", "road_name": "ทางหลวงชนบท อน 3011 (สายแยก ทล. 333-บ้านทองหลาง) ช่วงที่ 2", "road_no": "3011", "aumpher": "อำเภอห้วยคต", "office": "สาขาหนองฉาง", "branch_code": "61020000", "name_short": "อน.", "price_new": 450, "price_old": 450, "width_m": 8, "pt_i": 16 }, "geometry": { "type": "Point", "coordinates": [ 99.66229289350261, 15.280904531739997 ] } },
{ "type": "Feature", "properties": { "road_key": "61020000ST009.2", "road_name": "ทางหลวงชนบท อน 3011 (สายแยก ทล. 333-บ้านทองหลาง) ช่วงที่ 2", "road_no": "3011", "aumpher": "อำเภอห้วยคต", "office": "สาขาหนองฉาง", "branch_code": "61020000", "name_short": "อน.", "price_new": 450, "price_old": 450, "width_m": 8, "pt_i": 17 }, "geometry": { "type": "Point", "coordinates": [ 99.661178266063146, 15.280825407961558 ] } },
{ "type": "Feature", "properties": { "road_key": "61020000ST009.2", "road_name": "ทางหลวงชนบท อน 3011 (สายแยก ทล. 333-บ้านทองหลาง) ช่วงที่ 2", "road_no": "3011", "aumpher": "อำเภอห้วยคต", "office": "สาขาหนองฉาง", "branch_code": "61020000", "name_short": "อน.", "price_new": 450, "price_old": 450, "width_m": 8, "pt_i": 18 }, "geometry": { "type": "Point", "coordinates": [ 99.660061831787374, 15.28077875802872 ] } },
{ "type": "Feature", "properties": { "road_key": "61020000ST009.2", "road_name": "ทางหลวงชนบท อน 3011 (สายแยก ทล. 333-บ้านทองหลาง) ช่วงที่ 2", "road_no": "3011", "aumpher": "อำเภอห้วยคต", "office": "สาขาหนองฉาง", "branch_code": "61020000", "name_short": "อน.", "price_new": 450, "price_old": 450, "width_m": 8, "pt_i": 19 }, "geometry": { "type": "Point", "coordinates": [ 99.658944559859549, 15.280797490606734 ] } },
{ "type": "Feature", "properties": { "road_key": "61020000ST009.2", "road_name": "ทางหลวงชนบท อน 3011 (สายแยก ทล. 333-บ้านทองหลาง) ช่วงที่ 2", "road_no": "3011", "aumpher": "อำเภอห้วยคต", "office": "สาขาหนองฉาง", "branch_code": "61020000", "name_short": "อน.", "price_new": 450, "price_old": 450, "width_m": 8, "pt_i": 20 }, "geometry": { "type": "Point", "coordinates": [ 99.657828589777552, 15.280854931598673 ] } },
{ "type": "Feature", "properties": { "road_key": "61020000ST009.2", "road_name": "ทางหลวงชนบท อน 3011 (สายแยก ทล. 333-บ้านทองหลาง) ช่วงที่ 2", "road_no": "3011", "aumpher": "อำเภอห้วยคต", "office": "สาขาหนองฉาง", "branch_code": "61020000", "name_short": "อน.", "price_new": 450, "price_old": 450, "width_m": 8, "pt_i": 21 }, "geometry": { "type": "Point", "coordinates": [ 99.656712639664292, 15.280912126870529 ] } },
{ "type": "Feature", "properties": { "road_key": "61020000ST009.2", "road_name": "ทางหลวงชนบท อน 3011 (สายแยก ทล. 333-บ้านทองหลาง) ช่วงที่ 2", "road_no": "3011", "aumpher": "อำเภอห้วยคต", "office": "สาขาหนองฉาง", "branch_code": "61020000", "name_short": "อน.", "price_new": 450, "price_old": 450, "width_m": 8, "pt_i": 22 }, "geometry": { "type": "Point", "coordinates": [ 99.655597991735547, 15.280887953451479 ] } },
{ "type": "Feature", "properties": { "road_key": "61020000ST009.2", "road_name": "ทางหลวงชนบท อน 3011 (สายแยก ทล. 333-บ้านทองหลาง) ช่วงที่ 2", "road_no": "3011", "aumpher": "อำเภอห้วยคต", "office": "สาขาหนองฉาง", "branch_code": "61020000", "name_short": "อน.", "price_new": 450, "price_old": 450, "width_m": 8, "pt_i": 23 }, "geometry": { "type": "Point", "coordinates": [ 99.654525653856737, 15.280585861411858 ] } },
{ "type": "Feature", "properties": { "road_key": "61020000ST009.2", "road_name": "ทางหลวงชนบท อน 3011 (สายแยก ทล. 333-บ้านทองหลาง) ช่วงที่ 2", "road_no": "3011", "aumpher": "อำเภอห้วยคต", "office": "สาขาหนองฉาง", "branch_code": "61020000", "name_short": "อน.", "price_new": 450, "price_old": 450, "width_m": 8, "pt_i": 24 }, "geometry": { "type": "Point", "coordinates": [ 99.65346488665871, 15.280244305794136 ] } },
{ "type": "Feature", "properties": { "road_key": "61020000ST009.2", "road_name": "ทางหลวงชนบท อน 3011 (สายแยก ทล. 333-บ้านทองหลาง) ช่วงที่ 2", "road_no": "3011", "aumpher": "อำเภอห้วยคต", "office": "สาขาหนองฉาง", "branch_code": "61020000", "name_short": "อน.", "price_new": 450, "price_old": 450, "width_m": 8, "pt_i": 25 }, "geometry": { "type": "Point", "coordinates": [ 99.652405397755572, 15.279899085478787 ] } },
{ "type": "Feature", "properties": { "road_key": "61020000ST009.3", "road_name": "ทางหลวงชนบท อน 3011 (สายแยก ทล. 333-บ้านทองหลาง) ช่วงที่ 3", "road_no": "3011", "aumpher": "อำเภอห้วยคต", "office": "สาขาหนองฉาง", "branch_code": "61020000", "name_short": "อน.", "price_new": 450, "price_old": 450, "width_m": 8, "pt_i": 0 }, "geometry": { "type": "Point", "coordinates": [ 99.65200699045532, 15.279765767101404 ] } },
{ "type": "Feature", "properties": { "road_key": "61020000ST009.3", "road_name": "ทางหลวงชนบท อน 3011 (สายแยก ทล. 333-บ้านทองหลาง) ช่วงที่ 3", "road_no": "3011", "aumpher": "อำเภอห้วยคต", "office": "สาขาหนองฉาง", "branch_code": "61020000", "name_short": "อน.", "price_new": 450, "price_old": 450, "width_m": 8, "pt_i": 1 }, "geometry": { "type": "Point", "coordinates": [ 99.650950411334648, 15.279412201465561 ] } },
{ "type": "Feature", "properties": { "road_key": "61020000ST009.3", "road_name": "ทางหลวงชนบท อน 3011 (สายแยก ทล. 333-บ้านทองหลาง) ช่วงที่ 3", "road_no": "3011", "aumpher": "อำเภอห้วยคต", "office": "สาขาหนองฉาง", "branch_code": "61020000", "name_short": "อน.", "price_new": 450, "price_old": 450, "width_m": 8, "pt_i": 2 }, "geometry": { "type": "Point", "coordinates": [ 99.649893835571916, 15.279058630695157 ] } },
{ "type": "Feature", "properties": { "road_key": "61020000ST009.3", "road_name": "ทางหลวงชนบท อน 3011 (สายแยก ทล. 333-บ้านทองหลาง) ช่วงที่ 3", "road_no": "3011", "aumpher": "อำเภอห้วยคต", "office": "สาขาหนองฉาง", "branch_code": "61020000", "name_short": "อน.", "price_new": 450, "price_old": 450, "width_m": 8, "pt_i": 3 }, "geometry": { "type": "Point", "coordinates": [ 99.648838329609575, 15.278702070064661 ] } },
{ "type": "Feature", "properties": { "road_key": "61020000ST009.3", "road_name": "ทางหลวงชนบท อน 3011 (สายแยก ทล. 333-บ้านทองหลาง) ช่วงที่ 3", "road_no": "3011", "aumpher": "อำเภอห้วยคต", "office": "สาขาหนองฉาง", "branch_code": "61020000", "name_short": "อน.", "price_new": 450, "price_old": 450, "width_m": 8, "pt_i": 4 }, "geometry": { "type": "Point", "coordinates": [ 99.647783125538936, 15.278344668871121 ] } },
{ "type": "Feature", "properties": { "road_key": "61020000ST009.3", "road_name": "ทางหลวงชนบท อน 3011 (สายแยก ทล. 333-บ้านทองหลาง) ช่วงที่ 3", "road_no": "3011", "aumpher": "อำเภอห้วยคต", "office": "สาขาหนองฉาง", "branch_code": "61020000", "name_short": "อน.", "price_new": 450, "price_old": 450, "width_m": 8, "pt_i": 5 }, "geometry": { "type": "Point", "coordinates": [ 99.646727924861651, 15.277987262555431 ] } },
{ "type": "Feature", "properties": { "road_key": "61020000ST009.3", "road_name": "ทางหลวงชนบท อน 3011 (สายแยก ทล. 333-บ้านทองหลาง) ช่วงที่ 3", "road_no": "3011", "aumpher": "อำเภอห้วยคต", "office": "สาขาหนองฉาง", "branch_code": "61020000", "name_short": "อน.", "price_new": 450, "price_old": 450, "width_m": 8, "pt_i": 6 }, "geometry": { "type": "Point", "coordinates": [ 99.64567376523523, 15.277626983049085 ] } },
{ "type": "Feature", "properties": { "road_key": "61020000ST009.3", "road_name": "ทางหลวงชนบท อน 3011 (สายแยก ทล. 333-บ้านทองหลาง) ช่วงที่ 3", "road_no": "3011", "aumpher": "อำเภอห้วยคต", "office": "สาขาหนองฉาง", "branch_code": "61020000", "name_short": "อน.", "price_new": 450, "price_old": 450, "width_m": 8, "pt_i": 7 }, "geometry": { "type": "Point", "coordinates": [ 99.64462006319016, 15.277265443151842 ] } },
{ "type": "Feature", "properties": { "road_key": "61020000ST009.3", "road_name": "ทางหลวงชนบท อน 3011 (สายแยก ทล. 333-บ้านทองหลาง) ช่วงที่ 3", "road_no": "3011", "aumpher": "อำเภอห้วยคต", "office": "สาขาหนองฉาง", "branch_code": "61020000", "name_short": "อน.", "price_new": 450, "price_old": 450, "width_m": 8, "pt_i": 8 }, "geometry": { "type": "Point", "coordinates": [ 99.643576220994021, 15.276881029653259 ] } },
{ "type": "Feature", "properties": { "road_key": "61020000ST009.3", "road_name": "ทางหลวงชนบท อน 3011 (สายแยก ทล. 333-บ้านทองหลาง) ช่วงที่ 3", "road_no": "3011", "aumpher": "อำเภอห้วยคต", "office": "สาขาหนองฉาง", "branch_code": "61020000", "name_short": "อน.", "price_new": 450, "price_old": 450, "width_m": 8, "pt_i": 9 }, "geometry": { "type": "Point", "coordinates": [ 99.642571229337491, 15.276406480996583 ] } },
{ "type": "Feature", "properties": { "road_key": "61020000ST009.3", "road_name": "ทางหลวงชนบท อน 3011 (สายแยก ทล. 333-บ้านทองหลาง) ช่วงที่ 3", "road_no": "3011", "aumpher": "อำเภอห้วยคต", "office": "สาขาหนองฉาง", "branch_code": "61020000", "name_short": "อน.", "price_new": 450, "price_old": 450, "width_m": 8, "pt_i": 10 }, "geometry": { "type": "Point", "coordinates": [ 99.641590643441475, 15.275886143080479 ] } },
{ "type": "Feature", "properties": { "road_key": "61020000ST009.3", "road_name": "ทางหลวงชนบท อน 3011 (สายแยก ทล. 333-บ้านทองหลาง) ช่วงที่ 3", "road_no": "3011", "aumpher": "อำเภอห้วยคต", "office": "สาขาหนองฉาง", "branch_code": "61020000", "name_short": "อน.", "price_new": 450, "price_old": 450, "width_m": 8, "pt_i": 11 }, "geometry": { "type": "Point", "coordinates": [ 99.640611016080555, 15.275364011007241 ] } },
{ "type": "Feature", "properties": { "road_key": "61020000ST009.3", "road_name": "ทางหลวงชนบท อน 3011 (สายแยก ทล. 333-บ้านทองหลาง) ช่วงที่ 3", "road_no": "3011", "aumpher": "อำเภอห้วยคต", "office": "สาขาหนองฉาง", "branch_code": "61020000", "name_short": "อน.", "price_new": 450, "price_old": 450, "width_m": 8, "pt_i": 12 }, "geometry": { "type": "Point", "coordinates": [ 99.639633755580704, 15.274837735240606 ] } },
{ "type": "Feature", "properties": { "road_key": "61020000ST009.3", "road_name": "ทางหลวงชนบท อน 3011 (สายแยก ทล. 333-บ้านทองหลาง) ช่วงที่ 3", "road_no": "3011", "aumpher": "อำเภอห้วยคต", "office": "สาขาหนองฉาง", "branch_code": "61020000", "name_short": "อน.", "price_new": 450, "price_old": 450, "width_m": 8, "pt_i": 13 }, "geometry": { "type": "Point", "coordinates": [ 99.638658199888454, 15.274308475997991 ] } },
{ "type": "Feature", "properties": { "road_key": "61020000ST009.3", "road_name": "ทางหลวงชนบท อน 3011 (สายแยก ทล. 333-บ้านทองหลาง) ช่วงที่ 3", "road_no": "3011", "aumpher": "อำเภอห้วยคต", "office": "สาขาหนองฉาง", "branch_code": "61020000", "name_short": "อน.", "price_new": 450, "price_old": 450, "width_m": 8, "pt_i": 14 }, "geometry": { "type": "Point", "coordinates": [ 99.637682648968735, 15.273779212294192 ] } },
{ "type": "Feature", "properties": { "road_key": "61020000ST009.3", "road_name": "ทางหลวงชนบท อน 3011 (สายแยก ทล. 333-บ้านทองหลาง) ช่วงที่ 3", "road_no": "3011", "aumpher": "อำเภอห้วยคต", "office": "สาขาหนองฉาง", "branch_code": "61020000", "name_short": "อน.", "price_new": 450, "price_old": 450, "width_m": 8, "pt_i": 15 }, "geometry": { "type": "Point", "coordinates": [ 99.636708085457286, 15.273248247482481 ] } },
{ "type": "Feature", "properties": { "road_key": "61020000ST009.3", "road_name": "ทางหลวงชนบท อน 3011 (สายแยก ทล. 333-บ้านทองหลาง) ช่วงที่ 3", "road_no": "3011", "aumpher": "อำเภอห้วยคต", "office": "สาขาหนองฉาง", "branch_code": "61020000", "name_short": "อน.", "price_new": 450, "price_old": 450, "width_m": 8, "pt_i": 16 }, "geometry": { "type": "Point", "coordinates": [ 99.635735306509375, 15.27271420522478 ] } },
{ "type": "Feature", "properties": { "road_key": "61020000ST009.3", "road_name": "ทางหลวงชนบท อน 3011 (สายแยก ทล. 333-บ้านทองหลาง) ช่วงที่ 3", "road_no": "3011", "aumpher": "อำเภอห้วยคต", "office": "สาขาหนองฉาง", "branch_code": "61020000", "name_short": "อน.", "price_new": 450, "price_old": 450, "width_m": 8, "pt_i": 17 }, "geometry": { "type": "Point", "coordinates": [ 99.63476654637924, 15.272173723151441 ] } },
{ "type": "Feature", "properties": { "road_key": "61020000ST009.3", "road_name": "ทางหลวงชนบท อน 3011 (สายแยก ทล. 333-บ้านทองหลาง) ช่วงที่ 3", "road_no": "3011", "aumpher": "อำเภอห้วยคต", "office": "สาขาหนองฉาง", "branch_code": "61020000", "name_short": "อน.", "price_new": 450, "price_old": 450, "width_m": 8, "pt_i": 18 }, "geometry": { "type": "Point", "coordinates": [ 99.633828205742873, 15.271584475418708 ] } },
{ "type": "Feature", "properties": { "road_key": "61020000ST009.3", "road_name": "ทางหลวงชนบท อน 3011 (สายแยก ทล. 333-บ้านทองหลาง) ช่วงที่ 3", "road_no": "3011", "aumpher": "อำเภอห้วยคต", "office": "สาขาหนองฉาง", "branch_code": "61020000", "name_short": "อน.", "price_new": 450, "price_old": 450, "width_m": 8, "pt_i": 19 }, "geometry": { "type": "Point", "coordinates": [ 99.63288987025139, 15.270995223525611 ] } },
{ "type": "Feature", "properties": { "road_key": "61020000ST009.3", "road_name": "ทางหลวงชนบท อน 3011 (สายแยก ทล. 333-บ้านทองหลาง) ช่วงที่ 3", "road_no": "3011", "aumpher": "อำเภอห้วยคต", "office": "สาขาหนองฉาง", "branch_code": "61020000", "name_short": "อน.", "price_new": 450, "price_old": 450, "width_m": 8, "pt_i": 20 }, "geometry": { "type": "Point", "coordinates": [ 99.631925510205733, 15.270448547733666 ] } },
{ "type": "Feature", "properties": { "road_key": "61020000ST009.3", "road_name": "ทางหลวงชนบท อน 3011 (สายแยก ทล. 333-บ้านทองหลาง) ช่วงที่ 3", "road_no": "3011", "aumpher": "อำเภอห้วยคต", "office": "สาขาหนองฉาง", "branch_code": "61020000", "name_short": "อน.", "price_new": 450, "price_old": 450, "width_m": 8, "pt_i": 21 }, "geometry": { "type": "Point", "coordinates": [ 99.630904610856064, 15.270010886625057 ] } },
{ "type": "Feature", "properties": { "road_key": "61020000ST009.3", "road_name": "ทางหลวงชนบท อน 3011 (สายแยก ทล. 333-บ้านทองหลาง) ช่วงที่ 3", "road_no": "3011", "aumpher": "อำเภอห้วยคต", "office": "สาขาหนองฉาง", "branch_code": "61020000", "name_short": "อน.", "price_new": 450, "price_old": 450, "width_m": 8, "pt_i": 22 }, "geometry": { "type": "Point", "coordinates": [ 99.629850526415851, 15.269653367534238 ] } },
{ "type": "Feature", "properties": { "road_key": "61020000ST009.3", "road_name": "ทางหลวงชนบท อน 3011 (สายแยก ทล. 333-บ้านทองหลาง) ช่วงที่ 3", "road_no": "3011", "aumpher": "อำเภอห้วยคต", "office": "สาขาหนองฉาง", "branch_code": "61020000", "name_short": "อน.", "price_new": 450, "price_old": 450, "width_m": 8, "pt_i": 23 }, "geometry": { "type": "Point", "coordinates": [ 99.628782206381103, 15.269334921703063 ] } },
{ "type": "Feature", "properties": { "road_key": "61020000ST009.3", "road_name": "ทางหลวงชนบท อน 3011 (สายแยก ทล. 333-บ้านทองหลาง) ช่วงที่ 3", "road_no": "3011", "aumpher": "อำเภอห้วยคต", "office": "สาขาหนองฉาง", "branch_code": "61020000", "name_short": "อน.", "price_new": 450, "price_old": 450, "width_m": 8, "pt_i": 24 }, "geometry": { "type": "Point", "coordinates": [ 99.627706855692352, 15.269039877832169 ] } },
{ "type": "Feature", "properties": { "road_key": "61020000ST009.3", "road_name": "ทางหลวงชนบท อน 3011 (สายแยก ทล. 333-บ้านทองหลาง) ช่วงที่ 3", "road_no": "3011", "aumpher": "อำเภอห้วยคต", "office": "สาขาหนองฉาง", "branch_code": "61020000", "name_short": "อน.", "price_new": 450, "price_old": 450, "width_m": 8, "pt_i": 25 }, "geometry": { "type": "Point", "coordinates": [ 99.626601745077096, 15.268916925142484 ] } },
{ "type": "Feature", "properties": { "road_key": "61020000ST009.3", "road_name": "ทางหลวงชนบท อน 3011 (สายแยก ทล. 333-บ้านทองหลาง) ช่วงที่ 3", "road_no": "3011", "aumpher": "อำเภอห้วยคต", "office": "สาขาหนองฉาง", "branch_code": "61020000", "name_short": "อน.", "price_new": 450, "price_old": 450, "width_m": 8, "pt_i": 26 }, "geometry": { "type": "Point", "coordinates": [ 99.625491727747018, 15.269028772953043 ] } },
{ "type": "Feature", "properties": { "road_key": "61020000ST009.3", "road_name": "ทางหลวงชนบท อน 3011 (สายแยก ทล. 333-บ้านทองหลาง) ช่วงที่ 3", "road_no": "3011", "aumpher": "อำเภอห้วยคต", "office": "สาขาหนองฉาง", "branch_code": "61020000", "name_short": "อน.", "price_new": 450, "price_old": 450, "width_m": 8, "pt_i": 27 }, "geometry": { "type": "Point", "coordinates": [ 99.624387697515829, 15.269193014271881 ] } },
{ "type": "Feature", "properties": { "road_key": "61020000ST009.3", "road_name": "ทางหลวงชนบท อน 3011 (สายแยก ทล. 333-บ้านทองหลาง) ช่วงที่ 3", "road_no": "3011", "aumpher": "อำเภอห้วยคต", "office": "สาขาหนองฉาง", "branch_code": "61020000", "name_short": "อน.", "price_new": 450, "price_old": 450, "width_m": 8, "pt_i": 28 }, "geometry": { "type": "Point", "coordinates": [ 99.623293870292187, 15.269415358607459 ] } },
{ "type": "Feature", "properties": { "road_key": "61020000ST009.3", "road_name": "ทางหลวงชนบท อน 3011 (สายแยก ทล. 333-บ้านทองหลาง) ช่วงที่ 3", "road_no": "3011", "aumpher": "อำเภอห้วยคต", "office": "สาขาหนองฉาง", "branch_code": "61020000", "name_short": "อน.", "price_new": 450, "price_old": 450, "width_m": 8, "pt_i": 29 }, "geometry": { "type": "Point", "coordinates": [ 99.622197663601796, 15.269626235398622 ] } },
{ "type": "Feature", "properties": { "road_key": "61020000ST009.3", "road_name": "ทางหลวงชนบท อน 3011 (สายแยก ทล. 333-บ้านทองหลาง) ช่วงที่ 3", "road_no": "3011", "aumpher": "อำเภอห้วยคต", "office": "สาขาหนองฉาง", "branch_code": "61020000", "name_short": "อน.", "price_new": 450, "price_old": 450, "width_m": 8, "pt_i": 30 }, "geometry": { "type": "Point", "coordinates": [ 99.621100410480793, 15.269832072179328 ] } },
{ "type": "Feature", "properties": { "road_key": "61020000ST009.3", "road_name": "ทางหลวงชนบท อน 3011 (สายแยก ทล. 333-บ้านทองหลาง) ช่วงที่ 3", "road_no": "3011", "aumpher": "อำเภอห้วยคต", "office": "สาขาหนองฉาง", "branch_code": "61020000", "name_short": "อน.", "price_new": 450, "price_old": 450, "width_m": 8, "pt_i": 31 }, "geometry": { "type": "Point", "coordinates": [ 99.62000315501534, 15.270037903663479 ] } },
{ "type": "Feature", "properties": { "road_key": "61020000ST009.3", "road_name": "ทางหลวงชนบท อน 3011 (สายแยก ทล. 333-บ้านทองหลาง) ช่วงที่ 3", "road_no": "3011", "aumpher": "อำเภอห้วยคต", "office": "สาขาหนองฉาง", "branch_code": "61020000", "name_short": "อน.", "price_new": 450, "price_old": 450, "width_m": 8, "pt_i": 32 }, "geometry": { "type": "Point", "coordinates": [ 99.618905620129226, 15.270242332569875 ] } },
{ "type": "Feature", "properties": { "road_key": "61020000ST009.3", "road_name": "ทางหลวงชนบท อน 3011 (สายแยก ทล. 333-บ้านทองหลาง) ช่วงที่ 3", "road_no": "3011", "aumpher": "อำเภอห้วยคต", "office": "สาขาหนองฉาง", "branch_code": "61020000", "name_short": "อน.", "price_new": 450, "price_old": 450, "width_m": 8, "pt_i": 33 }, "geometry": { "type": "Point", "coordinates": [ 99.617808059776976, 15.270446639498475 ] } },
{ "type": "Feature", "properties": { "road_key": "61020000ST009.3", "road_name": "ทางหลวงชนบท อน 3011 (สายแยก ทล. 333-บ้านทองหลาง) ช่วงที่ 3", "road_no": "3011", "aumpher": "อำเภอห้วยคต", "office": "สาขาหนองฉาง", "branch_code": "61020000", "name_short": "อน.", "price_new": 450, "price_old": 450, "width_m": 8, "pt_i": 34 }, "geometry": { "type": "Point", "coordinates": [ 99.616710497096335, 15.270650941126377 ] } },
{ "type": "Feature", "properties": { "road_key": "61020000ST009.3", "road_name": "ทางหลวงชนบท อน 3011 (สายแยก ทล. 333-บ้านทองหลาง) ช่วงที่ 3", "road_no": "3011", "aumpher": "อำเภอห้วยคต", "office": "สาขาหนองฉาง", "branch_code": "61020000", "name_short": "อน.", "price_new": 450, "price_old": 450, "width_m": 8, "pt_i": 35 }, "geometry": { "type": "Point", "coordinates": [ 99.615611585434394, 15.270848246401714 ] } },
{ "type": "Feature", "properties": { "road_key": "61020000ST009.3", "road_name": "ทางหลวงชนบท อน 3011 (สายแยก ทล. 333-บ้านทองหลาง) ช่วงที่ 3", "road_no": "3011", "aumpher": "อำเภอห้วยคต", "office": "สาขาหนองฉาง", "branch_code": "61020000", "name_short": "อน.", "price_new": 450, "price_old": 450, "width_m": 8, "pt_i": 36 }, "geometry": { "type": "Point", "coordinates": [ 99.614512132782295, 15.271042749499415 ] } },
{ "type": "Feature", "properties": { "road_key": "61020000ST009.3", "road_name": "ทางหลวงชนบท อน 3011 (สายแยก ทล. 333-บ้านทองหลาง) ช่วงที่ 3", "road_no": "3011", "aumpher": "อำเภอห้วยคต", "office": "สาขาหนองฉาง", "branch_code": "61020000", "name_short": "อน.", "price_new": 450, "price_old": 450, "width_m": 8, "pt_i": 37 }, "geometry": { "type": "Point", "coordinates": [ 99.613412677899788, 15.271237247273957 ] } },
{ "type": "Feature", "properties": { "road_key": "61020000ST009.3", "road_name": "ทางหลวงชนบท อน 3011 (สายแยก ทล. 333-บ้านทองหลาง) ช่วงที่ 3", "road_no": "3011", "aumpher": "อำเภอห้วยคต", "office": "สาขาหนองฉาง", "branch_code": "61020000", "name_short": "อน.", "price_new": 450, "price_old": 450, "width_m": 8, "pt_i": 38 }, "geometry": { "type": "Point", "coordinates": [ 99.612313801907035, 15.271434738763727 ] } },
{ "type": "Feature", "properties": { "road_key": "61020000ST009.3", "road_name": "ทางหลวงชนบท อน 3011 (สายแยก ทล. 333-บ้านทองหลาง) ช่วงที่ 3", "road_no": "3011", "aumpher": "อำเภอห้วยคต", "office": "สาขาหนองฉาง", "branch_code": "61020000", "name_short": "อน.", "price_new": 450, "price_old": 450, "width_m": 8, "pt_i": 39 }, "geometry": { "type": "Point", "coordinates": [ 99.611216687732295, 15.271641329216106 ] } },
{ "type": "Feature", "properties": { "road_key": "61020000ST009.3", "road_name": "ทางหลวงชนบท อน 3011 (สายแยก ทล. 333-บ้านทองหลาง) ช่วงที่ 3", "road_no": "3011", "aumpher": "อำเภอห้วยคต", "office": "สาขาหนองฉาง", "branch_code": "61020000", "name_short": "อน.", "price_new": 450, "price_old": 450, "width_m": 8, "pt_i": 40 }, "geometry": { "type": "Point", "coordinates": [ 99.610119571208642, 15.271847914371701 ] } },
{ "type": "Feature", "properties": { "road_key": "61020000ST009.3", "road_name": "ทางหลวงชนบท อน 3011 (สายแยก ทล. 333-บ้านทองหลาง) ช่วงที่ 3", "road_no": "3011", "aumpher": "อำเภอห้วยคต", "office": "สาขาหนองฉาง", "branch_code": "61020000", "name_short": "อน.", "price_new": 450, "price_old": 450, "width_m": 8, "pt_i": 41 }, "geometry": { "type": "Point", "coordinates": [ 99.609022452336461, 15.272054494230279 ] } },
{ "type": "Feature", "properties": { "road_key": "61020000ST009.3", "road_name": "ทางหลวงชนบท อน 3011 (สายแยก ทล. 333-บ้านทองหลาง) ช่วงที่ 3", "road_no": "3011", "aumpher": "อำเภอห้วยคต", "office": "สาขาหนองฉาง", "branch_code": "61020000", "name_short": "อน.", "price_new": 450, "price_old": 450, "width_m": 8, "pt_i": 42 }, "geometry": { "type": "Point", "coordinates": [ 99.607924817173839, 15.27225846860588 ] } },
{ "type": "Feature", "properties": { "road_key": "61020000ST009.3", "road_name": "ทางหลวงชนบท อน 3011 (สายแยก ทล. 333-บ้านทองหลาง) ช่วงที่ 3", "road_no": "3011", "aumpher": "อำเภอห้วยคต", "office": "สาขาหนองฉาง", "branch_code": "61020000", "name_short": "อน.", "price_new": 450, "price_old": 450, "width_m": 8, "pt_i": 43 }, "geometry": { "type": "Point", "coordinates": [ 99.606826845084612, 15.272460744771085 ] } },
{ "type": "Feature", "properties": { "road_key": "61020000ST009.3", "road_name": "ทางหลวงชนบท อน 3011 (สายแยก ทล. 333-บ้านทองหลาง) ช่วงที่ 3", "road_no": "3011", "aumpher": "อำเภอห้วยคต", "office": "สาขาหนองฉาง", "branch_code": "61020000", "name_short": "อน.", "price_new": 450, "price_old": 450, "width_m": 8, "pt_i": 44 }, "geometry": { "type": "Point", "coordinates": [ 99.605728870690356, 15.272663015628851 ] } },
{ "type": "Feature", "properties": { "road_key": "61020000ST009.3", "road_name": "ทางหลวงชนบท อน 3011 (สายแยก ทล. 333-บ้านทองหลาง) ช่วงที่ 3", "road_no": "3011", "aumpher": "อำเภอห้วยคต", "office": "สาขาหนองฉาง", "branch_code": "61020000", "name_short": "อน.", "price_new": 450, "price_old": 450, "width_m": 8, "pt_i": 45 }, "geometry": { "type": "Point", "coordinates": [ 99.604630893991455, 15.272865281178962 ] } },
{ "type": "Feature", "properties": { "road_key": "61020000ST009.3", "road_name": "ทางหลวงชนบท อน 3011 (สายแยก ทล. 333-บ้านทองหลาง) ช่วงที่ 3", "road_no": "3011", "aumpher": "อำเภอห้วยคต", "office": "สาขาหนองฉาง", "branch_code": "61020000", "name_short": "อน.", "price_new": 450, "price_old": 450, "width_m": 8, "pt_i": 46 }, "geometry": { "type": "Point", "coordinates": [ 99.603532964663614, 15.273067795253143 ] } },
{ "type": "Feature", "properties": { "road_key": "61020000ST009.3", "road_name": "ทางหลวงชนบท อน 3011 (สายแยก ทล. 333-บ้านทองหลาง) ช่วงที่ 3", "road_no": "3011", "aumpher": "อำเภอห้วยคต", "office": "สาขาหนองฉาง", "branch_code": "61020000", "name_short": "อน.", "price_new": 450, "price_old": 450, "width_m": 8, "pt_i": 47 }, "geometry": { "type": "Point", "coordinates": [ 99.602435068267937, 15.273270484087055 ] } },
{ "type": "Feature", "properties": { "road_key": "61020000ST009.3", "road_name": "ทางหลวงชนบท อน 3011 (สายแยก ทล. 333-บ้านทองหลาง) ช่วงที่ 3", "road_no": "3011", "aumpher": "อำเภอห้วยคต", "office": "สาขาหนองฉาง", "branch_code": "61020000", "name_short": "อน.", "price_new": 450, "price_old": 450, "width_m": 8, "pt_i": 48 }, "geometry": { "type": "Point", "coordinates": [ 99.601337169564474, 15.273473167613606 ] } },
{ "type": "Feature", "properties": { "road_key": "61020000ST009.3", "road_name": "ทางหลวงชนบท อน 3011 (สายแยก ทล. 333-บ้านทองหลาง) ช่วงที่ 3", "road_no": "3011", "aumpher": "อำเภอห้วยคต", "office": "สาขาหนองฉาง", "branch_code": "61020000", "name_short": "อน.", "price_new": 450, "price_old": 450, "width_m": 8, "pt_i": 49 }, "geometry": { "type": "Point", "coordinates": [ 99.600239268553622, 15.273675845832564 ] } },
{ "type": "Feature", "properties": { "road_key": "61020000ST009.3", "road_name": "ทางหลวงชนบท อน 3011 (สายแยก ทล. 333-บ้านทองหลาง) ช่วงที่ 3", "road_no": "3011", "aumpher": "อำเภอห้วยคต", "office": "สาขาหนองฉาง", "branch_code": "61020000", "name_short": "อน.", "price_new": 450, "price_old": 450, "width_m": 8, "pt_i": 50 }, "geometry": { "type": "Point", "coordinates": [ 99.599141374503759, 15.27387856604736 ] } },
{ "type": "Feature", "properties": { "road_key": "61020000ST009.3", "road_name": "ทางหลวงชนบท อน 3011 (สายแยก ทล. 333-บ้านทองหลาง) ช่วงที่ 3", "road_no": "3011", "aumpher": "อำเภอห้วยคต", "office": "สาขาหนองฉาง", "branch_code": "61020000", "name_short": "อน.", "price_new": 450, "price_old": 450, "width_m": 8, "pt_i": 51 }, "geometry": { "type": "Point", "coordinates": [ 99.598043479501456, 15.274081287868423 ] } },
{ "type": "Feature", "properties": { "road_key": "61020000ST009.3", "road_name": "ทางหลวงชนบท อน 3011 (สายแยก ทล. 333-บ้านทองหลาง) ช่วงที่ 3", "road_no": "3011", "aumpher": "อำเภอห้วยคต", "office": "สาขาหนองฉาง", "branch_code": "61020000", "name_short": "อน.", "price_new": 450, "price_old": 450, "width_m": 8, "pt_i": 52 }, "geometry": { "type": "Point", "coordinates": [ 99.596945634754604, 15.274284272021431 ] } },
{ "type": "Feature", "properties": { "road_key": "61020000ST009.3", "road_name": "ทางหลวงชนบท อน 3011 (สายแยก ทล. 333-บ้านทองหลาง) ช่วงที่ 3", "road_no": "3011", "aumpher": "อำเภอห้วยคต", "office": "สาขาหนองฉาง", "branch_code": "61020000", "name_short": "อน.", "price_new": 450, "price_old": 450, "width_m": 8, "pt_i": 53 }, "geometry": { "type": "Point", "coordinates": [ 99.59584773625528, 15.274486985037951 ] } },
{ "type": "Feature", "properties": { "road_key": "61020000ST009.3", "road_name": "ทางหลวงชนบท อน 3011 (สายแยก ทล. 333-บ้านทองหลาง) ช่วงที่ 3", "road_no": "3011", "aumpher": "อำเภอห้วยคต", "office": "สาขาหนองฉาง", "branch_code": "61020000", "name_short": "อน.", "price_new": 450, "price_old": 450, "width_m": 8, "pt_i": 54 }, "geometry": { "type": "Point", "coordinates": [ 99.594744893860096, 15.274657628624038 ] } },
{ "type": "Feature", "properties": { "road_key": "61020000ST009.3", "road_name": "ทางหลวงชนบท อน 3011 (สายแยก ทล. 333-บ้านทองหลาง) ช่วงที่ 3", "road_no": "3011", "aumpher": "อำเภอห้วยคต", "office": "สาขาหนองฉาง", "branch_code": "61020000", "name_short": "อน.", "price_new": 450, "price_old": 450, "width_m": 8, "pt_i": 55 }, "geometry": { "type": "Point", "coordinates": [ 99.593704972705297, 15.27427910607771 ] } },
{ "type": "Feature", "properties": { "road_key": "61020000ST009.3", "road_name": "ทางหลวงชนบท อน 3011 (สายแยก ทล. 333-บ้านทองหลาง) ช่วงที่ 3", "road_no": "3011", "aumpher": "อำเภอห้วยคต", "office": "สาขาหนองฉาง", "branch_code": "61020000", "name_short": "อน.", "price_new": 450, "price_old": 450, "width_m": 8, "pt_i": 56 }, "geometry": { "type": "Point", "coordinates": [ 99.592688225740034, 15.273828805288108 ] } },
{ "type": "Feature", "properties": { "road_key": "61020000ST009.3", "road_name": "ทางหลวงชนบท อน 3011 (สายแยก ทล. 333-บ้านทองหลาง) ช่วงที่ 3", "road_no": "3011", "aumpher": "อำเภอห้วยคต", "office": "สาขาหนองฉาง", "branch_code": "61020000", "name_short": "อน.", "price_new": 450, "price_old": 450, "width_m": 8, "pt_i": 57 }, "geometry": { "type": "Point", "coordinates": [ 99.59166940050072, 15.273382998872393 ] } },
{ "type": "Feature", "properties": { "road_key": "61020000ST009.3", "road_name": "ทางหลวงชนบท อน 3011 (สายแยก ทล. 333-บ้านทองหลาง) ช่วงที่ 3", "road_no": "3011", "aumpher": "อำเภอห้วยคต", "office": "สาขาหนองฉาง", "branch_code": "61020000", "name_short": "อน.", "price_new": 450, "price_old": 450, "width_m": 8, "pt_i": 58 }, "geometry": { "type": "Point", "coordinates": [ 99.590645568309213, 15.272948065095603 ] } },
{ "type": "Feature", "properties": { "road_key": "61020000ST009.3", "road_name": "ทางหลวงชนบท อน 3011 (สายแยก ทล. 333-บ้านทองหลาง) ช่วงที่ 3", "road_no": "3011", "aumpher": "อำเภอห้วยคต", "office": "สาขาหนองฉาง", "branch_code": "61020000", "name_short": "อน.", "price_new": 450, "price_old": 450, "width_m": 8, "pt_i": 59 }, "geometry": { "type": "Point", "coordinates": [ 99.589629964163819, 15.272495559228227 ] } },
{ "type": "Feature", "properties": { "road_key": "61020000ST009.3", "road_name": "ทางหลวงชนบท อน 3011 (สายแยก ทล. 333-บ้านทองหลาง) ช่วงที่ 3", "road_no": "3011", "aumpher": "อำเภอห้วยคต", "office": "สาขาหนองฉาง", "branch_code": "61020000", "name_short": "อน.", "price_new": 450, "price_old": 450, "width_m": 8, "pt_i": 60 }, "geometry": { "type": "Point", "coordinates": [ 99.588633532395733, 15.272008053791518 ] } },
{ "type": "Feature", "properties": { "road_key": "61020000ST009.3", "road_name": "ทางหลวงชนบท อน 3011 (สายแยก ทล. 333-บ้านทองหลาง) ช่วงที่ 3", "road_no": "3011", "aumpher": "อำเภอห้วยคต", "office": "สาขาหนองฉาง", "branch_code": "61020000", "name_short": "อน.", "price_new": 450, "price_old": 450, "width_m": 8, "pt_i": 61 }, "geometry": { "type": "Point", "coordinates": [ 99.587958227498575, 15.271171769749257 ] } },
{ "type": "Feature", "properties": { "road_key": "61020000ST009.3", "road_name": "ทางหลวงชนบท อน 3011 (สายแยก ทล. 333-บ้านทองหลาง) ช่วงที่ 3", "road_no": "3011", "aumpher": "อำเภอห้วยคต", "office": "สาขาหนองฉาง", "branch_code": "61020000", "name_short": "อน.", "price_new": 450, "price_old": 450, "width_m": 8, "pt_i": 62 }, "geometry": { "type": "Point", "coordinates": [ 99.587554691638417, 15.270160237663248 ] } },
{ "type": "Feature", "properties": { "road_key": "61020000ST009.3", "road_name": "ทางหลวงชนบท อน 3011 (สายแยก ทล. 333-บ้านทองหลาง) ช่วงที่ 3", "road_no": "3011", "aumpher": "อำเภอห้วยคต", "office": "สาขาหนองฉาง", "branch_code": "61020000", "name_short": "อน.", "price_new": 450, "price_old": 450, "width_m": 8, "pt_i": 63 }, "geometry": { "type": "Point", "coordinates": [ 99.587159762930384, 15.269145367353238 ] } },
{ "type": "Feature", "properties": { "road_key": "61020000ST009.3", "road_name": "ทางหลวงชนบท อน 3011 (สายแยก ทล. 333-บ้านทองหลาง) ช่วงที่ 3", "road_no": "3011", "aumpher": "อำเภอห้วยคต", "office": "สาขาหนองฉาง", "branch_code": "61020000", "name_short": "อน.", "price_new": 450, "price_old": 450, "width_m": 8, "pt_i": 64 }, "geometry": { "type": "Point", "coordinates": [ 99.586766459304386, 15.26812990440674 ] } },
{ "type": "Feature", "properties": { "road_key": "61020000ST009.3", "road_name": "ทางหลวงชนบท อน 3011 (สายแยก ทล. 333-บ้านทองหลาง) ช่วงที่ 3", "road_no": "3011", "aumpher": "อำเภอห้วยคต", "office": "สาขาหนองฉาง", "branch_code": "61020000", "name_short": "อน.", "price_new": 450, "price_old": 450, "width_m": 8, "pt_i": 65 }, "geometry": { "type": "Point", "coordinates": [ 99.586374758014117, 15.267113857128171 ] } },
{ "type": "Feature", "properties": { "road_key": "61020000ST009.3", "road_name": "ทางหลวงชนบท อน 3011 (สายแยก ทล. 333-บ้านทองหลาง) ช่วงที่ 3", "road_no": "3011", "aumpher": "อำเภอห้วยคต", "office": "สาขาหนองฉาง", "branch_code": "61020000", "name_short": "อน.", "price_new": 450, "price_old": 450, "width_m": 8, "pt_i": 66 }, "geometry": { "type": "Point", "coordinates": [ 99.585983060650136, 15.266097808940401 ] } },
{ "type": "Feature", "properties": { "road_key": "61020000ST009.3", "road_name": "ทางหลวงชนบท อน 3011 (สายแยก ทล. 333-บ้านทองหลาง) ช่วงที่ 3", "road_no": "3011", "aumpher": "อำเภอห้วยคต", "office": "สาขาหนองฉาง", "branch_code": "61020000", "name_short": "อน.", "price_new": 450, "price_old": 450, "width_m": 8, "pt_i": 67 }, "geometry": { "type": "Point", "coordinates": [ 99.585596339624232, 15.26508000738283 ] } },
{ "type": "Feature", "properties": { "road_key": "61020000ST009.3", "road_name": "ทางหลวงชนบท อน 3011 (สายแยก ทล. 333-บ้านทองหลาง) ช่วงที่ 3", "road_no": "3011", "aumpher": "อำเภอห้วยคต", "office": "สาขาหนองฉาง", "branch_code": "61020000", "name_short": "อน.", "price_new": 450, "price_old": 450, "width_m": 8, "pt_i": 68 }, "geometry": { "type": "Point", "coordinates": [ 99.585256678875254, 15.264047799229635 ] } },
{ "type": "Feature", "properties": { "road_key": "61020000ST009.3", "road_name": "ทางหลวงชนบท อน 3011 (สายแยก ทล. 333-บ้านทองหลาง) ช่วงที่ 3", "road_no": "3011", "aumpher": "อำเภอห้วยคต", "office": "สาขาหนองฉาง", "branch_code": "61020000", "name_short": "อน.", "price_new": 450, "price_old": 450, "width_m": 8, "pt_i": 69 }, "geometry": { "type": "Point", "coordinates": [ 99.585076536530408, 15.262977677157714 ] } },
{ "type": "Feature", "properties": { "road_key": "61020000ST009.3", "road_name": "ทางหลวงชนบท อน 3011 (สายแยก ทล. 333-บ้านทองหลาง) ช่วงที่ 3", "road_no": "3011", "aumpher": "อำเภอห้วยคต", "office": "สาขาหนองฉาง", "branch_code": "61020000", "name_short": "อน.", "price_new": 450, "price_old": 450, "width_m": 8, "pt_i": 70 }, "geometry": { "type": "Point", "coordinates": [ 99.584919153449931, 15.261903647776849 ] } },
{ "type": "Feature", "properties": { "road_key": "61020000ST009.3", "road_name": "ทางหลวงชนบท อน 3011 (สายแยก ทล. 333-บ้านทองหลาง) ช่วงที่ 3", "road_no": "3011", "aumpher": "อำเภอห้วยคต", "office": "สาขาหนองฉาง", "branch_code": "61020000", "name_short": "อน.", "price_new": 450, "price_old": 450, "width_m": 8, "pt_i": 71 }, "geometry": { "type": "Point", "coordinates": [ 99.584772006037269, 15.260828224158287 ] } },
{ "type": "Feature", "properties": { "road_key": "61020000ST009.3", "road_name": "ทางหลวงชนบท อน 3011 (สายแยก ทล. 333-บ้านทองหลาง) ช่วงที่ 3", "road_no": "3011", "aumpher": "อำเภอห้วยคต", "office": "สาขาหนองฉาง", "branch_code": "61020000", "name_short": "อน.", "price_new": 450, "price_old": 450, "width_m": 8, "pt_i": 72 }, "geometry": { "type": "Point", "coordinates": [ 99.584606610892223, 15.259757079821634 ] } },
{ "type": "Feature", "properties": { "road_key": "61020000ST009.3", "road_name": "ทางหลวงชนบท อน 3011 (สายแยก ทล. 333-บ้านทองหลาง) ช่วงที่ 3", "road_no": "3011", "aumpher": "อำเภอห้วยคต", "office": "สาขาหนองฉาง", "branch_code": "61020000", "name_short": "อน.", "price_new": 450, "price_old": 450, "width_m": 8, "pt_i": 73 }, "geometry": { "type": "Point", "coordinates": [ 99.583767676193105, 15.259174263627363 ] } },
{ "type": "Feature", "properties": { "road_key": "61020000ST009.3", "road_name": "ทางหลวงชนบท อน 3011 (สายแยก ทล. 333-บ้านทองหลาง) ช่วงที่ 3", "road_no": "3011", "aumpher": "อำเภอห้วยคต", "office": "สาขาหนองฉาง", "branch_code": "61020000", "name_short": "อน.", "price_new": 450, "price_old": 450, "width_m": 8, "pt_i": 74 }, "geometry": { "type": "Point", "coordinates": [ 99.582671592788671, 15.258963447517509 ] } },
{ "type": "Feature", "properties": { "road_key": "61020000ST009.3", "road_name": "ทางหลวงชนบท อน 3011 (สายแยก ทล. 333-บ้านทองหลาง) ช่วงที่ 3", "road_no": "3011", "aumpher": "อำเภอห้วยคต", "office": "สาขาหนองฉาง", "branch_code": "61020000", "name_short": "อน.", "price_new": 450, "price_old": 450, "width_m": 8, "pt_i": 75 }, "geometry": { "type": "Point", "coordinates": [ 99.581570107337512, 15.258780422986918 ] } },
{ "type": "Feature", "properties": { "road_key": "61020000ST009.3", "road_name": "ทางหลวงชนบท อน 3011 (สายแยก ทล. 333-บ้านทองหลาง) ช่วงที่ 3", "road_no": "3011", "aumpher": "อำเภอห้วยคต", "office": "สาขาหนองฉาง", "branch_code": "61020000", "name_short": "อน.", "price_new": 450, "price_old": 450, "width_m": 8, "pt_i": 76 }, "geometry": { "type": "Point", "coordinates": [ 99.580468856586123, 15.258596088776832 ] } },
{ "type": "Feature", "properties": { "road_key": "61020000ST009.3", "road_name": "ทางหลวงชนบท อน 3011 (สายแยก ทล. 333-บ้านทองหลาง) ช่วงที่ 3", "road_no": "3011", "aumpher": "อำเภอห้วยคต", "office": "สาขาหนองฉาง", "branch_code": "61020000", "name_short": "อน.", "price_new": 450, "price_old": 450, "width_m": 8, "pt_i": 77 }, "geometry": { "type": "Point", "coordinates": [ 99.579368212763853, 15.258408361427266 ] } },
{ "type": "Feature", "properties": { "road_key": "61020000ST009.3", "road_name": "ทางหลวงชนบท อน 3011 (สายแยก ทล. 333-บ้านทองหลาง) ช่วงที่ 3", "road_no": "3011", "aumpher": "อำเภอห้วยคต", "office": "สาขาหนองฉาง", "branch_code": "61020000", "name_short": "อน.", "price_new": 450, "price_old": 450, "width_m": 8, "pt_i": 78 }, "geometry": { "type": "Point", "coordinates": [ 99.578267570702934, 15.258220628603913 ] } },
{ "type": "Feature", "properties": { "road_key": "61020000ST009.3", "road_name": "ทางหลวงชนบท อน 3011 (สายแยก ทล. 333-บ้านทองหลาง) ช่วงที่ 3", "road_no": "3011", "aumpher": "อำเภอห้วยคต", "office": "สาขาหนองฉาง", "branch_code": "61020000", "name_short": "อน.", "price_new": 450, "price_old": 450, "width_m": 8, "pt_i": 79 }, "geometry": { "type": "Point", "coordinates": [ 99.577166546514306, 15.258035025786722 ] } },
{ "type": "Feature", "properties": { "road_key": "61020000ST009.3", "road_name": "ทางหลวงชนบท อน 3011 (สายแยก ทล. 333-บ้านทองหลาง) ช่วงที่ 3", "road_no": "3011", "aumpher": "อำเภอห้วยคต", "office": "สาขาหนองฉาง", "branch_code": "61020000", "name_short": "อน.", "price_new": 450, "price_old": 450, "width_m": 8, "pt_i": 80 }, "geometry": { "type": "Point", "coordinates": [ 99.576065465711594, 15.257849742094455 ] } },
{ "type": "Feature", "properties": { "road_key": "61020000ST009.3", "road_name": "ทางหลวงชนบท อน 3011 (สายแยก ทล. 333-บ้านทองหลาง) ช่วงที่ 3", "road_no": "3011", "aumpher": "อำเภอห้วยคต", "office": "สาขาหนองฉาง", "branch_code": "61020000", "name_short": "อน.", "price_new": 450, "price_old": 450, "width_m": 8, "pt_i": 81 }, "geometry": { "type": "Point", "coordinates": [ 99.574964386646258, 15.257664452925622 ] } },
{ "type": "Feature", "properties": { "road_key": "61020000ST009.3", "road_name": "ทางหลวงชนบท อน 3011 (สายแยก ทล. 333-บ้านทองหลาง) ช่วงที่ 3", "road_no": "3011", "aumpher": "อำเภอห้วยคต", "office": "สาขาหนองฉาง", "branch_code": "61020000", "name_short": "อน.", "price_new": 450, "price_old": 450, "width_m": 8, "pt_i": 82 }, "geometry": { "type": "Point", "coordinates": [ 99.573862318051638, 15.257484802828898 ] } },
{ "type": "Feature", "properties": { "road_key": "61020000ST009.3", "road_name": "ทางหลวงชนบท อน 3011 (สายแยก ทล. 333-บ้านทองหลาง) ช่วงที่ 3", "road_no": "3011", "aumpher": "อำเภอห้วยคต", "office": "สาขาหนองฉาง", "branch_code": "61020000", "name_short": "อน.", "price_new": 450, "price_old": 450, "width_m": 8, "pt_i": 83 }, "geometry": { "type": "Point", "coordinates": [ 99.572760198737214, 15.257305445620345 ] } },
{ "type": "Feature", "properties": { "road_key": "61020000ST009.3", "road_name": "ทางหลวงชนบท อน 3011 (สายแยก ทล. 333-บ้านทองหลาง) ช่วงที่ 3", "road_no": "3011", "aumpher": "อำเภอห้วยคต", "office": "สาขาหนองฉาง", "branch_code": "61020000", "name_short": "อน.", "price_new": 450, "price_old": 450, "width_m": 8, "pt_i": 84 }, "geometry": { "type": "Point", "coordinates": [ 99.571658114540014, 15.257125889948249 ] } },
{ "type": "Feature", "properties": { "road_key": "61020000ST009.3", "road_name": "ทางหลวงชนบท อน 3011 (สายแยก ทล. 333-บ้านทองหลาง) ช่วงที่ 3", "road_no": "3011", "aumpher": "อำเภอห้วยคต", "office": "สาขาหนองฉาง", "branch_code": "61020000", "name_short": "อน.", "price_new": 450, "price_old": 450, "width_m": 8, "pt_i": 85 }, "geometry": { "type": "Point", "coordinates": [ 99.57055620811758, 15.256945312580164 ] } },
{ "type": "Feature", "properties": { "road_key": "61020000ST009.3", "road_name": "ทางหลวงชนบท อน 3011 (สายแยก ทล. 333-บ้านทองหลาง) ช่วงที่ 3", "road_no": "3011", "aumpher": "อำเภอห้วยคต", "office": "สาขาหนองฉาง", "branch_code": "61020000", "name_short": "อน.", "price_new": 450, "price_old": 450, "width_m": 8, "pt_i": 86 }, "geometry": { "type": "Point", "coordinates": [ 99.569454308317688, 15.256764701426498 ] } },
{ "type": "Feature", "properties": { "road_key": "61020000ST009.3", "road_name": "ทางหลวงชนบท อน 3011 (สายแยก ทล. 333-บ้านทองหลาง) ช่วงที่ 3", "road_no": "3011", "aumpher": "อำเภอห้วยคต", "office": "สาขาหนองฉาง", "branch_code": "61020000", "name_short": "อน.", "price_new": 450, "price_old": 450, "width_m": 8, "pt_i": 87 }, "geometry": { "type": "Point", "coordinates": [ 99.568352528650991, 15.256583405049668 ] } },
{ "type": "Feature", "properties": { "road_key": "61020000ST009.3", "road_name": "ทางหลวงชนบท อน 3011 (สายแยก ทล. 333-บ้านทองหลาง) ช่วงที่ 3", "road_no": "3011", "aumpher": "อำเภอห้วยคต", "office": "สาขาหนองฉาง", "branch_code": "61020000", "name_short": "อน.", "price_new": 450, "price_old": 450, "width_m": 8, "pt_i": 88 }, "geometry": { "type": "Point", "coordinates": [ 99.567250750683243, 15.256402103192237 ] } },
{ "type": "Feature", "properties": { "road_key": "61020000ST009.3", "road_name": "ทางหลวงชนบท อน 3011 (สายแยก ทล. 333-บ้านทองหลาง) ช่วงที่ 3", "road_no": "3011", "aumpher": "อำเภอห้วยคต", "office": "สาขาหนองฉาง", "branch_code": "61020000", "name_short": "อน.", "price_new": 450, "price_old": 450, "width_m": 8, "pt_i": 89 }, "geometry": { "type": "Point", "coordinates": [ 99.566147062595022, 15.256255158474231 ] } },
{ "type": "Feature", "properties": { "road_key": "61020000ST009.3", "road_name": "ทางหลวงชนบท อน 3011 (สายแยก ทล. 333-บ้านทองหลาง) ช่วงที่ 3", "road_no": "3011", "aumpher": "อำเภอห้วยคต", "office": "สาขาหนองฉาง", "branch_code": "61020000", "name_short": "อน.", "price_new": 450, "price_old": 450, "width_m": 8, "pt_i": 90 }, "geometry": { "type": "Point", "coordinates": [ 99.565045599949627, 15.256394117931174 ] } },
{ "type": "Feature", "properties": { "road_key": "61020000ST009.3", "road_name": "ทางหลวงชนบท อน 3011 (สายแยก ทล. 333-บ้านทองหลาง) ช่วงที่ 3", "road_no": "3011", "aumpher": "อำเภอห้วยคต", "office": "สาขาหนองฉาง", "branch_code": "61020000", "name_short": "อน.", "price_new": 450, "price_old": 450, "width_m": 8, "pt_i": 91 }, "geometry": { "type": "Point", "coordinates": [ 99.563969489463616, 15.256686619342931 ] } },
{ "type": "Feature", "properties": { "road_key": "61020000ST009.3", "road_name": "ทางหลวงชนบท อน 3011 (สายแยก ทล. 333-บ้านทองหลาง) ช่วงที่ 3", "road_no": "3011", "aumpher": "อำเภอห้วยคต", "office": "สาขาหนองฉาง", "branch_code": "61020000", "name_short": "อน.", "price_new": 450, "price_old": 450, "width_m": 8, "pt_i": 92 }, "geometry": { "type": "Point", "coordinates": [ 99.562893375827457, 15.256979115684722 ] } },
{ "type": "Feature", "properties": { "road_key": "61020000ST009.3", "road_name": "ทางหลวงชนบท อน 3011 (สายแยก ทล. 333-บ้านทองหลาง) ช่วงที่ 3", "road_no": "3011", "aumpher": "อำเภอห้วยคต", "office": "สาขาหนองฉาง", "branch_code": "61020000", "name_short": "อน.", "price_new": 450, "price_old": 450, "width_m": 8, "pt_i": 93 }, "geometry": { "type": "Point", "coordinates": [ 99.561814575676209, 15.257260151179016 ] } },
{ "type": "Feature", "properties": { "road_key": "61020000ST009.3", "road_name": "ทางหลวงชนบท อน 3011 (สายแยก ทล. 333-บ้านทองหลาง) ช่วงที่ 3", "road_no": "3011", "aumpher": "อำเภอห้วยคต", "office": "สาขาหนองฉาง", "branch_code": "61020000", "name_short": "อน.", "price_new": 450, "price_old": 450, "width_m": 8, "pt_i": 94 }, "geometry": { "type": "Point", "coordinates": [ 99.56083447489307, 15.256928465539676 ] } },
{ "type": "Feature", "properties": { "road_key": "61020000ST009.3", "road_name": "ทางหลวงชนบท อน 3011 (สายแยก ทล. 333-บ้านทองหลาง) ช่วงที่ 3", "road_no": "3011", "aumpher": "อำเภอห้วยคต", "office": "สาขาหนองฉาง", "branch_code": "61020000", "name_short": "อน.", "price_new": 450, "price_old": 450, "width_m": 8, "pt_i": 95 }, "geometry": { "type": "Point", "coordinates": [ 99.560029866516871, 15.256182423786546 ] } },
{ "type": "Feature", "properties": { "road_key": "61020000ST009.3", "road_name": "ทางหลวงชนบท อน 3011 (สายแยก ทล. 333-บ้านทองหลาง) ช่วงที่ 3", "road_no": "3011", "aumpher": "อำเภอห้วยคต", "office": "สาขาหนองฉาง", "branch_code": "61020000", "name_short": "อน.", "price_new": 450, "price_old": 450, "width_m": 8, "pt_i": 96 }, "geometry": { "type": "Point", "coordinates": [ 99.558929738219248, 15.256288299152162 ] } },
{ "type": "Feature", "properties": { "road_key": "61020000ST009.3", "road_name": "ทางหลวงชนบท อน 3011 (สายแยก ทล. 333-บ้านทองหลาง) ช่วงที่ 3", "road_no": "3011", "aumpher": "อำเภอห้วยคต", "office": "สาขาหนองฉาง", "branch_code": "61020000", "name_short": "อน.", "price_new": 450, "price_old": 450, "width_m": 8, "pt_i": 97 }, "geometry": { "type": "Point", "coordinates": [ 99.557818715148528, 15.256351392798873 ] } },
{ "type": "Feature", "properties": { "road_key": "61020000ST009.3", "road_name": "ทางหลวงชนบท อน 3011 (สายแยก ทล. 333-บ้านทองหลาง) ช่วงที่ 3", "road_no": "3011", "aumpher": "อำเภอห้วยคต", "office": "สาขาหนองฉาง", "branch_code": "61020000", "name_short": "อน.", "price_new": 450, "price_old": 450, "width_m": 8, "pt_i": 98 }, "geometry": { "type": "Point", "coordinates": [ 99.55670150047527, 15.256329655387416 ] } },
{ "type": "Feature", "properties": { "road_key": "61020000ST009.3", "road_name": "ทางหลวงชนบท อน 3011 (สายแยก ทล. 333-บ้านทองหลาง) ช่วงที่ 3", "road_no": "3011", "aumpher": "อำเภอห้วยคต", "office": "สาขาหนองฉาง", "branch_code": "61020000", "name_short": "อน.", "price_new": 450, "price_old": 450, "width_m": 8, "pt_i": 99 }, "geometry": { "type": "Point", "coordinates": [ 99.55558445112618, 15.256299035508846 ] } },
{ "type": "Feature", "properties": { "road_key": "61020000ST009.3", "road_name": "ทางหลวงชนบท อน 3011 (สายแยก ทล. 333-บ้านทองหลาง) ช่วงที่ 3", "road_no": "3011", "aumpher": "อำเภอห้วยคต", "office": "สาขาหนองฉาง", "branch_code": "61020000", "name_short": "อน.", "price_new": 450, "price_old": 450, "width_m": 8, "pt_i": 100 }, "geometry": { "type": "Point", "coordinates": [ 99.554467401903125, 15.256268410055474 ] } },
{ "type": "Feature", "properties": { "road_key": "61020000ST009.3", "road_name": "ทางหลวงชนบท อน 3011 (สายแยก ทล. 333-บ้านทองหลาง) ช่วงที่ 3", "road_no": "3011", "aumpher": "อำเภอห้วยคต", "office": "สาขาหนองฉาง", "branch_code": "61020000", "name_short": "อน.", "price_new": 450, "price_old": 450, "width_m": 8, "pt_i": 101 }, "geometry": { "type": "Point", "coordinates": [ 99.553350352806575, 15.256237779027325 ] } },
{ "type": "Feature", "properties": { "road_key": "61020000ST009.3", "road_name": "ทางหลวงชนบท อน 3011 (สายแยก ทล. 333-บ้านทองหลาง) ช่วงที่ 3", "road_no": "3011", "aumpher": "อำเภอห้วยคต", "office": "สาขาหนองฉาง", "branch_code": "61020000", "name_short": "อน.", "price_new": 450, "price_old": 450, "width_m": 8, "pt_i": 102 }, "geometry": { "type": "Point", "coordinates": [ 99.552232983880202, 15.256223123939169 ] } },
{ "type": "Feature", "properties": { "road_key": "61020000ST009.3", "road_name": "ทางหลวงชนบท อน 3011 (สายแยก ทล. 333-บ้านทองหลาง) ช่วงที่ 3", "road_no": "3011", "aumpher": "อำเภอห้วยคต", "office": "สาขาหนองฉาง", "branch_code": "61020000", "name_short": "อน.", "price_new": 450, "price_old": 450, "width_m": 8, "pt_i": 103 }, "geometry": { "type": "Point", "coordinates": [ 99.5511155521218, 15.256211598763624 ] } },
{ "type": "Feature", "properties": { "road_key": "61020000ST009.3", "road_name": "ทางหลวงชนบท อน 3011 (สายแยก ทล. 333-บ้านทองหลาง) ช่วงที่ 3", "road_no": "3011", "aumpher": "อำเภอห้วยคต", "office": "สาขาหนองฉาง", "branch_code": "61020000", "name_short": "อน.", "price_new": 450, "price_old": 450, "width_m": 8, "pt_i": 104 }, "geometry": { "type": "Point", "coordinates": [ 99.54999815749234, 15.25619753460874 ] } },
{ "type": "Feature", "properties": { "road_key": "61020000ST009.3", "road_name": "ทางหลวงชนบท อน 3011 (สายแยก ทล. 333-บ้านทองหลาง) ช่วงที่ 3", "road_no": "3011", "aumpher": "อำเภอห้วยคต", "office": "สาขาหนองฉาง", "branch_code": "61020000", "name_short": "อน.", "price_new": 450, "price_old": 450, "width_m": 8, "pt_i": 105 }, "geometry": { "type": "Point", "coordinates": [ 99.54888084110334, 15.256178135712249 ] } },
{ "type": "Feature", "properties": { "road_key": "61020000ST009.3", "road_name": "ทางหลวงชนบท อน 3011 (สายแยก ทล. 333-บ้านทองหลาง) ช่วงที่ 3", "road_no": "3011", "aumpher": "อำเภอห้วยคต", "office": "สาขาหนองฉาง", "branch_code": "61020000", "name_short": "อน.", "price_new": 450, "price_old": 450, "width_m": 8, "pt_i": 106 }, "geometry": { "type": "Point", "coordinates": [ 99.547769365267627, 15.256265146009426 ] } },
{ "type": "Feature", "properties": { "road_key": "61020000ST009.3", "road_name": "ทางหลวงชนบท อน 3011 (สายแยก ทล. 333-บ้านทองหลาง) ช่วงที่ 3", "road_no": "3011", "aumpher": "อำเภอห้วยคต", "office": "สาขาหนองฉาง", "branch_code": "61020000", "name_short": "อน.", "price_new": 450, "price_old": 450, "width_m": 8, "pt_i": 107 }, "geometry": { "type": "Point", "coordinates": [ 99.546684921852645, 15.256523819912138 ] } },
{ "type": "Feature", "properties": { "road_key": "61020000ST009.3", "road_name": "ทางหลวงชนบท อน 3011 (สายแยก ทล. 333-บ้านทองหลาง) ช่วงที่ 3", "road_no": "3011", "aumpher": "อำเภอห้วยคต", "office": "สาขาหนองฉาง", "branch_code": "61020000", "name_short": "อน.", "price_new": 450, "price_old": 450, "width_m": 8, "pt_i": 108 }, "geometry": { "type": "Point", "coordinates": [ 99.54561627596469, 15.25684060247335 ] } },
{ "type": "Feature", "properties": { "road_key": "61020000ST009.3", "road_name": "ทางหลวงชนบท อน 3011 (สายแยก ทล. 333-บ้านทองหลาง) ช่วงที่ 3", "road_no": "3011", "aumpher": "อำเภอห้วยคต", "office": "สาขาหนองฉาง", "branch_code": "61020000", "name_short": "อน.", "price_new": 450, "price_old": 450, "width_m": 8, "pt_i": 109 }, "geometry": { "type": "Point", "coordinates": [ 99.544537056055475, 15.257117802880098 ] } },
{ "type": "Feature", "properties": { "road_key": "61020000ST009.3", "road_name": "ทางหลวงชนบท อน 3011 (สายแยก ทล. 333-บ้านทองหลาง) ช่วงที่ 3", "road_no": "3011", "aumpher": "อำเภอห้วยคต", "office": "สาขาหนองฉาง", "branch_code": "61020000", "name_short": "อน.", "price_new": 450, "price_old": 450, "width_m": 8, "pt_i": 110 }, "geometry": { "type": "Point", "coordinates": [ 99.543456605673171, 15.256926437365097 ] } },
{ "type": "Feature", "properties": { "road_key": "61020000ST009.3", "road_name": "ทางหลวงชนบท อน 3011 (สายแยก ทล. 333-บ้านทองหลาง) ช่วงที่ 3", "road_no": "3011", "aumpher": "อำเภอห้วยคต", "office": "สาขาหนองฉาง", "branch_code": "61020000", "name_short": "อน.", "price_new": 450, "price_old": 450, "width_m": 8, "pt_i": 111 }, "geometry": { "type": "Point", "coordinates": [ 99.54248923325504, 15.25638339992604 ] } },
{ "type": "Feature", "properties": { "road_key": "61020000ST009.3", "road_name": "ทางหลวงชนบท อน 3011 (สายแยก ทล. 333-บ้านทองหลาง) ช่วงที่ 3", "road_no": "3011", "aumpher": "อำเภอห้วยคต", "office": "สาขาหนองฉาง", "branch_code": "61020000", "name_short": "อน.", "price_new": 450, "price_old": 450, "width_m": 8, "pt_i": 112 }, "geometry": { "type": "Point", "coordinates": [ 99.541493269270163, 15.25590713864621 ] } },
{ "type": "Feature", "properties": { "road_key": "61020000ST009.3", "road_name": "ทางหลวงชนบท อน 3011 (สายแยก ทล. 333-บ้านทองหลาง) ช่วงที่ 3", "road_no": "3011", "aumpher": "อำเภอห้วยคต", "office": "สาขาหนองฉาง", "branch_code": "61020000", "name_short": "อน.", "price_new": 450, "price_old": 450, "width_m": 8, "pt_i": 113 }, "geometry": { "type": "Point", "coordinates": [ 99.540378304111599, 15.255854016922804 ] } },
{ "type": "Feature", "properties": { "road_key": "61020000ST009.3", "road_name": "ทางหลวงชนบท อน 3011 (สายแยก ทล. 333-บ้านทองหลาง) ช่วงที่ 3", "road_no": "3011", "aumpher": "อำเภอห้วยคต", "office": "สาขาหนองฉาง", "branch_code": "61020000", "name_short": "อน.", "price_new": 450, "price_old": 450, "width_m": 8, "pt_i": 114 }, "geometry": { "type": "Point", "coordinates": [ 99.539261091043755, 15.255829653478903 ] } },
{ "type": "Feature", "properties": { "road_key": "61020000ST009.3", "road_name": "ทางหลวงชนบท อน 3011 (สายแยก ทล. 333-บ้านทองหลาง) ช่วงที่ 3", "road_no": "3011", "aumpher": "อำเภอห้วยคต", "office": "สาขาหนองฉาง", "branch_code": "61020000", "name_short": "อน.", "price_new": 450, "price_old": 450, "width_m": 8, "pt_i": 115 }, "geometry": { "type": "Point", "coordinates": [ 99.538143878041552, 15.255805284461248 ] } },
{ "type": "Feature", "properties": { "road_key": "61020000ST009.3", "road_name": "ทางหลวงชนบท อน 3011 (สายแยก ทล. 333-บ้านทองหลาง) ช่วงที่ 3", "road_no": "3011", "aumpher": "อำเภอห้วยคต", "office": "สาขาหนองฉาง", "branch_code": "61020000", "name_short": "อน.", "price_new": 450, "price_old": 450, "width_m": 8, "pt_i": 116 }, "geometry": { "type": "Point", "coordinates": [ 99.537027474284827, 15.255757901452268 ] } },
{ "type": "Feature", "properties": { "road_key": "61020000ST009.3", "road_name": "ทางหลวงชนบท อน 3011 (สายแยก ทล. 333-บ้านทองหลาง) ช่วงที่ 3", "road_no": "3011", "aumpher": "อำเภอห้วยคต", "office": "สาขาหนองฉาง", "branch_code": "61020000", "name_short": "อน.", "price_new": 450, "price_old": 450, "width_m": 8, "pt_i": 117 }, "geometry": { "type": "Point", "coordinates": [ 99.535911150657213, 15.255708243611716 ] } },
{ "type": "Feature", "properties": { "road_key": "61020000ST009.3", "road_name": "ทางหลวงชนบท อน 3011 (สายแยก ทล. 333-บ้านทองหลาง) ช่วงที่ 3", "road_no": "3011", "aumpher": "อำเภอห้วยคต", "office": "สาขาหนองฉาง", "branch_code": "61020000", "name_short": "อน.", "price_new": 450, "price_old": 450, "width_m": 8, "pt_i": 118 }, "geometry": { "type": "Point", "coordinates": [ 99.534794723259409, 15.255661198077739 ] } },
{ "type": "Feature", "properties": { "road_key": "61020000ST009.3", "road_name": "ทางหลวงชนบท อน 3011 (สายแยก ทล. 333-บ้านทองหลาง) ช่วงที่ 3", "road_no": "3011", "aumpher": "อำเภอห้วยคต", "office": "สาขาหนองฉาง", "branch_code": "61020000", "name_short": "อน.", "price_new": 450, "price_old": 450, "width_m": 8, "pt_i": 119 }, "geometry": { "type": "Point", "coordinates": [ 99.533677778606332, 15.255627160195363 ] } },
{ "type": "Feature", "properties": { "road_key": "61020000ST009.3", "road_name": "ทางหลวงชนบท อน 3011 (สายแยก ทล. 333-บ้านทองหลาง) ช่วงที่ 3", "road_no": "3011", "aumpher": "อำเภอห้วยคต", "office": "สาขาหนองฉาง", "branch_code": "61020000", "name_short": "อน.", "price_new": 450, "price_old": 450, "width_m": 8, "pt_i": 120 }, "geometry": { "type": "Point", "coordinates": [ 99.532564169489476, 15.255553103047237 ] } },
{ "type": "Feature", "properties": { "road_key": "61020000ST009.3", "road_name": "ทางหลวงชนบท อน 3011 (สายแยก ทล. 333-บ้านทองหลาง) ช่วงที่ 3", "road_no": "3011", "aumpher": "อำเภอห้วยคต", "office": "สาขาหนองฉาง", "branch_code": "61020000", "name_short": "อน.", "price_new": 450, "price_old": 450, "width_m": 8, "pt_i": 121 }, "geometry": { "type": "Point", "coordinates": [ 99.531480380734948, 15.255289959049582 ] } },
{ "type": "Feature", "properties": { "road_key": "61020000ST009.3", "road_name": "ทางหลวงชนบท อน 3011 (สายแยก ทล. 333-บ้านทองหลาง) ช่วงที่ 3", "road_no": "3011", "aumpher": "อำเภอห้วยคต", "office": "สาขาหนองฉาง", "branch_code": "61020000", "name_short": "อน.", "price_new": 450, "price_old": 450, "width_m": 8, "pt_i": 122 }, "geometry": { "type": "Point", "coordinates": [ 99.530396755219712, 15.255025002877275 ] } },
{ "type": "Feature", "properties": { "road_key": "61020000ST009.3", "road_name": "ทางหลวงชนบท อน 3011 (สายแยก ทล. 333-บ้านทองหลาง) ช่วงที่ 3", "road_no": "3011", "aumpher": "อำเภอห้วยคต", "office": "สาขาหนองฉาง", "branch_code": "61020000", "name_short": "อน.", "price_new": 450, "price_old": 450, "width_m": 8, "pt_i": 123 }, "geometry": { "type": "Point", "coordinates": [ 99.529315666734533, 15.254751980104658 ] } },
{ "type": "Feature", "properties": { "road_key": "61020000ST009.3", "road_name": "ทางหลวงชนบท อน 3011 (สายแยก ทล. 333-บ้านทองหลาง) ช่วงที่ 3", "road_no": "3011", "aumpher": "อำเภอห้วยคต", "office": "สาขาหนองฉาง", "branch_code": "61020000", "name_short": "อน.", "price_new": 450, "price_old": 450, "width_m": 8, "pt_i": 124 }, "geometry": { "type": "Point", "coordinates": [ 99.52847159416163, 15.254074501782698 ] } },
{ "type": "Feature", "properties": { "road_key": "61020000ST009.3", "road_name": "ทางหลวงชนบท อน 3011 (สายแยก ทล. 333-บ้านทองหลาง) ช่วงที่ 3", "road_no": "3011", "aumpher": "อำเภอห้วยคต", "office": "สาขาหนองฉาง", "branch_code": "61020000", "name_short": "อน.", "price_new": 450, "price_old": 450, "width_m": 8, "pt_i": 125 }, "geometry": { "type": "Point", "coordinates": [ 99.527832596893433, 15.253184795795274 ] } },
{ "type": "Feature", "properties": { "road_key": "61020000ST009.3", "road_name": "ทางหลวงชนบท อน 3011 (สายแยก ทล. 333-บ้านทองหลาง) ช่วงที่ 3", "road_no": "3011", "aumpher": "อำเภอห้วยคต", "office": "สาขาหนองฉาง", "branch_code": "61020000", "name_short": "อน.", "price_new": 450, "price_old": 450, "width_m": 8, "pt_i": 126 }, "geometry": { "type": "Point", "coordinates": [ 99.527181073819364, 15.252303383092508 ] } },
{ "type": "Feature", "properties": { "road_key": "61020000ST009.3", "road_name": "ทางหลวงชนบท อน 3011 (สายแยก ทล. 333-บ้านทองหลาง) ช่วงที่ 3", "road_no": "3011", "aumpher": "อำเภอห้วยคต", "office": "สาขาหนองฉาง", "branch_code": "61020000", "name_short": "อน.", "price_new": 450, "price_old": 450, "width_m": 8, "pt_i": 127 }, "geometry": { "type": "Point", "coordinates": [ 99.526529556237691, 15.251421968255869 ] } },
{ "type": "Feature", "properties": { "road_key": "61020000ST009.3", "road_name": "ทางหลวงชนบท อน 3011 (สายแยก ทล. 333-บ้านทองหลาง) ช่วงที่ 3", "road_no": "3011", "aumpher": "อำเภอห้วยคต", "office": "สาขาหนองฉาง", "branch_code": "61020000", "name_short": "อน.", "price_new": 450, "price_old": 450, "width_m": 8, "pt_i": 128 }, "geometry": { "type": "Point", "coordinates": [ 99.525876556878984, 15.250541589661047 ] } },
{ "type": "Feature", "properties": { "road_key": "61020000ST014", "road_name": "ทางหลวงชนบท อน 5039 (สายบ้านตลาดใหม่ป่าผาก-บ้านบ่อน้ำเย็น)", "road_no": "5039", "aumpher": "อำเภอห้วยคต", "office": "สาขาหนองฉาง", "branch_code": "61020000", "name_short": "อน.", "price_new": 400, "price_old": 150, "width_m": 6, "pt_i": 0 }, "geometry": { "type": "Point", "coordinates": [ 99.629942440820329, 15.296810907016985 ] } },
{ "type": "Feature", "properties": { "road_key": "61020000ST014", "road_name": "ทางหลวงชนบท อน 5039 (สายบ้านตลาดใหม่ป่าผาก-บ้านบ่อน้ำเย็น)", "road_no": "5039", "aumpher": "อำเภอห้วยคต", "office": "สาขาหนองฉาง", "branch_code": "61020000", "name_short": "อน.", "price_new": 400, "price_old": 150, "width_m": 6, "pt_i": 1 }, "geometry": { "type": "Point", "coordinates": [ 99.63003247884734, 15.295729841205977 ] } },
{ "type": "Feature", "properties": { "road_key": "61020000ST014", "road_name": "ทางหลวงชนบท อน 5039 (สายบ้านตลาดใหม่ป่าผาก-บ้านบ่อน้ำเย็น)", "road_no": "5039", "aumpher": "อำเภอห้วยคต", "office": "สาขาหนองฉาง", "branch_code": "61020000", "name_short": "อน.", "price_new": 400, "price_old": 150, "width_m": 6, "pt_i": 2 }, "geometry": { "type": "Point", "coordinates": [ 99.630011905941089, 15.294645888028922 ] } },
{ "type": "Feature", "properties": { "road_key": "61020000ST014", "road_name": "ทางหลวงชนบท อน 5039 (สายบ้านตลาดใหม่ป่าผาก-บ้านบ่อน้ำเย็น)", "road_no": "5039", "aumpher": "อำเภอห้วยคต", "office": "สาขาหนองฉาง", "branch_code": "61020000", "name_short": "อน.", "price_new": 400, "price_old": 150, "width_m": 6, "pt_i": 3 }, "geometry": { "type": "Point", "coordinates": [ 99.629930555548142, 15.293563907631173 ] } },
{ "type": "Feature", "properties": { "road_key": "61020000ST014", "road_name": "ทางหลวงชนบท อน 5039 (สายบ้านตลาดใหม่ป่าผาก-บ้านบ่อน้ำเย็น)", "road_no": "5039", "aumpher": "อำเภอห้วยคต", "office": "สาขาหนองฉาง", "branch_code": "61020000", "name_short": "อน.", "price_new": 400, "price_old": 150, "width_m": 6, "pt_i": 4 }, "geometry": { "type": "Point", "coordinates": [ 99.62984375076789, 15.292482330926516 ] } },
{ "type": "Feature", "properties": { "road_key": "61020000ST014", "road_name": "ทางหลวงชนบท อน 5039 (สายบ้านตลาดใหม่ป่าผาก-บ้านบ่อน้ำเย็น)", "road_no": "5039", "aumpher": "อำเภอห้วยคต", "office": "สาขาหนองฉาง", "branch_code": "61020000", "name_short": "อน.", "price_new": 400, "price_old": 150, "width_m": 6, "pt_i": 5 }, "geometry": { "type": "Point", "coordinates": [ 99.629755110357223, 15.291400890021555 ] } },
{ "type": "Feature", "properties": { "road_key": "61020000ST014", "road_name": "ทางหลวงชนบท อน 5039 (สายบ้านตลาดใหม่ป่าผาก-บ้านบ่อน้ำเย็น)", "road_no": "5039", "aumpher": "อำเภอห้วยคต", "office": "สาขาหนองฉาง", "branch_code": "61020000", "name_short": "อน.", "price_new": 400, "price_old": 150, "width_m": 6, "pt_i": 6 }, "geometry": { "type": "Point", "coordinates": [ 99.629659581212266, 15.290320003377147 ] } },
{ "type": "Feature", "properties": { "road_key": "61020000ST014", "road_name": "ทางหลวงชนบท อน 5039 (สายบ้านตลาดใหม่ป่าผาก-บ้านบ่อน้ำเย็น)", "road_no": "5039", "aumpher": "อำเภอห้วยคต", "office": "สาขาหนองฉาง", "branch_code": "61020000", "name_short": "อน.", "price_new": 400, "price_old": 150, "width_m": 6, "pt_i": 7 }, "geometry": { "type": "Point", "coordinates": [ 99.629563537858502, 15.289239158026628 ] } },
{ "type": "Feature", "properties": { "road_key": "61020000ST014", "road_name": "ทางหลวงชนบท อน 5039 (สายบ้านตลาดใหม่ป่าผาก-บ้านบ่อน้ำเย็น)", "road_no": "5039", "aumpher": "อำเภอห้วยคต", "office": "สาขาหนองฉาง", "branch_code": "61020000", "name_short": "อน.", "price_new": 400, "price_old": 150, "width_m": 6, "pt_i": 8 }, "geometry": { "type": "Point", "coordinates": [ 99.629463751324806, 15.288158633872351 ] } },
{ "type": "Feature", "properties": { "road_key": "61020000ST014", "road_name": "ทางหลวงชนบท อน 5039 (สายบ้านตลาดใหม่ป่าผาก-บ้านบ่อน้ำเย็น)", "road_no": "5039", "aumpher": "อำเภอห้วยคต", "office": "สาขาหนองฉาง", "branch_code": "61020000", "name_short": "อน.", "price_new": 400, "price_old": 150, "width_m": 6, "pt_i": 9 }, "geometry": { "type": "Point", "coordinates": [ 99.629367881010381, 15.287077791682229 ] } },
{ "type": "Feature", "properties": { "road_key": "61020000ST014", "road_name": "ทางหลวงชนบท อน 5039 (สายบ้านตลาดใหม่ป่าผาก-บ้านบ่อน้ำเย็น)", "road_no": "5039", "aumpher": "อำเภอห้วยคต", "office": "สาขาหนองฉาง", "branch_code": "61020000", "name_short": "อน.", "price_new": 400, "price_old": 150, "width_m": 6, "pt_i": 10 }, "geometry": { "type": "Point", "coordinates": [ 99.62927457727919, 15.285996736101213 ] } },
{ "type": "Feature", "properties": { "road_key": "61020000ST014", "road_name": "ทางหลวงชนบท อน 5039 (สายบ้านตลาดใหม่ป่าผาก-บ้านบ่อน้ำเย็น)", "road_no": "5039", "aumpher": "อำเภอห้วยคต", "office": "สาขาหนองฉาง", "branch_code": "61020000", "name_short": "อน.", "price_new": 400, "price_old": 150, "width_m": 6, "pt_i": 11 }, "geometry": { "type": "Point", "coordinates": [ 99.629174715274715, 15.284916216543504 ] } },
{ "type": "Feature", "properties": { "road_key": "61020000ST014", "road_name": "ทางหลวงชนบท อน 5039 (สายบ้านตลาดใหม่ป่าผาก-บ้านบ่อน้ำเย็น)", "road_no": "5039", "aumpher": "อำเภอห้วยคต", "office": "สาขาหนองฉาง", "branch_code": "61020000", "name_short": "อน.", "price_new": 400, "price_old": 150, "width_m": 6, "pt_i": 12 }, "geometry": { "type": "Point", "coordinates": [ 99.629071241341762, 15.283836019623514 ] } },
{ "type": "Feature", "properties": { "road_key": "61020000ST014", "road_name": "ทางหลวงชนบท อน 5039 (สายบ้านตลาดใหม่ป่าผาก-บ้านบ่อน้ำเย็น)", "road_no": "5039", "aumpher": "อำเภอห้วยคต", "office": "สาขาหนองฉาง", "branch_code": "61020000", "name_short": "อน.", "price_new": 400, "price_old": 150, "width_m": 6, "pt_i": 13 }, "geometry": { "type": "Point", "coordinates": [ 99.628968350491931, 15.282755795506175 ] } },
{ "type": "Feature", "properties": { "road_key": "61020000ST014", "road_name": "ทางหลวงชนบท อน 5039 (สายบ้านตลาดใหม่ป่าผาก-บ้านบ่อน้ำเย็น)", "road_no": "5039", "aumpher": "อำเภอห้วยคต", "office": "สาขาหนองฉาง", "branch_code": "61020000", "name_short": "อน.", "price_new": 400, "price_old": 150, "width_m": 6, "pt_i": 14 }, "geometry": { "type": "Point", "coordinates": [ 99.628895263718888, 15.281673258542684 ] } },
{ "type": "Feature", "properties": { "road_key": "61020000ST014", "road_name": "ทางหลวงชนบท อน 5039 (สายบ้านตลาดใหม่ป่าผาก-บ้านบ่อน้ำเย็น)", "road_no": "5039", "aumpher": "อำเภอห้วยคต", "office": "สาขาหนองฉาง", "branch_code": "61020000", "name_short": "อน.", "price_new": 400, "price_old": 150, "width_m": 6, "pt_i": 15 }, "geometry": { "type": "Point", "coordinates": [ 99.628826931979759, 15.280590439596338 ] } },
{ "type": "Feature", "properties": { "road_key": "61020000ST014", "road_name": "ทางหลวงชนบท อน 5039 (สายบ้านตลาดใหม่ป่าผาก-บ้านบ่อน้ำเย็น)", "road_no": "5039", "aumpher": "อำเภอห้วยคต", "office": "สาขาหนองฉาง", "branch_code": "61020000", "name_short": "อน.", "price_new": 400, "price_old": 150, "width_m": 6, "pt_i": 16 }, "geometry": { "type": "Point", "coordinates": [ 99.628760461269124, 15.279507521809906 ] } },
{ "type": "Feature", "properties": { "road_key": "61020000ST014", "road_name": "ทางหลวงชนบท อน 5039 (สายบ้านตลาดใหม่ป่าผาก-บ้านบ่อน้ำเย็น)", "road_no": "5039", "aumpher": "อำเภอห้วยคต", "office": "สาขาหนองฉาง", "branch_code": "61020000", "name_short": "อน.", "price_new": 400, "price_old": 150, "width_m": 6, "pt_i": 17 }, "geometry": { "type": "Point", "coordinates": [ 99.628673866644391, 15.278425957315291 ] } },
{ "type": "Feature", "properties": { "road_key": "61020000ST014", "road_name": "ทางหลวงชนบท อน 5039 (สายบ้านตลาดใหม่ป่าผาก-บ้านบ่อน้ำเย็น)", "road_no": "5039", "aumpher": "อำเภอห้วยคต", "office": "สาขาหนองฉาง", "branch_code": "61020000", "name_short": "อน.", "price_new": 400, "price_old": 150, "width_m": 6, "pt_i": 18 }, "geometry": { "type": "Point", "coordinates": [ 99.628573319541601, 15.277345497095665 ] } },
{ "type": "Feature", "properties": { "road_key": "61020000ST014", "road_name": "ทางหลวงชนบท อน 5039 (สายบ้านตลาดใหม่ป่าผาก-บ้านบ่อน้ำเย็น)", "road_no": "5039", "aumpher": "อำเภอห้วยคต", "office": "สาขาหนองฉาง", "branch_code": "61020000", "name_short": "อน.", "price_new": 400, "price_old": 150, "width_m": 6, "pt_i": 19 }, "geometry": { "type": "Point", "coordinates": [ 99.628519420481695, 15.276262466302628 ] } },
{ "type": "Feature", "properties": { "road_key": "61020000ST014", "road_name": "ทางหลวงชนบท อน 5039 (สายบ้านตลาดใหม่ป่าผาก-บ้านบ่อน้ำเย็น)", "road_no": "5039", "aumpher": "อำเภอห้วยคต", "office": "สาขาหนองฉาง", "branch_code": "61020000", "name_short": "อน.", "price_new": 400, "price_old": 150, "width_m": 6, "pt_i": 20 }, "geometry": { "type": "Point", "coordinates": [ 99.628476723826296, 15.275178661655302 ] } },
{ "type": "Feature", "properties": { "road_key": "61020000ST014", "road_name": "ทางหลวงชนบท อน 5039 (สายบ้านตลาดใหม่ป่าผาก-บ้านบ่อน้ำเย็น)", "road_no": "5039", "aumpher": "อำเภอห้วยคต", "office": "สาขาหนองฉาง", "branch_code": "61020000", "name_short": "อน.", "price_new": 400, "price_old": 150, "width_m": 6, "pt_i": 21 }, "geometry": { "type": "Point", "coordinates": [ 99.628408795104519, 15.274095816266657 ] } },
{ "type": "Feature", "properties": { "road_key": "61020000ST014", "road_name": "ทางหลวงชนบท อน 5039 (สายบ้านตลาดใหม่ป่าผาก-บ้านบ่อน้ำเย็น)", "road_no": "5039", "aumpher": "อำเภอห้วยคต", "office": "สาขาหนองฉาง", "branch_code": "61020000", "name_short": "อน.", "price_new": 400, "price_old": 150, "width_m": 6, "pt_i": 22 }, "geometry": { "type": "Point", "coordinates": [ 99.628333826334227, 15.273013400606711 ] } },
{ "type": "Feature", "properties": { "road_key": "61020000ST014", "road_name": "ทางหลวงชนบท อน 5039 (สายบ้านตลาดใหม่ป่าผาก-บ้านบ่อน้ำเย็น)", "road_no": "5039", "aumpher": "อำเภอห้วยคต", "office": "สาขาหนองฉาง", "branch_code": "61020000", "name_short": "อน.", "price_new": 400, "price_old": 150, "width_m": 6, "pt_i": 23 }, "geometry": { "type": "Point", "coordinates": [ 99.628187024591341, 15.271938457273924 ] } },
{ "type": "Feature", "properties": { "road_key": "61020000ST014", "road_name": "ทางหลวงชนบท อน 5039 (สายบ้านตลาดใหม่ป่าผาก-บ้านบ่อน้ำเย็น)", "road_no": "5039", "aumpher": "อำเภอห้วยคต", "office": "สาขาหนองฉาง", "branch_code": "61020000", "name_short": "อน.", "price_new": 400, "price_old": 150, "width_m": 6, "pt_i": 24 }, "geometry": { "type": "Point", "coordinates": [ 99.62799803999971, 15.270869342041497 ] } },
{ "type": "Feature", "properties": { "road_key": "61020000ST014", "road_name": "ทางหลวงชนบท อน 5039 (สายบ้านตลาดใหม่ป่าผาก-บ้านบ่อน้ำเย็น)", "road_no": "5039", "aumpher": "อำเภอห้วยคต", "office": "สาขาหนองฉาง", "branch_code": "61020000", "name_short": "อน.", "price_new": 400, "price_old": 150, "width_m": 6, "pt_i": 25 }, "geometry": { "type": "Point", "coordinates": [ 99.627772751935311, 15.269807187897058 ] } },
{ "type": "Feature", "properties": { "road_key": "61020000ST014", "road_name": "ทางหลวงชนบท อน 5039 (สายบ้านตลาดใหม่ป่าผาก-บ้านบ่อน้ำเย็น)", "road_no": "5039", "aumpher": "อำเภอห้วยคต", "office": "สาขาหนองฉาง", "branch_code": "61020000", "name_short": "อน.", "price_new": 400, "price_old": 150, "width_m": 6, "pt_i": 26 }, "geometry": { "type": "Point", "coordinates": [ 99.62738714775459, 15.268791896613795 ] } },
{ "type": "Feature", "properties": { "road_key": "61020000ST014", "road_name": "ทางหลวงชนบท อน 5039 (สายบ้านตลาดใหม่ป่าผาก-บ้านบ่อน้ำเย็น)", "road_no": "5039", "aumpher": "อำเภอห้วยคต", "office": "สาขาหนองฉาง", "branch_code": "61020000", "name_short": "อน.", "price_new": 400, "price_old": 150, "width_m": 6, "pt_i": 27 }, "geometry": { "type": "Point", "coordinates": [ 99.627170856701852, 15.267730963278352 ] } },
{ "type": "Feature", "properties": { "road_key": "61020000ST014", "road_name": "ทางหลวงชนบท อน 5039 (สายบ้านตลาดใหม่ป่าผาก-บ้านบ่อน้ำเย็น)", "road_no": "5039", "aumpher": "อำเภอห้วยคต", "office": "สาขาหนองฉาง", "branch_code": "61020000", "name_short": "อน.", "price_new": 400, "price_old": 150, "width_m": 6, "pt_i": 28 }, "geometry": { "type": "Point", "coordinates": [ 99.62664174890007, 15.266782898328497 ] } },
{ "type": "Feature", "properties": { "road_key": "61020000ST014", "road_name": "ทางหลวงชนบท อน 5039 (สายบ้านตลาดใหม่ป่าผาก-บ้านบ่อน้ำเย็น)", "road_no": "5039", "aumpher": "อำเภอห้วยคต", "office": "สาขาหนองฉาง", "branch_code": "61020000", "name_short": "อน.", "price_new": 400, "price_old": 150, "width_m": 6, "pt_i": 29 }, "geometry": { "type": "Point", "coordinates": [ 99.62601050928896, 15.265888167286628 ] } },
{ "type": "Feature", "properties": { "road_key": "61020000ST014", "road_name": "ทางหลวงชนบท อน 5039 (สายบ้านตลาดใหม่ป่าผาก-บ้านบ่อน้ำเย็น)", "road_no": "5039", "aumpher": "อำเภอห้วยคต", "office": "สาขาหนองฉาง", "branch_code": "61020000", "name_short": "อน.", "price_new": 400, "price_old": 150, "width_m": 6, "pt_i": 30 }, "geometry": { "type": "Point", "coordinates": [ 99.625004059644041, 15.265548840708325 ] } },
{ "type": "Feature", "properties": { "road_key": "61020000ST014", "road_name": "ทางหลวงชนบท อน 5039 (สายบ้านตลาดใหม่ป่าผาก-บ้านบ่อน้ำเย็น)", "road_no": "5039", "aumpher": "อำเภอห้วยคต", "office": "สาขาหนองฉาง", "branch_code": "61020000", "name_short": "อน.", "price_new": 400, "price_old": 150, "width_m": 6, "pt_i": 31 }, "geometry": { "type": "Point", "coordinates": [ 99.623916226821393, 15.265324924760193 ] } },
{ "type": "Feature", "properties": { "road_key": "61020000ST014", "road_name": "ทางหลวงชนบท อน 5039 (สายบ้านตลาดใหม่ป่าผาก-บ้านบ่อน้ำเย็น)", "road_no": "5039", "aumpher": "อำเภอห้วยคต", "office": "สาขาหนองฉาง", "branch_code": "61020000", "name_short": "อน.", "price_new": 400, "price_old": 150, "width_m": 6, "pt_i": 32 }, "geometry": { "type": "Point", "coordinates": [ 99.623012613294819, 15.265191922654225 ] } },
{ "type": "Feature", "properties": { "road_key": "61020000ST014", "road_name": "ทางหลวงชนบท อน 5039 (สายบ้านตลาดใหม่ป่าผาก-บ้านบ่อน้ำเย็น)", "road_no": "5039", "aumpher": "อำเภอห้วยคต", "office": "สาขาหนองฉาง", "branch_code": "61020000", "name_short": "อน.", "price_new": 400, "price_old": 150, "width_m": 6, "pt_i": 33 }, "geometry": { "type": "Point", "coordinates": [ 99.62283215959917, 15.264131847916925 ] } },
{ "type": "Feature", "properties": { "road_key": "61020000ST014", "road_name": "ทางหลวงชนบท อน 5039 (สายบ้านตลาดใหม่ป่าผาก-บ้านบ่อน้ำเย็น)", "road_no": "5039", "aumpher": "อำเภอห้วยคต", "office": "สาขาหนองฉาง", "branch_code": "61020000", "name_short": "อน.", "price_new": 400, "price_old": 150, "width_m": 6, "pt_i": 34 }, "geometry": { "type": "Point", "coordinates": [ 99.621928794082592, 15.263696910955794 ] } },
{ "type": "Feature", "properties": { "road_key": "61020000ST014", "road_name": "ทางหลวงชนบท อน 5039 (สายบ้านตลาดใหม่ป่าผาก-บ้านบ่อน้ำเย็น)", "road_no": "5039", "aumpher": "อำเภอห้วยคต", "office": "สาขาหนองฉาง", "branch_code": "61020000", "name_short": "อน.", "price_new": 400, "price_old": 150, "width_m": 6, "pt_i": 35 }, "geometry": { "type": "Point", "coordinates": [ 99.621619091135955, 15.262654541411695 ] } },
{ "type": "Feature", "properties": { "road_key": "61020000ST014", "road_name": "ทางหลวงชนบท อน 5039 (สายบ้านตลาดใหม่ป่าผาก-บ้านบ่อน้ำเย็น)", "road_no": "5039", "aumpher": "อำเภอห้วยคต", "office": "สาขาหนองฉาง", "branch_code": "61020000", "name_short": "อน.", "price_new": 400, "price_old": 150, "width_m": 6, "pt_i": 36 }, "geometry": { "type": "Point", "coordinates": [ 99.621212918092525, 15.261658440925224 ] } },
{ "type": "Feature", "properties": { "road_key": "61020000ST014", "road_name": "ทางหลวงชนบท อน 5039 (สายบ้านตลาดใหม่ป่าผาก-บ้านบ่อน้ำเย็น)", "road_no": "5039", "aumpher": "อำเภอห้วยคต", "office": "สาขาหนองฉาง", "branch_code": "61020000", "name_short": "อน.", "price_new": 400, "price_old": 150, "width_m": 6, "pt_i": 37 }, "geometry": { "type": "Point", "coordinates": [ 99.620276302738347, 15.261068207082879 ] } },
{ "type": "Feature", "properties": { "road_key": "61020000ST014", "road_name": "ทางหลวงชนบท อน 5039 (สายบ้านตลาดใหม่ป่าผาก-บ้านบ่อน้ำเย็น)", "road_no": "5039", "aumpher": "อำเภอห้วยคต", "office": "สาขาหนองฉาง", "branch_code": "61020000", "name_short": "อน.", "price_new": 400, "price_old": 150, "width_m": 6, "pt_i": 38 }, "geometry": { "type": "Point", "coordinates": [ 99.619492788578413, 15.260307409179394 ] } },
{ "type": "Feature", "properties": { "road_key": "61020000ST014", "road_name": "ทางหลวงชนบท อน 5039 (สายบ้านตลาดใหม่ป่าผาก-บ้านบ่อน้ำเย็น)", "road_no": "5039", "aumpher": "อำเภอห้วยคต", "office": "สาขาหนองฉาง", "branch_code": "61020000", "name_short": "อน.", "price_new": 400, "price_old": 150, "width_m": 6, "pt_i": 39 }, "geometry": { "type": "Point", "coordinates": [ 99.618825888215369, 15.259438027305791 ] } },
{ "type": "Feature", "properties": { "road_key": "61020000ST014", "road_name": "ทางหลวงชนบท อน 5039 (สายบ้านตลาดใหม่ป่าผาก-บ้านบ่อน้ำเย็น)", "road_no": "5039", "aumpher": "อำเภอห้วยคต", "office": "สาขาหนองฉาง", "branch_code": "61020000", "name_short": "อน.", "price_new": 400, "price_old": 150, "width_m": 6, "pt_i": 40 }, "geometry": { "type": "Point", "coordinates": [ 99.618285483764396, 15.258489072621078 ] } },
{ "type": "Feature", "properties": { "road_key": "61020000ST014", "road_name": "ทางหลวงชนบท อน 5039 (สายบ้านตลาดใหม่ป่าผาก-บ้านบ่อน้ำเย็น)", "road_no": "5039", "aumpher": "อำเภอห้วยคต", "office": "สาขาหนองฉาง", "branch_code": "61020000", "name_short": "อน.", "price_new": 400, "price_old": 150, "width_m": 6, "pt_i": 41 }, "geometry": { "type": "Point", "coordinates": [ 99.617802525908161, 15.257511058003463 ] } },
{ "type": "Feature", "properties": { "road_key": "61020000ST014", "road_name": "ทางหลวงชนบท อน 5039 (สายบ้านตลาดใหม่ป่าผาก-บ้านบ่อน้ำเย็น)", "road_no": "5039", "aumpher": "อำเภอห้วยคต", "office": "สาขาหนองฉาง", "branch_code": "61020000", "name_short": "อน.", "price_new": 400, "price_old": 150, "width_m": 6, "pt_i": 42 }, "geometry": { "type": "Point", "coordinates": [ 99.61733577990961, 15.256525407833321 ] } },
{ "type": "Feature", "properties": { "road_key": "61020000ST014", "road_name": "ทางหลวงชนบท อน 5039 (สายบ้านตลาดใหม่ป่าผาก-บ้านบ่อน้ำเย็น)", "road_no": "5039", "aumpher": "อำเภอห้วยคต", "office": "สาขาหนองฉาง", "branch_code": "61020000", "name_short": "อน.", "price_new": 400, "price_old": 150, "width_m": 6, "pt_i": 43 }, "geometry": { "type": "Point", "coordinates": [ 99.616798828021032, 15.255573988873472 ] } },
{ "type": "Feature", "properties": { "road_key": "61020000ST014", "road_name": "ทางหลวงชนบท อน 5039 (สายบ้านตลาดใหม่ป่าผาก-บ้านบ่อน้ำเย็น)", "road_no": "5039", "aumpher": "อำเภอห้วยคต", "office": "สาขาหนองฉาง", "branch_code": "61020000", "name_short": "อน.", "price_new": 400, "price_old": 150, "width_m": 6, "pt_i": 44 }, "geometry": { "type": "Point", "coordinates": [ 99.616648798540197, 15.254508015639907 ] } },
{ "type": "Feature", "properties": { "road_key": "61020000ST014", "road_name": "ทางหลวงชนบท อน 5039 (สายบ้านตลาดใหม่ป่าผาก-บ้านบ่อน้ำเย็น)", "road_no": "5039", "aumpher": "อำเภอห้วยคต", "office": "สาขาหนองฉาง", "branch_code": "61020000", "name_short": "อน.", "price_new": 400, "price_old": 150, "width_m": 6, "pt_i": 45 }, "geometry": { "type": "Point", "coordinates": [ 99.616620149397505, 15.253424652658101 ] } },
{ "type": "Feature", "properties": { "road_key": "61020000ST014", "road_name": "ทางหลวงชนบท อน 5039 (สายบ้านตลาดใหม่ป่าผาก-บ้านบ่อน้ำเย็น)", "road_no": "5039", "aumpher": "อำเภอห้วยคต", "office": "สาขาหนองฉาง", "branch_code": "61020000", "name_short": "อน.", "price_new": 400, "price_old": 150, "width_m": 6, "pt_i": 46 }, "geometry": { "type": "Point", "coordinates": [ 99.616714483192453, 15.252343779811607 ] } },
{ "type": "Feature", "properties": { "road_key": "61020000ST014", "road_name": "ทางหลวงชนบท อน 5039 (สายบ้านตลาดใหม่ป่าผาก-บ้านบ่อน้ำเย็น)", "road_no": "5039", "aumpher": "อำเภอห้วยคต", "office": "สาขาหนองฉาง", "branch_code": "61020000", "name_short": "อน.", "price_new": 400, "price_old": 150, "width_m": 6, "pt_i": 47 }, "geometry": { "type": "Point", "coordinates": [ 99.616923498287079, 15.25128046268034 ] } },
{ "type": "Feature", "properties": { "road_key": "61020000ST014", "road_name": "ทางหลวงชนบท อน 5039 (สายบ้านตลาดใหม่ป่าผาก-บ้านบ่อน้ำเย็น)", "road_no": "5039", "aumpher": "อำเภอห้วยคต", "office": "สาขาหนองฉาง", "branch_code": "61020000", "name_short": "อน.", "price_new": 400, "price_old": 150, "width_m": 6, "pt_i": 48 }, "geometry": { "type": "Point", "coordinates": [ 99.61724526366784, 15.250242690158657 ] } },
{ "type": "Feature", "properties": { "road_key": "61020000ST014", "road_name": "ทางหลวงชนบท อน 5039 (สายบ้านตลาดใหม่ป่าผาก-บ้านบ่อน้ำเย็น)", "road_no": "5039", "aumpher": "อำเภอห้วยคต", "office": "สาขาหนองฉาง", "branch_code": "61020000", "name_short": "อน.", "price_new": 400, "price_old": 150, "width_m": 6, "pt_i": 49 }, "geometry": { "type": "Point", "coordinates": [ 99.617596428198453, 15.249220195610929 ] } },
{ "type": "Feature", "properties": { "road_key": "61020000ST014", "road_name": "ทางหลวงชนบท อน 5039 (สายบ้านตลาดใหม่ป่าผาก-บ้านบ่อน้ำเย็น)", "road_no": "5039", "aumpher": "อำเภอห้วยคต", "office": "สาขาหนองฉาง", "branch_code": "61020000", "name_short": "อน.", "price_new": 400, "price_old": 150, "width_m": 6, "pt_i": 50 }, "geometry": { "type": "Point", "coordinates": [ 99.617677792640009, 15.248138930317563 ] } },
{ "type": "Feature", "properties": { "road_key": "61020000ST014", "road_name": "ทางหลวงชนบท อน 5039 (สายบ้านตลาดใหม่ป่าผาก-บ้านบ่อน้ำเย็น)", "road_no": "5039", "aumpher": "อำเภอห้วยคต", "office": "สาขาหนองฉาง", "branch_code": "61020000", "name_short": "อน.", "price_new": 400, "price_old": 150, "width_m": 6, "pt_i": 51 }, "geometry": { "type": "Point", "coordinates": [ 99.61777980635334, 15.247058627000136 ] } },
{ "type": "Feature", "properties": { "road_key": "61020000ST014", "road_name": "ทางหลวงชนบท อน 5039 (สายบ้านตลาดใหม่ป่าผาก-บ้านบ่อน้ำเย็น)", "road_no": "5039", "aumpher": "อำเภอห้วยคต", "office": "สาขาหนองฉาง", "branch_code": "61020000", "name_short": "อน.", "price_new": 400, "price_old": 150, "width_m": 6, "pt_i": 52 }, "geometry": { "type": "Point", "coordinates": [ 99.61788423812888, 15.245978510449492 ] } },
{ "type": "Feature", "properties": { "road_key": "61020000ST014", "road_name": "ทางหลวงชนบท อน 5039 (สายบ้านตลาดใหม่ป่าผาก-บ้านบ่อน้ำเย็น)", "road_no": "5039", "aumpher": "อำเภอห้วยคต", "office": "สาขาหนองฉาง", "branch_code": "61020000", "name_short": "อน.", "price_new": 400, "price_old": 150, "width_m": 6, "pt_i": 53 }, "geometry": { "type": "Point", "coordinates": [ 99.617809926961243, 15.244900324393711 ] } },
{ "type": "Feature", "properties": { "road_key": "61020000ST014", "road_name": "ทางหลวงชนบท อน 5039 (สายบ้านตลาดใหม่ป่าผาก-บ้านบ่อน้ำเย็น)", "road_no": "5039", "aumpher": "อำเภอห้วยคต", "office": "สาขาหนองฉาง", "branch_code": "61020000", "name_short": "อน.", "price_new": 400, "price_old": 150, "width_m": 6, "pt_i": 54 }, "geometry": { "type": "Point", "coordinates": [ 99.617470322536647, 15.243871790753873 ] } },
{ "type": "Feature", "properties": { "road_key": "61020000ST014", "road_name": "ทางหลวงชนบท อน 5039 (สายบ้านตลาดใหม่ป่าผาก-บ้านบ่อน้ำเย็น)", "road_no": "5039", "aumpher": "อำเภอห้วยคต", "office": "สาขาหนองฉาง", "branch_code": "61020000", "name_short": "อน.", "price_new": 400, "price_old": 150, "width_m": 6, "pt_i": 55 }, "geometry": { "type": "Point", "coordinates": [ 99.61699297004688, 15.242890991176804 ] } },
{ "type": "Feature", "properties": { "road_key": "61020000ST014", "road_name": "ทางหลวงชนบท อน 5039 (สายบ้านตลาดใหม่ป่าผาก-บ้านบ่อน้ำเย็น)", "road_no": "5039", "aumpher": "อำเภอห้วยคต", "office": "สาขาหนองฉาง", "branch_code": "61020000", "name_short": "อน.", "price_new": 400, "price_old": 150, "width_m": 6, "pt_i": 56 }, "geometry": { "type": "Point", "coordinates": [ 99.616402929192148, 15.241969787091319 ] } },
{ "type": "Feature", "properties": { "road_key": "61020000ST014", "road_name": "ทางหลวงชนบท อน 5039 (สายบ้านตลาดใหม่ป่าผาก-บ้านบ่อน้ำเย็น)", "road_no": "5039", "aumpher": "อำเภอห้วยคต", "office": "สาขาหนองฉาง", "branch_code": "61020000", "name_short": "อน.", "price_new": 400, "price_old": 150, "width_m": 6, "pt_i": 57 }, "geometry": { "type": "Point", "coordinates": [ 99.61579225240861, 15.241061423518785 ] } },
{ "type": "Feature", "properties": { "road_key": "61020000ST014", "road_name": "ทางหลวงชนบท อน 5039 (สายบ้านตลาดใหม่ป่าผาก-บ้านบ่อน้ำเย็น)", "road_no": "5039", "aumpher": "อำเภอห้วยคต", "office": "สาขาหนองฉาง", "branch_code": "61020000", "name_short": "อน.", "price_new": 400, "price_old": 150, "width_m": 6, "pt_i": 58 }, "geometry": { "type": "Point", "coordinates": [ 99.615167007273158, 15.240162301373323 ] } },
{ "type": "Feature", "properties": { "road_key": "61020000ST014", "road_name": "ทางหลวงชนบท อน 5039 (สายบ้านตลาดใหม่ป่าผาก-บ้านบ่อน้ำเย็น)", "road_no": "5039", "aumpher": "อำเภอห้วยคต", "office": "สาขาหนองฉาง", "branch_code": "61020000", "name_short": "อน.", "price_new": 400, "price_old": 150, "width_m": 6, "pt_i": 59 }, "geometry": { "type": "Point", "coordinates": [ 99.615283213104433, 15.239410199012896 ] } },
{ "type": "Feature", "properties": { "road_key": "61020000ST014", "road_name": "ทางหลวงชนบท อน 5039 (สายบ้านตลาดใหม่ป่าผาก-บ้านบ่อน้ำเย็น)", "road_no": "5039", "aumpher": "อำเภอห้วยคต", "office": "สาขาหนองฉาง", "branch_code": "61020000", "name_short": "อน.", "price_new": 400, "price_old": 150, "width_m": 6, "pt_i": 60 }, "geometry": { "type": "Point", "coordinates": [ 99.616264070126149, 15.238891867008679 ] } },
{ "type": "Feature", "properties": { "road_key": "61020000ST014", "road_name": "ทางหลวงชนบท อน 5039 (สายบ้านตลาดใหม่ป่าผาก-บ้านบ่อน้ำเย็น)", "road_no": "5039", "aumpher": "อำเภอห้วยคต", "office": "สาขาหนองฉาง", "branch_code": "61020000", "name_short": "อน.", "price_new": 400, "price_old": 150, "width_m": 6, "pt_i": 61 }, "geometry": { "type": "Point", "coordinates": [ 99.616924807782198, 15.238027437989924 ] } },
{ "type": "Feature", "properties": { "road_key": "61020000ST014", "road_name": "ทางหลวงชนบท อน 5039 (สายบ้านตลาดใหม่ป่าผาก-บ้านบ่อน้ำเย็น)", "road_no": "5039", "aumpher": "อำเภอห้วยคต", "office": "สาขาหนองฉาง", "branch_code": "61020000", "name_short": "อน.", "price_new": 400, "price_old": 150, "width_m": 6, "pt_i": 62 }, "geometry": { "type": "Point", "coordinates": [ 99.617999182314065, 15.237730343884587 ] } },
{ "type": "Feature", "properties": { "road_key": "61020000ST014", "road_name": "ทางหลวงชนบท อน 5039 (สายบ้านตลาดใหม่ป่าผาก-บ้านบ่อน้ำเย็น)", "road_no": "5039", "aumpher": "อำเภอห้วยคต", "office": "สาขาหนองฉาง", "branch_code": "61020000", "name_short": "อน.", "price_new": 400, "price_old": 150, "width_m": 6, "pt_i": 63 }, "geometry": { "type": "Point", "coordinates": [ 99.618941059529647, 15.2371779716793 ] } },
{ "type": "Feature", "properties": { "road_key": "61020000ST014", "road_name": "ทางหลวงชนบท อน 5039 (สายบ้านตลาดใหม่ป่าผาก-บ้านบ่อน้ำเย็น)", "road_no": "5039", "aumpher": "อำเภอห้วยคต", "office": "สาขาหนองฉาง", "branch_code": "61020000", "name_short": "อน.", "price_new": 400, "price_old": 150, "width_m": 6, "pt_i": 64 }, "geometry": { "type": "Point", "coordinates": [ 99.619769822834044, 15.236450555443376 ] } },
{ "type": "Feature", "properties": { "road_key": "61020000ST014", "road_name": "ทางหลวงชนบท อน 5039 (สายบ้านตลาดใหม่ป่าผาก-บ้านบ่อน้ำเย็น)", "road_no": "5039", "aumpher": "อำเภอห้วยคต", "office": "สาขาหนองฉาง", "branch_code": "61020000", "name_short": "อน.", "price_new": 400, "price_old": 150, "width_m": 6, "pt_i": 65 }, "geometry": { "type": "Point", "coordinates": [ 99.620563858189072, 15.235687276049765 ] } },
{ "type": "Feature", "properties": { "road_key": "61020000ST014", "road_name": "ทางหลวงชนบท อน 5039 (สายบ้านตลาดใหม่ป่าผาก-บ้านบ่อน้ำเย็น)", "road_no": "5039", "aumpher": "อำเภอห้วยคต", "office": "สาขาหนองฉาง", "branch_code": "61020000", "name_short": "อน.", "price_new": 400, "price_old": 150, "width_m": 6, "pt_i": 66 }, "geometry": { "type": "Point", "coordinates": [ 99.621256319636529, 15.234841792567304 ] } },
{ "type": "Feature", "properties": { "road_key": "61020000ST014", "road_name": "ทางหลวงชนบท อน 5039 (สายบ้านตลาดใหม่ป่าผาก-บ้านบ่อน้ำเย็น)", "road_no": "5039", "aumpher": "อำเภอห้วยคต", "office": "สาขาหนองฉาง", "branch_code": "61020000", "name_short": "อน.", "price_new": 400, "price_old": 150, "width_m": 6, "pt_i": 67 }, "geometry": { "type": "Point", "coordinates": [ 99.622001169076071, 15.234039231534771 ] } },
{ "type": "Feature", "properties": { "road_key": "61020000ST014", "road_name": "ทางหลวงชนบท อน 5039 (สายบ้านตลาดใหม่ป่าผาก-บ้านบ่อน้ำเย็น)", "road_no": "5039", "aumpher": "อำเภอห้วยคต", "office": "สาขาหนองฉาง", "branch_code": "61020000", "name_short": "อน.", "price_new": 400, "price_old": 150, "width_m": 6, "pt_i": 68 }, "geometry": { "type": "Point", "coordinates": [ 99.622949965160473, 15.233480565746582 ] } },
{ "type": "Feature", "properties": { "road_key": "61020000ST014", "road_name": "ทางหลวงชนบท อน 5039 (สายบ้านตลาดใหม่ป่าผาก-บ้านบ่อน้ำเย็น)", "road_no": "5039", "aumpher": "อำเภอห้วยคต", "office": "สาขาหนองฉาง", "branch_code": "61020000", "name_short": "อน.", "price_new": 400, "price_old": 150, "width_m": 6, "pt_i": 69 }, "geometry": { "type": "Point", "coordinates": [ 99.623931675004371, 15.233477741292393 ] } },
{ "type": "Feature", "properties": { "road_key": "61020000ST014", "road_name": "ทางหลวงชนบท อน 5039 (สายบ้านตลาดใหม่ป่าผาก-บ้านบ่อน้ำเย็น)", "road_no": "5039", "aumpher": "อำเภอห้วยคต", "office": "สาขาหนองฉาง", "branch_code": "61020000", "name_short": "อน.", "price_new": 400, "price_old": 150, "width_m": 6, "pt_i": 70 }, "geometry": { "type": "Point", "coordinates": [ 99.624976356255914, 15.233092867563325 ] } },
{ "type": "Feature", "properties": { "road_key": "61020000ST014", "road_name": "ทางหลวงชนบท อน 5039 (สายบ้านตลาดใหม่ป่าผาก-บ้านบ่อน้ำเย็น)", "road_no": "5039", "aumpher": "อำเภอห้วยคต", "office": "สาขาหนองฉาง", "branch_code": "61020000", "name_short": "อน.", "price_new": 400, "price_old": 150, "width_m": 6, "pt_i": 71 }, "geometry": { "type": "Point", "coordinates": [ 99.6260194731382, 15.2327040200721 ] } },
{ "type": "Feature", "properties": { "road_key": "61020000ST014", "road_name": "ทางหลวงชนบท อน 5039 (สายบ้านตลาดใหม่ป่าผาก-บ้านบ่อน้ำเย็น)", "road_no": "5039", "aumpher": "อำเภอห้วยคต", "office": "สาขาหนองฉาง", "branch_code": "61020000", "name_short": "อน.", "price_new": 400, "price_old": 150, "width_m": 6, "pt_i": 72 }, "geometry": { "type": "Point", "coordinates": [ 99.62693661286157, 15.232201691790404 ] } },
{ "type": "Feature", "properties": { "road_key": "61020000ST014", "road_name": "ทางหลวงชนบท อน 5039 (สายบ้านตลาดใหม่ป่าผาก-บ้านบ่อน้ำเย็น)", "road_no": "5039", "aumpher": "อำเภอห้วยคต", "office": "สาขาหนองฉาง", "branch_code": "61020000", "name_short": "อน.", "price_new": 400, "price_old": 150, "width_m": 6, "pt_i": 73 }, "geometry": { "type": "Point", "coordinates": [ 99.626517371748889, 15.231197668081723 ] } },
{ "type": "Feature", "properties": { "road_key": "61020000ST014", "road_name": "ทางหลวงชนบท อน 5039 (สายบ้านตลาดใหม่ป่าผาก-บ้านบ่อน้ำเย็น)", "road_no": "5039", "aumpher": "อำเภอห้วยคต", "office": "สาขาหนองฉาง", "branch_code": "61020000", "name_short": "อน.", "price_new": 400, "price_old": 150, "width_m": 6, "pt_i": 74 }, "geometry": { "type": "Point", "coordinates": [ 99.626286645088939, 15.230190372502726 ] } },
{ "type": "Feature", "properties": { "road_key": "61020000ST014", "road_name": "ทางหลวงชนบท อน 5039 (สายบ้านตลาดใหม่ป่าผาก-บ้านบ่อน้ำเย็น)", "road_no": "5039", "aumpher": "อำเภอห้วยคต", "office": "สาขาหนองฉาง", "branch_code": "61020000", "name_short": "อน.", "price_new": 400, "price_old": 150, "width_m": 6, "pt_i": 75 }, "geometry": { "type": "Point", "coordinates": [ 99.627231305927722, 15.229613962292515 ] } },
{ "type": "Feature", "properties": { "road_key": "61020000ST015.1", "road_name": "ทางหลวงชนบท อน.3023 (บ้านหนองมะสัง - บ้านชุมทหาร) ช่วงที่ 1", "road_no": "3023", "aumpher": "อำเภอห้วยคต", "office": "สาขาหนองฉาง", "branch_code": "61020000", "name_short": "อน.", "price_new": 500, "price_old": 450, "width_m": 6, "pt_i": 0 }, "geometry": { "type": "Point", "coordinates": [ 99.688639649466509, 15.297853672874314 ] } },
{ "type": "Feature", "properties": { "road_key": "61020000ST015.1", "road_name": "ทางหลวงชนบท อน.3023 (บ้านหนองมะสัง - บ้านชุมทหาร) ช่วงที่ 1", "road_no": "3023", "aumpher": "อำเภอห้วยคต", "office": "สาขาหนองฉาง", "branch_code": "61020000", "name_short": "อน.", "price_new": 500, "price_old": 450, "width_m": 6, "pt_i": 1 }, "geometry": { "type": "Point", "coordinates": [ 99.687991286448963, 15.29873699427953 ] } },
{ "type": "Feature", "properties": { "road_key": "61020000ST015.1", "road_name": "ทางหลวงชนบท อน.3023 (บ้านหนองมะสัง - บ้านชุมทหาร) ช่วงที่ 1", "road_no": "3023", "aumpher": "อำเภอห้วยคต", "office": "สาขาหนองฉาง", "branch_code": "61020000", "name_short": "อน.", "price_new": 500, "price_old": 450, "width_m": 6, "pt_i": 2 }, "geometry": { "type": "Point", "coordinates": [ 99.687252950035429, 15.299545170703675 ] } },
{ "type": "Feature", "properties": { "road_key": "61020000ST015.1", "road_name": "ทางหลวงชนบท อน.3023 (บ้านหนองมะสัง - บ้านชุมทหาร) ช่วงที่ 1", "road_no": "3023", "aumpher": "อำเภอห้วยคต", "office": "สาขาหนองฉาง", "branch_code": "61020000", "name_short": "อน.", "price_new": 500, "price_old": 450, "width_m": 6, "pt_i": 3 }, "geometry": { "type": "Point", "coordinates": [ 99.686274378153939, 15.300059861978664 ] } },
{ "type": "Feature", "properties": { "road_key": "61020000ST015.1", "road_name": "ทางหลวงชนบท อน.3023 (บ้านหนองมะสัง - บ้านชุมทหาร) ช่วงที่ 1", "road_no": "3023", "aumpher": "อำเภอห้วยคต", "office": "สาขาหนองฉาง", "branch_code": "61020000", "name_short": "อน.", "price_new": 500, "price_old": 450, "width_m": 6, "pt_i": 4 }, "geometry": { "type": "Point", "coordinates": [ 99.685253348132875, 15.300501182149739 ] } },
{ "type": "Feature", "properties": { "road_key": "61020000ST015.1", "road_name": "ทางหลวงชนบท อน.3023 (บ้านหนองมะสัง - บ้านชุมทหาร) ช่วงที่ 1", "road_no": "3023", "aumpher": "อำเภอห้วยคต", "office": "สาขาหนองฉาง", "branch_code": "61020000", "name_short": "อน.", "price_new": 500, "price_old": 450, "width_m": 6, "pt_i": 5 }, "geometry": { "type": "Point", "coordinates": [ 99.684231133315066, 15.300939932598398 ] } },
{ "type": "Feature", "properties": { "road_key": "61020000ST015.1", "road_name": "ทางหลวงชนบท อน.3023 (บ้านหนองมะสัง - บ้านชุมทหาร) ช่วงที่ 1", "road_no": "3023", "aumpher": "อำเภอห้วยคต", "office": "สาขาหนองฉาง", "branch_code": "61020000", "name_short": "อน.", "price_new": 500, "price_old": 450, "width_m": 6, "pt_i": 6 }, "geometry": { "type": "Point", "coordinates": [ 99.683169248051271, 15.30126853652958 ] } },
{ "type": "Feature", "properties": { "road_key": "61020000ST015.1", "road_name": "ทางหลวงชนบท อน.3023 (บ้านหนองมะสัง - บ้านชุมทหาร) ช่วงที่ 1", "road_no": "3023", "aumpher": "อำเภอห้วยคต", "office": "สาขาหนองฉาง", "branch_code": "61020000", "name_short": "อน.", "price_new": 500, "price_old": 450, "width_m": 6, "pt_i": 7 }, "geometry": { "type": "Point", "coordinates": [ 99.682068995047416, 15.301456815122251 ] } },
{ "type": "Feature", "properties": { "road_key": "61020000ST015.1", "road_name": "ทางหลวงชนบท อน.3023 (บ้านหนองมะสัง - บ้านชุมทหาร) ช่วงที่ 1", "road_no": "3023", "aumpher": "อำเภอห้วยคต", "office": "สาขาหนองฉาง", "branch_code": "61020000", "name_short": "อน.", "price_new": 500, "price_old": 450, "width_m": 6, "pt_i": 8 }, "geometry": { "type": "Point", "coordinates": [ 99.680970954932036, 15.301657317869818 ] } },
{ "type": "Feature", "properties": { "road_key": "61020000ST015.1", "road_name": "ทางหลวงชนบท อน.3023 (บ้านหนองมะสัง - บ้านชุมทหาร) ช่วงที่ 1", "road_no": "3023", "aumpher": "อำเภอห้วยคต", "office": "สาขาหนองฉาง", "branch_code": "61020000", "name_short": "อน.", "price_new": 500, "price_old": 450, "width_m": 6, "pt_i": 9 }, "geometry": { "type": "Point", "coordinates": [ 99.680017163864434, 15.302196423161467 ] } },
{ "type": "Feature", "properties": { "road_key": "61020000ST015.1", "road_name": "ทางหลวงชนบท อน.3023 (บ้านหนองมะสัง - บ้านชุมทหาร) ช่วงที่ 1", "road_no": "3023", "aumpher": "อำเภอห้วยคต", "office": "สาขาหนองฉาง", "branch_code": "61020000", "name_short": "อน.", "price_new": 500, "price_old": 450, "width_m": 6, "pt_i": 10 }, "geometry": { "type": "Point", "coordinates": [ 99.679359058047226, 15.303071325455594 ] } },
{ "type": "Feature", "properties": { "road_key": "61020000ST015.1", "road_name": "ทางหลวงชนบท อน.3023 (บ้านหนองมะสัง - บ้านชุมทหาร) ช่วงที่ 1", "road_no": "3023", "aumpher": "อำเภอห้วยคต", "office": "สาขาหนองฉาง", "branch_code": "61020000", "name_short": "อน.", "price_new": 500, "price_old": 450, "width_m": 6, "pt_i": 11 }, "geometry": { "type": "Point", "coordinates": [ 99.678409100503373, 15.303618904573659 ] } },
{ "type": "Feature", "properties": { "road_key": "61020000ST015.1", "road_name": "ทางหลวงชนบท อน.3023 (บ้านหนองมะสัง - บ้านชุมทหาร) ช่วงที่ 1", "road_no": "3023", "aumpher": "อำเภอห้วยคต", "office": "สาขาหนองฉาง", "branch_code": "61020000", "name_short": "อน.", "price_new": 500, "price_old": 450, "width_m": 6, "pt_i": 12 }, "geometry": { "type": "Point", "coordinates": [ 99.677367106504079, 15.304010950118716 ] } },
{ "type": "Feature", "properties": { "road_key": "61020000ST015.1", "road_name": "ทางหลวงชนบท อน.3023 (บ้านหนองมะสัง - บ้านชุมทหาร) ช่วงที่ 1", "road_no": "3023", "aumpher": "อำเภอห้วยคต", "office": "สาขาหนองฉาง", "branch_code": "61020000", "name_short": "อน.", "price_new": 500, "price_old": 450, "width_m": 6, "pt_i": 13 }, "geometry": { "type": "Point", "coordinates": [ 99.676320947171106, 15.304392895755852 ] } },
{ "type": "Feature", "properties": { "road_key": "61020000ST015.1", "road_name": "ทางหลวงชนบท อน.3023 (บ้านหนองมะสัง - บ้านชุมทหาร) ช่วงที่ 1", "road_no": "3023", "aumpher": "อำเภอห้วยคต", "office": "สาขาหนองฉาง", "branch_code": "61020000", "name_short": "อน.", "price_new": 500, "price_old": 450, "width_m": 6, "pt_i": 14 }, "geometry": { "type": "Point", "coordinates": [ 99.675274783863344, 15.304774836639982 ] } },
{ "type": "Feature", "properties": { "road_key": "61020000ST015.1", "road_name": "ทางหลวงชนบท อน.3023 (บ้านหนองมะสัง - บ้านชุมทหาร) ช่วงที่ 1", "road_no": "3023", "aumpher": "อำเภอห้วยคต", "office": "สาขาหนองฉาง", "branch_code": "61020000", "name_short": "อน.", "price_new": 500, "price_old": 450, "width_m": 6, "pt_i": 15 }, "geometry": { "type": "Point", "coordinates": [ 99.67422558548671, 15.305148649574612 ] } },
{ "type": "Feature", "properties": { "road_key": "61020000ST015.1", "road_name": "ทางหลวงชนบท อน.3023 (บ้านหนองมะสัง - บ้านชุมทหาร) ช่วงที่ 1", "road_no": "3023", "aumpher": "อำเภอห้วยคต", "office": "สาขาหนองฉาง", "branch_code": "61020000", "name_short": "อน.", "price_new": 500, "price_old": 450, "width_m": 6, "pt_i": 16 }, "geometry": { "type": "Point", "coordinates": [ 99.673160293207061, 15.305470793883515 ] } },
{ "type": "Feature", "properties": { "road_key": "61020000ST015.1", "road_name": "ทางหลวงชนบท อน.3023 (บ้านหนองมะสัง - บ้านชุมทหาร) ช่วงที่ 1", "road_no": "3023", "aumpher": "อำเภอห้วยคต", "office": "สาขาหนองฉาง", "branch_code": "61020000", "name_short": "อน.", "price_new": 500, "price_old": 450, "width_m": 6, "pt_i": 17 }, "geometry": { "type": "Point", "coordinates": [ 99.672049424319724, 15.305544861592271 ] } },
{ "type": "Feature", "properties": { "road_key": "61020000ST015.1", "road_name": "ทางหลวงชนบท อน.3023 (บ้านหนองมะสัง - บ้านชุมทหาร) ช่วงที่ 1", "road_no": "3023", "aumpher": "อำเภอห้วยคต", "office": "สาขาหนองฉาง", "branch_code": "61020000", "name_short": "อน.", "price_new": 500, "price_old": 450, "width_m": 6, "pt_i": 18 }, "geometry": { "type": "Point", "coordinates": [ 99.67093314242473, 15.305553888294414 ] } },
{ "type": "Feature", "properties": { "road_key": "61020000ST015.1", "road_name": "ทางหลวงชนบท อน.3023 (บ้านหนองมะสัง - บ้านชุมทหาร) ช่วงที่ 1", "road_no": "3023", "aumpher": "อำเภอห้วยคต", "office": "สาขาหนองฉาง", "branch_code": "61020000", "name_short": "อน.", "price_new": 500, "price_old": 450, "width_m": 6, "pt_i": 19 }, "geometry": { "type": "Point", "coordinates": [ 99.66984419514003, 15.305788873654484 ] } },
{ "type": "Feature", "properties": { "road_key": "61020000ST015.1", "road_name": "ทางหลวงชนบท อน.3023 (บ้านหนองมะสัง - บ้านชุมทหาร) ช่วงที่ 1", "road_no": "3023", "aumpher": "อำเภอห้วยคต", "office": "สาขาหนองฉาง", "branch_code": "61020000", "name_short": "อน.", "price_new": 500, "price_old": 450, "width_m": 6, "pt_i": 20 }, "geometry": { "type": "Point", "coordinates": [ 99.66887660628332, 15.306316265218454 ] } },
{ "type": "Feature", "properties": { "road_key": "61020000ST015.2", "road_name": "ทางหลวงชนบท อน.3023 (บ้านหนองมะสัง - บ้านชุมทหาร) ช่วงที่ 2", "road_no": "3023", "aumpher": "อำเภอห้วยคต", "office": "สาขาหนองฉาง", "branch_code": "61020000", "name_short": "อน.", "price_new": 450, "price_old": 450, "width_m": 6, "pt_i": 0 }, "geometry": { "type": "Point", "coordinates": [ 99.668558244180005, 15.306540508951301 ] } },
{ "type": "Feature", "properties": { "road_key": "61020000ST015.2", "road_name": "ทางหลวงชนบท อน.3023 (บ้านหนองมะสัง - บ้านชุมทหาร) ช่วงที่ 2", "road_no": "3023", "aumpher": "อำเภอห้วยคต", "office": "สาขาหนองฉาง", "branch_code": "61020000", "name_short": "อน.", "price_new": 450, "price_old": 450, "width_m": 6, "pt_i": 1 }, "geometry": { "type": "Point", "coordinates": [ 99.667657451237275, 15.307182787755321 ] } },
{ "type": "Feature", "properties": { "road_key": "61020000ST015.2", "road_name": "ทางหลวงชนบท อน.3023 (บ้านหนองมะสัง - บ้านชุมทหาร) ช่วงที่ 2", "road_no": "3023", "aumpher": "อำเภอห้วยคต", "office": "สาขาหนองฉาง", "branch_code": "61020000", "name_short": "อน.", "price_new": 450, "price_old": 450, "width_m": 6, "pt_i": 2 }, "geometry": { "type": "Point", "coordinates": [ 99.666755845423026, 15.30782399340073 ] } },
{ "type": "Feature", "properties": { "road_key": "61020000ST015.2", "road_name": "ทางหลวงชนบท อน.3023 (บ้านหนองมะสัง - บ้านชุมทหาร) ช่วงที่ 2", "road_no": "3023", "aumpher": "อำเภอห้วยคต", "office": "สาขาหนองฉาง", "branch_code": "61020000", "name_short": "อน.", "price_new": 450, "price_old": 450, "width_m": 6, "pt_i": 3 }, "geometry": { "type": "Point", "coordinates": [ 99.665853202784476, 15.308463829122175 ] } },
{ "type": "Feature", "properties": { "road_key": "61020000ST015.2", "road_name": "ทางหลวงชนบท อน.3023 (บ้านหนองมะสัง - บ้านชุมทหาร) ช่วงที่ 2", "road_no": "3023", "aumpher": "อำเภอห้วยคต", "office": "สาขาหนองฉาง", "branch_code": "61020000", "name_short": "อน.", "price_new": 450, "price_old": 450, "width_m": 6, "pt_i": 4 }, "geometry": { "type": "Point", "coordinates": [ 99.664950554589069, 15.309103661382279 ] } },
{ "type": "Feature", "properties": { "road_key": "61020000ST015.2", "road_name": "ทางหลวงชนบท อน.3023 (บ้านหนองมะสัง - บ้านชุมทหาร) ช่วงที่ 2", "road_no": "3023", "aumpher": "อำเภอห้วยคต", "office": "สาขาหนองฉาง", "branch_code": "61020000", "name_short": "อน.", "price_new": 450, "price_old": 450, "width_m": 6, "pt_i": 5 }, "geometry": { "type": "Point", "coordinates": [ 99.664045926172804, 15.30974085409354 ] } },
{ "type": "Feature", "properties": { "road_key": "61020000ST015.2", "road_name": "ทางหลวงชนบท อน.3023 (บ้านหนองมะสัง - บ้านชุมทหาร) ช่วงที่ 2", "road_no": "3023", "aumpher": "อำเภอห้วยคต", "office": "สาขาหนองฉาง", "branch_code": "61020000", "name_short": "อน.", "price_new": 450, "price_old": 450, "width_m": 6, "pt_i": 6 }, "geometry": { "type": "Point", "coordinates": [ 99.663140440016761, 15.310376905682528 ] } },
{ "type": "Feature", "properties": { "road_key": "61020000ST015.2", "road_name": "ทางหลวงชนบท อน.3023 (บ้านหนองมะสัง - บ้านชุมทหาร) ช่วงที่ 2", "road_no": "3023", "aumpher": "อำเภอห้วยคต", "office": "สาขาหนองฉาง", "branch_code": "61020000", "name_short": "อน.", "price_new": 450, "price_old": 450, "width_m": 6, "pt_i": 7 }, "geometry": { "type": "Point", "coordinates": [ 99.662234948316737, 15.311012953785681 ] } },
{ "type": "Feature", "properties": { "road_key": "61020000ST015.2", "road_name": "ทางหลวงชนบท อน.3023 (บ้านหนองมะสัง - บ้านชุมทหาร) ช่วงที่ 2", "road_no": "3023", "aumpher": "อำเภอห้วยคต", "office": "สาขาหนองฉาง", "branch_code": "61020000", "name_short": "อน.", "price_new": 450, "price_old": 450, "width_m": 6, "pt_i": 8 }, "geometry": { "type": "Point", "coordinates": [ 99.661340093294456, 15.311662972519079 ] } },
{ "type": "Feature", "properties": { "road_key": "61020000ST015.2", "road_name": "ทางหลวงชนบท อน.3023 (บ้านหนองมะสัง - บ้านชุมทหาร) ช่วงที่ 2", "road_no": "3023", "aumpher": "อำเภอห้วยคต", "office": "สาขาหนองฉาง", "branch_code": "61020000", "name_short": "อน.", "price_new": 450, "price_old": 450, "width_m": 6, "pt_i": 9 }, "geometry": { "type": "Point", "coordinates": [ 99.660451473806091, 15.312320998309755 ] } },
{ "type": "Feature", "properties": { "road_key": "61020000ST015.2", "road_name": "ทางหลวงชนบท อน.3023 (บ้านหนองมะสัง - บ้านชุมทหาร) ช่วงที่ 2", "road_no": "3023", "aumpher": "อำเภอห้วยคต", "office": "สาขาหนองฉาง", "branch_code": "61020000", "name_short": "อน.", "price_new": 450, "price_old": 450, "width_m": 6, "pt_i": 10 }, "geometry": { "type": "Point", "coordinates": [ 99.659463461448226, 15.312728436732758 ] } },
{ "type": "Feature", "properties": { "road_key": "61020000ST015.2", "road_name": "ทางหลวงชนบท อน.3023 (บ้านหนองมะสัง - บ้านชุมทหาร) ช่วงที่ 2", "road_no": "3023", "aumpher": "อำเภอห้วยคต", "office": "สาขาหนองฉาง", "branch_code": "61020000", "name_short": "อน.", "price_new": 450, "price_old": 450, "width_m": 6, "pt_i": 11 }, "geometry": { "type": "Point", "coordinates": [ 99.658500602502414, 15.312267197933904 ] } },
{ "type": "Feature", "properties": { "road_key": "61020000ST015.2", "road_name": "ทางหลวงชนบท อน.3023 (บ้านหนองมะสัง - บ้านชุมทหาร) ช่วงที่ 2", "road_no": "3023", "aumpher": "อำเภอห้วยคต", "office": "สาขาหนองฉาง", "branch_code": "61020000", "name_short": "อน.", "price_new": 450, "price_old": 450, "width_m": 6, "pt_i": 12 }, "geometry": { "type": "Point", "coordinates": [ 99.658048827837604, 15.31128082783119 ] } },
{ "type": "Feature", "properties": { "road_key": "61020000ST015.2", "road_name": "ทางหลวงชนบท อน.3023 (บ้านหนองมะสัง - บ้านชุมทหาร) ช่วงที่ 2", "road_no": "3023", "aumpher": "อำเภอห้วยคต", "office": "สาขาหนองฉาง", "branch_code": "61020000", "name_short": "อน.", "price_new": 450, "price_old": 450, "width_m": 6, "pt_i": 13 }, "geometry": { "type": "Point", "coordinates": [ 99.657725430676919, 15.31024248196243 ] } },
{ "type": "Feature", "properties": { "road_key": "61020000ST015.2", "road_name": "ทางหลวงชนบท อน.3023 (บ้านหนองมะสัง - บ้านชุมทหาร) ช่วงที่ 2", "road_no": "3023", "aumpher": "อำเภอห้วยคต", "office": "สาขาหนองฉาง", "branch_code": "61020000", "name_short": "อน.", "price_new": 450, "price_old": 450, "width_m": 6, "pt_i": 14 }, "geometry": { "type": "Point", "coordinates": [ 99.657402670621764, 15.309203850133727 ] } },
{ "type": "Feature", "properties": { "road_key": "61020000ST015.2", "road_name": "ทางหลวงชนบท อน.3023 (บ้านหนองมะสัง - บ้านชุมทหาร) ช่วงที่ 2", "road_no": "3023", "aumpher": "อำเภอห้วยคต", "office": "สาขาหนองฉาง", "branch_code": "61020000", "name_short": "อน.", "price_new": 450, "price_old": 450, "width_m": 6, "pt_i": 15 }, "geometry": { "type": "Point", "coordinates": [ 99.657013819696417, 15.30819052381722 ] } },
{ "type": "Feature", "properties": { "road_key": "61020000ST015.2", "road_name": "ทางหลวงชนบท อน.3023 (บ้านหนองมะสัง - บ้านชุมทหาร) ช่วงที่ 2", "road_no": "3023", "aumpher": "อำเภอห้วยคต", "office": "สาขาหนองฉาง", "branch_code": "61020000", "name_short": "อน.", "price_new": 450, "price_old": 450, "width_m": 6, "pt_i": 16 }, "geometry": { "type": "Point", "coordinates": [ 99.65645841027056, 15.307262957932581 ] } },
{ "type": "Feature", "properties": { "road_key": "61020000ST015.2", "road_name": "ทางหลวงชนบท อน.3023 (บ้านหนองมะสัง - บ้านชุมทหาร) ช่วงที่ 2", "road_no": "3023", "aumpher": "อำเภอห้วยคต", "office": "สาขาหนองฉาง", "branch_code": "61020000", "name_short": "อน.", "price_new": 450, "price_old": 450, "width_m": 6, "pt_i": 17 }, "geometry": { "type": "Point", "coordinates": [ 99.656263295807065, 15.306195253029191 ] } },
{ "type": "Feature", "properties": { "road_key": "61020000ST015.2", "road_name": "ทางหลวงชนบท อน.3023 (บ้านหนองมะสัง - บ้านชุมทหาร) ช่วงที่ 2", "road_no": "3023", "aumpher": "อำเภอห้วยคต", "office": "สาขาหนองฉาง", "branch_code": "61020000", "name_short": "อน.", "price_new": 450, "price_old": 450, "width_m": 6, "pt_i": 18 }, "geometry": { "type": "Point", "coordinates": [ 99.655761690430253, 15.305271601547783 ] } },
{ "type": "Feature", "properties": { "road_key": "61020000ST015.2", "road_name": "ทางหลวงชนบท อน.3023 (บ้านหนองมะสัง - บ้านชุมทหาร) ช่วงที่ 2", "road_no": "3023", "aumpher": "อำเภอห้วยคต", "office": "สาขาหนองฉาง", "branch_code": "61020000", "name_short": "อน.", "price_new": 450, "price_old": 450, "width_m": 6, "pt_i": 19 }, "geometry": { "type": "Point", "coordinates": [ 99.654841026580115, 15.304658339727439 ] } },
{ "type": "Feature", "properties": { "road_key": "61020000ST015.2", "road_name": "ทางหลวงชนบท อน.3023 (บ้านหนองมะสัง - บ้านชุมทหาร) ช่วงที่ 2", "road_no": "3023", "aumpher": "อำเภอห้วยคต", "office": "สาขาหนองฉาง", "branch_code": "61020000", "name_short": "อน.", "price_new": 450, "price_old": 450, "width_m": 6, "pt_i": 20 }, "geometry": { "type": "Point", "coordinates": [ 99.653904323474862, 15.304066435833322 ] } },
{ "type": "Feature", "properties": { "road_key": "61020000ST015.2", "road_name": "ทางหลวงชนบท อน.3023 (บ้านหนองมะสัง - บ้านชุมทหาร) ช่วงที่ 2", "road_no": "3023", "aumpher": "อำเภอห้วยคต", "office": "สาขาหนองฉาง", "branch_code": "61020000", "name_short": "อน.", "price_new": 450, "price_old": 450, "width_m": 6, "pt_i": 21 }, "geometry": { "type": "Point", "coordinates": [ 99.6529909628441, 15.303442585506593 ] } },
{ "type": "Feature", "properties": { "road_key": "61020000ST015.2", "road_name": "ทางหลวงชนบท อน.3023 (บ้านหนองมะสัง - บ้านชุมทหาร) ช่วงที่ 2", "road_no": "3023", "aumpher": "อำเภอห้วยคต", "office": "สาขาหนองฉาง", "branch_code": "61020000", "name_short": "อน.", "price_new": 450, "price_old": 450, "width_m": 6, "pt_i": 22 }, "geometry": { "type": "Point", "coordinates": [ 99.652241200134938, 15.302639007616969 ] } },
{ "type": "Feature", "properties": { "road_key": "61020000ST015.2", "road_name": "ทางหลวงชนบท อน.3023 (บ้านหนองมะสัง - บ้านชุมทหาร) ช่วงที่ 2", "road_no": "3023", "aumpher": "อำเภอห้วยคต", "office": "สาขาหนองฉาง", "branch_code": "61020000", "name_short": "อน.", "price_new": 450, "price_old": 450, "width_m": 6, "pt_i": 23 }, "geometry": { "type": "Point", "coordinates": [ 99.651305814707285, 15.302068199183337 ] } },
{ "type": "Feature", "properties": { "road_key": "61020000ST015.2", "road_name": "ทางหลวงชนบท อน.3023 (บ้านหนองมะสัง - บ้านชุมทหาร) ช่วงที่ 2", "road_no": "3023", "aumpher": "อำเภอห้วยคต", "office": "สาขาหนองฉาง", "branch_code": "61020000", "name_short": "อน.", "price_new": 450, "price_old": 450, "width_m": 6, "pt_i": 24 }, "geometry": { "type": "Point", "coordinates": [ 99.650264999522236, 15.301672753863784 ] } },
{ "type": "Feature", "properties": { "road_key": "61020000ST015.2", "road_name": "ทางหลวงชนบท อน.3023 (บ้านหนองมะสัง - บ้านชุมทหาร) ช่วงที่ 2", "road_no": "3023", "aumpher": "อำเภอห้วยคต", "office": "สาขาหนองฉาง", "branch_code": "61020000", "name_short": "อน.", "price_new": 450, "price_old": 450, "width_m": 6, "pt_i": 25 }, "geometry": { "type": "Point", "coordinates": [ 99.649177468386796, 15.301454108055077 ] } },
{ "type": "Feature", "properties": { "road_key": "61020000ST015.2", "road_name": "ทางหลวงชนบท อน.3023 (บ้านหนองมะสัง - บ้านชุมทหาร) ช่วงที่ 2", "road_no": "3023", "aumpher": "อำเภอห้วยคต", "office": "สาขาหนองฉาง", "branch_code": "61020000", "name_short": "อน.", "price_new": 450, "price_old": 450, "width_m": 6, "pt_i": 26 }, "geometry": { "type": "Point", "coordinates": [ 99.648061318260801, 15.301396709239652 ] } },
{ "type": "Feature", "properties": { "road_key": "61020000ST015.2", "road_name": "ทางหลวงชนบท อน.3023 (บ้านหนองมะสัง - บ้านชุมทหาร) ช่วงที่ 2", "road_no": "3023", "aumpher": "อำเภอห้วยคต", "office": "สาขาหนองฉาง", "branch_code": "61020000", "name_short": "อน.", "price_new": 450, "price_old": 450, "width_m": 6, "pt_i": 27 }, "geometry": { "type": "Point", "coordinates": [ 99.646944778538384, 15.301348092635028 ] } },
{ "type": "Feature", "properties": { "road_key": "61020000ST015.2", "road_name": "ทางหลวงชนบท อน.3023 (บ้านหนองมะสัง - บ้านชุมทหาร) ช่วงที่ 2", "road_no": "3023", "aumpher": "อำเภอห้วยคต", "office": "สาขาหนองฉาง", "branch_code": "61020000", "name_short": "อน.", "price_new": 450, "price_old": 450, "width_m": 6, "pt_i": 28 }, "geometry": { "type": "Point", "coordinates": [ 99.645827677052964, 15.301312134283464 ] } },
{ "type": "Feature", "properties": { "road_key": "61020000ST015.2", "road_name": "ทางหลวงชนบท อน.3023 (บ้านหนองมะสัง - บ้านชุมทหาร) ช่วงที่ 2", "road_no": "3023", "aumpher": "อำเภอห้วยคต", "office": "สาขาหนองฉาง", "branch_code": "61020000", "name_short": "อน.", "price_new": 450, "price_old": 450, "width_m": 6, "pt_i": 29 }, "geometry": { "type": "Point", "coordinates": [ 99.644712336421165, 15.30124193927594 ] } },
{ "type": "Feature", "properties": { "road_key": "61020000ST015.2", "road_name": "ทางหลวงชนบท อน.3023 (บ้านหนองมะสัง - บ้านชุมทหาร) ช่วงที่ 2", "road_no": "3023", "aumpher": "อำเภอห้วยคต", "office": "สาขาหนองฉาง", "branch_code": "61020000", "name_short": "อน.", "price_new": 450, "price_old": 450, "width_m": 6, "pt_i": 30 }, "geometry": { "type": "Point", "coordinates": [ 99.643643230265383, 15.300985648752192 ] } },
{ "type": "Feature", "properties": { "road_key": "61020000ST015.2", "road_name": "ทางหลวงชนบท อน.3023 (บ้านหนองมะสัง - บ้านชุมทหาร) ช่วงที่ 2", "road_no": "3023", "aumpher": "อำเภอห้วยคต", "office": "สาขาหนองฉาง", "branch_code": "61020000", "name_short": "อน.", "price_new": 450, "price_old": 450, "width_m": 6, "pt_i": 31 }, "geometry": { "type": "Point", "coordinates": [ 99.642744270208439, 15.300343553951395 ] } },
{ "type": "Feature", "properties": { "road_key": "61020000ST015.2", "road_name": "ทางหลวงชนบท อน.3023 (บ้านหนองมะสัง - บ้านชุมทหาร) ช่วงที่ 2", "road_no": "3023", "aumpher": "อำเภอห้วยคต", "office": "สาขาหนองฉาง", "branch_code": "61020000", "name_short": "อน.", "price_new": 450, "price_old": 450, "width_m": 6, "pt_i": 32 }, "geometry": { "type": "Point", "coordinates": [ 99.641851106274302, 15.299691371972813 ] } },
{ "type": "Feature", "properties": { "road_key": "61020000ST015.2", "road_name": "ทางหลวงชนบท อน.3023 (บ้านหนองมะสัง - บ้านชุมทหาร) ช่วงที่ 2", "road_no": "3023", "aumpher": "อำเภอห้วยคต", "office": "สาขาหนองฉาง", "branch_code": "61020000", "name_short": "อน.", "price_new": 450, "price_old": 450, "width_m": 6, "pt_i": 33 }, "geometry": { "type": "Point", "coordinates": [ 99.640947430379683, 15.299053756470038 ] } },
{ "type": "Feature", "properties": { "road_key": "61020000ST015.2", "road_name": "ทางหลวงชนบท อน.3023 (บ้านหนองมะสัง - บ้านชุมทหาร) ช่วงที่ 2", "road_no": "3023", "aumpher": "อำเภอห้วยคต", "office": "สาขาหนองฉาง", "branch_code": "61020000", "name_short": "อน.", "price_new": 450, "price_old": 450, "width_m": 6, "pt_i": 34 }, "geometry": { "type": "Point", "coordinates": [ 99.639899962128311, 15.298685812068276 ] } },
{ "type": "Feature", "properties": { "road_key": "61020000ST015.2", "road_name": "ทางหลวงชนบท อน.3023 (บ้านหนองมะสัง - บ้านชุมทหาร) ช่วงที่ 2", "road_no": "3023", "aumpher": "อำเภอห้วยคต", "office": "สาขาหนองฉาง", "branch_code": "61020000", "name_short": "อน.", "price_new": 450, "price_old": 450, "width_m": 6, "pt_i": 35 }, "geometry": { "type": "Point", "coordinates": [ 99.638819040874409, 15.298409796631736 ] } },
{ "type": "Feature", "properties": { "road_key": "61020000ST015.2", "road_name": "ทางหลวงชนบท อน.3023 (บ้านหนองมะสัง - บ้านชุมทหาร) ช่วงที่ 2", "road_no": "3023", "aumpher": "อำเภอห้วยคต", "office": "สาขาหนองฉาง", "branch_code": "61020000", "name_short": "อน.", "price_new": 450, "price_old": 450, "width_m": 6, "pt_i": 36 }, "geometry": { "type": "Point", "coordinates": [ 99.637738122253751, 15.298133775856817 ] } },
{ "type": "Feature", "properties": { "road_key": "61020000ST015.2", "road_name": "ทางหลวงชนบท อน.3023 (บ้านหนองมะสัง - บ้านชุมทหาร) ช่วงที่ 2", "road_no": "3023", "aumpher": "อำเภอห้วยคต", "office": "สาขาหนองฉาง", "branch_code": "61020000", "name_short": "อน.", "price_new": 450, "price_old": 450, "width_m": 6, "pt_i": 37 }, "geometry": { "type": "Point", "coordinates": [ 99.63665595390971, 15.29786244059486 ] } },
{ "type": "Feature", "properties": { "road_key": "61020000ST015.2", "road_name": "ทางหลวงชนบท อน.3023 (บ้านหนองมะสัง - บ้านชุมทหาร) ช่วงที่ 2", "road_no": "3023", "aumpher": "อำเภอห้วยคต", "office": "สาขาหนองฉาง", "branch_code": "61020000", "name_short": "อน.", "price_new": 450, "price_old": 450, "width_m": 6, "pt_i": 38 }, "geometry": { "type": "Point", "coordinates": [ 99.635572959930997, 15.297594202130616 ] } },
{ "type": "Feature", "properties": { "road_key": "61020000ST015.2", "road_name": "ทางหลวงชนบท อน.3023 (บ้านหนองมะสัง - บ้านชุมทหาร) ช่วงที่ 2", "road_no": "3023", "aumpher": "อำเภอห้วยคต", "office": "สาขาหนองฉาง", "branch_code": "61020000", "name_short": "อน.", "price_new": 450, "price_old": 450, "width_m": 6, "pt_i": 39 }, "geometry": { "type": "Point", "coordinates": [ 99.634488673352379, 15.297331306174492 ] } },
{ "type": "Feature", "properties": { "road_key": "61020000ST015.2", "road_name": "ทางหลวงชนบท อน.3023 (บ้านหนองมะสัง - บ้านชุมทหาร) ช่วงที่ 2", "road_no": "3023", "aumpher": "อำเภอห้วยคต", "office": "สาขาหนองฉาง", "branch_code": "61020000", "name_short": "อน.", "price_new": 450, "price_old": 450, "width_m": 6, "pt_i": 40 }, "geometry": { "type": "Point", "coordinates": [ 99.633388598083101, 15.29714812944149 ] } },
{ "type": "Feature", "properties": { "road_key": "61020000ST015.2", "road_name": "ทางหลวงชนบท อน.3023 (บ้านหนองมะสัง - บ้านชุมทหาร) ช่วงที่ 2", "road_no": "3023", "aumpher": "อำเภอห้วยคต", "office": "สาขาหนองฉาง", "branch_code": "61020000", "name_short": "อน.", "price_new": 450, "price_old": 450, "width_m": 6, "pt_i": 41 }, "geometry": { "type": "Point", "coordinates": [ 99.632277040286098, 15.297034595111272 ] } },
{ "type": "Feature", "properties": { "road_key": "61020000ST015.2", "road_name": "ทางหลวงชนบท อน.3023 (บ้านหนองมะสัง - บ้านชุมทหาร) ช่วงที่ 2", "road_no": "3023", "aumpher": "อำเภอห้วยคต", "office": "สาขาหนองฉาง", "branch_code": "61020000", "name_short": "อน.", "price_new": 450, "price_old": 450, "width_m": 6, "pt_i": 42 }, "geometry": { "type": "Point", "coordinates": [ 99.631165594240059, 15.296920033172908 ] } },
{ "type": "Feature", "properties": { "road_key": "61020000ST015.2", "road_name": "ทางหลวงชนบท อน.3023 (บ้านหนองมะสัง - บ้านชุมทหาร) ช่วงที่ 2", "road_no": "3023", "aumpher": "อำเภอห้วยคต", "office": "สาขาหนองฉาง", "branch_code": "61020000", "name_short": "อน.", "price_new": 450, "price_old": 450, "width_m": 6, "pt_i": 43 }, "geometry": { "type": "Point", "coordinates": [ 99.630052659243177, 15.296820346975821 ] } },
{ "type": "Feature", "properties": { "road_key": "61020000ST015.2", "road_name": "ทางหลวงชนบท อน.3023 (บ้านหนองมะสัง - บ้านชุมทหาร) ช่วงที่ 2", "road_no": "3023", "aumpher": "อำเภอห้วยคต", "office": "สาขาหนองฉาง", "branch_code": "61020000", "name_short": "อน.", "price_new": 450, "price_old": 450, "width_m": 6, "pt_i": 44 }, "geometry": { "type": "Point", "coordinates": [ 99.628939284177591, 15.296725058625197 ] } },
{ "type": "Feature", "properties": { "road_key": "61020000ST015.2", "road_name": "ทางหลวงชนบท อน.3023 (บ้านหนองมะสัง - บ้านชุมทหาร) ช่วงที่ 2", "road_no": "3023", "aumpher": "อำเภอห้วยคต", "office": "สาขาหนองฉาง", "branch_code": "61020000", "name_short": "อน.", "price_new": 450, "price_old": 450, "width_m": 6, "pt_i": 45 }, "geometry": { "type": "Point", "coordinates": [ 99.627906133710894, 15.296415403907819 ] } },
{ "type": "Feature", "properties": { "road_key": "61020000ST015.2", "road_name": "ทางหลวงชนบท อน.3023 (บ้านหนองมะสัง - บ้านชุมทหาร) ช่วงที่ 2", "road_no": "3023", "aumpher": "อำเภอห้วยคต", "office": "สาขาหนองฉาง", "branch_code": "61020000", "name_short": "อน.", "price_new": 450, "price_old": 450, "width_m": 6, "pt_i": 46 }, "geometry": { "type": "Point", "coordinates": [ 99.626989220868396, 15.29579556228512 ] } },
{ "type": "Feature", "properties": { "road_key": "61020000ST015.2", "road_name": "ทางหลวงชนบท อน.3023 (บ้านหนองมะสัง - บ้านชุมทหาร) ช่วงที่ 2", "road_no": "3023", "aumpher": "อำเภอห้วยคต", "office": "สาขาหนองฉาง", "branch_code": "61020000", "name_short": "อน.", "price_new": 450, "price_old": 450, "width_m": 6, "pt_i": 47 }, "geometry": { "type": "Point", "coordinates": [ 99.626054281442606, 15.295201085112772 ] } },
{ "type": "Feature", "properties": { "road_key": "61020000ST015.2", "road_name": "ทางหลวงชนบท อน.3023 (บ้านหนองมะสัง - บ้านชุมทหาร) ช่วงที่ 2", "road_no": "3023", "aumpher": "อำเภอห้วยคต", "office": "สาขาหนองฉาง", "branch_code": "61020000", "name_short": "อน.", "price_new": 450, "price_old": 450, "width_m": 6, "pt_i": 48 }, "geometry": { "type": "Point", "coordinates": [ 99.625109596690208, 15.294621560517223 ] } },
{ "type": "Feature", "properties": { "road_key": "61020000ST015.2", "road_name": "ทางหลวงชนบท อน.3023 (บ้านหนองมะสัง - บ้านชุมทหาร) ช่วงที่ 2", "road_no": "3023", "aumpher": "อำเภอห้วยคต", "office": "สาขาหนองฉาง", "branch_code": "61020000", "name_short": "อน.", "price_new": 450, "price_old": 450, "width_m": 6, "pt_i": 49 }, "geometry": { "type": "Point", "coordinates": [ 99.624155802368634, 15.294056012974403 ] } },
{ "type": "Feature", "properties": { "road_key": "61020000ST015.2", "road_name": "ทางหลวงชนบท อน.3023 (บ้านหนองมะสัง - บ้านชุมทหาร) ช่วงที่ 2", "road_no": "3023", "aumpher": "อำเภอห้วยคต", "office": "สาขาหนองฉาง", "branch_code": "61020000", "name_short": "อน.", "price_new": 450, "price_old": 450, "width_m": 6, "pt_i": 50 }, "geometry": { "type": "Point", "coordinates": [ 99.623202013063022, 15.293490461145623 ] } },
{ "type": "Feature", "properties": { "road_key": "61020000ST015.2", "road_name": "ทางหลวงชนบท อน.3023 (บ้านหนองมะสัง - บ้านชุมทหาร) ช่วงที่ 2", "road_no": "3023", "aumpher": "อำเภอห้วยคต", "office": "สาขาหนองฉาง", "branch_code": "61020000", "name_short": "อน.", "price_new": 450, "price_old": 450, "width_m": 6, "pt_i": 51 }, "geometry": { "type": "Point", "coordinates": [ 99.62224336848071, 15.292932753693364 ] } },
{ "type": "Feature", "properties": { "road_key": "61020000ST015.2", "road_name": "ทางหลวงชนบท อน.3023 (บ้านหนองมะสัง - บ้านชุมทหาร) ช่วงที่ 2", "road_no": "3023", "aumpher": "อำเภอห้วยคต", "office": "สาขาหนองฉาง", "branch_code": "61020000", "name_short": "อน.", "price_new": 450, "price_old": 450, "width_m": 6, "pt_i": 52 }, "geometry": { "type": "Point", "coordinates": [ 99.621281307971628, 15.29238056611875 ] } },
{ "type": "Feature", "properties": { "road_key": "61020000ST015.2", "road_name": "ทางหลวงชนบท อน.3023 (บ้านหนองมะสัง - บ้านชุมทหาร) ช่วงที่ 2", "road_no": "3023", "aumpher": "อำเภอห้วยคต", "office": "สาขาหนองฉาง", "branch_code": "61020000", "name_short": "อน.", "price_new": 450, "price_old": 450, "width_m": 6, "pt_i": 53 }, "geometry": { "type": "Point", "coordinates": [ 99.620319252395177, 15.291828374192919 ] } },
{ "type": "Feature", "properties": { "road_key": "61020000ST015.2", "road_name": "ทางหลวงชนบท อน.3023 (บ้านหนองมะสัง - บ้านชุมทหาร) ช่วงที่ 2", "road_no": "3023", "aumpher": "อำเภอห้วยคต", "office": "สาขาหนองฉาง", "branch_code": "61020000", "name_short": "อน.", "price_new": 450, "price_old": 450, "width_m": 6, "pt_i": 54 }, "geometry": { "type": "Point", "coordinates": [ 99.619336662549614, 15.29131174893965 ] } },
{ "type": "Feature", "properties": { "road_key": "61020000ST015.2", "road_name": "ทางหลวงชนบท อน.3023 (บ้านหนองมะสัง - บ้านชุมทหาร) ช่วงที่ 2", "road_no": "3023", "aumpher": "อำเภอห้วยคต", "office": "สาขาหนองฉาง", "branch_code": "61020000", "name_short": "อน.", "price_new": 450, "price_old": 450, "width_m": 6, "pt_i": 55 }, "geometry": { "type": "Point", "coordinates": [ 99.618349279587605, 15.2908034282353 ] } },
{ "type": "Feature", "properties": { "road_key": "61020000ST015.2", "road_name": "ทางหลวงชนบท อน.3023 (บ้านหนองมะสัง - บ้านชุมทหาร) ช่วงที่ 2", "road_no": "3023", "aumpher": "อำเภอห้วยคต", "office": "สาขาหนองฉาง", "branch_code": "61020000", "name_short": "อน.", "price_new": 450, "price_old": 450, "width_m": 6, "pt_i": 56 }, "geometry": { "type": "Point", "coordinates": [ 99.617361901262612, 15.290295102974916 ] } },
{ "type": "Feature", "properties": { "road_key": "61020000ST015.2", "road_name": "ทางหลวงชนบท อน.3023 (บ้านหนองมะสัง - บ้านชุมทหาร) ช่วงที่ 2", "road_no": "3023", "aumpher": "อำเภอห้วยคต", "office": "สาขาหนองฉาง", "branch_code": "61020000", "name_short": "อน.", "price_new": 450, "price_old": 450, "width_m": 6, "pt_i": 57 }, "geometry": { "type": "Point", "coordinates": [ 99.616382404963559, 15.289772847628591 ] } },
{ "type": "Feature", "properties": { "road_key": "61020000ST015.2", "road_name": "ทางหลวงชนบท อน.3023 (บ้านหนองมะสัง - บ้านชุมทหาร) ช่วงที่ 2", "road_no": "3023", "aumpher": "อำเภอห้วยคต", "office": "สาขาหนองฉาง", "branch_code": "61020000", "name_short": "อน.", "price_new": 450, "price_old": 450, "width_m": 6, "pt_i": 58 }, "geometry": { "type": "Point", "coordinates": [ 99.615410598372918, 15.289237002520562 ] } },
{ "type": "Feature", "properties": { "road_key": "61020000ST015.2", "road_name": "ทางหลวงชนบท อน.3023 (บ้านหนองมะสัง - บ้านชุมทหาร) ช่วงที่ 2", "road_no": "3023", "aumpher": "อำเภอห้วยคต", "office": "สาขาหนองฉาง", "branch_code": "61020000", "name_short": "อน.", "price_new": 450, "price_old": 450, "width_m": 6, "pt_i": 59 }, "geometry": { "type": "Point", "coordinates": [ 99.614467094942384, 15.288656817392887 ] } },
{ "type": "Feature", "properties": { "road_key": "61020000ST015.2", "road_name": "ทางหลวงชนบท อน.3023 (บ้านหนองมะสัง - บ้านชุมทหาร) ช่วงที่ 2", "road_no": "3023", "aumpher": "อำเภอห้วยคต", "office": "สาขาหนองฉาง", "branch_code": "61020000", "name_short": "อน.", "price_new": 450, "price_old": 450, "width_m": 6, "pt_i": 60 }, "geometry": { "type": "Point", "coordinates": [ 99.613580741414864, 15.287996751116536 ] } },
{ "type": "Feature", "properties": { "road_key": "61020000ST015.2", "road_name": "ทางหลวงชนบท อน.3023 (บ้านหนองมะสัง - บ้านชุมทหาร) ช่วงที่ 2", "road_no": "3023", "aumpher": "อำเภอห้วยคต", "office": "สาขาหนองฉาง", "branch_code": "61020000", "name_short": "อน.", "price_new": 450, "price_old": 450, "width_m": 6, "pt_i": 61 }, "geometry": { "type": "Point", "coordinates": [ 99.612714929958642, 15.287310723797985 ] } },
{ "type": "Feature", "properties": { "road_key": "61020000ST015.2", "road_name": "ทางหลวงชนบท อน.3023 (บ้านหนองมะสัง - บ้านชุมทหาร) ช่วงที่ 2", "road_no": "3023", "aumpher": "อำเภอห้วยคต", "office": "สาขาหนองฉาง", "branch_code": "61020000", "name_short": "อน.", "price_new": 450, "price_old": 450, "width_m": 6, "pt_i": 62 }, "geometry": { "type": "Point", "coordinates": [ 99.611884364954065, 15.286585600143313 ] } },
{ "type": "Feature", "properties": { "road_key": "61020000ST015.2", "road_name": "ทางหลวงชนบท อน.3023 (บ้านหนองมะสัง - บ้านชุมทหาร) ช่วงที่ 2", "road_no": "3023", "aumpher": "อำเภอห้วยคต", "office": "สาขาหนองฉาง", "branch_code": "61020000", "name_short": "อน.", "price_new": 450, "price_old": 450, "width_m": 6, "pt_i": 63 }, "geometry": { "type": "Point", "coordinates": [ 99.611135127390042, 15.285782261130763 ] } },
{ "type": "Feature", "properties": { "road_key": "61020000ST015.2", "road_name": "ทางหลวงชนบท อน.3023 (บ้านหนองมะสัง - บ้านชุมทหาร) ช่วงที่ 2", "road_no": "3023", "aumpher": "อำเภอห้วยคต", "office": "สาขาหนองฉาง", "branch_code": "61020000", "name_short": "อน.", "price_new": 450, "price_old": 450, "width_m": 6, "pt_i": 64 }, "geometry": { "type": "Point", "coordinates": [ 99.610408196861542, 15.284958224007896 ] } },
{ "type": "Feature", "properties": { "road_key": "61020000ST015.2", "road_name": "ทางหลวงชนบท อน.3023 (บ้านหนองมะสัง - บ้านชุมทหาร) ช่วงที่ 2", "road_no": "3023", "aumpher": "อำเภอห้วยคต", "office": "สาขาหนองฉาง", "branch_code": "61020000", "name_short": "อน.", "price_new": 450, "price_old": 450, "width_m": 6, "pt_i": 65 }, "geometry": { "type": "Point", "coordinates": [ 99.60966216573533, 15.284150580684591 ] } },
{ "type": "Feature", "properties": { "road_key": "61020000ST015.2", "road_name": "ทางหลวงชนบท อน.3023 (บ้านหนองมะสัง - บ้านชุมทหาร) ช่วงที่ 2", "road_no": "3023", "aumpher": "อำเภอห้วยคต", "office": "สาขาหนองฉาง", "branch_code": "61020000", "name_short": "อน.", "price_new": 450, "price_old": 450, "width_m": 6, "pt_i": 66 }, "geometry": { "type": "Point", "coordinates": [ 99.608908742334677, 15.283349283323387 ] } },
{ "type": "Feature", "properties": { "road_key": "61020000ST015.2", "road_name": "ทางหลวงชนบท อน.3023 (บ้านหนองมะสัง - บ้านชุมทหาร) ช่วงที่ 2", "road_no": "3023", "aumpher": "อำเภอห้วยคต", "office": "สาขาหนองฉาง", "branch_code": "61020000", "name_short": "อน.", "price_new": 450, "price_old": 450, "width_m": 6, "pt_i": 67 }, "geometry": { "type": "Point", "coordinates": [ 99.608149411720845, 15.282553285637261 ] } },
{ "type": "Feature", "properties": { "road_key": "61020000ST015.2", "road_name": "ทางหลวงชนบท อน.3023 (บ้านหนองมะสัง - บ้านชุมทหาร) ช่วงที่ 2", "road_no": "3023", "aumpher": "อำเภอห้วยคต", "office": "สาขาหนองฉาง", "branch_code": "61020000", "name_short": "อน.", "price_new": 450, "price_old": 450, "width_m": 6, "pt_i": 68 }, "geometry": { "type": "Point", "coordinates": [ 99.607386060649077, 15.281760895619016 ] } },
{ "type": "Feature", "properties": { "road_key": "61020000ST015.2", "road_name": "ทางหลวงชนบท อน.3023 (บ้านหนองมะสัง - บ้านชุมทหาร) ช่วงที่ 2", "road_no": "3023", "aumpher": "อำเภอห้วยคต", "office": "สาขาหนองฉาง", "branch_code": "61020000", "name_short": "อน.", "price_new": 450, "price_old": 450, "width_m": 6, "pt_i": 69 }, "geometry": { "type": "Point", "coordinates": [ 99.606521390647714, 15.281075142052222 ] } },
{ "type": "Feature", "properties": { "road_key": "61020000ST015.2", "road_name": "ทางหลวงชนบท อน.3023 (บ้านหนองมะสัง - บ้านชุมทหาร) ช่วงที่ 2", "road_no": "3023", "aumpher": "อำเภอห้วยคต", "office": "สาขาหนองฉาง", "branch_code": "61020000", "name_short": "อน.", "price_new": 450, "price_old": 450, "width_m": 6, "pt_i": 70 }, "geometry": { "type": "Point", "coordinates": [ 99.605595465673758, 15.280467617711935 ] } },
{ "type": "Feature", "properties": { "road_key": "61020000ST015.2", "road_name": "ทางหลวงชนบท อน.3023 (บ้านหนองมะสัง - บ้านชุมทหาร) ช่วงที่ 2", "road_no": "3023", "aumpher": "อำเภอห้วยคต", "office": "สาขาหนองฉาง", "branch_code": "61020000", "name_short": "อน.", "price_new": 450, "price_old": 450, "width_m": 6, "pt_i": 71 }, "geometry": { "type": "Point", "coordinates": [ 99.604666010421084, 15.279865183137698 ] } },
{ "type": "Feature", "properties": { "road_key": "61020000ST015.2", "road_name": "ทางหลวงชนบท อน.3023 (บ้านหนองมะสัง - บ้านชุมทหาร) ช่วงที่ 2", "road_no": "3023", "aumpher": "อำเภอห้วยคต", "office": "สาขาหนองฉาง", "branch_code": "61020000", "name_short": "อน.", "price_new": 450, "price_old": 450, "width_m": 6, "pt_i": 72 }, "geometry": { "type": "Point", "coordinates": [ 99.60367122342393, 15.27938780214245 ] } },
{ "type": "Feature", "properties": { "road_key": "61020000ST015.2", "road_name": "ทางหลวงชนบท อน.3023 (บ้านหนองมะสัง - บ้านชุมทหาร) ช่วงที่ 2", "road_no": "3023", "aumpher": "อำเภอห้วยคต", "office": "สาขาหนองฉาง", "branch_code": "61020000", "name_short": "อน.", "price_new": 450, "price_old": 450, "width_m": 6, "pt_i": 73 }, "geometry": { "type": "Point", "coordinates": [ 99.602629733625889, 15.278994285087172 ] } },
{ "type": "Feature", "properties": { "road_key": "61020000ST015.2", "road_name": "ทางหลวงชนบท อน.3023 (บ้านหนองมะสัง - บ้านชุมทหาร) ช่วงที่ 2", "road_no": "3023", "aumpher": "อำเภอห้วยคต", "office": "สาขาหนองฉาง", "branch_code": "61020000", "name_short": "อน.", "price_new": 450, "price_old": 450, "width_m": 6, "pt_i": 74 }, "geometry": { "type": "Point", "coordinates": [ 99.601585414704388, 15.278608015422213 ] } },
{ "type": "Feature", "properties": { "road_key": "61020000ST015.2", "road_name": "ทางหลวงชนบท อน.3023 (บ้านหนองมะสัง - บ้านชุมทหาร) ช่วงที่ 2", "road_no": "3023", "aumpher": "อำเภอห้วยคต", "office": "สาขาหนองฉาง", "branch_code": "61020000", "name_short": "อน.", "price_new": 450, "price_old": 450, "width_m": 6, "pt_i": 75 }, "geometry": { "type": "Point", "coordinates": [ 99.600534054991996, 15.278240274076829 ] } },
{ "type": "Feature", "properties": { "road_key": "61020000ST015.2", "road_name": "ทางหลวงชนบท อน.3023 (บ้านหนองมะสัง - บ้านชุมทหาร) ช่วงที่ 2", "road_no": "3023", "aumpher": "อำเภอห้วยคต", "office": "สาขาหนองฉาง", "branch_code": "61020000", "name_short": "อน.", "price_new": 450, "price_old": 450, "width_m": 6, "pt_i": 76 }, "geometry": { "type": "Point", "coordinates": [ 99.599507885380092, 15.277813867559004 ] } },
{ "type": "Feature", "properties": { "road_key": "61020000ST015.2", "road_name": "ทางหลวงชนบท อน.3023 (บ้านหนองมะสัง - บ้านชุมทหาร) ช่วงที่ 2", "road_no": "3023", "aumpher": "อำเภอห้วยคต", "office": "สาขาหนองฉาง", "branch_code": "61020000", "name_short": "อน.", "price_new": 450, "price_old": 450, "width_m": 6, "pt_i": 77 }, "geometry": { "type": "Point", "coordinates": [ 99.598607536513683, 15.277180340880557 ] } },
{ "type": "Feature", "properties": { "road_key": "61020000ST015.2", "road_name": "ทางหลวงชนบท อน.3023 (บ้านหนองมะสัง - บ้านชุมทหาร) ช่วงที่ 2", "road_no": "3023", "aumpher": "อำเภอห้วยคต", "office": "สาขาหนองฉาง", "branch_code": "61020000", "name_short": "อน.", "price_new": 450, "price_old": 450, "width_m": 6, "pt_i": 78 }, "geometry": { "type": "Point", "coordinates": [ 99.597788523955202, 15.276442191068801 ] } },
{ "type": "Feature", "properties": { "road_key": "61020000ST015.2", "road_name": "ทางหลวงชนบท อน.3023 (บ้านหนองมะสัง - บ้านชุมทหาร) ช่วงที่ 2", "road_no": "3023", "aumpher": "อำเภอห้วยคต", "office": "สาขาหนองฉาง", "branch_code": "61020000", "name_short": "อน.", "price_new": 450, "price_old": 450, "width_m": 6, "pt_i": 79 }, "geometry": { "type": "Point", "coordinates": [ 99.596885433517798, 15.27580776022246 ] } },
{ "type": "Feature", "properties": { "road_key": "61020000ST015.2", "road_name": "ทางหลวงชนบท อน.3023 (บ้านหนองมะสัง - บ้านชุมทหาร) ช่วงที่ 2", "road_no": "3023", "aumpher": "อำเภอห้วยคต", "office": "สาขาหนองฉาง", "branch_code": "61020000", "name_short": "อน.", "price_new": 450, "price_old": 450, "width_m": 6, "pt_i": 80 }, "geometry": { "type": "Point", "coordinates": [ 99.595897962643761, 15.275300367694443 ] } },
{ "type": "Feature", "properties": { "road_key": "61020000ST015.2", "road_name": "ทางหลวงชนบท อน.3023 (บ้านหนองมะสัง - บ้านชุมทหาร) ช่วงที่ 2", "road_no": "3023", "aumpher": "อำเภอห้วยคต", "office": "สาขาหนองฉาง", "branch_code": "61020000", "name_short": "อน.", "price_new": 450, "price_old": 450, "width_m": 6, "pt_i": 81 }, "geometry": { "type": "Point", "coordinates": [ 99.594902490251911, 15.274807269143466 ] } },
{ "type": "Feature", "properties": { "road_key": "61020000ST017", "road_name": "ทางหลวงชนบท อน 3038 (สายแยก ทล. 333-บ้านห้วยคต)", "road_no": "3038", "aumpher": "อำเภอห้วยคต", "office": "สาขาหนองฉาง", "branch_code": "61020000", "name_short": "อน.", "price_new": 450, "price_old": 450, "width_m": 8, "pt_i": 0 }, "geometry": { "type": "Point", "coordinates": [ 99.606650814166585, 15.20751976965601 ] } },
{ "type": "Feature", "properties": { "road_key": "61020000ST017", "road_name": "ทางหลวงชนบท อน 3038 (สายแยก ทล. 333-บ้านห้วยคต)", "road_no": "3038", "aumpher": "อำเภอห้วยคต", "office": "สาขาหนองฉาง", "branch_code": "61020000", "name_short": "อน.", "price_new": 450, "price_old": 450, "width_m": 8, "pt_i": 1 }, "geometry": { "type": "Point", "coordinates": [ 99.606015834713659, 15.208410542070865 ] } },
{ "type": "Feature", "properties": { "road_key": "61020000ST017", "road_name": "ทางหลวงชนบท อน 3038 (สายแยก ทล. 333-บ้านห้วยคต)", "road_no": "3038", "aumpher": "อำเภอห้วยคต", "office": "สาขาหนองฉาง", "branch_code": "61020000", "name_short": "อน.", "price_new": 450, "price_old": 450, "width_m": 8, "pt_i": 2 }, "geometry": { "type": "Point", "coordinates": [ 99.605386896695265, 15.209307184038442 ] } },
{ "type": "Feature", "properties": { "road_key": "61020000ST017", "road_name": "ทางหลวงชนบท อน 3038 (สายแยก ทล. 333-บ้านห้วยคต)", "road_no": "3038", "aumpher": "อำเภอห้วยคต", "office": "สาขาหนองฉาง", "branch_code": "61020000", "name_short": "อน.", "price_new": 450, "price_old": 450, "width_m": 8, "pt_i": 3 }, "geometry": { "type": "Point", "coordinates": [ 99.60476020482227, 15.210205297113442 ] } },
{ "type": "Feature", "properties": { "road_key": "61020000ST017", "road_name": "ทางหลวงชนบท อน 3038 (สายแยก ทล. 333-บ้านห้วยคต)", "road_no": "3038", "aumpher": "อำเภอห้วยคต", "office": "สาขาหนองฉาง", "branch_code": "61020000", "name_short": "อน.", "price_new": 450, "price_old": 450, "width_m": 8, "pt_i": 4 }, "geometry": { "type": "Point", "coordinates": [ 99.604167775626493, 15.211123616342572 ] } },
{ "type": "Feature", "properties": { "road_key": "61020000ST017", "road_name": "ทางหลวงชนบท อน 3038 (สายแยก ทล. 333-บ้านห้วยคต)", "road_no": "3038", "aumpher": "อำเภอห้วยคต", "office": "สาขาหนองฉาง", "branch_code": "61020000", "name_short": "อน.", "price_new": 450, "price_old": 450, "width_m": 8, "pt_i": 5 }, "geometry": { "type": "Point", "coordinates": [ 99.60365410791313, 15.212087027918043 ] } },
{ "type": "Feature", "properties": { "road_key": "61020000ST017", "road_name": "ทางหลวงชนบท อน 3038 (สายแยก ทล. 333-บ้านห้วยคต)", "road_no": "3038", "aumpher": "อำเภอห้วยคต", "office": "สาขาหนองฉาง", "branch_code": "61020000", "name_short": "อน.", "price_new": 450, "price_old": 450, "width_m": 8, "pt_i": 6 }, "geometry": { "type": "Point", "coordinates": [ 99.6031507241524, 15.213055499156559 ] } },
{ "type": "Feature", "properties": { "road_key": "61020000ST017", "road_name": "ทางหลวงชนบท อน 3038 (สายแยก ทล. 333-บ้านห้วยคต)", "road_no": "3038", "aumpher": "อำเภอห้วยคต", "office": "สาขาหนองฉาง", "branch_code": "61020000", "name_short": "อน.", "price_new": 450, "price_old": 450, "width_m": 8, "pt_i": 7 }, "geometry": { "type": "Point", "coordinates": [ 99.602635612341345, 15.214018185878599 ] } },
{ "type": "Feature", "properties": { "road_key": "61020000ST017", "road_name": "ทางหลวงชนบท อน 3038 (สายแยก ทล. 333-บ้านห้วยคต)", "road_no": "3038", "aumpher": "อำเภอห้วยคต", "office": "สาขาหนองฉาง", "branch_code": "61020000", "name_short": "อน.", "price_new": 450, "price_old": 450, "width_m": 8, "pt_i": 8 }, "geometry": { "type": "Point", "coordinates": [ 99.602125264657587, 15.214983240910669 ] } },
{ "type": "Feature", "properties": { "road_key": "61020000ST017", "road_name": "ทางหลวงชนบท อน 3038 (สายแยก ทล. 333-บ้านห้วยคต)", "road_no": "3038", "aumpher": "อำเภอห้วยคต", "office": "สาขาหนองฉาง", "branch_code": "61020000", "name_short": "อน.", "price_new": 450, "price_old": 450, "width_m": 8, "pt_i": 9 }, "geometry": { "type": "Point", "coordinates": [ 99.601622649983184, 15.215952137954059 ] } },
{ "type": "Feature", "properties": { "road_key": "61020000ST017", "road_name": "ทางหลวงชนบท อน 3038 (สายแยก ทล. 333-บ้านห้วยคต)", "road_no": "3038", "aumpher": "อำเภอห้วยคต", "office": "สาขาหนองฉาง", "branch_code": "61020000", "name_short": "อน.", "price_new": 450, "price_old": 450, "width_m": 8, "pt_i": 10 }, "geometry": { "type": "Point", "coordinates": [ 99.6011234946249, 15.216922721098058 ] } },
{ "type": "Feature", "properties": { "road_key": "61020000ST017", "road_name": "ทางหลวงชนบท อน 3038 (สายแยก ทล. 333-บ้านห้วยคต)", "road_no": "3038", "aumpher": "อำเภอห้วยคต", "office": "สาขาหนองฉาง", "branch_code": "61020000", "name_short": "อน.", "price_new": 450, "price_old": 450, "width_m": 8, "pt_i": 11 }, "geometry": { "type": "Point", "coordinates": [ 99.600624334823436, 15.217893303216679 ] } },
{ "type": "Feature", "properties": { "road_key": "61020000ST017", "road_name": "ทางหลวงชนบท อน 3038 (สายแยก ทล. 333-บ้านห้วยคต)", "road_no": "3038", "aumpher": "อำเภอห้วยคต", "office": "สาขาหนองฉาง", "branch_code": "61020000", "name_short": "อน.", "price_new": 450, "price_old": 450, "width_m": 8, "pt_i": 12 }, "geometry": { "type": "Point", "coordinates": [ 99.600122069877301, 15.21886236654441 ] } },
{ "type": "Feature", "properties": { "road_key": "61020000ST017", "road_name": "ทางหลวงชนบท อน 3038 (สายแยก ทล. 333-บ้านห้วยคต)", "road_no": "3038", "aumpher": "อำเภอห้วยคต", "office": "สาขาหนองฉาง", "branch_code": "61020000", "name_short": "อน.", "price_new": 450, "price_old": 450, "width_m": 8, "pt_i": 13 }, "geometry": { "type": "Point", "coordinates": [ 99.599615339894882, 15.219829245423092 ] } },
{ "type": "Feature", "properties": { "road_key": "61020000ST017", "road_name": "ทางหลวงชนบท อน 3038 (สายแยก ทล. 333-บ้านห้วยคต)", "road_no": "3038", "aumpher": "อำเภอห้วยคต", "office": "สาขาหนองฉาง", "branch_code": "61020000", "name_short": "อน.", "price_new": 450, "price_old": 450, "width_m": 8, "pt_i": 14 }, "geometry": { "type": "Point", "coordinates": [ 99.599108472606929, 15.22079605209219 ] } },
{ "type": "Feature", "properties": { "road_key": "61020000ST017", "road_name": "ทางหลวงชนบท อน 3038 (สายแยก ทล. 333-บ้านห้วยคต)", "road_no": "3038", "aumpher": "อำเภอห้วยคต", "office": "สาขาหนองฉาง", "branch_code": "61020000", "name_short": "อน.", "price_new": 450, "price_old": 450, "width_m": 8, "pt_i": 15 }, "geometry": { "type": "Point", "coordinates": [ 99.598521969650008, 15.221719204926968 ] } },
{ "type": "Feature", "properties": { "road_key": "61020000ST017", "road_name": "ทางหลวงชนบท อน 3038 (สายแยก ทล. 333-บ้านห้วยคต)", "road_no": "3038", "aumpher": "อำเภอห้วยคต", "office": "สาขาหนองฉาง", "branch_code": "61020000", "name_short": "อน.", "price_new": 450, "price_old": 450, "width_m": 8, "pt_i": 16 }, "geometry": { "type": "Point", "coordinates": [ 99.597868630875581, 15.22259889931278 ] } },
{ "type": "Feature", "properties": { "road_key": "61020000ST017", "road_name": "ทางหลวงชนบท อน 3038 (สายแยก ทล. 333-บ้านห้วยคต)", "road_no": "3038", "aumpher": "อำเภอห้วยคต", "office": "สาขาหนองฉาง", "branch_code": "61020000", "name_short": "อน.", "price_new": 450, "price_old": 450, "width_m": 8, "pt_i": 17 }, "geometry": { "type": "Point", "coordinates": [ 99.597213731224002, 15.223477609969038 ] } },
{ "type": "Feature", "properties": { "road_key": "61020000ST017", "road_name": "ทางหลวงชนบท อน 3038 (สายแยก ทล. 333-บ้านห้วยคต)", "road_no": "3038", "aumpher": "อำเภอห้วยคต", "office": "สาขาหนองฉาง", "branch_code": "61020000", "name_short": "อน.", "price_new": 450, "price_old": 450, "width_m": 8, "pt_i": 18 }, "geometry": { "type": "Point", "coordinates": [ 99.596589661893518, 15.22437745692123 ] } },
{ "type": "Feature", "properties": { "road_key": "61020000ST017", "road_name": "ทางหลวงชนบท อน 3038 (สายแยก ทล. 333-บ้านห้วยคต)", "road_no": "3038", "aumpher": "อำเภอห้วยคต", "office": "สาขาหนองฉาง", "branch_code": "61020000", "name_short": "อน.", "price_new": 450, "price_old": 450, "width_m": 8, "pt_i": 19 }, "geometry": { "type": "Point", "coordinates": [ 99.59597353236461, 15.225282044761586 ] } },
{ "type": "Feature", "properties": { "road_key": "61020000ST017", "road_name": "ทางหลวงชนบท อน 3038 (สายแยก ทล. 333-บ้านห้วยคต)", "road_no": "3038", "aumpher": "อำเภอห้วยคต", "office": "สาขาหนองฉาง", "branch_code": "61020000", "name_short": "อน.", "price_new": 450, "price_old": 450, "width_m": 8, "pt_i": 20 }, "geometry": { "type": "Point", "coordinates": [ 99.595424069919716, 15.226226425832916 ] } },
{ "type": "Feature", "properties": { "road_key": "61020000ST017", "road_name": "ทางหลวงชนบท อน 3038 (สายแยก ทล. 333-บ้านห้วยคต)", "road_no": "3038", "aumpher": "อำเภอห้วยคต", "office": "สาขาหนองฉาง", "branch_code": "61020000", "name_short": "อน.", "price_new": 450, "price_old": 450, "width_m": 8, "pt_i": 21 }, "geometry": { "type": "Point", "coordinates": [ 99.594884358864434, 15.227176334974494 ] } },
{ "type": "Feature", "properties": { "road_key": "61020000ST017", "road_name": "ทางหลวงชนบท อน 3038 (สายแยก ทล. 333-บ้านห้วยคต)", "road_no": "3038", "aumpher": "อำเภอห้วยคต", "office": "สาขาหนองฉาง", "branch_code": "61020000", "name_short": "อน.", "price_new": 450, "price_old": 450, "width_m": 8, "pt_i": 22 }, "geometry": { "type": "Point", "coordinates": [ 99.594344962586575, 15.228126415657263 ] } },
{ "type": "Feature", "properties": { "road_key": "61020000ST017", "road_name": "ทางหลวงชนบท อน 3038 (สายแยก ทล. 333-บ้านห้วยคต)", "road_no": "3038", "aumpher": "อำเภอห้วยคต", "office": "สาขาหนองฉาง", "branch_code": "61020000", "name_short": "อน.", "price_new": 450, "price_old": 450, "width_m": 8, "pt_i": 23 }, "geometry": { "type": "Point", "coordinates": [ 99.593807780054945, 15.229077682032143 ] } },
{ "type": "Feature", "properties": { "road_key": "61020000ST017", "road_name": "ทางหลวงชนบท อน 3038 (สายแยก ทล. 333-บ้านห้วยคต)", "road_no": "3038", "aumpher": "อำเภอห้วยคต", "office": "สาขาหนองฉาง", "branch_code": "61020000", "name_short": "อน.", "price_new": 450, "price_old": 450, "width_m": 8, "pt_i": 24 }, "geometry": { "type": "Point", "coordinates": [ 99.593253558827641, 15.230019649858884 ] } },
{ "type": "Feature", "properties": { "road_key": "61020000ST017", "road_name": "ทางหลวงชนบท อน 3038 (สายแยก ทล. 333-บ้านห้วยคต)", "road_no": "3038", "aumpher": "อำเภอห้วยคต", "office": "สาขาหนองฉาง", "branch_code": "61020000", "name_short": "อน.", "price_new": 450, "price_old": 450, "width_m": 8, "pt_i": 25 }, "geometry": { "type": "Point", "coordinates": [ 99.592614416448939, 15.230909507353983 ] } },
{ "type": "Feature", "properties": { "road_key": "61020000ST017", "road_name": "ทางหลวงชนบท อน 3038 (สายแยก ทล. 333-บ้านห้วยคต)", "road_no": "3038", "aumpher": "อำเภอห้วยคต", "office": "สาขาหนองฉาง", "branch_code": "61020000", "name_short": "อน.", "price_new": 450, "price_old": 450, "width_m": 8, "pt_i": 26 }, "geometry": { "type": "Point", "coordinates": [ 99.591923917340523, 15.231751772926367 ] } },
{ "type": "Feature", "properties": { "road_key": "61020000ST017", "road_name": "ทางหลวงชนบท อน 3038 (สายแยก ทล. 333-บ้านห้วยคต)", "road_no": "3038", "aumpher": "อำเภอห้วยคต", "office": "สาขาหนองฉาง", "branch_code": "61020000", "name_short": "อน.", "price_new": 450, "price_old": 450, "width_m": 8, "pt_i": 27 }, "geometry": { "type": "Point", "coordinates": [ 99.591047842854437, 15.232423558885966 ] } },
{ "type": "Feature", "properties": { "road_key": "61020000ST017", "road_name": "ทางหลวงชนบท อน 3038 (สายแยก ทล. 333-บ้านห้วยคต)", "road_no": "3038", "aumpher": "อำเภอห้วยคต", "office": "สาขาหนองฉาง", "branch_code": "61020000", "name_short": "อน.", "price_new": 450, "price_old": 450, "width_m": 8, "pt_i": 28 }, "geometry": { "type": "Point", "coordinates": [ 99.590204566803322, 15.233133573121524 ] } },
{ "type": "Feature", "properties": { "road_key": "61020000ST017", "road_name": "ทางหลวงชนบท อน 3038 (สายแยก ทล. 333-บ้านห้วยคต)", "road_no": "3038", "aumpher": "อำเภอห้วยคต", "office": "สาขาหนองฉาง", "branch_code": "61020000", "name_short": "อน.", "price_new": 450, "price_old": 450, "width_m": 8, "pt_i": 29 }, "geometry": { "type": "Point", "coordinates": [ 99.589452418702649, 15.233935172422656 ] } },
{ "type": "Feature", "properties": { "road_key": "61020000ST017", "road_name": "ทางหลวงชนบท อน 3038 (สายแยก ทล. 333-บ้านห้วยคต)", "road_no": "3038", "aumpher": "อำเภอห้วยคต", "office": "สาขาหนองฉาง", "branch_code": "61020000", "name_short": "อน.", "price_new": 450, "price_old": 450, "width_m": 8, "pt_i": 30 }, "geometry": { "type": "Point", "coordinates": [ 99.588733657431334, 15.234765644899744 ] } },
{ "type": "Feature", "properties": { "road_key": "61020000ST017", "road_name": "ทางหลวงชนบท อน 3038 (สายแยก ทล. 333-บ้านห้วยคต)", "road_no": "3038", "aumpher": "อำเภอห้วยคต", "office": "สาขาหนองฉาง", "branch_code": "61020000", "name_short": "อน.", "price_new": 450, "price_old": 450, "width_m": 8, "pt_i": 31 }, "geometry": { "type": "Point", "coordinates": [ 99.588064333141702, 15.23563434336096 ] } },
{ "type": "Feature", "properties": { "road_key": "61020000ST017", "road_name": "ทางหลวงชนบท อน 3038 (สายแยก ทล. 333-บ้านห้วยคต)", "road_no": "3038", "aumpher": "อำเภอห้วยคต", "office": "สาขาหนองฉาง", "branch_code": "61020000", "name_short": "อน.", "price_new": 450, "price_old": 450, "width_m": 8, "pt_i": 32 }, "geometry": { "type": "Point", "coordinates": [ 99.587380871925802, 15.236492577151477 ] } },
{ "type": "Feature", "properties": { "road_key": "61020000ST017", "road_name": "ทางหลวงชนบท อน 3038 (สายแยก ทล. 333-บ้านห้วยคต)", "road_no": "3038", "aumpher": "อำเภอห้วยคต", "office": "สาขาหนองฉาง", "branch_code": "61020000", "name_short": "อน.", "price_new": 450, "price_old": 450, "width_m": 8, "pt_i": 33 }, "geometry": { "type": "Point", "coordinates": [ 99.58661429349209, 15.237279391759589 ] } },
{ "type": "Feature", "properties": { "road_key": "61020000ST017", "road_name": "ทางหลวงชนบท อน 3038 (สายแยก ทล. 333-บ้านห้วยคต)", "road_no": "3038", "aumpher": "อำเภอห้วยคต", "office": "สาขาหนองฉาง", "branch_code": "61020000", "name_short": "อน.", "price_new": 450, "price_old": 450, "width_m": 8, "pt_i": 34 }, "geometry": { "type": "Point", "coordinates": [ 99.585770013368759, 15.237989909986915 ] } },
{ "type": "Feature", "properties": { "road_key": "61020000ST017", "road_name": "ทางหลวงชนบท อน 3038 (สายแยก ทล. 333-บ้านห้วยคต)", "road_no": "3038", "aumpher": "อำเภอห้วยคต", "office": "สาขาหนองฉาง", "branch_code": "61020000", "name_short": "อน.", "price_new": 450, "price_old": 450, "width_m": 8, "pt_i": 35 }, "geometry": { "type": "Point", "coordinates": [ 99.5851507775578, 15.238881027931752 ] } },
{ "type": "Feature", "properties": { "road_key": "61020000ST017", "road_name": "ทางหลวงชนบท อน 3038 (สายแยก ทล. 333-บ้านห้วยคต)", "road_no": "3038", "aumpher": "อำเภอห้วยคต", "office": "สาขาหนองฉาง", "branch_code": "61020000", "name_short": "อน.", "price_new": 450, "price_old": 450, "width_m": 8, "pt_i": 36 }, "geometry": { "type": "Point", "coordinates": [ 99.584650873526826, 15.239851208301955 ] } },
{ "type": "Feature", "properties": { "road_key": "61020000ST017", "road_name": "ทางหลวงชนบท อน 3038 (สายแยก ทล. 333-บ้านห้วยคต)", "road_no": "3038", "aumpher": "อำเภอห้วยคต", "office": "สาขาหนองฉาง", "branch_code": "61020000", "name_short": "อน.", "price_new": 450, "price_old": 450, "width_m": 8, "pt_i": 37 }, "geometry": { "type": "Point", "coordinates": [ 99.584170388488388, 15.240830556722869 ] } },
{ "type": "Feature", "properties": { "road_key": "61020000ST017", "road_name": "ทางหลวงชนบท อน 3038 (สายแยก ทล. 333-บ้านห้วยคต)", "road_no": "3038", "aumpher": "อำเภอห้วยคต", "office": "สาขาหนองฉาง", "branch_code": "61020000", "name_short": "อน.", "price_new": 450, "price_old": 450, "width_m": 8, "pt_i": 38 }, "geometry": { "type": "Point", "coordinates": [ 99.583688433290831, 15.241809118956024 ] } },
{ "type": "Feature", "properties": { "road_key": "61020000ST017", "road_name": "ทางหลวงชนบท อน 3038 (สายแยก ทล. 333-บ้านห้วยคต)", "road_no": "3038", "aumpher": "อำเภอห้วยคต", "office": "สาขาหนองฉาง", "branch_code": "61020000", "name_short": "อน.", "price_new": 450, "price_old": 450, "width_m": 8, "pt_i": 39 }, "geometry": { "type": "Point", "coordinates": [ 99.583202686484341, 15.242784362784397 ] } },
{ "type": "Feature", "properties": { "road_key": "61020000ST017", "road_name": "ทางหลวงชนบท อน 3038 (สายแยก ทล. 333-บ้านห้วยคต)", "road_no": "3038", "aumpher": "อำเภอห้วยคต", "office": "สาขาหนองฉาง", "branch_code": "61020000", "name_short": "อน.", "price_new": 450, "price_old": 450, "width_m": 8, "pt_i": 40 }, "geometry": { "type": "Point", "coordinates": [ 99.58299411481444, 15.243845485507942 ] } },
{ "type": "Feature", "properties": { "road_key": "61020000ST017", "road_name": "ทางหลวงชนบท อน 3038 (สายแยก ทล. 333-บ้านห้วยคต)", "road_no": "3038", "aumpher": "อำเภอห้วยคต", "office": "สาขาหนองฉาง", "branch_code": "61020000", "name_short": "อน.", "price_new": 450, "price_old": 450, "width_m": 8, "pt_i": 41 }, "geometry": { "type": "Point", "coordinates": [ 99.582911314927685, 15.244927028438644 ] } },
{ "type": "Feature", "properties": { "road_key": "61020000ST017", "road_name": "ทางหลวงชนบท อน 3038 (สายแยก ทล. 333-บ้านห้วยคต)", "road_no": "3038", "aumpher": "อำเภอห้วยคต", "office": "สาขาหนองฉาง", "branch_code": "61020000", "name_short": "อน.", "price_new": 450, "price_old": 450, "width_m": 8, "pt_i": 42 }, "geometry": { "type": "Point", "coordinates": [ 99.582860716393824, 15.246010543187454 ] } },
{ "type": "Feature", "properties": { "road_key": "61020000ST017", "road_name": "ทางหลวงชนบท อน 3038 (สายแยก ทล. 333-บ้านห้วยคต)", "road_no": "3038", "aumpher": "อำเภอห้วยคต", "office": "สาขาหนองฉาง", "branch_code": "61020000", "name_short": "อน.", "price_new": 450, "price_old": 450, "width_m": 8, "pt_i": 43 }, "geometry": { "type": "Point", "coordinates": [ 99.58299377902253, 15.247086637162523 ] } },
{ "type": "Feature", "properties": { "road_key": "61020000ST017", "road_name": "ทางหลวงชนบท อน 3038 (สายแยก ทล. 333-บ้านห้วยคต)", "road_no": "3038", "aumpher": "อำเภอห้วยคต", "office": "สาขาหนองฉาง", "branch_code": "61020000", "name_short": "อน.", "price_new": 450, "price_old": 450, "width_m": 8, "pt_i": 44 }, "geometry": { "type": "Point", "coordinates": [ 99.583177684119221, 15.248156392739556 ] } },
{ "type": "Feature", "properties": { "road_key": "61020000ST017", "road_name": "ทางหลวงชนบท อน 3038 (สายแยก ทล. 333-บ้านห้วยคต)", "road_no": "3038", "aumpher": "อำเภอห้วยคต", "office": "สาขาหนองฉาง", "branch_code": "61020000", "name_short": "อน.", "price_new": 450, "price_old": 450, "width_m": 8, "pt_i": 45 }, "geometry": { "type": "Point", "coordinates": [ 99.583456094803594, 15.24920558586714 ] } },
{ "type": "Feature", "properties": { "road_key": "61020000ST017", "road_name": "ทางหลวงชนบท อน 3038 (สายแยก ทล. 333-บ้านห้วยคต)", "road_no": "3038", "aumpher": "อำเภอห้วยคต", "office": "สาขาหนองฉาง", "branch_code": "61020000", "name_short": "อน.", "price_new": 450, "price_old": 450, "width_m": 8, "pt_i": 46 }, "geometry": { "type": "Point", "coordinates": [ 99.583779883165704, 15.250243916541518 ] } },
{ "type": "Feature", "properties": { "road_key": "61020000ST017", "road_name": "ทางหลวงชนบท อน 3038 (สายแยก ทล. 333-บ้านห้วยคต)", "road_no": "3038", "aumpher": "อำเภอห้วยคต", "office": "สาขาหนองฉาง", "branch_code": "61020000", "name_short": "อน.", "price_new": 450, "price_old": 450, "width_m": 8, "pt_i": 47 }, "geometry": { "type": "Point", "coordinates": [ 99.58410111184169, 15.251282908998693 ] } },
{ "type": "Feature", "properties": { "road_key": "61020000ST017", "road_name": "ทางหลวงชนบท อน 3038 (สายแยก ทล. 333-บ้านห้วยคต)", "road_no": "3038", "aumpher": "อำเภอห้วยคต", "office": "สาขาหนองฉาง", "branch_code": "61020000", "name_short": "อน.", "price_new": 450, "price_old": 450, "width_m": 8, "pt_i": 48 }, "geometry": { "type": "Point", "coordinates": [ 99.584332890683029, 15.252343754686084 ] } },
{ "type": "Feature", "properties": { "road_key": "61020000ST017", "road_name": "ทางหลวงชนบท อน 3038 (สายแยก ทล. 333-บ้านห้วยคต)", "road_no": "3038", "aumpher": "อำเภอห้วยคต", "office": "สาขาหนองฉาง", "branch_code": "61020000", "name_short": "อน.", "price_new": 450, "price_old": 450, "width_m": 8, "pt_i": 49 }, "geometry": { "type": "Point", "coordinates": [ 99.584447166683987, 15.253421946652152 ] } },
{ "type": "Feature", "properties": { "road_key": "61020000ST017", "road_name": "ทางหลวงชนบท อน 3038 (สายแยก ทล. 333-บ้านห้วยคต)", "road_no": "3038", "aumpher": "อำเภอห้วยคต", "office": "สาขาหนองฉาง", "branch_code": "61020000", "name_short": "อน.", "price_new": 450, "price_old": 450, "width_m": 8, "pt_i": 50 }, "geometry": { "type": "Point", "coordinates": [ 99.58439908908727, 15.254504404497098 ] } },
{ "type": "Feature", "properties": { "road_key": "61020000ST017", "road_name": "ทางหลวงชนบท อน 3038 (สายแยก ทล. 333-บ้านห้วยคต)", "road_no": "3038", "aumpher": "อำเภอห้วยคต", "office": "สาขาหนองฉาง", "branch_code": "61020000", "name_short": "อน.", "price_new": 450, "price_old": 450, "width_m": 8, "pt_i": 51 }, "geometry": { "type": "Point", "coordinates": [ 99.584276226518668, 15.255582697704465 ] } },
{ "type": "Feature", "properties": { "road_key": "61020000ST017", "road_name": "ทางหลวงชนบท อน 3038 (สายแยก ทล. 333-บ้านห้วยคต)", "road_no": "3038", "aumpher": "อำเภอห้วยคต", "office": "สาขาหนองฉาง", "branch_code": "61020000", "name_short": "อน.", "price_new": 450, "price_old": 450, "width_m": 8, "pt_i": 52 }, "geometry": { "type": "Point", "coordinates": [ 99.584291456944868, 15.25666597371349 ] } },
{ "type": "Feature", "properties": { "road_key": "61020000ST017", "road_name": "ทางหลวงชนบท อน 3038 (สายแยก ทล. 333-บ้านห้วยคต)", "road_no": "3038", "aumpher": "อำเภอห้วยคต", "office": "สาขาหนองฉาง", "branch_code": "61020000", "name_short": "อน.", "price_new": 450, "price_old": 450, "width_m": 8, "pt_i": 53 }, "geometry": { "type": "Point", "coordinates": [ 99.584386858087925, 15.257746514087863 ] } },
{ "type": "Feature", "properties": { "road_key": "61020000ST017", "road_name": "ทางหลวงชนบท อน 3038 (สายแยก ทล. 333-บ้านห้วยคต)", "road_no": "3038", "aumpher": "อำเภอห้วยคต", "office": "สาขาหนองฉาง", "branch_code": "61020000", "name_short": "อน.", "price_new": 450, "price_old": 450, "width_m": 8, "pt_i": 54 }, "geometry": { "type": "Point", "coordinates": [ 99.584500103825405, 15.258825794660885 ] } },
{ "type": "Feature", "properties": { "road_key": "61020000ST018.1", "road_name": "ถนนสายบ้านคลองหวาย-บ้านภูเหม็นกลาง ช่วงที่ 1", "road_no": "0", "aumpher": "อำเภอห้วยคต", "office": "สาขาหนองฉาง", "branch_code": "61020000", "name_short": "None", "price_new": 450, "price_old": 450, "width_m": 6, "pt_i": 0 }, "geometry": { "type": "Point", "coordinates": [ 99.532622780388209, 15.255560548159499 ] } },
{ "type": "Feature", "properties": { "road_key": "61020000ST018.1", "road_name": "ถนนสายบ้านคลองหวาย-บ้านภูเหม็นกลาง ช่วงที่ 1", "road_no": "0", "aumpher": "อำเภอห้วยคต", "office": "สาขาหนองฉาง", "branch_code": "61020000", "name_short": "None", "price_new": 450, "price_old": 450, "width_m": 6, "pt_i": 1 }, "geometry": { "type": "Point", "coordinates": [ 99.532748851394132, 15.256638501218507 ] } },
{ "type": "Feature", "properties": { "road_key": "61020000ST018.1", "road_name": "ถนนสายบ้านคลองหวาย-บ้านภูเหม็นกลาง ช่วงที่ 1", "road_no": "0", "aumpher": "อำเภอห้วยคต", "office": "สาขาหนองฉาง", "branch_code": "61020000", "name_short": "None", "price_new": 450, "price_old": 450, "width_m": 6, "pt_i": 2 }, "geometry": { "type": "Point", "coordinates": [ 99.532875905535533, 15.257716344875439 ] } },
{ "type": "Feature", "properties": { "road_key": "61020000ST018.1", "road_name": "ถนนสายบ้านคลองหวาย-บ้านภูเหม็นกลาง ช่วงที่ 1", "road_no": "0", "aumpher": "อำเภอห้วยคต", "office": "สาขาหนองฉาง", "branch_code": "61020000", "name_short": "None", "price_new": 450, "price_old": 450, "width_m": 6, "pt_i": 3 }, "geometry": { "type": "Point", "coordinates": [ 99.532674058892354, 15.258751586580326 ] } },
{ "type": "Feature", "properties": { "road_key": "61020000ST018.1", "road_name": "ถนนสายบ้านคลองหวาย-บ้านภูเหม็นกลาง ช่วงที่ 1", "road_no": "0", "aumpher": "อำเภอห้วยคต", "office": "สาขาหนองฉาง", "branch_code": "61020000", "name_short": "None", "price_new": 450, "price_old": 450, "width_m": 6, "pt_i": 4 }, "geometry": { "type": "Point", "coordinates": [ 99.532196687490512, 15.259732501482603 ] } },
{ "type": "Feature", "properties": { "road_key": "61020000ST018.1", "road_name": "ถนนสายบ้านคลองหวาย-บ้านภูเหม็นกลาง ช่วงที่ 1", "road_no": "0", "aumpher": "อำเภอห้วยคต", "office": "สาขาหนองฉาง", "branch_code": "61020000", "name_short": "None", "price_new": 450, "price_old": 450, "width_m": 6, "pt_i": 5 }, "geometry": { "type": "Point", "coordinates": [ 99.531729549540472, 15.260717966076356 ] } },
{ "type": "Feature", "properties": { "road_key": "61020000ST018.1", "road_name": "ถนนสายบ้านคลองหวาย-บ้านภูเหม็นกลาง ช่วงที่ 1", "road_no": "0", "aumpher": "อำเภอห้วยคต", "office": "สาขาหนองฉาง", "branch_code": "61020000", "name_short": "None", "price_new": 450, "price_old": 450, "width_m": 6, "pt_i": 6 }, "geometry": { "type": "Point", "coordinates": [ 99.531240485314825, 15.261690082713621 ] } },
{ "type": "Feature", "properties": { "road_key": "61020000ST018.1", "road_name": "ถนนสายบ้านคลองหวาย-บ้านภูเหม็นกลาง ช่วงที่ 1", "road_no": "0", "aumpher": "อำเภอห้วยคต", "office": "สาขาหนองฉาง", "branch_code": "61020000", "name_short": "None", "price_new": 450, "price_old": 450, "width_m": 6, "pt_i": 7 }, "geometry": { "type": "Point", "coordinates": [ 99.530614932915029, 15.26258904237989 ] } },
{ "type": "Feature", "properties": { "road_key": "61020000ST018.1", "road_name": "ถนนสายบ้านคลองหวาย-บ้านภูเหม็นกลาง ช่วงที่ 1", "road_no": "0", "aumpher": "อำเภอห้วยคต", "office": "สาขาหนองฉาง", "branch_code": "61020000", "name_short": "None", "price_new": 450, "price_old": 450, "width_m": 6, "pt_i": 8 }, "geometry": { "type": "Point", "coordinates": [ 99.530029511807399, 15.263509167106369 ] } },
{ "type": "Feature", "properties": { "road_key": "61020000ST018.1", "road_name": "ถนนสายบ้านคลองหวาย-บ้านภูเหม็นกลาง ช่วงที่ 1", "road_no": "0", "aumpher": "อำเภอห้วยคต", "office": "สาขาหนองฉาง", "branch_code": "61020000", "name_short": "None", "price_new": 450, "price_old": 450, "width_m": 6, "pt_i": 9 }, "geometry": { "type": "Point", "coordinates": [ 99.529811055724764, 15.264572588240693 ] } },
{ "type": "Feature", "properties": { "road_key": "61020000ST018.1", "road_name": "ถนนสายบ้านคลองหวาย-บ้านภูเหม็นกลาง ช่วงที่ 1", "road_no": "0", "aumpher": "อำเภอห้วยคต", "office": "สาขาหนองฉาง", "branch_code": "61020000", "name_short": "None", "price_new": 450, "price_old": 450, "width_m": 6, "pt_i": 10 }, "geometry": { "type": "Point", "coordinates": [ 99.529639240646375, 15.26564455590492 ] } },
{ "type": "Feature", "properties": { "road_key": "61020000ST018.1", "road_name": "ถนนสายบ้านคลองหวาย-บ้านภูเหม็นกลาง ช่วงที่ 1", "road_no": "0", "aumpher": "อำเภอห้วยคต", "office": "สาขาหนองฉาง", "branch_code": "61020000", "name_short": "None", "price_new": 450, "price_old": 450, "width_m": 6, "pt_i": 11 }, "geometry": { "type": "Point", "coordinates": [ 99.529313316271598, 15.266678457435848 ] } },
{ "type": "Feature", "properties": { "road_key": "61020000ST018.1", "road_name": "ถนนสายบ้านคลองหวาย-บ้านภูเหม็นกลาง ช่วงที่ 1", "road_no": "0", "aumpher": "อำเภอห้วยคต", "office": "สาขาหนองฉาง", "branch_code": "61020000", "name_short": "None", "price_new": 450, "price_old": 450, "width_m": 6, "pt_i": 12 }, "geometry": { "type": "Point", "coordinates": [ 99.52885716593525, 15.267666936691784 ] } },
{ "type": "Feature", "properties": { "road_key": "61020000ST018.1", "road_name": "ถนนสายบ้านคลองหวาย-บ้านภูเหม็นกลาง ช่วงที่ 1", "road_no": "0", "aumpher": "อำเภอห้วยคต", "office": "สาขาหนองฉาง", "branch_code": "61020000", "name_short": "None", "price_new": 450, "price_old": 450, "width_m": 6, "pt_i": 13 }, "geometry": { "type": "Point", "coordinates": [ 99.528331199662276, 15.26862415402773 ] } },
{ "type": "Feature", "properties": { "road_key": "61020000ST018.1", "road_name": "ถนนสายบ้านคลองหวาย-บ้านภูเหม็นกลาง ช่วงที่ 1", "road_no": "0", "aumpher": "อำเภอห้วยคต", "office": "สาขาหนองฉาง", "branch_code": "61020000", "name_short": "None", "price_new": 450, "price_old": 450, "width_m": 6, "pt_i": 14 }, "geometry": { "type": "Point", "coordinates": [ 99.527805328880206, 15.269581422068853 ] } },
{ "type": "Feature", "properties": { "road_key": "61020000ST018.1", "road_name": "ถนนสายบ้านคลองหวาย-บ้านภูเหม็นกลาง ช่วงที่ 1", "road_no": "0", "aumpher": "อำเภอห้วยคต", "office": "สาขาหนองฉาง", "branch_code": "61020000", "name_short": "None", "price_new": 450, "price_old": 450, "width_m": 6, "pt_i": 15 }, "geometry": { "type": "Point", "coordinates": [ 99.527245026594031, 15.270519892304264 ] } },
{ "type": "Feature", "properties": { "road_key": "61020000ST018.2", "road_name": "ถนนสายบ้านคลองหวาย-บ้านภูเหม็นกลาง ช่วงที่ 2", "road_no": "0", "aumpher": "อำเภอห้วยคต", "office": "สาขาหนองฉาง", "branch_code": "61020000", "name_short": "None", "price_new": 250, "price_old": 250, "width_m": 4, "pt_i": 0 }, "geometry": { "type": "Point", "coordinates": [ 99.527238310973615, 15.27053089786941 ] } },
{ "type": "Feature", "properties": { "road_key": "61020000ST018.2", "road_name": "ถนนสายบ้านคลองหวาย-บ้านภูเหม็นกลาง ช่วงที่ 2", "road_no": "0", "aumpher": "อำเภอห้วยคต", "office": "สาขาหนองฉาง", "branch_code": "61020000", "name_short": "None", "price_new": 250, "price_old": 250, "width_m": 4, "pt_i": 1 }, "geometry": { "type": "Point", "coordinates": [ 99.526672313885754, 15.271466343362432 ] } },
{ "type": "Feature", "properties": { "road_key": "61020000ST018.2", "road_name": "ถนนสายบ้านคลองหวาย-บ้านภูเหม็นกลาง ช่วงที่ 2", "road_no": "0", "aumpher": "อำเภอห้วยคต", "office": "สาขาหนองฉาง", "branch_code": "61020000", "name_short": "None", "price_new": 250, "price_old": 250, "width_m": 4, "pt_i": 2 }, "geometry": { "type": "Point", "coordinates": [ 99.526203889122272, 15.272448951273397 ] } },
{ "type": "Feature", "properties": { "road_key": "61020000ST018.2", "road_name": "ถนนสายบ้านคลองหวาย-บ้านภูเหม็นกลาง ช่วงที่ 2", "road_no": "0", "aumpher": "อำเภอห้วยคต", "office": "สาขาหนองฉาง", "branch_code": "61020000", "name_short": "None", "price_new": 250, "price_old": 250, "width_m": 4, "pt_i": 3 }, "geometry": { "type": "Point", "coordinates": [ 99.525880942838796, 15.27348645359889 ] } },
{ "type": "Feature", "properties": { "road_key": "61020000ST018.2", "road_name": "ถนนสายบ้านคลองหวาย-บ้านภูเหม็นกลาง ช่วงที่ 2", "road_no": "0", "aumpher": "อำเภอห้วยคต", "office": "สาขาหนองฉาง", "branch_code": "61020000", "name_short": "None", "price_new": 250, "price_old": 250, "width_m": 4, "pt_i": 4 }, "geometry": { "type": "Point", "coordinates": [ 99.525601911390353, 15.274536974477613 ] } },
{ "type": "Feature", "properties": { "road_key": "61020000ST018.2", "road_name": "ถนนสายบ้านคลองหวาย-บ้านภูเหม็นกลาง ช่วงที่ 2", "road_no": "0", "aumpher": "อำเภอห้วยคต", "office": "สาขาหนองฉาง", "branch_code": "61020000", "name_short": "None", "price_new": 250, "price_old": 250, "width_m": 4, "pt_i": 5 }, "geometry": { "type": "Point", "coordinates": [ 99.525221745625217, 15.27555635627442 ] } },
{ "type": "Feature", "properties": { "road_key": "61020000ST018.2", "road_name": "ถนนสายบ้านคลองหวาย-บ้านภูเหม็นกลาง ช่วงที่ 2", "road_no": "0", "aumpher": "อำเภอห้วยคต", "office": "สาขาหนองฉาง", "branch_code": "61020000", "name_short": "None", "price_new": 250, "price_old": 250, "width_m": 4, "pt_i": 6 }, "geometry": { "type": "Point", "coordinates": [ 99.524828012879212, 15.276571633892802 ] } },
{ "type": "Feature", "properties": { "road_key": "61020000ST018.2", "road_name": "ถนนสายบ้านคลองหวาย-บ้านภูเหม็นกลาง ช่วงที่ 2", "road_no": "0", "aumpher": "อำเภอห้วยคต", "office": "สาขาหนองฉาง", "branch_code": "61020000", "name_short": "None", "price_new": 250, "price_old": 250, "width_m": 4, "pt_i": 7 }, "geometry": { "type": "Point", "coordinates": [ 99.524436919612128, 15.277587433954389 ] } },
{ "type": "Feature", "properties": { "road_key": "61020000ST018.2", "road_name": "ถนนสายบ้านคลองหวาย-บ้านภูเหม็นกลาง ช่วงที่ 2", "road_no": "0", "aumpher": "อำเภอห้วยคต", "office": "สาขาหนองฉาง", "branch_code": "61020000", "name_short": "None", "price_new": 250, "price_old": 250, "width_m": 4, "pt_i": 8 }, "geometry": { "type": "Point", "coordinates": [ 99.524260735506402, 15.278653546050062 ] } },
{ "type": "Feature", "properties": { "road_key": "61020000ST018.2", "road_name": "ถนนสายบ้านคลองหวาย-บ้านภูเหม็นกลาง ช่วงที่ 2", "road_no": "0", "aumpher": "อำเภอห้วยคต", "office": "สาขาหนองฉาง", "branch_code": "61020000", "name_short": "None", "price_new": 250, "price_old": 250, "width_m": 4, "pt_i": 9 }, "geometry": { "type": "Point", "coordinates": [ 99.524198856592548, 15.279736760080482 ] } },
{ "type": "Feature", "properties": { "road_key": "61020000ST018.2", "road_name": "ถนนสายบ้านคลองหวาย-บ้านภูเหม็นกลาง ช่วงที่ 2", "road_no": "0", "aumpher": "อำเภอห้วยคต", "office": "สาขาหนองฉาง", "branch_code": "61020000", "name_short": "None", "price_new": 250, "price_old": 250, "width_m": 4, "pt_i": 10 }, "geometry": { "type": "Point", "coordinates": [ 99.52412098982829, 15.280818995781036 ] } },
{ "type": "Feature", "properties": { "road_key": "61020000ST018.2", "road_name": "ถนนสายบ้านคลองหวาย-บ้านภูเหม็นกลาง ช่วงที่ 2", "road_no": "0", "aumpher": "อำเภอห้วยคต", "office": "สาขาหนองฉาง", "branch_code": "61020000", "name_short": "None", "price_new": 250, "price_old": 250, "width_m": 4, "pt_i": 11 }, "geometry": { "type": "Point", "coordinates": [ 99.524722040134847, 15.281369692914351 ] } },
{ "type": "Feature", "properties": { "road_key": "61020000ST018.2", "road_name": "ถนนสายบ้านคลองหวาย-บ้านภูเหม็นกลาง ช่วงที่ 2", "road_no": "0", "aumpher": "อำเภอห้วยคต", "office": "สาขาหนองฉาง", "branch_code": "61020000", "name_short": "None", "price_new": 250, "price_old": 250, "width_m": 4, "pt_i": 12 }, "geometry": { "type": "Point", "coordinates": [ 99.525839381631826, 15.281389517049305 ] } },
{ "type": "Feature", "properties": { "road_key": "61020000ST018.2", "road_name": "ถนนสายบ้านคลองหวาย-บ้านภูเหม็นกลาง ช่วงที่ 2", "road_no": "0", "aumpher": "อำเภอห้วยคต", "office": "สาขาหนองฉาง", "branch_code": "61020000", "name_short": "None", "price_new": 250, "price_old": 250, "width_m": 4, "pt_i": 13 }, "geometry": { "type": "Point", "coordinates": [ 99.525947237088531, 15.28223673700135 ] } },
{ "type": "Feature", "properties": { "road_key": "61020000ST018.2", "road_name": "ถนนสายบ้านคลองหวาย-บ้านภูเหม็นกลาง ช่วงที่ 2", "road_no": "0", "aumpher": "อำเภอห้วยคต", "office": "สาขาหนองฉาง", "branch_code": "61020000", "name_short": "None", "price_new": 250, "price_old": 250, "width_m": 4, "pt_i": 14 }, "geometry": { "type": "Point", "coordinates": [ 99.526029704324813, 15.28330339082199 ] } },
{ "type": "Feature", "properties": { "road_key": "61020000ST018.2", "road_name": "ถนนสายบ้านคลองหวาย-บ้านภูเหม็นกลาง ช่วงที่ 2", "road_no": "0", "aumpher": "อำเภอห้วยคต", "office": "สาขาหนองฉาง", "branch_code": "61020000", "name_short": "None", "price_new": 250, "price_old": 250, "width_m": 4, "pt_i": 15 }, "geometry": { "type": "Point", "coordinates": [ 99.526245572973167, 15.284367840003839 ] } },
{ "type": "Feature", "properties": { "road_key": "61020000ST018.2", "road_name": "ถนนสายบ้านคลองหวาย-บ้านภูเหม็นกลาง ช่วงที่ 2", "road_no": "0", "aumpher": "อำเภอห้วยคต", "office": "สาขาหนองฉาง", "branch_code": "61020000", "name_short": "None", "price_new": 250, "price_old": 250, "width_m": 4, "pt_i": 16 }, "geometry": { "type": "Point", "coordinates": [ 99.526483932403977, 15.285427516235664 ] } },
{ "type": "Feature", "properties": { "road_key": "61020000ST018.2", "road_name": "ถนนสายบ้านคลองหวาย-บ้านภูเหม็นกลาง ช่วงที่ 2", "road_no": "0", "aumpher": "อำเภอห้วยคต", "office": "สาขาหนองฉาง", "branch_code": "61020000", "name_short": "None", "price_new": 250, "price_old": 250, "width_m": 4, "pt_i": 17 }, "geometry": { "type": "Point", "coordinates": [ 99.526836688843261, 15.286456186657295 ] } },
{ "type": "Feature", "properties": { "road_key": "61020000ST018.2", "road_name": "ถนนสายบ้านคลองหวาย-บ้านภูเหม็นกลาง ช่วงที่ 2", "road_no": "0", "aumpher": "อำเภอห้วยคต", "office": "สาขาหนองฉาง", "branch_code": "61020000", "name_short": "None", "price_new": 250, "price_old": 250, "width_m": 4, "pt_i": 18 }, "geometry": { "type": "Point", "coordinates": [ 99.527065007199525, 15.287518185773669 ] } },
{ "type": "Feature", "properties": { "road_key": "61020000ST018.2", "road_name": "ถนนสายบ้านคลองหวาย-บ้านภูเหม็นกลาง ช่วงที่ 2", "road_no": "0", "aumpher": "อำเภอห้วยคต", "office": "สาขาหนองฉาง", "branch_code": "61020000", "name_short": "None", "price_new": 250, "price_old": 250, "width_m": 4, "pt_i": 19 }, "geometry": { "type": "Point", "coordinates": [ 99.527077072791954, 15.288590778925474 ] } },
{ "type": "Feature", "properties": { "road_key": "61020000ST018.2", "road_name": "ถนนสายบ้านคลองหวาย-บ้านภูเหม็นกลาง ช่วงที่ 2", "road_no": "0", "aumpher": "อำเภอห้วยคต", "office": "สาขาหนองฉาง", "branch_code": "61020000", "name_short": "None", "price_new": 250, "price_old": 250, "width_m": 4, "pt_i": 20 }, "geometry": { "type": "Point", "coordinates": [ 99.527150210911131, 15.289658675159114 ] } },
{ "type": "Feature", "properties": { "road_key": "61020000ST018.2", "road_name": "ถนนสายบ้านคลองหวาย-บ้านภูเหม็นกลาง ช่วงที่ 2", "road_no": "0", "aumpher": "อำเภอห้วยคต", "office": "สาขาหนองฉาง", "branch_code": "61020000", "name_short": "None", "price_new": 250, "price_old": 250, "width_m": 4, "pt_i": 21 }, "geometry": { "type": "Point", "coordinates": [ 99.526865726022365, 15.290670968607332 ] } },
{ "type": "Feature", "properties": { "road_key": "61020000ST018.2", "road_name": "ถนนสายบ้านคลองหวาย-บ้านภูเหม็นกลาง ช่วงที่ 2", "road_no": "0", "aumpher": "อำเภอห้วยคต", "office": "สาขาหนองฉาง", "branch_code": "61020000", "name_short": "None", "price_new": 250, "price_old": 250, "width_m": 4, "pt_i": 22 }, "geometry": { "type": "Point", "coordinates": [ 99.526427784208821, 15.291669080303967 ] } },
{ "type": "Feature", "properties": { "road_key": "61020000ST018.2", "road_name": "ถนนสายบ้านคลองหวาย-บ้านภูเหม็นกลาง ช่วงที่ 2", "road_no": "0", "aumpher": "อำเภอห้วยคต", "office": "สาขาหนองฉาง", "branch_code": "61020000", "name_short": "None", "price_new": 250, "price_old": 250, "width_m": 4, "pt_i": 23 }, "geometry": { "type": "Point", "coordinates": [ 99.525618178343592, 15.292334679842865 ] } },
{ "type": "Feature", "properties": { "road_key": "61020000ST023", "road_name": "ถนนทางเช้าโรงเรียนบ้านสมอทอง", "road_no": "0", "aumpher": "อำเภอห้วยคต", "office": "สาขาหนองฉาง", "branch_code": "61020000", "name_short": "None", "price_new": 400, "price_old": 150, "width_m": 6, "pt_i": 0 }, "geometry": { "type": "Point", "coordinates": [ 99.53388302000711, 15.353613365406282 ] } },
{ "type": "Feature", "properties": { "road_key": "61020000ST023", "road_name": "ถนนทางเช้าโรงเรียนบ้านสมอทอง", "road_no": "0", "aumpher": "อำเภอห้วยคต", "office": "สาขาหนองฉาง", "branch_code": "61020000", "name_short": "None", "price_new": 400, "price_old": 150, "width_m": 6, "pt_i": 1 }, "geometry": { "type": "Point", "coordinates": [ 99.533547769009559, 15.352578755138195 ] } },
{ "type": "Feature", "properties": { "road_key": "61020000ST023", "road_name": "ถนนทางเช้าโรงเรียนบ้านสมอทอง", "road_no": "0", "aumpher": "อำเภอห้วยคต", "office": "สาขาหนองฉาง", "branch_code": "61020000", "name_short": "None", "price_new": 400, "price_old": 150, "width_m": 6, "pt_i": 2 }, "geometry": { "type": "Point", "coordinates": [ 99.533209942158408, 15.351547119264465 ] } },
{ "type": "Feature", "properties": { "road_key": "61020000ST023", "road_name": "ถนนทางเช้าโรงเรียนบ้านสมอทอง", "road_no": "0", "aumpher": "อำเภอห้วยคต", "office": "สาขาหนองฉาง", "branch_code": "61020000", "name_short": "None", "price_new": 400, "price_old": 150, "width_m": 6, "pt_i": 3 }, "geometry": { "type": "Point", "coordinates": [ 99.53343705074775, 15.350499281774432 ] } },
{ "type": "Feature", "properties": { "road_key": "61020000ST023", "road_name": "ถนนทางเช้าโรงเรียนบ้านสมอทอง", "road_no": "0", "aumpher": "อำเภอห้วยคต", "office": "สาขาหนองฉาง", "branch_code": "61020000", "name_short": "None", "price_new": 400, "price_old": 150, "width_m": 6, "pt_i": 4 }, "geometry": { "type": "Point", "coordinates": [ 99.533938721468587, 15.349530907512843 ] } },
{ "type": "Feature", "properties": { "road_key": "61020000ST023", "road_name": "ถนนทางเช้าโรงเรียนบ้านสมอทอง", "road_no": "0", "aumpher": "อำเภอห้วยคต", "office": "สาขาหนองฉาง", "branch_code": "61020000", "name_short": "None", "price_new": 400, "price_old": 150, "width_m": 6, "pt_i": 5 }, "geometry": { "type": "Point", "coordinates": [ 99.534720418190204, 15.348994432039039 ] } },
{ "type": "Feature", "properties": { "road_key": "61020000ST023", "road_name": "ถนนทางเช้าโรงเรียนบ้านสมอทอง", "road_no": "0", "aumpher": "อำเภอห้วยคต", "office": "สาขาหนองฉาง", "branch_code": "61020000", "name_short": "None", "price_new": 400, "price_old": 150, "width_m": 6, "pt_i": 6 }, "geometry": { "type": "Point", "coordinates": [ 99.535714037602773, 15.348838570259097 ] } },
{ "type": "Feature", "properties": { "road_key": "61020000ST032", "road_name": "ถนนสายบ้านกลาง-บ้านคลองไก่เถื่อน", "road_no": "0", "aumpher": "อำเภอห้วยคต", "office": "สาขาหนองฉาง", "branch_code": "61020000", "name_short": "None", "price_new": 350, "price_old": 250, "width_m": 6, "pt_i": 0 }, "geometry": { "type": "Point", "coordinates": [ 99.603946063184765, 15.301182715744195 ] } },
{ "type": "Feature", "properties": { "road_key": "61020000ST032", "road_name": "ถนนสายบ้านกลาง-บ้านคลองไก่เถื่อน", "road_no": "0", "aumpher": "อำเภอห้วยคต", "office": "สาขาหนองฉาง", "branch_code": "61020000", "name_short": "None", "price_new": 350, "price_old": 250, "width_m": 6, "pt_i": 1 }, "geometry": { "type": "Point", "coordinates": [ 99.60284949232063, 15.301104496387248 ] } },
{ "type": "Feature", "properties": { "road_key": "61020000ST032", "road_name": "ถนนสายบ้านกลาง-บ้านคลองไก่เถื่อน", "road_no": "0", "aumpher": "อำเภอห้วยคต", "office": "สาขาหนองฉาง", "branch_code": "61020000", "name_short": "None", "price_new": 350, "price_old": 250, "width_m": 6, "pt_i": 2 }, "geometry": { "type": "Point", "coordinates": [ 99.601738406886923, 15.301101061273837 ] } },
{ "type": "Feature", "properties": { "road_key": "61020000ST032", "road_name": "ถนนสายบ้านกลาง-บ้านคลองไก่เถื่อน", "road_no": "0", "aumpher": "อำเภอห้วยคต", "office": "สาขาหนองฉาง", "branch_code": "61020000", "name_short": "None", "price_new": 350, "price_old": 250, "width_m": 6, "pt_i": 3 }, "geometry": { "type": "Point", "coordinates": [ 99.600641204936679, 15.300894133660528 ] } },
{ "type": "Feature", "properties": { "road_key": "61020000ST032", "road_name": "ถนนสายบ้านกลาง-บ้านคลองไก่เถื่อน", "road_no": "0", "aumpher": "อำเภอห้วยคต", "office": "สาขาหนองฉาง", "branch_code": "61020000", "name_short": "None", "price_new": 350, "price_old": 250, "width_m": 6, "pt_i": 4 }, "geometry": { "type": "Point", "coordinates": [ 99.599544004942999, 15.300687200583477 ] } },
{ "type": "Feature", "properties": { "road_key": "61020000ST032", "road_name": "ถนนสายบ้านกลาง-บ้านคลองไก่เถื่อน", "road_no": "0", "aumpher": "อำเภอห้วยคต", "office": "สาขาหนองฉาง", "branch_code": "61020000", "name_short": "None", "price_new": 350, "price_old": 250, "width_m": 6, "pt_i": 5 }, "geometry": { "type": "Point", "coordinates": [ 99.598446961350476, 15.300479514188632 ] } },
{ "type": "Feature", "properties": { "road_key": "61020000ST032", "road_name": "ถนนสายบ้านกลาง-บ้านคลองไก่เถื่อน", "road_no": "0", "aumpher": "อำเภอห้วยคต", "office": "สาขาหนองฉาง", "branch_code": "61020000", "name_short": "None", "price_new": 350, "price_old": 250, "width_m": 6, "pt_i": 6 }, "geometry": { "type": "Point", "coordinates": [ 99.597352355018558, 15.300260030373808 ] } },
{ "type": "Feature", "properties": { "road_key": "61020000ST032", "road_name": "ถนนสายบ้านกลาง-บ้านคลองไก่เถื่อน", "road_no": "0", "aumpher": "อำเภอห้วยคต", "office": "สาขาหนองฉาง", "branch_code": "61020000", "name_short": "None", "price_new": 350, "price_old": 250, "width_m": 6, "pt_i": 7 }, "geometry": { "type": "Point", "coordinates": [ 99.596257750771443, 15.300040541116344 ] } },
{ "type": "Feature", "properties": { "road_key": "61020000ST032", "road_name": "ถนนสายบ้านกลาง-บ้านคลองไก่เถื่อน", "road_no": "0", "aumpher": "อำเภอห้วยคต", "office": "สาขาหนองฉาง", "branch_code": "61020000", "name_short": "None", "price_new": 350, "price_old": 250, "width_m": 6, "pt_i": 8 }, "geometry": { "type": "Point", "coordinates": [ 99.595163148609529, 15.299821046416477 ] } },
{ "type": "Feature", "properties": { "road_key": "61020000ST032", "road_name": "ถนนสายบ้านกลาง-บ้านคลองไก่เถื่อน", "road_no": "0", "aumpher": "อำเภอห้วยคต", "office": "สาขาหนองฉาง", "branch_code": "61020000", "name_short": "None", "price_new": 350, "price_old": 250, "width_m": 6, "pt_i": 9 }, "geometry": { "type": "Point", "coordinates": [ 99.594068644963869, 15.299601101265136 ] } },
{ "type": "Feature", "properties": { "road_key": "61020000ST032", "road_name": "ถนนสายบ้านกลาง-บ้านคลองไก่เถื่อน", "road_no": "0", "aumpher": "อำเภอห้วยคต", "office": "สาขาหนองฉาง", "branch_code": "61020000", "name_short": "None", "price_new": 350, "price_old": 250, "width_m": 6, "pt_i": 10 }, "geometry": { "type": "Point", "coordinates": [ 99.592975686877068, 15.299374028030066 ] } },
{ "type": "Feature", "properties": { "road_key": "61020000ST032", "road_name": "ถนนสายบ้านกลาง-บ้านคลองไก่เถื่อน", "road_no": "0", "aumpher": "อำเภอห้วยคต", "office": "สาขาหนองฉาง", "branch_code": "61020000", "name_short": "None", "price_new": 350, "price_old": 250, "width_m": 6, "pt_i": 11 }, "geometry": { "type": "Point", "coordinates": [ 99.591889343210781, 15.299123123227163 ] } },
{ "type": "Feature", "properties": { "road_key": "61020000ST032", "road_name": "ถนนสายบ้านกลาง-บ้านคลองไก่เถื่อน", "road_no": "0", "aumpher": "อำเภอห้วยคต", "office": "สาขาหนองฉาง", "branch_code": "61020000", "name_short": "None", "price_new": 350, "price_old": 250, "width_m": 6, "pt_i": 12 }, "geometry": { "type": "Point", "coordinates": [ 99.590835798250069, 15.298761367670803 ] } },
{ "type": "Feature", "properties": { "road_key": "61020000ST032", "road_name": "ถนนสายบ้านกลาง-บ้านคลองไก่เถื่อน", "road_no": "0", "aumpher": "อำเภอห้วยคต", "office": "สาขาหนองฉาง", "branch_code": "61020000", "name_short": "None", "price_new": 350, "price_old": 250, "width_m": 6, "pt_i": 13 }, "geometry": { "type": "Point", "coordinates": [ 99.589737247474872, 15.298632250276052 ] } },
{ "type": "Feature", "properties": { "road_key": "61020000ST032", "road_name": "ถนนสายบ้านกลาง-บ้านคลองไก่เถื่อน", "road_no": "0", "aumpher": "อำเภอห้วยคต", "office": "สาขาหนองฉาง", "branch_code": "61020000", "name_short": "None", "price_new": 350, "price_old": 250, "width_m": 6, "pt_i": 14 }, "geometry": { "type": "Point", "coordinates": [ 99.588620260344115, 15.29867133387137 ] } },
{ "type": "Feature", "properties": { "road_key": "61020000ST032", "road_name": "ถนนสายบ้านกลาง-บ้านคลองไก่เถื่อน", "road_no": "0", "aumpher": "อำเภอห้วยคต", "office": "สาขาหนองฉาง", "branch_code": "61020000", "name_short": "None", "price_new": 350, "price_old": 250, "width_m": 6, "pt_i": 15 }, "geometry": { "type": "Point", "coordinates": [ 99.587506904378955, 15.298752811316337 ] } },
{ "type": "Feature", "properties": { "road_key": "61020000ST032", "road_name": "ถนนสายบ้านกลาง-บ้านคลองไก่เถื่อน", "road_no": "0", "aumpher": "อำเภอห้วยคต", "office": "สาขาหนองฉาง", "branch_code": "61020000", "name_short": "None", "price_new": 350, "price_old": 250, "width_m": 6, "pt_i": 16 }, "geometry": { "type": "Point", "coordinates": [ 99.586403295276014, 15.298924609912101 ] } },
{ "type": "Feature", "properties": { "road_key": "61020000ST032", "road_name": "ถนนสายบ้านกลาง-บ้านคลองไก่เถื่อน", "road_no": "0", "aumpher": "อำเภอห้วยคต", "office": "สาขาหนองฉาง", "branch_code": "61020000", "name_short": "None", "price_new": 350, "price_old": 250, "width_m": 6, "pt_i": 17 }, "geometry": { "type": "Point", "coordinates": [ 99.585309926948852, 15.298962494017765 ] } },
{ "type": "Feature", "properties": { "road_key": "61020000ST032", "road_name": "ถนนสายบ้านกลาง-บ้านคลองไก่เถื่อน", "road_no": "0", "aumpher": "อำเภอห้วยคต", "office": "สาขาหนองฉาง", "branch_code": "61020000", "name_short": "None", "price_new": 350, "price_old": 250, "width_m": 6, "pt_i": 18 }, "geometry": { "type": "Point", "coordinates": [ 99.584247566813588, 15.298987002381912 ] } },
{ "type": "Feature", "properties": { "road_key": "61020000ST032", "road_name": "ถนนสายบ้านกลาง-บ้านคลองไก่เถื่อน", "road_no": "0", "aumpher": "อำเภอห้วยคต", "office": "สาขาหนองฉาง", "branch_code": "61020000", "name_short": "None", "price_new": 350, "price_old": 250, "width_m": 6, "pt_i": 19 }, "geometry": { "type": "Point", "coordinates": [ 99.583261339831779, 15.299476221974478 ] } },
{ "type": "Feature", "properties": { "road_key": "61020000ST032", "road_name": "ถนนสายบ้านกลาง-บ้านคลองไก่เถื่อน", "road_no": "0", "aumpher": "อำเภอห้วยคต", "office": "สาขาหนองฉาง", "branch_code": "61020000", "name_short": "None", "price_new": 350, "price_old": 250, "width_m": 6, "pt_i": 20 }, "geometry": { "type": "Point", "coordinates": [ 99.582144748449565, 15.299522974609301 ] } },
{ "type": "Feature", "properties": { "road_key": "61020000ST032", "road_name": "ถนนสายบ้านกลาง-บ้านคลองไก่เถื่อน", "road_no": "0", "aumpher": "อำเภอห้วยคต", "office": "สาขาหนองฉาง", "branch_code": "61020000", "name_short": "None", "price_new": 350, "price_old": 250, "width_m": 6, "pt_i": 21 }, "geometry": { "type": "Point", "coordinates": [ 99.581028120253492, 15.299493989091427 ] } },
{ "type": "Feature", "properties": { "road_key": "61020000ST032", "road_name": "ถนนสายบ้านกลาง-บ้านคลองไก่เถื่อน", "road_no": "0", "aumpher": "อำเภอห้วยคต", "office": "สาขาหนองฉาง", "branch_code": "61020000", "name_short": "None", "price_new": 350, "price_old": 250, "width_m": 6, "pt_i": 22 }, "geometry": { "type": "Point", "coordinates": [ 99.579914954814996, 15.299438414850615 ] } },
{ "type": "Feature", "properties": { "road_key": "61020000ST032", "road_name": "ถนนสายบ้านกลาง-บ้านคลองไก่เถื่อน", "road_no": "0", "aumpher": "อำเภอห้วยคต", "office": "สาขาหนองฉาง", "branch_code": "61020000", "name_short": "None", "price_new": 350, "price_old": 250, "width_m": 6, "pt_i": 23 }, "geometry": { "type": "Point", "coordinates": [ 99.57880591482963, 15.299305854754506 ] } },
{ "type": "Feature", "properties": { "road_key": "61020000ST033", "road_name": "ถนนสายบ้านหินโหง่น-โรงเรียนบ้านหินโหง่น", "road_no": "0", "aumpher": "อำเภอห้วยคต", "office": "สาขาหนองฉาง", "branch_code": "61020000", "name_short": "None", "price_new": 250, "price_old": 150, "width_m": 6, "pt_i": 0 }, "geometry": { "type": "Point", "coordinates": [ 99.592305763606532, 15.231366298106492 ] } },
{ "type": "Feature", "properties": { "road_key": "61020000ST033", "road_name": "ถนนสายบ้านหินโหง่น-โรงเรียนบ้านหินโหง่น", "road_no": "0", "aumpher": "อำเภอห้วยคต", "office": "สาขาหนองฉาง", "branch_code": "61020000", "name_short": "None", "price_new": 250, "price_old": 150, "width_m": 6, "pt_i": 1 }, "geometry": { "type": "Point", "coordinates": [ 99.593422695025751, 15.231396206645856 ] } },
{ "type": "Feature", "properties": { "road_key": "61020000ST033", "road_name": "ถนนสายบ้านหินโหง่น-โรงเรียนบ้านหินโหง่น", "road_no": "0", "aumpher": "อำเภอห้วยคต", "office": "สาขาหนองฉาง", "branch_code": "61020000", "name_short": "None", "price_new": 250, "price_old": 150, "width_m": 6, "pt_i": 2 }, "geometry": { "type": "Point", "coordinates": [ 99.594538920167352, 15.231442304689285 ] } },
{ "type": "Feature", "properties": { "road_key": "61020000ST033", "road_name": "ถนนสายบ้านหินโหง่น-โรงเรียนบ้านหินโหง่น", "road_no": "0", "aumpher": "อำเภอห้วยคต", "office": "สาขาหนองฉาง", "branch_code": "61020000", "name_short": "None", "price_new": 250, "price_old": 150, "width_m": 6, "pt_i": 3 }, "geometry": { "type": "Point", "coordinates": [ 99.595654504174604, 15.231503026923379 ] } },
{ "type": "Feature", "properties": { "road_key": "61020000ST033", "road_name": "ถนนสายบ้านหินโหง่น-โรงเรียนบ้านหินโหง่น", "road_no": "0", "aumpher": "อำเภอห้วยคต", "office": "สาขาหนองฉาง", "branch_code": "61020000", "name_short": "None", "price_new": 250, "price_old": 150, "width_m": 6, "pt_i": 4 }, "geometry": { "type": "Point", "coordinates": [ 99.596771591133148, 15.231526840826112 ] } },
{ "type": "Feature", "properties": { "road_key": "61020000ST033", "road_name": "ถนนสายบ้านหินโหง่น-โรงเรียนบ้านหินโหง่น", "road_no": "0", "aumpher": "อำเภอห้วยคต", "office": "สาขาหนองฉาง", "branch_code": "61020000", "name_short": "None", "price_new": 250, "price_old": 150, "width_m": 6, "pt_i": 5 }, "geometry": { "type": "Point", "coordinates": [ 99.597887744235138, 15.231499082923291 ] } },
{ "type": "Feature", "properties": { "road_key": "61020000ST033", "road_name": "ถนนสายบ้านหินโหง่น-โรงเรียนบ้านหินโหง่น", "road_no": "0", "aumpher": "อำเภอห้วยคต", "office": "สาขาหนองฉาง", "branch_code": "61020000", "name_short": "None", "price_new": 250, "price_old": 150, "width_m": 6, "pt_i": 6 }, "geometry": { "type": "Point", "coordinates": [ 99.598998902496959, 15.231400037935636 ] } },
{ "type": "Feature", "properties": { "road_key": "61020000ST033", "road_name": "ถนนสายบ้านหินโหง่น-โรงเรียนบ้านหินโหง่น", "road_no": "0", "aumpher": "อำเภอห้วยคต", "office": "สาขาหนองฉาง", "branch_code": "61020000", "name_short": "None", "price_new": 250, "price_old": 150, "width_m": 6, "pt_i": 7 }, "geometry": { "type": "Point", "coordinates": [ 99.600096439970542, 15.231198397022567 ] } },
{ "type": "Feature", "properties": { "road_key": "61020000ST033", "road_name": "ถนนสายบ้านหินโหง่น-โรงเรียนบ้านหินโหง่น", "road_no": "0", "aumpher": "อำเภอห้วยคต", "office": "สาขาหนองฉาง", "branch_code": "61020000", "name_short": "None", "price_new": 250, "price_old": 150, "width_m": 6, "pt_i": 8 }, "geometry": { "type": "Point", "coordinates": [ 99.601185716647706, 15.230956727341212 ] } },
{ "type": "Feature", "properties": { "road_key": "61020000ST033", "road_name": "ถนนสายบ้านหินโหง่น-โรงเรียนบ้านหินโหง่น", "road_no": "0", "aumpher": "อำเภอห้วยคต", "office": "สาขาหนองฉาง", "branch_code": "61020000", "name_short": "None", "price_new": 250, "price_old": 150, "width_m": 6, "pt_i": 9 }, "geometry": { "type": "Point", "coordinates": [ 99.602272325521128, 15.230704051460807 ] } },
{ "type": "Feature", "properties": { "road_key": "61020000ST033", "road_name": "ถนนสายบ้านหินโหง่น-โรงเรียนบ้านหินโหง่น", "road_no": "0", "aumpher": "อำเภอห้วยคต", "office": "สาขาหนองฉาง", "branch_code": "61020000", "name_short": "None", "price_new": 250, "price_old": 150, "width_m": 6, "pt_i": 10 }, "geometry": { "type": "Point", "coordinates": [ 99.603358340522519, 15.230448930594875 ] } },
{ "type": "Feature", "properties": { "road_key": "61020000ST033", "road_name": "ถนนสายบ้านหินโหง่น-โรงเรียนบ้านหินโหง่น", "road_no": "0", "aumpher": "อำเภอห้วยคต", "office": "สาขาหนองฉาง", "branch_code": "61020000", "name_short": "None", "price_new": 250, "price_old": 150, "width_m": 6, "pt_i": 11 }, "geometry": { "type": "Point", "coordinates": [ 99.604456592562514, 15.230249558499992 ] } },
{ "type": "Feature", "properties": { "road_key": "61020000ST033", "road_name": "ถนนสายบ้านหินโหง่น-โรงเรียนบ้านหินโหง่น", "road_no": "0", "aumpher": "อำเภอห้วยคต", "office": "สาขาหนองฉาง", "branch_code": "61020000", "name_short": "None", "price_new": 250, "price_old": 150, "width_m": 6, "pt_i": 12 }, "geometry": { "type": "Point", "coordinates": [ 99.605556859229281, 15.230062204320674 ] } },
{ "type": "Feature", "properties": { "road_key": "61020000ST033", "road_name": "ถนนสายบ้านหินโหง่น-โรงเรียนบ้านหินโหง่น", "road_no": "0", "aumpher": "อำเภอห้วยคต", "office": "สาขาหนองฉาง", "branch_code": "61020000", "name_short": "None", "price_new": 250, "price_old": 150, "width_m": 6, "pt_i": 13 }, "geometry": { "type": "Point", "coordinates": [ 99.606636722723934, 15.229783567263871 ] } },
{ "type": "Feature", "properties": { "road_key": "61020000ST033", "road_name": "ถนนสายบ้านหินโหง่น-โรงเรียนบ้านหินโหง่น", "road_no": "0", "aumpher": "อำเภอห้วยคต", "office": "สาขาหนองฉาง", "branch_code": "61020000", "name_short": "None", "price_new": 250, "price_old": 150, "width_m": 6, "pt_i": 14 }, "geometry": { "type": "Point", "coordinates": [ 99.60770207787769, 15.229456708294029 ] } },
{ "type": "Feature", "properties": { "road_key": "61020000ST033", "road_name": "ถนนสายบ้านหินโหง่น-โรงเรียนบ้านหินโหง่น", "road_no": "0", "aumpher": "อำเภอห้วยคต", "office": "สาขาหนองฉาง", "branch_code": "61020000", "name_short": "None", "price_new": 250, "price_old": 150, "width_m": 6, "pt_i": 15 }, "geometry": { "type": "Point", "coordinates": [ 99.608773335266136, 15.229148466684849 ] } },
{ "type": "Feature", "properties": { "road_key": "61020000ST033", "road_name": "ถนนสายบ้านหินโหง่น-โรงเรียนบ้านหินโหง่น", "road_no": "0", "aumpher": "อำเภอห้วยคต", "office": "สาขาหนองฉาง", "branch_code": "61020000", "name_short": "None", "price_new": 250, "price_old": 150, "width_m": 6, "pt_i": 16 }, "geometry": { "type": "Point", "coordinates": [ 99.609834010564512, 15.228807710680071 ] } },
{ "type": "Feature", "properties": { "road_key": "61020000ST033", "road_name": "ถนนสายบ้านหินโหง่น-โรงเรียนบ้านหินโหง่น", "road_no": "0", "aumpher": "อำเภอห้วยคต", "office": "สาขาหนองฉาง", "branch_code": "61020000", "name_short": "None", "price_new": 250, "price_old": 150, "width_m": 6, "pt_i": 17 }, "geometry": { "type": "Point", "coordinates": [ 99.610244753648757, 15.228138959403218 ] } },
{ "type": "Feature", "properties": { "road_key": "61020000ST033", "road_name": "ถนนสายบ้านหินโหง่น-โรงเรียนบ้านหินโหง่น", "road_no": "0", "aumpher": "อำเภอห้วยคต", "office": "สาขาหนองฉาง", "branch_code": "61020000", "name_short": "None", "price_new": 250, "price_old": 150, "width_m": 6, "pt_i": 18 }, "geometry": { "type": "Point", "coordinates": [ 99.609913903526149, 15.227102868546316 ] } },
{ "type": "Feature", "properties": { "road_key": "61020000ST033", "road_name": "ถนนสายบ้านหินโหง่น-โรงเรียนบ้านหินโหง่น", "road_no": "0", "aumpher": "อำเภอห้วยคต", "office": "สาขาหนองฉาง", "branch_code": "61020000", "name_short": "None", "price_new": 250, "price_old": 150, "width_m": 6, "pt_i": 19 }, "geometry": { "type": "Point", "coordinates": [ 99.609553465126609, 15.226076004466867 ] } },
{ "type": "Feature", "properties": { "road_key": "61020000ST033", "road_name": "ถนนสายบ้านหินโหง่น-โรงเรียนบ้านหินโหง่น", "road_no": "0", "aumpher": "อำเภอห้วยคต", "office": "สาขาหนองฉาง", "branch_code": "61020000", "name_short": "None", "price_new": 250, "price_old": 150, "width_m": 6, "pt_i": 20 }, "geometry": { "type": "Point", "coordinates": [ 99.60918651912462, 15.225051333131811 ] } },
{ "type": "Feature", "properties": { "road_key": "61020000ST033", "road_name": "ถนนสายบ้านหินโหง่น-โรงเรียนบ้านหินโหง่น", "road_no": "0", "aumpher": "อำเภอห้วยคต", "office": "สาขาหนองฉาง", "branch_code": "61020000", "name_short": "None", "price_new": 250, "price_old": 150, "width_m": 6, "pt_i": 21 }, "geometry": { "type": "Point", "coordinates": [ 99.60886777392443, 15.224013777423908 ] } },
{ "type": "Feature", "properties": { "road_key": "61020000ST033", "road_name": "ถนนสายบ้านหินโหง่น-โรงเรียนบ้านหินโหง่น", "road_no": "0", "aumpher": "อำเภอห้วยคต", "office": "สาขาหนองฉาง", "branch_code": "61020000", "name_short": "None", "price_new": 250, "price_old": 150, "width_m": 6, "pt_i": 22 }, "geometry": { "type": "Point", "coordinates": [ 99.608622779046186, 15.222955337881739 ] } },
{ "type": "Feature", "properties": { "road_key": "61020000ST033", "road_name": "ถนนสายบ้านหินโหง่น-โรงเรียนบ้านหินโหง่น", "road_no": "0", "aumpher": "อำเภอห้วยคต", "office": "สาขาหนองฉาง", "branch_code": "61020000", "name_short": "None", "price_new": 250, "price_old": 150, "width_m": 6, "pt_i": 23 }, "geometry": { "type": "Point", "coordinates": [ 99.608383801904822, 15.221895574692915 ] } },
{ "type": "Feature", "properties": { "road_key": "61020000ST033", "road_name": "ถนนสายบ้านหินโหง่น-โรงเรียนบ้านหินโหง่น", "road_no": "0", "aumpher": "อำเภอห้วยคต", "office": "สาขาหนองฉาง", "branch_code": "61020000", "name_short": "None", "price_new": 250, "price_old": 150, "width_m": 6, "pt_i": 24 }, "geometry": { "type": "Point", "coordinates": [ 99.608128892256573, 15.22083932020807 ] } },
{ "type": "Feature", "properties": { "road_key": "61020000ST033", "road_name": "ถนนสายบ้านหินโหง่น-โรงเรียนบ้านหินโหง่น", "road_no": "0", "aumpher": "อำเภอห้วยคต", "office": "สาขาหนองฉาง", "branch_code": "61020000", "name_short": "None", "price_new": 250, "price_old": 150, "width_m": 6, "pt_i": 25 }, "geometry": { "type": "Point", "coordinates": [ 99.607727331306478, 15.219839797916832 ] } },
{ "type": "Feature", "properties": { "road_key": "61020000ST033", "road_name": "ถนนสายบ้านหินโหง่น-โรงเรียนบ้านหินโหง่น", "road_no": "0", "aumpher": "อำเภอห้วยคต", "office": "สาขาหนองฉาง", "branch_code": "61020000", "name_short": "None", "price_new": 250, "price_old": 150, "width_m": 6, "pt_i": 26 }, "geometry": { "type": "Point", "coordinates": [ 99.606986379438808, 15.219034170161347 ] } },
{ "type": "Feature", "properties": { "road_key": "61020000ST033", "road_name": "ถนนสายบ้านหินโหง่น-โรงเรียนบ้านหินโหง่น", "road_no": "0", "aumpher": "อำเภอห้วยคต", "office": "สาขาหนองฉาง", "branch_code": "61020000", "name_short": "None", "price_new": 250, "price_old": 150, "width_m": 6, "pt_i": 27 }, "geometry": { "type": "Point", "coordinates": [ 99.606168736542173, 15.218295020851617 ] } },
{ "type": "Feature", "properties": { "road_key": "61020000ST033", "road_name": "ถนนสายบ้านหินโหง่น-โรงเรียนบ้านหินโหง่น", "road_no": "0", "aumpher": "อำเภอห้วยคต", "office": "สาขาหนองฉาง", "branch_code": "61020000", "name_short": "None", "price_new": 250, "price_old": 150, "width_m": 6, "pt_i": 28 }, "geometry": { "type": "Point", "coordinates": [ 99.605367369589061, 15.217540457634422 ] } },
{ "type": "Feature", "properties": { "road_key": "61020000ST033", "road_name": "ถนนสายบ้านหินโหง่น-โรงเรียนบ้านหินโหง่น", "road_no": "0", "aumpher": "อำเภอห้วยคต", "office": "สาขาหนองฉาง", "branch_code": "61020000", "name_short": "None", "price_new": 250, "price_old": 150, "width_m": 6, "pt_i": 29 }, "geometry": { "type": "Point", "coordinates": [ 99.604622323435407, 15.216732011569254 ] } },
{ "type": "Feature", "properties": { "road_key": "61020000ST033", "road_name": "ถนนสายบ้านหินโหง่น-โรงเรียนบ้านหินโหง่น", "road_no": "0", "aumpher": "อำเภอห้วยคต", "office": "สาขาหนองฉาง", "branch_code": "61020000", "name_short": "None", "price_new": 250, "price_old": 150, "width_m": 6, "pt_i": 30 }, "geometry": { "type": "Point", "coordinates": [ 99.603886892251779, 15.215915375368548 ] } },
{ "type": "Feature", "properties": { "road_key": "61020000ST033", "road_name": "ถนนสายบ้านหินโหง่น-โรงเรียนบ้านหินโหง่น", "road_no": "0", "aumpher": "อำเภอห้วยคต", "office": "สาขาหนองฉาง", "branch_code": "61020000", "name_short": "None", "price_new": 250, "price_old": 150, "width_m": 6, "pt_i": 31 }, "geometry": { "type": "Point", "coordinates": [ 99.603165177287636, 15.215087374663669 ] } },
{ "type": "Feature", "properties": { "road_key": "61020000ST037", "road_name": "ถนนสายบ้านเขาตะพาบ-บ้านชุมทหาร", "road_no": "0", "aumpher": "อำเภอห้วยคต", "office": "สาขาหนองฉาง", "branch_code": "61020000", "name_short": "None", "price_new": 300, "price_old": 300, "width_m": 6, "pt_i": 0 }, "geometry": { "type": "Point", "coordinates": [ 99.616618285623389, 15.253922322922939 ] } },
{ "type": "Feature", "properties": { "road_key": "61020000ST037", "road_name": "ถนนสายบ้านเขาตะพาบ-บ้านชุมทหาร", "road_no": "0", "aumpher": "อำเภอห้วยคต", "office": "สาขาหนองฉาง", "branch_code": "61020000", "name_short": "None", "price_new": 300, "price_old": 300, "width_m": 6, "pt_i": 1 }, "geometry": { "type": "Point", "coordinates": [ 99.61772361676519, 15.253765066969761 ] } },
{ "type": "Feature", "properties": { "road_key": "61020000ST037", "road_name": "ถนนสายบ้านเขาตะพาบ-บ้านชุมทหาร", "road_no": "0", "aumpher": "อำเภอห้วยคต", "office": "สาขาหนองฉาง", "branch_code": "61020000", "name_short": "None", "price_new": 300, "price_old": 300, "width_m": 6, "pt_i": 2 }, "geometry": { "type": "Point", "coordinates": [ 99.618800924020206, 15.253481744441565 ] } },
{ "type": "Feature", "properties": { "road_key": "61020000ST037", "road_name": "ถนนสายบ้านเขาตะพาบ-บ้านชุมทหาร", "road_no": "0", "aumpher": "อำเภอห้วยคต", "office": "สาขาหนองฉาง", "branch_code": "61020000", "name_short": "None", "price_new": 300, "price_old": 300, "width_m": 6, "pt_i": 3 }, "geometry": { "type": "Point", "coordinates": [ 99.619856109123504, 15.253125703845962 ] } },
{ "type": "Feature", "properties": { "road_key": "61020000ST037", "road_name": "ถนนสายบ้านเขาตะพาบ-บ้านชุมทหาร", "road_no": "0", "aumpher": "อำเภอห้วยคต", "office": "สาขาหนองฉาง", "branch_code": "61020000", "name_short": "None", "price_new": 300, "price_old": 300, "width_m": 6, "pt_i": 4 }, "geometry": { "type": "Point", "coordinates": [ 99.620912529301165, 15.252773825074859 ] } },
{ "type": "Feature", "properties": { "road_key": "61020000ST037", "road_name": "ถนนสายบ้านเขาตะพาบ-บ้านชุมทหาร", "road_no": "0", "aumpher": "อำเภอห้วยคต", "office": "สาขาหนองฉาง", "branch_code": "61020000", "name_short": "None", "price_new": 300, "price_old": 300, "width_m": 6, "pt_i": 5 }, "geometry": { "type": "Point", "coordinates": [ 99.621955978147199, 15.252385570450549 ] } },
{ "type": "Feature", "properties": { "road_key": "61020000ST037", "road_name": "ถนนสายบ้านเขาตะพาบ-บ้านชุมทหาร", "road_no": "0", "aumpher": "อำเภอห้วยคต", "office": "สาขาหนองฉาง", "branch_code": "61020000", "name_short": "None", "price_new": 300, "price_old": 300, "width_m": 6, "pt_i": 6 }, "geometry": { "type": "Point", "coordinates": [ 99.623044946268934, 15.25232730848939 ] } },
{ "type": "Feature", "properties": { "road_key": "61020000ST037", "road_name": "ถนนสายบ้านเขาตะพาบ-บ้านชุมทหาร", "road_no": "0", "aumpher": "อำเภอห้วยคต", "office": "สาขาหนองฉาง", "branch_code": "61020000", "name_short": "None", "price_new": 300, "price_old": 300, "width_m": 6, "pt_i": 7 }, "geometry": { "type": "Point", "coordinates": [ 99.624066540459509, 15.252761318325769 ] } },
{ "type": "Feature", "properties": { "road_key": "61020000ST037", "road_name": "ถนนสายบ้านเขาตะพาบ-บ้านชุมทหาร", "road_no": "0", "aumpher": "อำเภอห้วยคต", "office": "สาขาหนองฉาง", "branch_code": "61020000", "name_short": "None", "price_new": 300, "price_old": 300, "width_m": 6, "pt_i": 8 }, "geometry": { "type": "Point", "coordinates": [ 99.625080164434166, 15.253218003419832 ] } },
{ "type": "Feature", "properties": { "road_key": "61020000ST037", "road_name": "ถนนสายบ้านเขาตะพาบ-บ้านชุมทหาร", "road_no": "0", "aumpher": "อำเภอห้วยคต", "office": "สาขาหนองฉาง", "branch_code": "61020000", "name_short": "None", "price_new": 300, "price_old": 300, "width_m": 6, "pt_i": 9 }, "geometry": { "type": "Point", "coordinates": [ 99.626095352496719, 15.25367141450136 ] } },
{ "type": "Feature", "properties": { "road_key": "61020000ST037", "road_name": "ถนนสายบ้านเขาตะพาบ-บ้านชุมทหาร", "road_no": "0", "aumpher": "อำเภอห้วยคต", "office": "สาขาหนองฉาง", "branch_code": "61020000", "name_short": "None", "price_new": 300, "price_old": 300, "width_m": 6, "pt_i": 10 }, "geometry": { "type": "Point", "coordinates": [ 99.627110544768883, 15.254124820805401 ] } },
{ "type": "Feature", "properties": { "road_key": "61020000ST037", "road_name": "ถนนสายบ้านเขาตะพาบ-บ้านชุมทหาร", "road_no": "0", "aumpher": "อำเภอห้วยคต", "office": "สาขาหนองฉาง", "branch_code": "61020000", "name_short": "None", "price_new": 300, "price_old": 300, "width_m": 6, "pt_i": 11 }, "geometry": { "type": "Point", "coordinates": [ 99.628141997320569, 15.254542015944564 ] } },
{ "type": "Feature", "properties": { "road_key": "61020000ST037", "road_name": "ถนนสายบ้านเขาตะพาบ-บ้านชุมทหาร", "road_no": "0", "aumpher": "อำเภอห้วยคต", "office": "สาขาหนองฉาง", "branch_code": "61020000", "name_short": "None", "price_new": 300, "price_old": 300, "width_m": 6, "pt_i": 12 }, "geometry": { "type": "Point", "coordinates": [ 99.629187909627845, 15.254922930074555 ] } },
{ "type": "Feature", "properties": { "road_key": "61020000ST037", "road_name": "ถนนสายบ้านเขาตะพาบ-บ้านชุมทหาร", "road_no": "0", "aumpher": "อำเภอห้วยคต", "office": "สาขาหนองฉาง", "branch_code": "61020000", "name_short": "None", "price_new": 300, "price_old": 300, "width_m": 6, "pt_i": 13 }, "geometry": { "type": "Point", "coordinates": [ 99.630268923439758, 15.255194380129069 ] } },
{ "type": "Feature", "properties": { "road_key": "61020000ST037", "road_name": "ถนนสายบ้านเขาตะพาบ-บ้านชุมทหาร", "road_no": "0", "aumpher": "อำเภอห้วยคต", "office": "สาขาหนองฉาง", "branch_code": "61020000", "name_short": "None", "price_new": 300, "price_old": 300, "width_m": 6, "pt_i": 14 }, "geometry": { "type": "Point", "coordinates": [ 99.63137336601612, 15.255348220287191 ] } },
{ "type": "Feature", "properties": { "road_key": "61020000ST037", "road_name": "ถนนสายบ้านเขาตะพาบ-บ้านชุมทหาร", "road_no": "0", "aumpher": "อำเภอห้วยคต", "office": "สาขาหนองฉาง", "branch_code": "61020000", "name_short": "None", "price_new": 300, "price_old": 300, "width_m": 6, "pt_i": 15 }, "geometry": { "type": "Point", "coordinates": [ 99.632485736402899, 15.255451678651667 ] } },
{ "type": "Feature", "properties": { "road_key": "61020000ST037", "road_name": "ถนนสายบ้านเขาตะพาบ-บ้านชุมทหาร", "road_no": "0", "aumpher": "อำเภอห้วยคต", "office": "สาขาหนองฉาง", "branch_code": "61020000", "name_short": "None", "price_new": 300, "price_old": 300, "width_m": 6, "pt_i": 16 }, "geometry": { "type": "Point", "coordinates": [ 99.633597509978742, 15.255561133093444 ] } },
{ "type": "Feature", "properties": { "road_key": "61020000ST037", "road_name": "ถนนสายบ้านเขาตะพาบ-บ้านชุมทหาร", "road_no": "0", "aumpher": "อำเภอห้วยคต", "office": "สาขาหนองฉาง", "branch_code": "61020000", "name_short": "None", "price_new": 300, "price_old": 300, "width_m": 6, "pt_i": 17 }, "geometry": { "type": "Point", "coordinates": [ 99.634706289531621, 15.255694432150392 ] } },
{ "type": "Feature", "properties": { "road_key": "61020000ST037", "road_name": "ถนนสายบ้านเขาตะพาบ-บ้านชุมทหาร", "road_no": "0", "aumpher": "อำเภอห้วยคต", "office": "สาขาหนองฉาง", "branch_code": "61020000", "name_short": "None", "price_new": 300, "price_old": 300, "width_m": 6, "pt_i": 18 }, "geometry": { "type": "Point", "coordinates": [ 99.635804729857384, 15.255893822904598 ] } },
{ "type": "Feature", "properties": { "road_key": "61020000ST037", "road_name": "ถนนสายบ้านเขาตะพาบ-บ้านชุมทหาร", "road_no": "0", "aumpher": "อำเภอห้วยคต", "office": "สาขาหนองฉาง", "branch_code": "61020000", "name_short": "None", "price_new": 300, "price_old": 300, "width_m": 6, "pt_i": 19 }, "geometry": { "type": "Point", "coordinates": [ 99.63690673030824, 15.256073106739057 ] } },
{ "type": "Feature", "properties": { "road_key": "61020000ST037", "road_name": "ถนนสายบ้านเขาตะพาบ-บ้านชุมทหาร", "road_no": "0", "aumpher": "อำเภอห้วยคต", "office": "สาขาหนองฉาง", "branch_code": "61020000", "name_short": "None", "price_new": 300, "price_old": 300, "width_m": 6, "pt_i": 20 }, "geometry": { "type": "Point", "coordinates": [ 99.638013505995545, 15.256222892146583 ] } },
{ "type": "Feature", "properties": { "road_key": "61020000ST037", "road_name": "ถนนสายบ้านเขาตะพาบ-บ้านชุมทหาร", "road_no": "0", "aumpher": "อำเภอห้วยคต", "office": "สาขาหนองฉาง", "branch_code": "61020000", "name_short": "None", "price_new": 300, "price_old": 300, "width_m": 6, "pt_i": 21 }, "geometry": { "type": "Point", "coordinates": [ 99.639110925473361, 15.256421441439484 ] } },
{ "type": "Feature", "properties": { "road_key": "61020000ST037", "road_name": "ถนนสายบ้านเขาตะพาบ-บ้านชุมทหาร", "road_no": "0", "aumpher": "อำเภอห้วยคต", "office": "สาขาหนองฉาง", "branch_code": "61020000", "name_short": "None", "price_new": 300, "price_old": 300, "width_m": 6, "pt_i": 22 }, "geometry": { "type": "Point", "coordinates": [ 99.640199673463059, 15.256665650600501 ] } },
{ "type": "Feature", "properties": { "road_key": "61020000ST037", "road_name": "ถนนสายบ้านเขาตะพาบ-บ้านชุมทหาร", "road_no": "0", "aumpher": "อำเภอห้วยคต", "office": "สาขาหนองฉาง", "branch_code": "61020000", "name_short": "None", "price_new": 300, "price_old": 300, "width_m": 6, "pt_i": 23 }, "geometry": { "type": "Point", "coordinates": [ 99.641295986829462, 15.256875803891326 ] } },
{ "type": "Feature", "properties": { "road_key": "61020000ST037", "road_name": "ถนนสายบ้านเขาตะพาบ-บ้านชุมทหาร", "road_no": "0", "aumpher": "อำเภอห้วยคต", "office": "สาขาหนองฉาง", "branch_code": "61020000", "name_short": "None", "price_new": 300, "price_old": 300, "width_m": 6, "pt_i": 24 }, "geometry": { "type": "Point", "coordinates": [ 99.642382368180535, 15.257129906400639 ] } },
{ "type": "Feature", "properties": { "road_key": "61020000ST037", "road_name": "ถนนสายบ้านเขาตะพาบ-บ้านชุมทหาร", "road_no": "0", "aumpher": "อำเภอห้วยคต", "office": "สาขาหนองฉาง", "branch_code": "61020000", "name_short": "None", "price_new": 300, "price_old": 300, "width_m": 6, "pt_i": 25 }, "geometry": { "type": "Point", "coordinates": [ 99.643468606538974, 15.257384646907699 ] } },
{ "type": "Feature", "properties": { "road_key": "61020000ST037", "road_name": "ถนนสายบ้านเขาตะพาบ-บ้านชุมทหาร", "road_no": "0", "aumpher": "อำเภอห้วยคต", "office": "สาขาหนองฉาง", "branch_code": "61020000", "name_short": "None", "price_new": 300, "price_old": 300, "width_m": 6, "pt_i": 26 }, "geometry": { "type": "Point", "coordinates": [ 99.644548259663623, 15.257664509820613 ] } },
{ "type": "Feature", "properties": { "road_key": "61020000ST037", "road_name": "ถนนสายบ้านเขาตะพาบ-บ้านชุมทหาร", "road_no": "0", "aumpher": "อำเภอห้วยคต", "office": "สาขาหนองฉาง", "branch_code": "61020000", "name_short": "None", "price_new": 300, "price_old": 300, "width_m": 6, "pt_i": 27 }, "geometry": { "type": "Point", "coordinates": [ 99.645630094979836, 15.257936145218117 ] } },
{ "type": "Feature", "properties": { "road_key": "61020000ST037", "road_name": "ถนนสายบ้านเขาตะพาบ-บ้านชุมทหาร", "road_no": "0", "aumpher": "อำเภอห้วยคต", "office": "สาขาหนองฉาง", "branch_code": "61020000", "name_short": "None", "price_new": 300, "price_old": 300, "width_m": 6, "pt_i": 28 }, "geometry": { "type": "Point", "coordinates": [ 99.646703010101106, 15.25823875046426 ] } },
{ "type": "Feature", "properties": { "road_key": "61020000ST037", "road_name": "ถนนสายบ้านเขาตะพาบ-บ้านชุมทหาร", "road_no": "0", "aumpher": "อำเภอห้วยคต", "office": "สาขาหนองฉาง", "branch_code": "61020000", "name_short": "None", "price_new": 300, "price_old": 300, "width_m": 6, "pt_i": 29 }, "geometry": { "type": "Point", "coordinates": [ 99.647773211296112, 15.258550993710056 ] } },
{ "type": "Feature", "properties": { "road_key": "61020000ST037", "road_name": "ถนนสายบ้านเขาตะพาบ-บ้านชุมทหาร", "road_no": "0", "aumpher": "อำเภอห้วยคต", "office": "สาขาหนองฉาง", "branch_code": "61020000", "name_short": "None", "price_new": 300, "price_old": 300, "width_m": 6, "pt_i": 30 }, "geometry": { "type": "Point", "coordinates": [ 99.648840028710978, 15.258873845756815 ] } },
{ "type": "Feature", "properties": { "road_key": "61020000ST037", "road_name": "ถนนสายบ้านเขาตะพาบ-บ้านชุมทหาร", "road_no": "0", "aumpher": "อำเภอห้วยคต", "office": "สาขาหนองฉาง", "branch_code": "61020000", "name_short": "None", "price_new": 300, "price_old": 300, "width_m": 6, "pt_i": 31 }, "geometry": { "type": "Point", "coordinates": [ 99.649881072304396, 15.259262362219401 ] } },
{ "type": "Feature", "properties": { "road_key": "61020000ST037", "road_name": "ถนนสายบ้านเขาตะพาบ-บ้านชุมทหาร", "road_no": "0", "aumpher": "อำเภอห้วยคต", "office": "สาขาหนองฉาง", "branch_code": "61020000", "name_short": "None", "price_new": 300, "price_old": 300, "width_m": 6, "pt_i": 32 }, "geometry": { "type": "Point", "coordinates": [ 99.65082857401994, 15.259833144392198 ] } },
{ "type": "Feature", "properties": { "road_key": "61020000ST037", "road_name": "ถนนสายบ้านเขาตะพาบ-บ้านชุมทหาร", "road_no": "0", "aumpher": "อำเภอห้วยคต", "office": "สาขาหนองฉาง", "branch_code": "61020000", "name_short": "None", "price_new": 300, "price_old": 300, "width_m": 6, "pt_i": 33 }, "geometry": { "type": "Point", "coordinates": [ 99.651768308762826, 15.260420194289503 ] } },
{ "type": "Feature", "properties": { "road_key": "61020000ST037", "road_name": "ถนนสายบ้านเขาตะพาบ-บ้านชุมทหาร", "road_no": "0", "aumpher": "อำเภอห้วยคต", "office": "สาขาหนองฉาง", "branch_code": "61020000", "name_short": "None", "price_new": 300, "price_old": 300, "width_m": 6, "pt_i": 34 }, "geometry": { "type": "Point", "coordinates": [ 99.652750018415318, 15.260937585919381 ] } },
{ "type": "Feature", "properties": { "road_key": "61020000ST037", "road_name": "ถนนสายบ้านเขาตะพาบ-บ้านชุมทหาร", "road_no": "0", "aumpher": "อำเภอห้วยคต", "office": "สาขาหนองฉาง", "branch_code": "61020000", "name_short": "None", "price_new": 300, "price_old": 300, "width_m": 6, "pt_i": 35 }, "geometry": { "type": "Point", "coordinates": [ 99.653737898590833, 15.261444725988319 ] } },
{ "type": "Feature", "properties": { "road_key": "61020000ST037", "road_name": "ถนนสายบ้านเขาตะพาบ-บ้านชุมทหาร", "road_no": "0", "aumpher": "อำเภอห้วยคต", "office": "สาขาหนองฉาง", "branch_code": "61020000", "name_short": "None", "price_new": 300, "price_old": 300, "width_m": 6, "pt_i": 36 }, "geometry": { "type": "Point", "coordinates": [ 99.654745689417297, 15.261912683148321 ] } },
{ "type": "Feature", "properties": { "road_key": "61020000ST037", "road_name": "ถนนสายบ้านเขาตะพาบ-บ้านชุมทหาร", "road_no": "0", "aumpher": "อำเภอห้วยคต", "office": "สาขาหนองฉาง", "branch_code": "61020000", "name_short": "None", "price_new": 300, "price_old": 300, "width_m": 6, "pt_i": 37 }, "geometry": { "type": "Point", "coordinates": [ 99.655758946883353, 15.262369845461627 ] } },
{ "type": "Feature", "properties": { "road_key": "61020000ST037", "road_name": "ถนนสายบ้านเขาตะพาบ-บ้านชุมทหาร", "road_no": "0", "aumpher": "อำเภอห้วยคต", "office": "สาขาหนองฉาง", "branch_code": "61020000", "name_short": "None", "price_new": 300, "price_old": 300, "width_m": 6, "pt_i": 38 }, "geometry": { "type": "Point", "coordinates": [ 99.656802880320342, 15.262756913408282 ] } },
{ "type": "Feature", "properties": { "road_key": "61020000ST037", "road_name": "ถนนสายบ้านเขาตะพาบ-บ้านชุมทหาร", "road_no": "0", "aumpher": "อำเภอห้วยคต", "office": "สาขาหนองฉาง", "branch_code": "61020000", "name_short": "None", "price_new": 300, "price_old": 300, "width_m": 6, "pt_i": 39 }, "geometry": { "type": "Point", "coordinates": [ 99.657867949155317, 15.263084077950614 ] } },
{ "type": "Feature", "properties": { "road_key": "61020000ST037", "road_name": "ถนนสายบ้านเขาตะพาบ-บ้านชุมทหาร", "road_no": "0", "aumpher": "อำเภอห้วยคต", "office": "สาขาหนองฉาง", "branch_code": "61020000", "name_short": "None", "price_new": 300, "price_old": 300, "width_m": 6, "pt_i": 40 }, "geometry": { "type": "Point", "coordinates": [ 99.658963920084517, 15.263289306403673 ] } },
{ "type": "Feature", "properties": { "road_key": "61020000ST037", "road_name": "ถนนสายบ้านเขาตะพาบ-บ้านชุมทหาร", "road_no": "0", "aumpher": "อำเภอห้วยคต", "office": "สาขาหนองฉาง", "branch_code": "61020000", "name_short": "None", "price_new": 300, "price_old": 300, "width_m": 6, "pt_i": 41 }, "geometry": { "type": "Point", "coordinates": [ 99.66007556891563, 15.26339636585033 ] } },
{ "type": "Feature", "properties": { "road_key": "61020000ST037", "road_name": "ถนนสายบ้านเขาตะพาบ-บ้านชุมทหาร", "road_no": "0", "aumpher": "อำเภอห้วยคต", "office": "สาขาหนองฉาง", "branch_code": "61020000", "name_short": "None", "price_new": 300, "price_old": 300, "width_m": 6, "pt_i": 42 }, "geometry": { "type": "Point", "coordinates": [ 99.66119107566665, 15.263461324782135 ] } },
{ "type": "Feature", "properties": { "road_key": "61020000ST037", "road_name": "ถนนสายบ้านเขาตะพาบ-บ้านชุมทหาร", "road_no": "0", "aumpher": "อำเภอห้วยคต", "office": "สาขาหนองฉาง", "branch_code": "61020000", "name_short": "None", "price_new": 300, "price_old": 300, "width_m": 6, "pt_i": 43 }, "geometry": { "type": "Point", "coordinates": [ 99.662305641609791, 15.26353887945001 ] } },
{ "type": "Feature", "properties": { "road_key": "61020000ST037", "road_name": "ถนนสายบ้านเขาตะพาบ-บ้านชุมทหาร", "road_no": "0", "aumpher": "อำเภอห้วยคต", "office": "สาขาหนองฉาง", "branch_code": "61020000", "name_short": "None", "price_new": 300, "price_old": 300, "width_m": 6, "pt_i": 44 }, "geometry": { "type": "Point", "coordinates": [ 99.663409414285411, 15.263700461083131 ] } },
{ "type": "Feature", "properties": { "road_key": "61020000ST037", "road_name": "ถนนสายบ้านเขาตะพาบ-บ้านชุมทหาร", "road_no": "0", "aumpher": "อำเภอห้วยคต", "office": "สาขาหนองฉาง", "branch_code": "61020000", "name_short": "None", "price_new": 300, "price_old": 300, "width_m": 6, "pt_i": 45 }, "geometry": { "type": "Point", "coordinates": [ 99.664505546295274, 15.263911518800812 ] } },
{ "type": "Feature", "properties": { "road_key": "61020000ST037", "road_name": "ถนนสายบ้านเขาตะพาบ-บ้านชุมทหาร", "road_no": "0", "aumpher": "อำเภอห้วยคต", "office": "สาขาหนองฉาง", "branch_code": "61020000", "name_short": "None", "price_new": 300, "price_old": 300, "width_m": 6, "pt_i": 46 }, "geometry": { "type": "Point", "coordinates": [ 99.665600735150534, 15.264127282177546 ] } },
{ "type": "Feature", "properties": { "road_key": "61020000ST037", "road_name": "ถนนสายบ้านเขาตะพาบ-บ้านชุมทหาร", "road_no": "0", "aumpher": "อำเภอห้วยคต", "office": "สาขาหนองฉาง", "branch_code": "61020000", "name_short": "None", "price_new": 300, "price_old": 300, "width_m": 6, "pt_i": 47 }, "geometry": { "type": "Point", "coordinates": [ 99.666694217630564, 15.264350773220432 ] } },
{ "type": "Feature", "properties": { "road_key": "61020000ST037", "road_name": "ถนนสายบ้านเขาตะพาบ-บ้านชุมทหาร", "road_no": "0", "aumpher": "อำเภอห้วยคต", "office": "สาขาหนองฉาง", "branch_code": "61020000", "name_short": "None", "price_new": 300, "price_old": 300, "width_m": 6, "pt_i": 48 }, "geometry": { "type": "Point", "coordinates": [ 99.667800018042726, 15.264497906146644 ] } },
{ "type": "Feature", "properties": { "road_key": "61020000ST037", "road_name": "ถนนสายบ้านเขาตะพาบ-บ้านชุมทหาร", "road_no": "0", "aumpher": "อำเภอห้วยคต", "office": "สาขาหนองฉาง", "branch_code": "61020000", "name_short": "None", "price_new": 300, "price_old": 300, "width_m": 6, "pt_i": 49 }, "geometry": { "type": "Point", "coordinates": [ 99.668910846852128, 15.264616398877656 ] } },
{ "type": "Feature", "properties": { "road_key": "61020000ST037", "road_name": "ถนนสายบ้านเขาตะพาบ-บ้านชุมทหาร", "road_no": "0", "aumpher": "อำเภอห้วยคต", "office": "สาขาหนองฉาง", "branch_code": "61020000", "name_short": "None", "price_new": 300, "price_old": 300, "width_m": 6, "pt_i": 50 }, "geometry": { "type": "Point", "coordinates": [ 99.670021511101012, 15.264736352301771 ] } },
{ "type": "Feature", "properties": { "road_key": "61020000ST037", "road_name": "ถนนสายบ้านเขาตะพาบ-บ้านชุมทหาร", "road_no": "0", "aumpher": "อำเภอห้วยคต", "office": "สาขาหนองฉาง", "branch_code": "61020000", "name_short": "None", "price_new": 300, "price_old": 300, "width_m": 6, "pt_i": 51 }, "geometry": { "type": "Point", "coordinates": [ 99.671132176378421, 15.264856300170248 ] } },
{ "type": "Feature", "properties": { "road_key": "61020000ST037", "road_name": "ถนนสายบ้านเขาตะพาบ-บ้านชุมทหาร", "road_no": "0", "aumpher": "อำเภอห้วยคต", "office": "สาขาหนองฉาง", "branch_code": "61020000", "name_short": "None", "price_new": 300, "price_old": 300, "width_m": 6, "pt_i": 52 }, "geometry": { "type": "Point", "coordinates": [ 99.672243827721161, 15.264967014401915 ] } },
{ "type": "Feature", "properties": { "road_key": "61020000ST037", "road_name": "ถนนสายบ้านเขาตะพาบ-บ้านชุมทหาร", "road_no": "0", "aumpher": "อำเภอห้วยคต", "office": "สาขาหนองฉาง", "branch_code": "61020000", "name_short": "None", "price_new": 300, "price_old": 300, "width_m": 6, "pt_i": 53 }, "geometry": { "type": "Point", "coordinates": [ 99.673356229604252, 15.26507070018941 ] } },
{ "type": "Feature", "properties": { "road_key": "61020000ST037", "road_name": "ถนนสายบ้านเขาตะพาบ-บ้านชุมทหาร", "road_no": "0", "aumpher": "อำเภอห้วยคต", "office": "สาขาหนองฉาง", "branch_code": "61020000", "name_short": "None", "price_new": 300, "price_old": 300, "width_m": 6, "pt_i": 54 }, "geometry": { "type": "Point", "coordinates": [ 99.674471837215819, 15.26504081289441 ] } },
{ "type": "Feature", "properties": { "road_key": "61020000ST037", "road_name": "ถนนสายบ้านเขาตะพาบ-บ้านชุมทหาร", "road_no": "0", "aumpher": "อำเภอห้วยคต", "office": "สาขาหนองฉาง", "branch_code": "61020000", "name_short": "None", "price_new": 300, "price_old": 300, "width_m": 6, "pt_i": 55 }, "geometry": { "type": "Point", "coordinates": [ 99.675588005488123, 15.264987525456739 ] } },
{ "type": "Feature", "properties": { "road_key": "61020000ST037", "road_name": "ถนนสายบ้านเขาตะพาบ-บ้านชุมทหาร", "road_no": "0", "aumpher": "อำเภอห้วยคต", "office": "สาขาหนองฉาง", "branch_code": "61020000", "name_short": "None", "price_new": 300, "price_old": 300, "width_m": 6, "pt_i": 56 }, "geometry": { "type": "Point", "coordinates": [ 99.676704172957713, 15.264934232483556 ] } },
{ "type": "Feature", "properties": { "road_key": "61020000ST037", "road_name": "ถนนสายบ้านเขาตะพาบ-บ้านชุมทหาร", "road_no": "0", "aumpher": "อำเภอห้วยคต", "office": "สาขาหนองฉาง", "branch_code": "61020000", "name_short": "None", "price_new": 300, "price_old": 300, "width_m": 6, "pt_i": 57 }, "geometry": { "type": "Point", "coordinates": [ 99.67782033962412, 15.264880933974915 ] } },
{ "type": "Feature", "properties": { "road_key": "61020000ST037", "road_name": "ถนนสายบ้านเขาตะพาบ-บ้านชุมทหาร", "road_no": "0", "aumpher": "อำเภอห้วยคต", "office": "สาขาหนองฉาง", "branch_code": "61020000", "name_short": "None", "price_new": 300, "price_old": 300, "width_m": 6, "pt_i": 58 }, "geometry": { "type": "Point", "coordinates": [ 99.678934588612975, 15.264798546959735 ] } },
{ "type": "Feature", "properties": { "road_key": "61020000ST037", "road_name": "ถนนสายบ้านเขาตะพาบ-บ้านชุมทหาร", "road_no": "0", "aumpher": "อำเภอห้วยคต", "office": "สาขาหนองฉาง", "branch_code": "61020000", "name_short": "None", "price_new": 300, "price_old": 300, "width_m": 6, "pt_i": 59 }, "geometry": { "type": "Point", "coordinates": [ 99.680048649872361, 15.264713323233725 ] } },
{ "type": "Feature", "properties": { "road_key": "61020000ST041", "road_name": "ถนนทางเข้าบ้านบ่อทราย ช่วงที่ 1", "road_no": "0", "aumpher": "อำเภอห้วยคต", "office": "สาขาหนองฉาง", "branch_code": "61020000", "name_short": "None", "price_new": 250, "price_old": 150, "width_m": 6, "pt_i": 0 }, "geometry": { "type": "Point", "coordinates": [ 99.586276242951087, 15.237571311295461 ] } },
{ "type": "Feature", "properties": { "road_key": "61020000ST041", "road_name": "ถนนทางเข้าบ้านบ่อทราย ช่วงที่ 1", "road_no": "0", "aumpher": "อำเภอห้วยคต", "office": "สาขาหนองฉาง", "branch_code": "61020000", "name_short": "None", "price_new": 250, "price_old": 150, "width_m": 6, "pt_i": 1 }, "geometry": { "type": "Point", "coordinates": [ 99.585197808566946, 15.237855131474507 ] } },
{ "type": "Feature", "properties": { "road_key": "61020000ST041", "road_name": "ถนนทางเข้าบ้านบ่อทราย ช่วงที่ 1", "road_no": "0", "aumpher": "อำเภอห้วยคต", "office": "สาขาหนองฉาง", "branch_code": "61020000", "name_short": "None", "price_new": 250, "price_old": 150, "width_m": 6, "pt_i": 2 }, "geometry": { "type": "Point", "coordinates": [ 99.584099603655957, 15.238055314255288 ] } },
{ "type": "Feature", "properties": { "road_key": "61020000ST041", "road_name": "ถนนทางเข้าบ้านบ่อทราย ช่วงที่ 1", "road_no": "0", "aumpher": "อำเภอห้วยคต", "office": "สาขาหนองฉาง", "branch_code": "61020000", "name_short": "None", "price_new": 250, "price_old": 150, "width_m": 6, "pt_i": 3 }, "geometry": { "type": "Point", "coordinates": [ 99.582997515797246, 15.23823246048349 ] } },
{ "type": "Feature", "properties": { "road_key": "61020000ST041", "road_name": "ถนนทางเข้าบ้านบ่อทราย ช่วงที่ 1", "road_no": "0", "aumpher": "อำเภอห้วยคต", "office": "สาขาหนองฉาง", "branch_code": "61020000", "name_short": "None", "price_new": 250, "price_old": 150, "width_m": 6, "pt_i": 4 }, "geometry": { "type": "Point", "coordinates": [ 99.581890856723476, 15.238382483142001 ] } },
{ "type": "Feature", "properties": { "road_key": "61020000ST041", "road_name": "ถนนทางเข้าบ้านบ่อทราย ช่วงที่ 1", "road_no": "0", "aumpher": "อำเภอห้วยคต", "office": "สาขาหนองฉาง", "branch_code": "61020000", "name_short": "None", "price_new": 250, "price_old": 150, "width_m": 6, "pt_i": 5 }, "geometry": { "type": "Point", "coordinates": [ 99.580787369689531, 15.238553073889184 ] } },
{ "type": "Feature", "properties": { "road_key": "61020000ST041", "road_name": "ถนนทางเข้าบ้านบ่อทราย ช่วงที่ 1", "road_no": "0", "aumpher": "อำเภอห้วยคต", "office": "สาขาหนองฉาง", "branch_code": "61020000", "name_short": "None", "price_new": 250, "price_old": 150, "width_m": 6, "pt_i": 6 }, "geometry": { "type": "Point", "coordinates": [ 99.579682188027192, 15.238712006544207 ] } },
{ "type": "Feature", "properties": { "road_key": "61020000ST041", "road_name": "ถนนทางเข้าบ้านบ่อทราย ช่วงที่ 1", "road_no": "0", "aumpher": "อำเภอห้วยคต", "office": "สาขาหนองฉาง", "branch_code": "61020000", "name_short": "None", "price_new": 250, "price_old": 150, "width_m": 6, "pt_i": 7 }, "geometry": { "type": "Point", "coordinates": [ 99.578870432076585, 15.238085908847948 ] } },
{ "type": "Feature", "properties": { "road_key": "61020000ST041", "road_name": "ถนนทางเข้าบ้านบ่อทราย ช่วงที่ 1", "road_no": "0", "aumpher": "อำเภอห้วยคต", "office": "สาขาหนองฉาง", "branch_code": "61020000", "name_short": "None", "price_new": 250, "price_old": 150, "width_m": 6, "pt_i": 8 }, "geometry": { "type": "Point", "coordinates": [ 99.578144331432085, 15.237261308073988 ] } },
{ "type": "Feature", "properties": { "road_key": "61020000ST041", "road_name": "ถนนทางเข้าบ้านบ่อทราย ช่วงที่ 1", "road_no": "0", "aumpher": "อำเภอห้วยคต", "office": "สาขาหนองฉาง", "branch_code": "61020000", "name_short": "None", "price_new": 250, "price_old": 150, "width_m": 6, "pt_i": 9 }, "geometry": { "type": "Point", "coordinates": [ 99.577284483741749, 15.236581401667742 ] } },
{ "type": "Feature", "properties": { "road_key": "61020000ST046.1", "road_name": "ถนนสายบ้านตลาดใหม่ป่าผาก-บ้านสมอทอง ช่วงที่ 1", "road_no": "0", "aumpher": "อำเภอห้วยคต", "office": "สาขาหนองฉาง", "branch_code": "61020000", "name_short": "None", "price_new": 350, "price_old": 250, "width_m": 6, "pt_i": 0 }, "geometry": { "type": "Point", "coordinates": [ 99.616526105703812, 15.298553233436145 ] } },
{ "type": "Feature", "properties": { "road_key": "61020000ST046.1", "road_name": "ถนนสายบ้านตลาดใหม่ป่าผาก-บ้านสมอทอง ช่วงที่ 1", "road_no": "0", "aumpher": "อำเภอห้วยคต", "office": "สาขาหนองฉาง", "branch_code": "61020000", "name_short": "None", "price_new": 350, "price_old": 250, "width_m": 6, "pt_i": 1 }, "geometry": { "type": "Point", "coordinates": [ 99.617498371716749, 15.298018105637448 ] } },
{ "type": "Feature", "properties": { "road_key": "61020000ST046.1", "road_name": "ถนนสายบ้านตลาดใหม่ป่าผาก-บ้านสมอทอง ช่วงที่ 1", "road_no": "0", "aumpher": "อำเภอห้วยคต", "office": "สาขาหนองฉาง", "branch_code": "61020000", "name_short": "None", "price_new": 350, "price_old": 250, "width_m": 6, "pt_i": 2 }, "geometry": { "type": "Point", "coordinates": [ 99.618467650788361, 15.297477966266692 ] } },
{ "type": "Feature", "properties": { "road_key": "61020000ST046.1", "road_name": "ถนนสายบ้านตลาดใหม่ป่าผาก-บ้านสมอทอง ช่วงที่ 1", "road_no": "0", "aumpher": "อำเภอห้วยคต", "office": "สาขาหนองฉาง", "branch_code": "61020000", "name_short": "None", "price_new": 350, "price_old": 250, "width_m": 6, "pt_i": 3 }, "geometry": { "type": "Point", "coordinates": [ 99.619430704724067, 15.296927377560277 ] } },
{ "type": "Feature", "properties": { "road_key": "61020000ST046.1", "road_name": "ถนนสายบ้านตลาดใหม่ป่าผาก-บ้านสมอทอง ช่วงที่ 1", "road_no": "0", "aumpher": "อำเภอห้วยคต", "office": "สาขาหนองฉาง", "branch_code": "61020000", "name_short": "None", "price_new": 350, "price_old": 250, "width_m": 6, "pt_i": 4 }, "geometry": { "type": "Point", "coordinates": [ 99.620487921701724, 15.296644174720088 ] } },
{ "type": "Feature", "properties": { "road_key": "61020000ST046.1", "road_name": "ถนนสายบ้านตลาดใหม่ป่าผาก-บ้านสมอทอง ช่วงที่ 1", "road_no": "0", "aumpher": "อำเภอห้วยคต", "office": "สาขาหนองฉาง", "branch_code": "61020000", "name_short": "None", "price_new": 350, "price_old": 250, "width_m": 6, "pt_i": 5 }, "geometry": { "type": "Point", "coordinates": [ 99.621605596681277, 15.296637538966086 ] } },
{ "type": "Feature", "properties": { "road_key": "61020000ST046.1", "road_name": "ถนนสายบ้านตลาดใหม่ป่าผาก-บ้านสมอทอง ช่วงที่ 1", "road_no": "0", "aumpher": "อำเภอห้วยคต", "office": "สาขาหนองฉาง", "branch_code": "61020000", "name_short": "None", "price_new": 350, "price_old": 250, "width_m": 6, "pt_i": 6 }, "geometry": { "type": "Point", "coordinates": [ 99.622723055669326, 15.296615425704571 ] } },
{ "type": "Feature", "properties": { "road_key": "61020000ST046.1", "road_name": "ถนนสายบ้านตลาดใหม่ป่าผาก-บ้านสมอทอง ช่วงที่ 1", "road_no": "0", "aumpher": "อำเภอห้วยคต", "office": "สาขาหนองฉาง", "branch_code": "61020000", "name_short": "None", "price_new": 350, "price_old": 250, "width_m": 6, "pt_i": 7 }, "geometry": { "type": "Point", "coordinates": [ 99.623840605253889, 15.29659914107229 ] } },
{ "type": "Feature", "properties": { "road_key": "61020000ST046.1", "road_name": "ถนนสายบ้านตลาดใหม่ป่าผาก-บ้านสมอทอง ช่วงที่ 1", "road_no": "0", "aumpher": "อำเภอห้วยคต", "office": "สาขาหนองฉาง", "branch_code": "61020000", "name_short": "None", "price_new": 350, "price_old": 250, "width_m": 6, "pt_i": 8 }, "geometry": { "type": "Point", "coordinates": [ 99.624958254405911, 15.296589317555645 ] } },
{ "type": "Feature", "properties": { "road_key": "61020000ST046.1", "road_name": "ถนนสายบ้านตลาดใหม่ป่าผาก-บ้านสมอทอง ช่วงที่ 1", "road_no": "0", "aumpher": "อำเภอห้วยคต", "office": "สาขาหนองฉาง", "branch_code": "61020000", "name_short": "None", "price_new": 350, "price_old": 250, "width_m": 6, "pt_i": 9 }, "geometry": { "type": "Point", "coordinates": [ 99.626075903231111, 15.296579488459642 ] } },
{ "type": "Feature", "properties": { "road_key": "61020000ST046.1", "road_name": "ถนนสายบ้านตลาดใหม่ป่าผาก-บ้านสมอทอง ช่วงที่ 1", "road_no": "0", "aumpher": "อำเภอห้วยคต", "office": "สาขาหนองฉาง", "branch_code": "61020000", "name_short": "None", "price_new": 350, "price_old": 250, "width_m": 6, "pt_i": 10 }, "geometry": { "type": "Point", "coordinates": [ 99.627193551729007, 15.296569653784303 ] } },
{ "type": "Feature", "properties": { "road_key": "61020000ST046.2", "road_name": "ถนนสายบ้านตลาดใหม่ป่าผาก-บ้านสมอทอง ช่วงที่ 2", "road_no": "0", "aumpher": "อำเภอห้วยคต", "office": "สาขาหนองฉาง", "branch_code": "61020000", "name_short": "None", "price_new": 350, "price_old": 250, "width_m": 6, "pt_i": 0 }, "geometry": { "type": "Point", "coordinates": [ 99.57671307183162, 15.345655438938763 ] } },
{ "type": "Feature", "properties": { "road_key": "61020000ST046.2", "road_name": "ถนนสายบ้านตลาดใหม่ป่าผาก-บ้านสมอทอง ช่วงที่ 2", "road_no": "0", "aumpher": "อำเภอห้วยคต", "office": "สาขาหนองฉาง", "branch_code": "61020000", "name_short": "None", "price_new": 350, "price_old": 250, "width_m": 6, "pt_i": 1 }, "geometry": { "type": "Point", "coordinates": [ 99.576196684242589, 15.344693327812164 ] } },
{ "type": "Feature", "properties": { "road_key": "61020000ST046.2", "road_name": "ถนนสายบ้านตลาดใหม่ป่าผาก-บ้านสมอทอง ช่วงที่ 2", "road_no": "0", "aumpher": "อำเภอห้วยคต", "office": "สาขาหนองฉาง", "branch_code": "61020000", "name_short": "None", "price_new": 350, "price_old": 250, "width_m": 6, "pt_i": 2 }, "geometry": { "type": "Point", "coordinates": [ 99.575907355523469, 15.343665281223799 ] } },
{ "type": "Feature", "properties": { "road_key": "61020000ST046.2", "road_name": "ถนนสายบ้านตลาดใหม่ป่าผาก-บ้านสมอทอง ช่วงที่ 2", "road_no": "0", "aumpher": "อำเภอห้วยคต", "office": "สาขาหนองฉาง", "branch_code": "61020000", "name_short": "None", "price_new": 350, "price_old": 250, "width_m": 6, "pt_i": 3 }, "geometry": { "type": "Point", "coordinates": [ 99.576211123804327, 15.342625964612091 ] } },
{ "type": "Feature", "properties": { "road_key": "61020000ST046.2", "road_name": "ถนนสายบ้านตลาดใหม่ป่าผาก-บ้านสมอทอง ช่วงที่ 2", "road_no": "0", "aumpher": "อำเภอห้วยคต", "office": "สาขาหนองฉาง", "branch_code": "61020000", "name_short": "None", "price_new": 350, "price_old": 250, "width_m": 6, "pt_i": 4 }, "geometry": { "type": "Point", "coordinates": [ 99.576580262602775, 15.341601947967431 ] } },
{ "type": "Feature", "properties": { "road_key": "61020000ST046.2", "road_name": "ถนนสายบ้านตลาดใหม่ป่าผาก-บ้านสมอทอง ช่วงที่ 2", "road_no": "0", "aumpher": "อำเภอห้วยคต", "office": "สาขาหนองฉาง", "branch_code": "61020000", "name_short": "None", "price_new": 350, "price_old": 250, "width_m": 6, "pt_i": 5 }, "geometry": { "type": "Point", "coordinates": [ 99.576943902354486, 15.340576083634289 ] } },
{ "type": "Feature", "properties": { "road_key": "61020000ST046.2", "road_name": "ถนนสายบ้านตลาดใหม่ป่าผาก-บ้านสมอทอง ช่วงที่ 2", "road_no": "0", "aumpher": "อำเภอห้วยคต", "office": "สาขาหนองฉาง", "branch_code": "61020000", "name_short": "None", "price_new": 350, "price_old": 250, "width_m": 6, "pt_i": 6 }, "geometry": { "type": "Point", "coordinates": [ 99.577300990233468, 15.339548080050077 ] } },
{ "type": "Feature", "properties": { "road_key": "61020000ST046.2", "road_name": "ถนนสายบ้านตลาดใหม่ป่าผาก-บ้านสมอทอง ช่วงที่ 2", "road_no": "0", "aumpher": "อำเภอห้วยคต", "office": "สาขาหนองฉาง", "branch_code": "61020000", "name_short": "None", "price_new": 350, "price_old": 250, "width_m": 6, "pt_i": 7 }, "geometry": { "type": "Point", "coordinates": [ 99.577648077464289, 15.338516828429928 ] } },
{ "type": "Feature", "properties": { "road_key": "61020000ST046.2", "road_name": "ถนนสายบ้านตลาดใหม่ป่าผาก-บ้านสมอทอง ช่วงที่ 2", "road_no": "0", "aumpher": "อำเภอห้วยคต", "office": "สาขาหนองฉาง", "branch_code": "61020000", "name_short": "None", "price_new": 350, "price_old": 250, "width_m": 6, "pt_i": 8 }, "geometry": { "type": "Point", "coordinates": [ 99.578000864747807, 15.337487416506017 ] } },
{ "type": "Feature", "properties": { "road_key": "61020000ST046.2", "road_name": "ถนนสายบ้านตลาดใหม่ป่าผาก-บ้านสมอทอง ช่วงที่ 2", "road_no": "0", "aumpher": "อำเภอห้วยคต", "office": "สาขาหนองฉาง", "branch_code": "61020000", "name_short": "None", "price_new": 350, "price_old": 250, "width_m": 6, "pt_i": 9 }, "geometry": { "type": "Point", "coordinates": [ 99.578359195448286, 15.336459793739332 ] } },
{ "type": "Feature", "properties": { "road_key": "61020000ST046.2", "road_name": "ถนนสายบ้านตลาดใหม่ป่าผาก-บ้านสมอทอง ช่วงที่ 2", "road_no": "0", "aumpher": "อำเภอห้วยคต", "office": "สาขาหนองฉาง", "branch_code": "61020000", "name_short": "None", "price_new": 350, "price_old": 250, "width_m": 6, "pt_i": 10 }, "geometry": { "type": "Point", "coordinates": [ 99.57880492926104, 15.335466173623695 ] } },
{ "type": "Feature", "properties": { "road_key": "61020000ST046.2", "road_name": "ถนนสายบ้านตลาดใหม่ป่าผาก-บ้านสมอทอง ช่วงที่ 2", "road_no": "0", "aumpher": "อำเภอห้วยคต", "office": "สาขาหนองฉาง", "branch_code": "61020000", "name_short": "None", "price_new": 350, "price_old": 250, "width_m": 6, "pt_i": 11 }, "geometry": { "type": "Point", "coordinates": [ 99.57927610325838, 15.334482379971847 ] } },
{ "type": "Feature", "properties": { "road_key": "61020000ST046.2", "road_name": "ถนนสายบ้านตลาดใหม่ป่าผาก-บ้านสมอทอง ช่วงที่ 2", "road_no": "0", "aumpher": "อำเภอห้วยคต", "office": "สาขาหนองฉาง", "branch_code": "61020000", "name_short": "None", "price_new": 350, "price_old": 250, "width_m": 6, "pt_i": 12 }, "geometry": { "type": "Point", "coordinates": [ 99.57974443014642, 15.33349730665682 ] } },
{ "type": "Feature", "properties": { "road_key": "61020000ST046.2", "road_name": "ถนนสายบ้านตลาดใหม่ป่าผาก-บ้านสมอทอง ช่วงที่ 2", "road_no": "0", "aumpher": "อำเภอห้วยคต", "office": "สาขาหนองฉาง", "branch_code": "61020000", "name_short": "None", "price_new": 350, "price_old": 250, "width_m": 6, "pt_i": 13 }, "geometry": { "type": "Point", "coordinates": [ 99.58021840242661, 15.332514779614366 ] } },
{ "type": "Feature", "properties": { "road_key": "61020000ST046.2", "road_name": "ถนนสายบ้านตลาดใหม่ป่าผาก-บ้านสมอทอง ช่วงที่ 2", "road_no": "0", "aumpher": "อำเภอห้วยคต", "office": "สาขาหนองฉาง", "branch_code": "61020000", "name_short": "None", "price_new": 350, "price_old": 250, "width_m": 6, "pt_i": 14 }, "geometry": { "type": "Point", "coordinates": [ 99.580692370409594, 15.331532251633876 ] } },
{ "type": "Feature", "properties": { "road_key": "61020000ST046.2", "road_name": "ถนนสายบ้านตลาดใหม่ป่าผาก-บ้านสมอทอง ช่วงที่ 2", "road_no": "0", "aumpher": "อำเภอห้วยคต", "office": "สาขาหนองฉาง", "branch_code": "61020000", "name_short": "None", "price_new": 350, "price_old": 250, "width_m": 6, "pt_i": 15 }, "geometry": { "type": "Point", "coordinates": [ 99.581164510300027, 15.330548896907331 ] } },
{ "type": "Feature", "properties": { "road_key": "61020000ST046.2", "road_name": "ถนนสายบ้านตลาดใหม่ป่าผาก-บ้านสมอทอง ช่วงที่ 2", "road_no": "0", "aumpher": "อำเภอห้วยคต", "office": "สาขาหนองฉาง", "branch_code": "61020000", "name_short": "None", "price_new": 350, "price_old": 250, "width_m": 6, "pt_i": 16 }, "geometry": { "type": "Point", "coordinates": [ 99.581635872173393, 15.329565190906164 ] } },
{ "type": "Feature", "properties": { "road_key": "61020000ST046.2", "road_name": "ถนนสายบ้านตลาดใหม่ป่าผาก-บ้านสมอทอง ช่วงที่ 2", "road_no": "0", "aumpher": "อำเภอห้วยคต", "office": "สาขาหนองฉาง", "branch_code": "61020000", "name_short": "None", "price_new": 350, "price_old": 250, "width_m": 6, "pt_i": 17 }, "geometry": { "type": "Point", "coordinates": [ 99.58210972336569, 15.328582649069121 ] } },
{ "type": "Feature", "properties": { "road_key": "61020000ST046.2", "road_name": "ถนนสายบ้านตลาดใหม่ป่าผาก-บ้านสมอทอง ช่วงที่ 2", "road_no": "0", "aumpher": "อำเภอห้วยคต", "office": "สาขาหนองฉาง", "branch_code": "61020000", "name_short": "None", "price_new": 350, "price_old": 250, "width_m": 6, "pt_i": 18 }, "geometry": { "type": "Point", "coordinates": [ 99.58260812863719, 15.327611580786034 ] } },
{ "type": "Feature", "properties": { "road_key": "61020000ST046.2", "road_name": "ถนนสายบ้านตลาดใหม่ป่าผาก-บ้านสมอทอง ช่วงที่ 2", "road_no": "0", "aumpher": "อำเภอห้วยคต", "office": "สาขาหนองฉาง", "branch_code": "61020000", "name_short": "None", "price_new": 350, "price_old": 250, "width_m": 6, "pt_i": 19 }, "geometry": { "type": "Point", "coordinates": [ 99.583136200578593, 15.326656239638218 ] } },
{ "type": "Feature", "properties": { "road_key": "61020000ST046.2", "road_name": "ถนนสายบ้านตลาดใหม่ป่าผาก-บ้านสมอทอง ช่วงที่ 2", "road_no": "0", "aumpher": "อำเภอห้วยคต", "office": "สาขาหนองฉาง", "branch_code": "61020000", "name_short": "None", "price_new": 350, "price_old": 250, "width_m": 6, "pt_i": 20 }, "geometry": { "type": "Point", "coordinates": [ 99.583749120284949, 15.325749449264782 ] } },
{ "type": "Feature", "properties": { "road_key": "61020000ST046.2", "road_name": "ถนนสายบ้านตลาดใหม่ป่าผาก-บ้านสมอทอง ช่วงที่ 2", "road_no": "0", "aumpher": "อำเภอห้วยคต", "office": "สาขาหนองฉาง", "branch_code": "61020000", "name_short": "None", "price_new": 350, "price_old": 250, "width_m": 6, "pt_i": 21 }, "geometry": { "type": "Point", "coordinates": [ 99.58440235769487, 15.324869093799581 ] } },
{ "type": "Feature", "properties": { "road_key": "61020000ST046.2", "road_name": "ถนนสายบ้านตลาดใหม่ป่าผาก-บ้านสมอทอง ช่วงที่ 2", "road_no": "0", "aumpher": "อำเภอห้วยคต", "office": "สาขาหนองฉาง", "branch_code": "61020000", "name_short": "None", "price_new": 350, "price_old": 250, "width_m": 6, "pt_i": 22 }, "geometry": { "type": "Point", "coordinates": [ 99.585055589703515, 15.323988736546678 ] } },
{ "type": "Feature", "properties": { "road_key": "61020000ST046.2", "road_name": "ถนนสายบ้านตลาดใหม่ป่าผาก-บ้านสมอทอง ช่วงที่ 2", "road_no": "0", "aumpher": "อำเภอห้วยคต", "office": "สาขาหนองฉาง", "branch_code": "61020000", "name_short": "None", "price_new": 350, "price_old": 250, "width_m": 6, "pt_i": 23 }, "geometry": { "type": "Point", "coordinates": [ 99.585708395514487, 15.323108083659974 ] } },
{ "type": "Feature", "properties": { "road_key": "61020000ST046.2", "road_name": "ถนนสายบ้านตลาดใหม่ป่าผาก-บ้านสมอทอง ช่วงที่ 2", "road_no": "0", "aumpher": "อำเภอห้วยคต", "office": "สาขาหนองฉาง", "branch_code": "61020000", "name_short": "None", "price_new": 350, "price_old": 250, "width_m": 6, "pt_i": 24 }, "geometry": { "type": "Point", "coordinates": [ 99.586360938834602, 15.322227249458908 ] } },
{ "type": "Feature", "properties": { "road_key": "61020000ST046.2", "road_name": "ถนนสายบ้านตลาดใหม่ป่าผาก-บ้านสมอทอง ช่วงที่ 2", "road_no": "0", "aumpher": "อำเภอห้วยคต", "office": "สาขาหนองฉาง", "branch_code": "61020000", "name_short": "None", "price_new": 350, "price_old": 250, "width_m": 6, "pt_i": 25 }, "geometry": { "type": "Point", "coordinates": [ 99.58700168157749, 15.321338917598997 ] } },
{ "type": "Feature", "properties": { "road_key": "61020000ST046.2", "road_name": "ถนนสายบ้านตลาดใหม่ป่าผาก-บ้านสมอทอง ช่วงที่ 2", "road_no": "0", "aumpher": "อำเภอห้วยคต", "office": "สาขาหนองฉาง", "branch_code": "61020000", "name_short": "None", "price_new": 350, "price_old": 250, "width_m": 6, "pt_i": 26 }, "geometry": { "type": "Point", "coordinates": [ 99.587572719855189, 15.320406290053203 ] } },
{ "type": "Feature", "properties": { "road_key": "61020000ST046.2", "road_name": "ถนนสายบ้านตลาดใหม่ป่าผาก-บ้านสมอทอง ช่วงที่ 2", "road_no": "0", "aumpher": "อำเภอห้วยคต", "office": "สาขาหนองฉาง", "branch_code": "61020000", "name_short": "None", "price_new": 350, "price_old": 250, "width_m": 6, "pt_i": 27 }, "geometry": { "type": "Point", "coordinates": [ 99.58817515610609, 15.319492799565509 ] } },
{ "type": "Feature", "properties": { "road_key": "61020000ST046.2", "road_name": "ถนนสายบ้านตลาดใหม่ป่าผาก-บ้านสมอทอง ช่วงที่ 2", "road_no": "0", "aumpher": "อำเภอห้วยคต", "office": "สาขาหนองฉาง", "branch_code": "61020000", "name_short": "None", "price_new": 350, "price_old": 250, "width_m": 6, "pt_i": 28 }, "geometry": { "type": "Point", "coordinates": [ 99.588920302532415, 15.3186882597699 ] } },
{ "type": "Feature", "properties": { "road_key": "61020000ST046.2", "road_name": "ถนนสายบ้านตลาดใหม่ป่าผาก-บ้านสมอทอง ช่วงที่ 2", "road_no": "0", "aumpher": "อำเภอห้วยคต", "office": "สาขาหนองฉาง", "branch_code": "61020000", "name_short": "None", "price_new": 350, "price_old": 250, "width_m": 6, "pt_i": 29 }, "geometry": { "type": "Point", "coordinates": [ 99.589747962019999, 15.317959483031244 ] } },
{ "type": "Feature", "properties": { "road_key": "61020000ST046.2", "road_name": "ถนนสายบ้านตลาดใหม่ป่าผาก-บ้านสมอทอง ช่วงที่ 2", "road_no": "0", "aumpher": "อำเภอห้วยคต", "office": "สาขาหนองฉาง", "branch_code": "61020000", "name_short": "None", "price_new": 350, "price_old": 250, "width_m": 6, "pt_i": 30 }, "geometry": { "type": "Point", "coordinates": [ 99.590631560381979, 15.317297360287998 ] } },
{ "type": "Feature", "properties": { "road_key": "61020000ST046.2", "road_name": "ถนนสายบ้านตลาดใหม่ป่าผาก-บ้านสมอทอง ช่วงที่ 2", "road_no": "0", "aumpher": "อำเภอห้วยคต", "office": "สาขาหนองฉาง", "branch_code": "61020000", "name_short": "None", "price_new": 350, "price_old": 250, "width_m": 6, "pt_i": 31 }, "geometry": { "type": "Point", "coordinates": [ 99.591523537847863, 15.316643929106954 ] } },
{ "type": "Feature", "properties": { "road_key": "61020000ST046.2", "road_name": "ถนนสายบ้านตลาดใหม่ป่าผาก-บ้านสมอทอง ช่วงที่ 2", "road_no": "0", "aumpher": "อำเภอห้วยคต", "office": "สาขาหนองฉาง", "branch_code": "61020000", "name_short": "None", "price_new": 350, "price_old": 250, "width_m": 6, "pt_i": 32 }, "geometry": { "type": "Point", "coordinates": [ 99.592337501708755, 15.315903948254011 ] } },
{ "type": "Feature", "properties": { "road_key": "61020000ST046.2", "road_name": "ถนนสายบ้านตลาดใหม่ป่าผาก-บ้านสมอทอง ช่วงที่ 2", "road_no": "0", "aumpher": "อำเภอห้วยคต", "office": "สาขาหนองฉาง", "branch_code": "61020000", "name_short": "None", "price_new": 350, "price_old": 250, "width_m": 6, "pt_i": 33 }, "geometry": { "type": "Point", "coordinates": [ 99.593109992894554, 15.315119833847451 ] } },
{ "type": "Feature", "properties": { "road_key": "61020000ST046.2", "road_name": "ถนนสายบ้านตลาดใหม่ป่าผาก-บ้านสมอทอง ช่วงที่ 2", "road_no": "0", "aumpher": "อำเภอห้วยคต", "office": "สาขาหนองฉาง", "branch_code": "61020000", "name_short": "None", "price_new": 350, "price_old": 250, "width_m": 6, "pt_i": 34 }, "geometry": { "type": "Point", "coordinates": [ 99.593887102111054, 15.314340042165746 ] } },
{ "type": "Feature", "properties": { "road_key": "61020000ST046.2", "road_name": "ถนนสายบ้านตลาดใหม่ป่าผาก-บ้านสมอทอง ช่วงที่ 2", "road_no": "0", "aumpher": "อำเภอห้วยคต", "office": "สาขาหนองฉาง", "branch_code": "61020000", "name_short": "None", "price_new": 350, "price_old": 250, "width_m": 6, "pt_i": 35 }, "geometry": { "type": "Point", "coordinates": [ 99.594666028299216, 15.313561952966511 ] } },
{ "type": "Feature", "properties": { "road_key": "61020000ST046.2", "road_name": "ถนนสายบ้านตลาดใหม่ป่าผาก-บ้านสมอทอง ช่วงที่ 2", "road_no": "0", "aumpher": "อำเภอห้วยคต", "office": "สาขาหนองฉาง", "branch_code": "61020000", "name_short": "None", "price_new": 350, "price_old": 250, "width_m": 6, "pt_i": 36 }, "geometry": { "type": "Point", "coordinates": [ 99.595445948549298, 15.312784807757714 ] } },
{ "type": "Feature", "properties": { "road_key": "61020000ST046.2", "road_name": "ถนนสายบ้านตลาดใหม่ป่าผาก-บ้านสมอทอง ช่วงที่ 2", "road_no": "0", "aumpher": "อำเภอห้วยคต", "office": "สาขาหนองฉาง", "branch_code": "61020000", "name_short": "None", "price_new": 350, "price_old": 250, "width_m": 6, "pt_i": 37 }, "geometry": { "type": "Point", "coordinates": [ 99.596228057657683, 15.31200973767646 ] } },
{ "type": "Feature", "properties": { "road_key": "61020000ST046.2", "road_name": "ถนนสายบ้านตลาดใหม่ป่าผาก-บ้านสมอทอง ช่วงที่ 2", "road_no": "0", "aumpher": "อำเภอห้วยคต", "office": "สาขาหนองฉาง", "branch_code": "61020000", "name_short": "None", "price_new": 350, "price_old": 250, "width_m": 6, "pt_i": 38 }, "geometry": { "type": "Point", "coordinates": [ 99.59700672313042, 15.311231446257056 ] } },
{ "type": "Feature", "properties": { "road_key": "61020000ST046.2", "road_name": "ถนนสายบ้านตลาดใหม่ป่าผาก-บ้านสมอทอง ช่วงที่ 2", "road_no": "0", "aumpher": "อำเภอห้วยคต", "office": "สาขาหนองฉาง", "branch_code": "61020000", "name_short": "None", "price_new": 350, "price_old": 250, "width_m": 6, "pt_i": 39 }, "geometry": { "type": "Point", "coordinates": [ 99.59777557951675, 15.310444015243437 ] } },
{ "type": "Feature", "properties": { "road_key": "61020000ST046.2", "road_name": "ถนนสายบ้านตลาดใหม่ป่าผาก-บ้านสมอทอง ช่วงที่ 2", "road_no": "0", "aumpher": "อำเภอห้วยคต", "office": "สาขาหนองฉาง", "branch_code": "61020000", "name_short": "None", "price_new": 350, "price_old": 250, "width_m": 6, "pt_i": 40 }, "geometry": { "type": "Point", "coordinates": [ 99.598393822126212, 15.309549046477372 ] } },
{ "type": "Feature", "properties": { "road_key": "61020000ST046.2", "road_name": "ถนนสายบ้านตลาดใหม่ป่าผาก-บ้านสมอทอง ช่วงที่ 2", "road_no": "0", "aumpher": "อำเภอห้วยคต", "office": "สาขาหนองฉาง", "branch_code": "61020000", "name_short": "None", "price_new": 350, "price_old": 250, "width_m": 6, "pt_i": 41 }, "geometry": { "type": "Point", "coordinates": [ 99.598901696279071, 15.308583570439508 ] } },
{ "type": "Feature", "properties": { "road_key": "61020000ST046.2", "road_name": "ถนนสายบ้านตลาดใหม่ป่าผาก-บ้านสมอทอง ช่วงที่ 2", "road_no": "0", "aumpher": "อำเภอห้วยคต", "office": "สาขาหนองฉาง", "branch_code": "61020000", "name_short": "None", "price_new": 350, "price_old": 250, "width_m": 6, "pt_i": 42 }, "geometry": { "type": "Point", "coordinates": [ 99.599565060728978, 15.307710429782835 ] } },
{ "type": "Feature", "properties": { "road_key": "61020000ST046.2", "road_name": "ถนนสายบ้านตลาดใหม่ป่าผาก-บ้านสมอทอง ช่วงที่ 2", "road_no": "0", "aumpher": "อำเภอห้วยคต", "office": "สาขาหนองฉาง", "branch_code": "61020000", "name_short": "None", "price_new": 350, "price_old": 250, "width_m": 6, "pt_i": 43 }, "geometry": { "type": "Point", "coordinates": [ 99.600211098648302, 15.30682512491469 ] } },
{ "type": "Feature", "properties": { "road_key": "61020000ST046.2", "road_name": "ถนนสายบ้านตลาดใหม่ป่าผาก-บ้านสมอทอง ช่วงที่ 2", "road_no": "0", "aumpher": "อำเภอห้วยคต", "office": "สาขาหนองฉาง", "branch_code": "61020000", "name_short": "None", "price_new": 350, "price_old": 250, "width_m": 6, "pt_i": 44 }, "geometry": { "type": "Point", "coordinates": [ 99.600859256832265, 15.305941288744833 ] } },
{ "type": "Feature", "properties": { "road_key": "61020000ST046.2", "road_name": "ถนนสายบ้านตลาดใหม่ป่าผาก-บ้านสมอทอง ช่วงที่ 2", "road_no": "0", "aumpher": "อำเภอห้วยคต", "office": "สาขาหนองฉาง", "branch_code": "61020000", "name_short": "None", "price_new": 350, "price_old": 250, "width_m": 6, "pt_i": 45 }, "geometry": { "type": "Point", "coordinates": [ 99.601510709627362, 15.305059733639423 ] } },
{ "type": "Feature", "properties": { "road_key": "61020000ST046.2", "road_name": "ถนนสายบ้านตลาดใหม่ป่าผาก-บ้านสมอทอง ช่วงที่ 2", "road_no": "0", "aumpher": "อำเภอห้วยคต", "office": "สาขาหนองฉาง", "branch_code": "61020000", "name_short": "None", "price_new": 350, "price_old": 250, "width_m": 6, "pt_i": 46 }, "geometry": { "type": "Point", "coordinates": [ 99.602162157038762, 15.304178176764237 ] } },
{ "type": "Feature", "properties": { "road_key": "61020000ST046.2", "road_name": "ถนนสายบ้านตลาดใหม่ป่าผาก-บ้านสมอทอง ช่วงที่ 2", "road_no": "0", "aumpher": "อำเภอห้วยคต", "office": "สาขาหนองฉาง", "branch_code": "61020000", "name_short": "None", "price_new": 350, "price_old": 250, "width_m": 6, "pt_i": 47 }, "geometry": { "type": "Point", "coordinates": [ 99.602773100464006, 15.303270296501704 ] } },
{ "type": "Feature", "properties": { "road_key": "61020000ST046.2", "road_name": "ถนนสายบ้านตลาดใหม่ป่าผาก-บ้านสมอทอง ช่วงที่ 2", "road_no": "0", "aumpher": "อำเภอห้วยคต", "office": "สาขาหนองฉาง", "branch_code": "61020000", "name_short": "None", "price_new": 350, "price_old": 250, "width_m": 6, "pt_i": 48 }, "geometry": { "type": "Point", "coordinates": [ 99.603274387757395, 15.302302089031848 ] } },
{ "type": "Feature", "properties": { "road_key": "61020000ST046.2", "road_name": "ถนนสายบ้านตลาดใหม่ป่าผาก-บ้านสมอทอง ช่วงที่ 2", "road_no": "0", "aumpher": "อำเภอห้วยคต", "office": "สาขาหนองฉาง", "branch_code": "61020000", "name_short": "None", "price_new": 350, "price_old": 250, "width_m": 6, "pt_i": 49 }, "geometry": { "type": "Point", "coordinates": [ 99.603791920571865, 15.30134201230015 ] } },
{ "type": "Feature", "properties": { "road_key": "61020000ST046.2", "road_name": "ถนนสายบ้านตลาดใหม่ป่าผาก-บ้านสมอทอง ช่วงที่ 2", "road_no": "0", "aumpher": "อำเภอห้วยคต", "office": "สาขาหนองฉาง", "branch_code": "61020000", "name_short": "None", "price_new": 350, "price_old": 250, "width_m": 6, "pt_i": 50 }, "geometry": { "type": "Point", "coordinates": [ 99.604811654775787, 15.301029450631617 ] } },
{ "type": "Feature", "properties": { "road_key": "61020000ST046.2", "road_name": "ถนนสายบ้านตลาดใหม่ป่าผาก-บ้านสมอทอง ช่วงที่ 2", "road_no": "0", "aumpher": "อำเภอห้วยคต", "office": "สาขาหนองฉาง", "branch_code": "61020000", "name_short": "None", "price_new": 350, "price_old": 250, "width_m": 6, "pt_i": 51 }, "geometry": { "type": "Point", "coordinates": [ 99.605928286937001, 15.300981552574735 ] } },
{ "type": "Feature", "properties": { "road_key": "61020000ST046.2", "road_name": "ถนนสายบ้านตลาดใหม่ป่าผาก-บ้านสมอทอง ช่วงที่ 2", "road_no": "0", "aumpher": "อำเภอห้วยคต", "office": "สาขาหนองฉาง", "branch_code": "61020000", "name_short": "None", "price_new": 350, "price_old": 250, "width_m": 6, "pt_i": 52 }, "geometry": { "type": "Point", "coordinates": [ 99.607045265795065, 15.300942014951781 ] } },
{ "type": "Feature", "properties": { "road_key": "61020000ST046.2", "road_name": "ถนนสายบ้านตลาดใหม่ป่าผาก-บ้านสมอทอง ช่วงที่ 2", "road_no": "0", "aumpher": "อำเภอห้วยคต", "office": "สาขาหนองฉาง", "branch_code": "61020000", "name_short": "None", "price_new": 350, "price_old": 250, "width_m": 6, "pt_i": 53 }, "geometry": { "type": "Point", "coordinates": [ 99.608156465754561, 15.300826703961135 ] } },
{ "type": "Feature", "properties": { "road_key": "61020000ST046.2", "road_name": "ถนนสายบ้านตลาดใหม่ป่าผาก-บ้านสมอทอง ช่วงที่ 2", "road_no": "0", "aumpher": "อำเภอห้วยคต", "office": "สาขาหนองฉาง", "branch_code": "61020000", "name_short": "None", "price_new": 350, "price_old": 250, "width_m": 6, "pt_i": 54 }, "geometry": { "type": "Point", "coordinates": [ 99.609265897871765, 15.300694835186942 ] } },
{ "type": "Feature", "properties": { "road_key": "61020000ST046.2", "road_name": "ถนนสายบ้านตลาดใหม่ป่าผาก-บ้านสมอทอง ช่วงที่ 2", "road_no": "0", "aumpher": "อำเภอห้วยคต", "office": "สาขาหนองฉาง", "branch_code": "61020000", "name_short": "None", "price_new": 350, "price_old": 250, "width_m": 6, "pt_i": 55 }, "geometry": { "type": "Point", "coordinates": [ 99.610376682123473, 15.300575270302119 ] } },
{ "type": "Feature", "properties": { "road_key": "61020000ST046.2", "road_name": "ถนนสายบ้านตลาดใหม่ป่าผาก-บ้านสมอทอง ช่วงที่ 2", "road_no": "0", "aumpher": "อำเภอห้วยคต", "office": "สาขาหนองฉาง", "branch_code": "61020000", "name_short": "None", "price_new": 350, "price_old": 250, "width_m": 6, "pt_i": 56 }, "geometry": { "type": "Point", "coordinates": [ 99.611489794054009, 15.30047687763442 ] } },
{ "type": "Feature", "properties": { "road_key": "61020000ST046.2", "road_name": "ถนนสายบ้านตลาดใหม่ป่าผาก-บ้านสมอทอง ช่วงที่ 2", "road_no": "0", "aumpher": "อำเภอห้วยคต", "office": "สาขาหนองฉาง", "branch_code": "61020000", "name_short": "None", "price_new": 350, "price_old": 250, "width_m": 6, "pt_i": 57 }, "geometry": { "type": "Point", "coordinates": [ 99.612602644159551, 15.300375792693734 ] } },
{ "type": "Feature", "properties": { "road_key": "61020000ST046.2", "road_name": "ถนนสายบ้านตลาดใหม่ป่าผาก-บ้านสมอทอง ช่วงที่ 2", "road_no": "0", "aumpher": "อำเภอห้วยคต", "office": "สาขาหนองฉาง", "branch_code": "61020000", "name_short": "None", "price_new": 350, "price_old": 250, "width_m": 6, "pt_i": 58 }, "geometry": { "type": "Point", "coordinates": [ 99.613672489125207, 15.300083422335643 ] } },
{ "type": "Feature", "properties": { "road_key": "61020000ST046.2", "road_name": "ถนนสายบ้านตลาดใหม่ป่าผาก-บ้านสมอทอง ช่วงที่ 2", "road_no": "0", "aumpher": "อำเภอห้วยคต", "office": "สาขาหนองฉาง", "branch_code": "61020000", "name_short": "None", "price_new": 350, "price_old": 250, "width_m": 6, "pt_i": 59 }, "geometry": { "type": "Point", "coordinates": [ 99.614654807590853, 15.299565893669277 ] } },
{ "type": "Feature", "properties": { "road_key": "61020000ST046.2", "road_name": "ถนนสายบ้านตลาดใหม่ป่าผาก-บ้านสมอทอง ช่วงที่ 2", "road_no": "0", "aumpher": "อำเภอห้วยคต", "office": "สาขาหนองฉาง", "branch_code": "61020000", "name_short": "None", "price_new": 350, "price_old": 250, "width_m": 6, "pt_i": 60 }, "geometry": { "type": "Point", "coordinates": [ 99.615631720017277, 15.299038789374217 ] } },
{ "type": "Feature", "properties": { "road_key": "61020000ST046.3", "road_name": "ถนนสายบ้านตลาดใหม่ป่าผาก-บ้านสมอทอง ช่วงที่ 3", "road_no": "0", "aumpher": "อำเภอห้วยคต", "office": "สาขาหนองฉาง", "branch_code": "61020000", "name_short": "None", "price_new": 350, "price_old": 250, "width_m": 6, "pt_i": 0 }, "geometry": { "type": "Point", "coordinates": [ 99.562722565448539, 15.353749282217212 ] } },
{ "type": "Feature", "properties": { "road_key": "61020000ST046.3", "road_name": "ถนนสายบ้านตลาดใหม่ป่าผาก-บ้านสมอทอง ช่วงที่ 3", "road_no": "0", "aumpher": "อำเภอห้วยคต", "office": "สาขาหนองฉาง", "branch_code": "61020000", "name_short": "None", "price_new": 350, "price_old": 250, "width_m": 6, "pt_i": 1 }, "geometry": { "type": "Point", "coordinates": [ 99.563839561760815, 15.353761623842445 ] } },
{ "type": "Feature", "properties": { "road_key": "61020000ST046.3", "road_name": "ถนนสายบ้านตลาดใหม่ป่าผาก-บ้านสมอทอง ช่วงที่ 3", "road_no": "0", "aumpher": "อำเภอห้วยคต", "office": "สาขาหนองฉาง", "branch_code": "61020000", "name_short": "None", "price_new": 350, "price_old": 250, "width_m": 6, "pt_i": 2 }, "geometry": { "type": "Point", "coordinates": [ 99.564953973181289, 15.353679635894911 ] } },
{ "type": "Feature", "properties": { "road_key": "61020000ST046.3", "road_name": "ถนนสายบ้านตลาดใหม่ป่าผาก-บ้านสมอทอง ช่วงที่ 3", "road_no": "0", "aumpher": "อำเภอห้วยคต", "office": "สาขาหนองฉาง", "branch_code": "61020000", "name_short": "None", "price_new": 350, "price_old": 250, "width_m": 6, "pt_i": 3 }, "geometry": { "type": "Point", "coordinates": [ 99.566042677573989, 15.353443999628588 ] } },
{ "type": "Feature", "properties": { "road_key": "61020000ST046.3", "road_name": "ถนนสายบ้านตลาดใหม่ป่าผาก-บ้านสมอทอง ช่วงที่ 3", "road_no": "0", "aumpher": "อำเภอห้วยคต", "office": "สาขาหนองฉาง", "branch_code": "61020000", "name_short": "None", "price_new": 350, "price_old": 250, "width_m": 6, "pt_i": 4 }, "geometry": { "type": "Point", "coordinates": [ 99.567101659345383, 15.353097895061905 ] } },
{ "type": "Feature", "properties": { "road_key": "61020000ST046.3", "road_name": "ถนนสายบ้านตลาดใหม่ป่าผาก-บ้านสมอทอง ช่วงที่ 3", "road_no": "0", "aumpher": "อำเภอห้วยคต", "office": "สาขาหนองฉาง", "branch_code": "61020000", "name_short": "None", "price_new": 350, "price_old": 250, "width_m": 6, "pt_i": 5 }, "geometry": { "type": "Point", "coordinates": [ 99.568145822786846, 15.352710167613045 ] } },
{ "type": "Feature", "properties": { "road_key": "61020000ST046.3", "road_name": "ถนนสายบ้านตลาดใหม่ป่าผาก-บ้านสมอทอง ช่วงที่ 3", "road_no": "0", "aumpher": "อำเภอห้วยคต", "office": "สาขาหนองฉาง", "branch_code": "61020000", "name_short": "None", "price_new": 350, "price_old": 250, "width_m": 6, "pt_i": 6 }, "geometry": { "type": "Point", "coordinates": [ 99.569206357381262, 15.352368469535188 ] } },
{ "type": "Feature", "properties": { "road_key": "61020000ST046.3", "road_name": "ถนนสายบ้านตลาดใหม่ป่าผาก-บ้านสมอทอง ช่วงที่ 3", "road_no": "0", "aumpher": "อำเภอห้วยคต", "office": "สาขาหนองฉาง", "branch_code": "61020000", "name_short": "None", "price_new": 350, "price_old": 250, "width_m": 6, "pt_i": 7 }, "geometry": { "type": "Point", "coordinates": [ 99.570282272012008, 15.352074805955667 ] } },
{ "type": "Feature", "properties": { "road_key": "61020000ST046.3", "road_name": "ถนนสายบ้านตลาดใหม่ป่าผาก-บ้านสมอทอง ช่วงที่ 3", "road_no": "0", "aumpher": "อำเภอห้วยคต", "office": "สาขาหนองฉาง", "branch_code": "61020000", "name_short": "None", "price_new": 350, "price_old": 250, "width_m": 6, "pt_i": 8 }, "geometry": { "type": "Point", "coordinates": [ 99.571365417191345, 15.351806033617487 ] } },
{ "type": "Feature", "properties": { "road_key": "61020000ST046.3", "road_name": "ถนนสายบ้านตลาดใหม่ป่าผาก-บ้านสมอทอง ช่วงที่ 3", "road_no": "0", "aumpher": "อำเภอห้วยคต", "office": "สาขาหนองฉาง", "branch_code": "61020000", "name_short": "None", "price_new": 350, "price_old": 250, "width_m": 6, "pt_i": 9 }, "geometry": { "type": "Point", "coordinates": [ 99.57244712661624, 15.351531940824051 ] } },
{ "type": "Feature", "properties": { "road_key": "61020000ST046.3", "road_name": "ถนนสายบ้านตลาดใหม่ป่าผาก-บ้านสมอทอง ช่วงที่ 3", "road_no": "0", "aumpher": "อำเภอห้วยคต", "office": "สาขาหนองฉาง", "branch_code": "61020000", "name_short": "None", "price_new": 350, "price_old": 250, "width_m": 6, "pt_i": 10 }, "geometry": { "type": "Point", "coordinates": [ 99.573490953628706, 15.351161962658775 ] } },
{ "type": "Feature", "properties": { "road_key": "61020000ST046.3", "road_name": "ถนนสายบ้านตลาดใหม่ป่าผาก-บ้านสมอทอง ช่วงที่ 3", "road_no": "0", "aumpher": "อำเภอห้วยคต", "office": "สาขาหนองฉาง", "branch_code": "61020000", "name_short": "None", "price_new": 350, "price_old": 250, "width_m": 6, "pt_i": 11 }, "geometry": { "type": "Point", "coordinates": [ 99.574396081446409, 15.350525315289287 ] } },
{ "type": "Feature", "properties": { "road_key": "61020000ST046.3", "road_name": "ถนนสายบ้านตลาดใหม่ป่าผาก-บ้านสมอทอง ช่วงที่ 3", "road_no": "0", "aumpher": "อำเภอห้วยคต", "office": "สาขาหนองฉาง", "branch_code": "61020000", "name_short": "None", "price_new": 350, "price_old": 250, "width_m": 6, "pt_i": 12 }, "geometry": { "type": "Point", "coordinates": [ 99.575296952777563, 15.349882889679154 ] } },
{ "type": "Feature", "properties": { "road_key": "61020000ST046.3", "road_name": "ถนนสายบ้านตลาดใหม่ป่าผาก-บ้านสมอทอง ช่วงที่ 3", "road_no": "0", "aumpher": "อำเภอห้วยคต", "office": "สาขาหนองฉาง", "branch_code": "61020000", "name_short": "None", "price_new": 350, "price_old": 250, "width_m": 6, "pt_i": 13 }, "geometry": { "type": "Point", "coordinates": [ 99.576298536112745, 15.349408341958281 ] } },
{ "type": "Feature", "properties": { "road_key": "61020000ST046.3", "road_name": "ถนนสายบ้านตลาดใหม่ป่าผาก-บ้านสมอทอง ช่วงที่ 3", "road_no": "0", "aumpher": "อำเภอห้วยคต", "office": "สาขาหนองฉาง", "branch_code": "61020000", "name_short": "None", "price_new": 350, "price_old": 250, "width_m": 6, "pt_i": 14 }, "geometry": { "type": "Point", "coordinates": [ 99.577123013155756, 15.348725040536872 ] } },
{ "type": "Feature", "properties": { "road_key": "61020000ST046.3", "road_name": "ถนนสายบ้านตลาดใหม่ป่าผาก-บ้านสมอทอง ช่วงที่ 3", "road_no": "0", "aumpher": "อำเภอห้วยคต", "office": "สาขาหนองฉาง", "branch_code": "61020000", "name_short": "None", "price_new": 350, "price_old": 250, "width_m": 6, "pt_i": 15 }, "geometry": { "type": "Point", "coordinates": [ 99.577428739386519, 15.347755162720885 ] } },
{ "type": "Feature", "properties": { "road_key": "61020000ST046.3", "road_name": "ถนนสายบ้านตลาดใหม่ป่าผาก-บ้านสมอทอง ช่วงที่ 3", "road_no": "0", "aumpher": "อำเภอห้วยคต", "office": "สาขาหนองฉาง", "branch_code": "61020000", "name_short": "None", "price_new": 350, "price_old": 250, "width_m": 6, "pt_i": 16 }, "geometry": { "type": "Point", "coordinates": [ 99.577205885763959, 15.346694098282402 ] } },
{ "type": "Feature", "properties": { "road_key": "61020000ST046.3", "road_name": "ถนนสายบ้านตลาดใหม่ป่าผาก-บ้านสมอทอง ช่วงที่ 3", "road_no": "0", "aumpher": "อำเภอห้วยคต", "office": "สาขาหนองฉาง", "branch_code": "61020000", "name_short": "None", "price_new": 350, "price_old": 250, "width_m": 6, "pt_i": 17 }, "geometry": { "type": "Point", "coordinates": [ 99.57674234383758, 15.345709519683508 ] } },
{ "type": "Feature", "properties": { "road_key": "61020000ST046.4", "road_name": "ถนนสายบ้านตลาดใหม่ป่าผาก-บ้านสมอทอง ช่วงที่ 4", "road_no": "0", "aumpher": "อำเภอห้วยคต", "office": "สาขาหนองฉาง", "branch_code": "61020000", "name_short": "None", "price_new": 350, "price_old": 250, "width_m": 6, "pt_i": 0 }, "geometry": { "type": "Point", "coordinates": [ 99.531120730208002, 15.342010195393069 ] } },
{ "type": "Feature", "properties": { "road_key": "61020000ST046.4", "road_name": "ถนนสายบ้านตลาดใหม่ป่าผาก-บ้านสมอทอง ช่วงที่ 4", "road_no": "0", "aumpher": "อำเภอห้วยคต", "office": "สาขาหนองฉาง", "branch_code": "61020000", "name_short": "None", "price_new": 350, "price_old": 250, "width_m": 6, "pt_i": 1 }, "geometry": { "type": "Point", "coordinates": [ 99.531886650390675, 15.342800460364773 ] } },
{ "type": "Feature", "properties": { "road_key": "61020000ST046.4", "road_name": "ถนนสายบ้านตลาดใหม่ป่าผาก-บ้านสมอทอง ช่วงที่ 4", "road_no": "0", "aumpher": "อำเภอห้วยคต", "office": "สาขาหนองฉาง", "branch_code": "61020000", "name_short": "None", "price_new": 350, "price_old": 250, "width_m": 6, "pt_i": 2 }, "geometry": { "type": "Point", "coordinates": [ 99.532648896592917, 15.343594064816788 ] } },
{ "type": "Feature", "properties": { "road_key": "61020000ST046.4", "road_name": "ถนนสายบ้านตลาดใหม่ป่าผาก-บ้านสมอทอง ช่วงที่ 4", "road_no": "0", "aumpher": "อำเภอห้วยคต", "office": "สาขาหนองฉาง", "branch_code": "61020000", "name_short": "None", "price_new": 350, "price_old": 250, "width_m": 6, "pt_i": 3 }, "geometry": { "type": "Point", "coordinates": [ 99.533318202879812, 15.344462579419035 ] } },
{ "type": "Feature", "properties": { "road_key": "61020000ST046.4", "road_name": "ถนนสายบ้านตลาดใหม่ป่าผาก-บ้านสมอทอง ช่วงที่ 4", "road_no": "0", "aumpher": "อำเภอห้วยคต", "office": "สาขาหนองฉาง", "branch_code": "61020000", "name_short": "None", "price_new": 350, "price_old": 250, "width_m": 6, "pt_i": 4 }, "geometry": { "type": "Point", "coordinates": [ 99.534002530166163, 15.34532044519578 ] } },
{ "type": "Feature", "properties": { "road_key": "61020000ST046.4", "road_name": "ถนนสายบ้านตลาดใหม่ป่าผาก-บ้านสมอทอง ช่วงที่ 4", "road_no": "0", "aumpher": "อำเภอห้วยคต", "office": "สาขาหนองฉาง", "branch_code": "61020000", "name_short": "None", "price_new": 350, "price_old": 250, "width_m": 6, "pt_i": 5 }, "geometry": { "type": "Point", "coordinates": [ 99.534690806902333, 15.346175345726623 ] } },
{ "type": "Feature", "properties": { "road_key": "61020000ST046.4", "road_name": "ถนนสายบ้านตลาดใหม่ป่าผาก-บ้านสมอทอง ช่วงที่ 4", "road_no": "0", "aumpher": "อำเภอห้วยคต", "office": "สาขาหนองฉาง", "branch_code": "61020000", "name_short": "None", "price_new": 350, "price_old": 250, "width_m": 6, "pt_i": 6 }, "geometry": { "type": "Point", "coordinates": [ 99.535375731622224, 15.347032587339992 ] } },
{ "type": "Feature", "properties": { "road_key": "61020000ST046.4", "road_name": "ถนนสายบ้านตลาดใหม่ป่าผาก-บ้านสมอทอง ช่วงที่ 4", "road_no": "0", "aumpher": "อำเภอห้วยคต", "office": "สาขาหนองฉาง", "branch_code": "61020000", "name_short": "None", "price_new": 350, "price_old": 250, "width_m": 6, "pt_i": 7 }, "geometry": { "type": "Point", "coordinates": [ 99.53613110417966, 15.347826745355709 ] } },
{ "type": "Feature", "properties": { "road_key": "61020000ST046.4", "road_name": "ถนนสายบ้านตลาดใหม่ป่าผาก-บ้านสมอทอง ช่วงที่ 4", "road_no": "0", "aumpher": "อำเภอห้วยคต", "office": "สาขาหนองฉาง", "branch_code": "61020000", "name_short": "None", "price_new": 350, "price_old": 250, "width_m": 6, "pt_i": 8 }, "geometry": { "type": "Point", "coordinates": [ 99.537016717103356, 15.348488743583101 ] } },
{ "type": "Feature", "properties": { "road_key": "61020000ST046.4", "road_name": "ถนนสายบ้านตลาดใหม่ป่าผาก-บ้านสมอทอง ช่วงที่ 4", "road_no": "0", "aumpher": "อำเภอห้วยคต", "office": "สาขาหนองฉาง", "branch_code": "61020000", "name_short": "None", "price_new": 350, "price_old": 250, "width_m": 6, "pt_i": 9 }, "geometry": { "type": "Point", "coordinates": [ 99.537945379160448, 15.349076674031732 ] } },
{ "type": "Feature", "properties": { "road_key": "61020000ST046.4", "road_name": "ถนนสายบ้านตลาดใหม่ป่าผาก-บ้านสมอทอง ช่วงที่ 4", "road_no": "0", "aumpher": "อำเภอห้วยคต", "office": "สาขาหนองฉาง", "branch_code": "61020000", "name_short": "None", "price_new": 350, "price_old": 250, "width_m": 6, "pt_i": 10 }, "geometry": { "type": "Point", "coordinates": [ 99.539023165511338, 15.349363768551463 ] } },
{ "type": "Feature", "properties": { "road_key": "61020000ST046.4", "road_name": "ถนนสายบ้านตลาดใหม่ป่าผาก-บ้านสมอทอง ช่วงที่ 4", "road_no": "0", "aumpher": "อำเภอห้วยคต", "office": "สาขาหนองฉาง", "branch_code": "61020000", "name_short": "None", "price_new": 350, "price_old": 250, "width_m": 6, "pt_i": 11 }, "geometry": { "type": "Point", "coordinates": [ 99.540131079962066, 15.349483839790805 ] } },
{ "type": "Feature", "properties": { "road_key": "61020000ST046.4", "road_name": "ถนนสายบ้านตลาดใหม่ป่าผาก-บ้านสมอทอง ช่วงที่ 4", "road_no": "0", "aumpher": "อำเภอห้วยคต", "office": "สาขาหนองฉาง", "branch_code": "61020000", "name_short": "None", "price_new": 350, "price_old": 250, "width_m": 6, "pt_i": 12 }, "geometry": { "type": "Point", "coordinates": [ 99.541245969468378, 15.349563705672548 ] } },
{ "type": "Feature", "properties": { "road_key": "61020000ST046.4", "road_name": "ถนนสายบ้านตลาดใหม่ป่าผาก-บ้านสมอทอง ช่วงที่ 4", "road_no": "0", "aumpher": "อำเภอห้วยคต", "office": "สาขาหนองฉาง", "branch_code": "61020000", "name_short": "None", "price_new": 350, "price_old": 250, "width_m": 6, "pt_i": 13 }, "geometry": { "type": "Point", "coordinates": [ 99.542359932456634, 15.349655725264412 ] } },
{ "type": "Feature", "properties": { "road_key": "61020000ST046.4", "road_name": "ถนนสายบ้านตลาดใหม่ป่าผาก-บ้านสมอทอง ช่วงที่ 4", "road_no": "0", "aumpher": "อำเภอห้วยคต", "office": "สาขาหนองฉาง", "branch_code": "61020000", "name_short": "None", "price_new": 350, "price_old": 250, "width_m": 6, "pt_i": 14 }, "geometry": { "type": "Point", "coordinates": [ 99.54347543361979, 15.349727501825177 ] } },
{ "type": "Feature", "properties": { "road_key": "61020000ST046.4", "road_name": "ถนนสายบ้านตลาดใหม่ป่าผาก-บ้านสมอทอง ช่วงที่ 4", "road_no": "0", "aumpher": "อำเภอห้วยคต", "office": "สาขาหนองฉาง", "branch_code": "61020000", "name_short": "None", "price_new": 350, "price_old": 250, "width_m": 6, "pt_i": 15 }, "geometry": { "type": "Point", "coordinates": [ 99.544590936635259, 15.349799427198857 ] } },
{ "type": "Feature", "properties": { "road_key": "61020000ST046.4", "road_name": "ถนนสายบ้านตลาดใหม่ป่าผาก-บ้านสมอทอง ช่วงที่ 4", "road_no": "0", "aumpher": "อำเภอห้วยคต", "office": "สาขาหนองฉาง", "branch_code": "61020000", "name_short": "None", "price_new": 350, "price_old": 250, "width_m": 6, "pt_i": 16 }, "geometry": { "type": "Point", "coordinates": [ 99.545705420755453, 15.349885307675088 ] } },
{ "type": "Feature", "properties": { "road_key": "61020000ST046.4", "road_name": "ถนนสายบ้านตลาดใหม่ป่าผาก-บ้านสมอทอง ช่วงที่ 4", "road_no": "0", "aumpher": "อำเภอห้วยคต", "office": "สาขาหนองฉาง", "branch_code": "61020000", "name_short": "None", "price_new": 350, "price_old": 250, "width_m": 6, "pt_i": 17 }, "geometry": { "type": "Point", "coordinates": [ 99.5468199055951, 15.349971182551904 ] } },
{ "type": "Feature", "properties": { "road_key": "61020000ST046.4", "road_name": "ถนนสายบ้านตลาดใหม่ป่าผาก-บ้านสมอทอง ช่วงที่ 4", "road_no": "0", "aumpher": "อำเภอห้วยคต", "office": "สาขาหนองฉาง", "branch_code": "61020000", "name_short": "None", "price_new": 350, "price_old": 250, "width_m": 6, "pt_i": 18 }, "geometry": { "type": "Point", "coordinates": [ 99.547935174200362, 15.350046473323376 ] } },
{ "type": "Feature", "properties": { "road_key": "61020000ST046.4", "road_name": "ถนนสายบ้านตลาดใหม่ป่าผาก-บ้านสมอทอง ช่วงที่ 4", "road_no": "0", "aumpher": "อำเภอห้วยคต", "office": "สาขาหนองฉาง", "branch_code": "61020000", "name_short": "None", "price_new": 350, "price_old": 250, "width_m": 6, "pt_i": 19 }, "geometry": { "type": "Point", "coordinates": [ 99.549048498235038, 15.350132980253989 ] } },
{ "type": "Feature", "properties": { "road_key": "61020000ST046.4", "road_name": "ถนนสายบ้านตลาดใหม่ป่าผาก-บ้านสมอทอง ช่วงที่ 4", "road_no": "0", "aumpher": "อำเภอห้วยคต", "office": "สาขาหนองฉาง", "branch_code": "61020000", "name_short": "None", "price_new": 350, "price_old": 250, "width_m": 6, "pt_i": 20 }, "geometry": { "type": "Point", "coordinates": [ 99.550119670352359, 15.350429027263795 ] } },
{ "type": "Feature", "properties": { "road_key": "61020000ST046.4", "road_name": "ถนนสายบ้านตลาดใหม่ป่าผาก-บ้านสมอทอง ช่วงที่ 4", "road_no": "0", "aumpher": "อำเภอห้วยคต", "office": "สาขาหนองฉาง", "branch_code": "61020000", "name_short": "None", "price_new": 350, "price_old": 250, "width_m": 6, "pt_i": 21 }, "geometry": { "type": "Point", "coordinates": [ 99.551067370844251, 15.351004011218716 ] } },
{ "type": "Feature", "properties": { "road_key": "61020000ST046.4", "road_name": "ถนนสายบ้านตลาดใหม่ป่าผาก-บ้านสมอทอง ช่วงที่ 4", "road_no": "0", "aumpher": "อำเภอห้วยคต", "office": "สาขาหนองฉาง", "branch_code": "61020000", "name_short": "None", "price_new": 350, "price_old": 250, "width_m": 6, "pt_i": 22 }, "geometry": { "type": "Point", "coordinates": [ 99.551997937158802, 15.351605242181906 ] } },
{ "type": "Feature", "properties": { "road_key": "61020000ST046.4", "road_name": "ถนนสายบ้านตลาดใหม่ป่าผาก-บ้านสมอทอง ช่วงที่ 4", "road_no": "0", "aumpher": "อำเภอห้วยคต", "office": "สาขาหนองฉาง", "branch_code": "61020000", "name_short": "None", "price_new": 350, "price_old": 250, "width_m": 6, "pt_i": 23 }, "geometry": { "type": "Point", "coordinates": [ 99.552934838858619, 15.35219719803268 ] } },
{ "type": "Feature", "properties": { "road_key": "61020000ST046.4", "road_name": "ถนนสายบ้านตลาดใหม่ป่าผาก-บ้านสมอทอง ช่วงที่ 4", "road_no": "0", "aumpher": "อำเภอห้วยคต", "office": "สาขาหนองฉาง", "branch_code": "61020000", "name_short": "None", "price_new": 350, "price_old": 250, "width_m": 6, "pt_i": 24 }, "geometry": { "type": "Point", "coordinates": [ 99.553896462771007, 15.352745825099079 ] } },
{ "type": "Feature", "properties": { "road_key": "61020000ST046.4", "road_name": "ถนนสายบ้านตลาดใหม่ป่าผาก-บ้านสมอทอง ช่วงที่ 4", "road_no": "0", "aumpher": "อำเภอห้วยคต", "office": "สาขาหนองฉาง", "branch_code": "61020000", "name_short": "None", "price_new": 350, "price_old": 250, "width_m": 6, "pt_i": 25 }, "geometry": { "type": "Point", "coordinates": [ 99.55499850461689, 15.352917532491404 ] } },
{ "type": "Feature", "properties": { "road_key": "61020000ST046.4", "road_name": "ถนนสายบ้านตลาดใหม่ป่าผาก-บ้านสมอทอง ช่วงที่ 4", "road_no": "0", "aumpher": "อำเภอห้วยคต", "office": "สาขาหนองฉาง", "branch_code": "61020000", "name_short": "None", "price_new": 350, "price_old": 250, "width_m": 6, "pt_i": 26 }, "geometry": { "type": "Point", "coordinates": [ 99.556107209078561, 15.353057194247469 ] } },
{ "type": "Feature", "properties": { "road_key": "61020000ST046.4", "road_name": "ถนนสายบ้านตลาดใหม่ป่าผาก-บ้านสมอทอง ช่วงที่ 4", "road_no": "0", "aumpher": "อำเภอห้วยคต", "office": "สาขาหนองฉาง", "branch_code": "61020000", "name_short": "None", "price_new": 350, "price_old": 250, "width_m": 6, "pt_i": 27 }, "geometry": { "type": "Point", "coordinates": [ 99.557216030226996, 15.353195984437667 ] } },
{ "type": "Feature", "properties": { "road_key": "61020000ST046.4", "road_name": "ถนนสายบ้านตลาดใหม่ป่าผาก-บ้านสมอทอง ช่วงที่ 4", "road_no": "0", "aumpher": "อำเภอห้วยคต", "office": "สาขาหนองฉาง", "branch_code": "61020000", "name_short": "None", "price_new": 350, "price_old": 250, "width_m": 6, "pt_i": 28 }, "geometry": { "type": "Point", "coordinates": [ 99.558324878064724, 15.35333457833511 ] } },
{ "type": "Feature", "properties": { "road_key": "61020000ST046.4", "road_name": "ถนนสายบ้านตลาดใหม่ป่าผาก-บ้านสมอทอง ช่วงที่ 4", "road_no": "0", "aumpher": "อำเภอห้วยคต", "office": "สาขาหนองฉาง", "branch_code": "61020000", "name_short": "None", "price_new": 350, "price_old": 250, "width_m": 6, "pt_i": 29 }, "geometry": { "type": "Point", "coordinates": [ 99.559435878250923, 15.353454268948237 ] } },
{ "type": "Feature", "properties": { "road_key": "61020000ST046.4", "road_name": "ถนนสายบ้านตลาดใหม่ป่าผาก-บ้านสมอทอง ช่วงที่ 4", "road_no": "0", "aumpher": "อำเภอห้วยคต", "office": "สาขาหนองฉาง", "branch_code": "61020000", "name_short": "None", "price_new": 350, "price_old": 250, "width_m": 6, "pt_i": 30 }, "geometry": { "type": "Point", "coordinates": [ 99.560549168258731, 15.35355384583762 ] } },
{ "type": "Feature", "properties": { "road_key": "61020000ST046.4", "road_name": "ถนนสายบ้านตลาดใหม่ป่าผาก-บ้านสมอทอง ช่วงที่ 4", "road_no": "0", "aumpher": "อำเภอห้วยคต", "office": "สาขาหนองฉาง", "branch_code": "61020000", "name_short": "None", "price_new": 350, "price_old": 250, "width_m": 6, "pt_i": 31 }, "geometry": { "type": "Point", "coordinates": [ 99.561662132635206, 15.353656710382008 ] } },
{ "type": "Feature", "properties": { "road_key": "61020000ST047", "road_name": "ถนนสายบ้านตลิ่งสูง-บ้านกูเหม็นบน", "road_no": "0", "aumpher": "อำเภอห้วยคต", "office": "สาขาหนองฉาง", "branch_code": "61020000", "name_short": "None", "price_new": 250, "price_old": 250, "width_m": 4, "pt_i": 0 }, "geometry": { "type": "Point", "coordinates": [ 99.51664219819034, 15.304055631728103 ] } },
{ "type": "Feature", "properties": { "road_key": "61020000ST047", "road_name": "ถนนสายบ้านตลิ่งสูง-บ้านกูเหม็นบน", "road_no": "0", "aumpher": "อำเภอห้วยคต", "office": "สาขาหนองฉาง", "branch_code": "61020000", "name_short": "None", "price_new": 250, "price_old": 250, "width_m": 4, "pt_i": 1 }, "geometry": { "type": "Point", "coordinates": [ 99.515558375188263, 15.304320659247869 ] } },
{ "type": "Feature", "properties": { "road_key": "61020000ST047", "road_name": "ถนนสายบ้านตลิ่งสูง-บ้านกูเหม็นบน", "road_no": "0", "aumpher": "อำเภอห้วยคต", "office": "สาขาหนองฉาง", "branch_code": "61020000", "name_short": "None", "price_new": 250, "price_old": 250, "width_m": 4, "pt_i": 2 }, "geometry": { "type": "Point", "coordinates": [ 99.514464782602758, 15.304543642273085 ] } },
{ "type": "Feature", "properties": { "road_key": "61020000ST047", "road_name": "ถนนสายบ้านตลิ่งสูง-บ้านกูเหม็นบน", "road_no": "0", "aumpher": "อำเภอห้วยคต", "office": "สาขาหนองฉาง", "branch_code": "61020000", "name_short": "None", "price_new": 250, "price_old": 250, "width_m": 4, "pt_i": 3 }, "geometry": { "type": "Point", "coordinates": [ 99.513372916330468, 15.304404735305996 ] } },
{ "type": "Feature", "properties": { "road_key": "61020000ST047", "road_name": "ถนนสายบ้านตลิ่งสูง-บ้านกูเหม็นบน", "road_no": "0", "aumpher": "อำเภอห้วยคต", "office": "สาขาหนองฉาง", "branch_code": "61020000", "name_short": "None", "price_new": 250, "price_old": 250, "width_m": 4, "pt_i": 4 }, "geometry": { "type": "Point", "coordinates": [ 99.512315703825053, 15.30433170205748 ] } },
{ "type": "Feature", "properties": { "road_key": "61020000ST047", "road_name": "ถนนสายบ้านตลิ่งสูง-บ้านกูเหม็นบน", "road_no": "0", "aumpher": "อำเภอห้วยคต", "office": "สาขาหนองฉาง", "branch_code": "61020000", "name_short": "None", "price_new": 250, "price_old": 250, "width_m": 4, "pt_i": 5 }, "geometry": { "type": "Point", "coordinates": [ 99.511540981083186, 15.305106574387523 ] } },
{ "type": "Feature", "properties": { "road_key": "61020000ST047", "road_name": "ถนนสายบ้านตลิ่งสูง-บ้านกูเหม็นบน", "road_no": "0", "aumpher": "อำเภอห้วยคต", "office": "สาขาหนองฉาง", "branch_code": "61020000", "name_short": "None", "price_new": 250, "price_old": 250, "width_m": 4, "pt_i": 6 }, "geometry": { "type": "Point", "coordinates": [ 99.510444256813798, 15.305174085640331 ] } },
{ "type": "Feature", "properties": { "road_key": "61020000ST047", "road_name": "ถนนสายบ้านตลิ่งสูง-บ้านกูเหม็นบน", "road_no": "0", "aumpher": "อำเภอห้วยคต", "office": "สาขาหนองฉาง", "branch_code": "61020000", "name_short": "None", "price_new": 250, "price_old": 250, "width_m": 4, "pt_i": 7 }, "geometry": { "type": "Point", "coordinates": [ 99.509979231004806, 15.304276636954638 ] } },
{ "type": "Feature", "properties": { "road_key": "61020000ST047", "road_name": "ถนนสายบ้านตลิ่งสูง-บ้านกูเหม็นบน", "road_no": "0", "aumpher": "อำเภอห้วยคต", "office": "สาขาหนองฉาง", "branch_code": "61020000", "name_short": "None", "price_new": 250, "price_old": 250, "width_m": 4, "pt_i": 8 }, "geometry": { "type": "Point", "coordinates": [ 99.508870802048023, 15.304389194686109 ] } },
{ "type": "Feature", "properties": { "road_key": "61020000ST047", "road_name": "ถนนสายบ้านตลิ่งสูง-บ้านกูเหม็นบน", "road_no": "0", "aumpher": "อำเภอห้วยคต", "office": "สาขาหนองฉาง", "branch_code": "61020000", "name_short": "None", "price_new": 250, "price_old": 250, "width_m": 4, "pt_i": 0 }, "geometry": { "type": "Point", "coordinates": [ 99.534771495091462, 15.308445001044454 ] } },
{ "type": "Feature", "properties": { "road_key": "61020000ST047", "road_name": "ถนนสายบ้านตลิ่งสูง-บ้านกูเหม็นบน", "road_no": "0", "aumpher": "อำเภอห้วยคต", "office": "สาขาหนองฉาง", "branch_code": "61020000", "name_short": "None", "price_new": 250, "price_old": 250, "width_m": 4, "pt_i": 1 }, "geometry": { "type": "Point", "coordinates": [ 99.534886907074011, 15.307375216222432 ] } },
{ "type": "Feature", "properties": { "road_key": "61020000ST047", "road_name": "ถนนสายบ้านตลิ่งสูง-บ้านกูเหม็นบน", "road_no": "0", "aumpher": "อำเภอห้วยคต", "office": "สาขาหนองฉาง", "branch_code": "61020000", "name_short": "None", "price_new": 250, "price_old": 250, "width_m": 4, "pt_i": 2 }, "geometry": { "type": "Point", "coordinates": [ 99.534905330310622, 15.306293300371225 ] } },
{ "type": "Feature", "properties": { "road_key": "61020000ST047", "road_name": "ถนนสายบ้านตลิ่งสูง-บ้านกูเหม็นบน", "road_no": "0", "aumpher": "อำเภอห้วยคต", "office": "สาขาหนองฉาง", "branch_code": "61020000", "name_short": "None", "price_new": 250, "price_old": 250, "width_m": 4, "pt_i": 3 }, "geometry": { "type": "Point", "coordinates": [ 99.535195423404005, 15.305245728259898 ] } },
{ "type": "Feature", "properties": { "road_key": "61020000ST047", "road_name": "ถนนสายบ้านตลิ่งสูง-บ้านกูเหม็นบน", "road_no": "0", "aumpher": "อำเภอห้วยคต", "office": "สาขาหนองฉาง", "branch_code": "61020000", "name_short": "None", "price_new": 250, "price_old": 250, "width_m": 4, "pt_i": 4 }, "geometry": { "type": "Point", "coordinates": [ 99.534749774151152, 15.304355048239323 ] } },
{ "type": "Feature", "properties": { "road_key": "61020000ST047", "road_name": "ถนนสายบ้านตลิ่งสูง-บ้านกูเหม็นบน", "road_no": "0", "aumpher": "อำเภอห้วยคต", "office": "สาขาหนองฉาง", "branch_code": "61020000", "name_short": "None", "price_new": 250, "price_old": 250, "width_m": 4, "pt_i": 5 }, "geometry": { "type": "Point", "coordinates": [ 99.533836147035018, 15.303741907840898 ] } },
{ "type": "Feature", "properties": { "road_key": "61020000ST047", "road_name": "ถนนสายบ้านตลิ่งสูง-บ้านกูเหม็นบน", "road_no": "0", "aumpher": "อำเภอห้วยคต", "office": "สาขาหนองฉาง", "branch_code": "61020000", "name_short": "None", "price_new": 250, "price_old": 250, "width_m": 4, "pt_i": 6 }, "geometry": { "type": "Point", "coordinates": [ 99.533139409822894, 15.302905379100759 ] } },
{ "type": "Feature", "properties": { "road_key": "61020000ST047", "road_name": "ถนนสายบ้านตลิ่งสูง-บ้านกูเหม็นบน", "road_no": "0", "aumpher": "อำเภอห้วยคต", "office": "สาขาหนองฉาง", "branch_code": "61020000", "name_short": "None", "price_new": 250, "price_old": 250, "width_m": 4, "pt_i": 7 }, "geometry": { "type": "Point", "coordinates": [ 99.532899251429271, 15.301856652662721 ] } },
{ "type": "Feature", "properties": { "road_key": "61020000ST047", "road_name": "ถนนสายบ้านตลิ่งสูง-บ้านกูเหม็นบน", "road_no": "0", "aumpher": "อำเภอห้วยคต", "office": "สาขาหนองฉาง", "branch_code": "61020000", "name_short": "None", "price_new": 250, "price_old": 250, "width_m": 4, "pt_i": 8 }, "geometry": { "type": "Point", "coordinates": [ 99.532793175684731, 15.300777310136189 ] } },
{ "type": "Feature", "properties": { "road_key": "61020000ST047", "road_name": "ถนนสายบ้านตลิ่งสูง-บ้านกูเหม็นบน", "road_no": "0", "aumpher": "อำเภอห้วยคต", "office": "สาขาหนองฉาง", "branch_code": "61020000", "name_short": "None", "price_new": 250, "price_old": 250, "width_m": 4, "pt_i": 9 }, "geometry": { "type": "Point", "coordinates": [ 99.532621659800171, 15.29970528422824 ] } },
{ "type": "Feature", "properties": { "road_key": "61020000ST047", "road_name": "ถนนสายบ้านตลิ่งสูง-บ้านกูเหม็นบน", "road_no": "0", "aumpher": "อำเภอห้วยคต", "office": "สาขาหนองฉาง", "branch_code": "61020000", "name_short": "None", "price_new": 250, "price_old": 250, "width_m": 4, "pt_i": 10 }, "geometry": { "type": "Point", "coordinates": [ 99.532309386650297, 15.298669672273483 ] } },
{ "type": "Feature", "properties": { "road_key": "61020000ST047", "road_name": "ถนนสายบ้านตลิ่งสูง-บ้านกูเหม็นบน", "road_no": "0", "aumpher": "อำเภอห้วยคต", "office": "สาขาหนองฉาง", "branch_code": "61020000", "name_short": "None", "price_new": 250, "price_old": 250, "width_m": 4, "pt_i": 11 }, "geometry": { "type": "Point", "coordinates": [ 99.531688243702305, 15.297768606489084 ] } },
{ "type": "Feature", "properties": { "road_key": "61020000ST047", "road_name": "ถนนสายบ้านตลิ่งสูง-บ้านกูเหม็นบน", "road_no": "0", "aumpher": "อำเภอห้วยคต", "office": "สาขาหนองฉาง", "branch_code": "61020000", "name_short": "None", "price_new": 250, "price_old": 250, "width_m": 4, "pt_i": 12 }, "geometry": { "type": "Point", "coordinates": [ 99.530955672177697, 15.296966228781598 ] } },
{ "type": "Feature", "properties": { "road_key": "61020000ST047", "road_name": "ถนนสายบ้านตลิ่งสูง-บ้านกูเหม็นบน", "road_no": "0", "aumpher": "อำเภอห้วยคต", "office": "สาขาหนองฉาง", "branch_code": "61020000", "name_short": "None", "price_new": 250, "price_old": 250, "width_m": 4, "pt_i": 13 }, "geometry": { "type": "Point", "coordinates": [ 99.5298939302631, 15.296667535041962 ] } },
{ "type": "Feature", "properties": { "road_key": "61020000ST047", "road_name": "ถนนสายบ้านตลิ่งสูง-บ้านกูเหม็นบน", "road_no": "0", "aumpher": "อำเภอห้วยคต", "office": "สาขาหนองฉาง", "branch_code": "61020000", "name_short": "None", "price_new": 250, "price_old": 250, "width_m": 4, "pt_i": 14 }, "geometry": { "type": "Point", "coordinates": [ 99.529105355290866, 15.295905480451511 ] } },
{ "type": "Feature", "properties": { "road_key": "61020000ST047", "road_name": "ถนนสายบ้านตลิ่งสูง-บ้านกูเหม็นบน", "road_no": "0", "aumpher": "อำเภอห้วยคต", "office": "สาขาหนองฉาง", "branch_code": "61020000", "name_short": "None", "price_new": 250, "price_old": 250, "width_m": 4, "pt_i": 15 }, "geometry": { "type": "Point", "coordinates": [ 99.528185187460537, 15.295375679277093 ] } },
{ "type": "Feature", "properties": { "road_key": "61020000ST047", "road_name": "ถนนสายบ้านตลิ่งสูง-บ้านกูเหม็นบน", "road_no": "0", "aumpher": "อำเภอห้วยคต", "office": "สาขาหนองฉาง", "branch_code": "61020000", "name_short": "None", "price_new": 250, "price_old": 250, "width_m": 4, "pt_i": 16 }, "geometry": { "type": "Point", "coordinates": [ 99.52726598177, 15.294779462029277 ] } },
{ "type": "Feature", "properties": { "road_key": "61020000ST047", "road_name": "ถนนสายบ้านตลิ่งสูง-บ้านกูเหม็นบน", "road_no": "0", "aumpher": "อำเภอห้วยคต", "office": "สาขาหนองฉาง", "branch_code": "61020000", "name_short": "None", "price_new": 250, "price_old": 250, "width_m": 4, "pt_i": 17 }, "geometry": { "type": "Point", "coordinates": [ 99.52626553727417, 15.294366036519975 ] } },
{ "type": "Feature", "properties": { "road_key": "61020000ST047", "road_name": "ถนนสายบ้านตลิ่งสูง-บ้านกูเหม็นบน", "road_no": "0", "aumpher": "อำเภอห้วยคต", "office": "สาขาหนองฉาง", "branch_code": "61020000", "name_short": "None", "price_new": 250, "price_old": 250, "width_m": 4, "pt_i": 18 }, "geometry": { "type": "Point", "coordinates": [ 99.525554584229553, 15.293533613854054 ] } },
{ "type": "Feature", "properties": { "road_key": "61020000ST047", "road_name": "ถนนสายบ้านตลิ่งสูง-บ้านกูเหม็นบน", "road_no": "0", "aumpher": "อำเภอห้วยคต", "office": "สาขาหนองฉาง", "branch_code": "61020000", "name_short": "None", "price_new": 250, "price_old": 250, "width_m": 4, "pt_i": 19 }, "geometry": { "type": "Point", "coordinates": [ 99.524693314237695, 15.292868681085842 ] } },
{ "type": "Feature", "properties": { "road_key": "61020000ST047", "road_name": "ถนนสายบ้านตลิ่งสูง-บ้านกูเหม็นบน", "road_no": "0", "aumpher": "อำเภอห้วยคต", "office": "สาขาหนองฉาง", "branch_code": "61020000", "name_short": "None", "price_new": 250, "price_old": 250, "width_m": 4, "pt_i": 20 }, "geometry": { "type": "Point", "coordinates": [ 99.523707222959658, 15.293005239657683 ] } },
{ "type": "Feature", "properties": { "road_key": "61020000ST047", "road_name": "ถนนสายบ้านตลิ่งสูง-บ้านกูเหม็นบน", "road_no": "0", "aumpher": "อำเภอห้วยคต", "office": "สาขาหนองฉาง", "branch_code": "61020000", "name_short": "None", "price_new": 250, "price_old": 250, "width_m": 4, "pt_i": 21 }, "geometry": { "type": "Point", "coordinates": [ 99.523227938938973, 15.293961490068142 ] } },
{ "type": "Feature", "properties": { "road_key": "61020000ST047", "road_name": "ถนนสายบ้านตลิ่งสูง-บ้านกูเหม็นบน", "road_no": "0", "aumpher": "อำเภอห้วยคต", "office": "สาขาหนองฉาง", "branch_code": "61020000", "name_short": "None", "price_new": 250, "price_old": 250, "width_m": 4, "pt_i": 22 }, "geometry": { "type": "Point", "coordinates": [ 99.522587156748074, 15.294769326846279 ] } },
{ "type": "Feature", "properties": { "road_key": "61020000ST047", "road_name": "ถนนสายบ้านตลิ่งสูง-บ้านกูเหม็นบน", "road_no": "0", "aumpher": "อำเภอห้วยคต", "office": "สาขาหนองฉาง", "branch_code": "61020000", "name_short": "None", "price_new": 250, "price_old": 250, "width_m": 4, "pt_i": 23 }, "geometry": { "type": "Point", "coordinates": [ 99.522308623930499, 15.295763236616304 ] } },
{ "type": "Feature", "properties": { "road_key": "61020000ST047", "road_name": "ถนนสายบ้านตลิ่งสูง-บ้านกูเหม็นบน", "road_no": "0", "aumpher": "อำเภอห้วยคต", "office": "สาขาหนองฉาง", "branch_code": "61020000", "name_short": "None", "price_new": 250, "price_old": 250, "width_m": 4, "pt_i": 24 }, "geometry": { "type": "Point", "coordinates": [ 99.521954355368365, 15.296707962648822 ] } },
{ "type": "Feature", "properties": { "road_key": "61020000ST047", "road_name": "ถนนสายบ้านตลิ่งสูง-บ้านกูเหม็นบน", "road_no": "0", "aumpher": "อำเภอห้วยคต", "office": "สาขาหนองฉาง", "branch_code": "61020000", "name_short": "None", "price_new": 250, "price_old": 250, "width_m": 4, "pt_i": 25 }, "geometry": { "type": "Point", "coordinates": [ 99.520967399621853, 15.297212617345895 ] } },
{ "type": "Feature", "properties": { "road_key": "61020000ST047", "road_name": "ถนนสายบ้านตลิ่งสูง-บ้านกูเหม็นบน", "road_no": "0", "aumpher": "อำเภอห้วยคต", "office": "สาขาหนองฉาง", "branch_code": "61020000", "name_short": "None", "price_new": 250, "price_old": 250, "width_m": 4, "pt_i": 26 }, "geometry": { "type": "Point", "coordinates": [ 99.520123836882021, 15.297910394923786 ] } },
{ "type": "Feature", "properties": { "road_key": "61020000ST047", "road_name": "ถนนสายบ้านตลิ่งสูง-บ้านกูเหม็นบน", "road_no": "0", "aumpher": "อำเภอห้วยคต", "office": "สาขาหนองฉาง", "branch_code": "61020000", "name_short": "None", "price_new": 250, "price_old": 250, "width_m": 4, "pt_i": 27 }, "geometry": { "type": "Point", "coordinates": [ 99.519477285100734, 15.298794731964389 ] } },
{ "type": "Feature", "properties": { "road_key": "61020000ST047", "road_name": "ถนนสายบ้านตลิ่งสูง-บ้านกูเหม็นบน", "road_no": "0", "aumpher": "อำเภอห้วยคต", "office": "สาขาหนองฉาง", "branch_code": "61020000", "name_short": "None", "price_new": 250, "price_old": 250, "width_m": 4, "pt_i": 28 }, "geometry": { "type": "Point", "coordinates": [ 99.51895883738564, 15.299750753606672 ] } },
{ "type": "Feature", "properties": { "road_key": "61020000ST047", "road_name": "ถนนสายบ้านตลิ่งสูง-บ้านกูเหม็นบน", "road_no": "0", "aumpher": "อำเภอห้วยคต", "office": "สาขาหนองฉาง", "branch_code": "61020000", "name_short": "None", "price_new": 250, "price_old": 250, "width_m": 4, "pt_i": 29 }, "geometry": { "type": "Point", "coordinates": [ 99.518623640897246, 15.300783868881281 ] } },
{ "type": "Feature", "properties": { "road_key": "61020000ST047", "road_name": "ถนนสายบ้านตลิ่งสูง-บ้านกูเหม็นบน", "road_no": "0", "aumpher": "อำเภอห้วยคต", "office": "สาขาหนองฉาง", "branch_code": "61020000", "name_short": "None", "price_new": 250, "price_old": 250, "width_m": 4, "pt_i": 30 }, "geometry": { "type": "Point", "coordinates": [ 99.518263352360975, 15.301809592094676 ] } },
{ "type": "Feature", "properties": { "road_key": "61020000ST047", "road_name": "ถนนสายบ้านตลิ่งสูง-บ้านกูเหม็นบน", "road_no": "0", "aumpher": "อำเภอห้วยคต", "office": "สาขาหนองฉาง", "branch_code": "61020000", "name_short": "None", "price_new": 250, "price_old": 250, "width_m": 4, "pt_i": 31 }, "geometry": { "type": "Point", "coordinates": [ 99.517676279247354, 15.30273115207512 ] } },
{ "type": "Feature", "properties": { "road_key": "61020000ST047", "road_name": "ถนนสายบ้านตลิ่งสูง-บ้านกูเหม็นบน", "road_no": "0", "aumpher": "อำเภอห้วยคต", "office": "สาขาหนองฉาง", "branch_code": "61020000", "name_short": "None", "price_new": 250, "price_old": 250, "width_m": 4, "pt_i": 32 }, "geometry": { "type": "Point", "coordinates": [ 99.516991974970878, 15.303588520405061 ] } },
{ "type": "Feature", "properties": { "road_key": "61020000ST047", "road_name": "ถนนสายบ้านตลิ่งสูง-บ้านกูเหม็นบน", "road_no": "0", "aumpher": "อำเภอห้วยคต", "office": "สาขาหนองฉาง", "branch_code": "61020000", "name_short": "None", "price_new": 250, "price_old": 250, "width_m": 4, "pt_i": 0 }, "geometry": { "type": "Point", "coordinates": [ 99.534771495091462, 15.308445001044454 ] } },
{ "type": "Feature", "properties": { "road_key": "61020000ST047", "road_name": "ถนนสายบ้านตลิ่งสูง-บ้านกูเหม็นบน", "road_no": "0", "aumpher": "อำเภอห้วยคต", "office": "สาขาหนองฉาง", "branch_code": "61020000", "name_short": "None", "price_new": 250, "price_old": 250, "width_m": 4, "pt_i": 1 }, "geometry": { "type": "Point", "coordinates": [ 99.533668850484702, 15.308620699912558 ] } },
{ "type": "Feature", "properties": { "road_key": "61020000ST047", "road_name": "ถนนสายบ้านตลิ่งสูง-บ้านกูเหม็นบน", "road_no": "0", "aumpher": "อำเภอห้วยคต", "office": "สาขาหนองฉาง", "branch_code": "61020000", "name_short": "None", "price_new": 250, "price_old": 250, "width_m": 4, "pt_i": 2 }, "geometry": { "type": "Point", "coordinates": [ 99.532558504433652, 15.30860612966144 ] } },
{ "type": "Feature", "properties": { "road_key": "61020000ST047", "road_name": "ถนนสายบ้านตลิ่งสูง-บ้านกูเหม็นบน", "road_no": "0", "aumpher": "อำเภอห้วยคต", "office": "สาขาหนองฉาง", "branch_code": "61020000", "name_short": "None", "price_new": 250, "price_old": 250, "width_m": 4, "pt_i": 3 }, "geometry": { "type": "Point", "coordinates": [ 99.531515712681539, 15.308789065567638 ] } },
{ "type": "Feature", "properties": { "road_key": "61020000ST047", "road_name": "ถนนสายบ้านตลิ่งสูง-บ้านกูเหม็นบน", "road_no": "0", "aumpher": "อำเภอห้วยคต", "office": "สาขาหนองฉาง", "branch_code": "61020000", "name_short": "None", "price_new": 250, "price_old": 250, "width_m": 4, "pt_i": 4 }, "geometry": { "type": "Point", "coordinates": [ 99.530402262655016, 15.308778070624713 ] } },
{ "type": "Feature", "properties": { "road_key": "61020000ST047", "road_name": "ถนนสายบ้านตลิ่งสูง-บ้านกูเหม็นบน", "road_no": "0", "aumpher": "อำเภอห้วยคต", "office": "สาขาหนองฉาง", "branch_code": "61020000", "name_short": "None", "price_new": 250, "price_old": 250, "width_m": 4, "pt_i": 5 }, "geometry": { "type": "Point", "coordinates": [ 99.529286642850678, 15.308838368649987 ] } },
{ "type": "Feature", "properties": { "road_key": "61020000ST047", "road_name": "ถนนสายบ้านตลิ่งสูง-บ้านกูเหม็นบน", "road_no": "0", "aumpher": "อำเภอห้วยคต", "office": "สาขาหนองฉาง", "branch_code": "61020000", "name_short": "None", "price_new": 250, "price_old": 250, "width_m": 4, "pt_i": 6 }, "geometry": { "type": "Point", "coordinates": [ 99.528189486348865, 15.308656692160341 ] } },
{ "type": "Feature", "properties": { "road_key": "61020000ST047", "road_name": "ถนนสายบ้านตลิ่งสูง-บ้านกูเหม็นบน", "road_no": "0", "aumpher": "อำเภอห้วยคต", "office": "สาขาหนองฉาง", "branch_code": "61020000", "name_short": "None", "price_new": 250, "price_old": 250, "width_m": 4, "pt_i": 7 }, "geometry": { "type": "Point", "coordinates": [ 99.527084199966865, 15.308600533068672 ] } },
{ "type": "Feature", "properties": { "road_key": "61020000ST047", "road_name": "ถนนสายบ้านตลิ่งสูง-บ้านกูเหม็นบน", "road_no": "0", "aumpher": "อำเภอห้วยคต", "office": "สาขาหนองฉาง", "branch_code": "61020000", "name_short": "None", "price_new": 250, "price_old": 250, "width_m": 4, "pt_i": 8 }, "geometry": { "type": "Point", "coordinates": [ 99.525984370197563, 15.30853751991236 ] } },
{ "type": "Feature", "properties": { "road_key": "61020000ST047", "road_name": "ถนนสายบ้านตลิ่งสูง-บ้านกูเหม็นบน", "road_no": "0", "aumpher": "อำเภอห้วยคต", "office": "สาขาหนองฉาง", "branch_code": "61020000", "name_short": "None", "price_new": 250, "price_old": 250, "width_m": 4, "pt_i": 9 }, "geometry": { "type": "Point", "coordinates": [ 99.525190743806903, 15.307803998084218 ] } },
{ "type": "Feature", "properties": { "road_key": "61020000ST047", "road_name": "ถนนสายบ้านตลิ่งสูง-บ้านกูเหม็นบน", "road_no": "0", "aumpher": "อำเภอห้วยคต", "office": "สาขาหนองฉาง", "branch_code": "61020000", "name_short": "None", "price_new": 250, "price_old": 250, "width_m": 4, "pt_i": 10 }, "geometry": { "type": "Point", "coordinates": [ 99.524169528387745, 15.307363908224655 ] } },
{ "type": "Feature", "properties": { "road_key": "61020000ST047", "road_name": "ถนนสายบ้านตลิ่งสูง-บ้านกูเหม็นบน", "road_no": "0", "aumpher": "อำเภอห้วยคต", "office": "สาขาหนองฉาง", "branch_code": "61020000", "name_short": "None", "price_new": 250, "price_old": 250, "width_m": 4, "pt_i": 11 }, "geometry": { "type": "Point", "coordinates": [ 99.523160288668493, 15.306956189761113 ] } },
{ "type": "Feature", "properties": { "road_key": "61020000ST047", "road_name": "ถนนสายบ้านตลิ่งสูง-บ้านกูเหม็นบน", "road_no": "0", "aumpher": "อำเภอห้วยคต", "office": "สาขาหนองฉาง", "branch_code": "61020000", "name_short": "None", "price_new": 250, "price_old": 250, "width_m": 4, "pt_i": 12 }, "geometry": { "type": "Point", "coordinates": [ 99.52240724201296, 15.306155684178853 ] } },
{ "type": "Feature", "properties": { "road_key": "61020000ST047", "road_name": "ถนนสายบ้านตลิ่งสูง-บ้านกูเหม็นบน", "road_no": "0", "aumpher": "อำเภอห้วยคต", "office": "สาขาหนองฉาง", "branch_code": "61020000", "name_short": "None", "price_new": 250, "price_old": 250, "width_m": 4, "pt_i": 13 }, "geometry": { "type": "Point", "coordinates": [ 99.521401428468636, 15.305757447336962 ] } },
{ "type": "Feature", "properties": { "road_key": "61020000ST047", "road_name": "ถนนสายบ้านตลิ่งสูง-บ้านกูเหม็นบน", "road_no": "0", "aumpher": "อำเภอห้วยคต", "office": "สาขาหนองฉาง", "branch_code": "61020000", "name_short": "None", "price_new": 250, "price_old": 250, "width_m": 4, "pt_i": 14 }, "geometry": { "type": "Point", "coordinates": [ 99.5204473342923, 15.305195339668122 ] } },
{ "type": "Feature", "properties": { "road_key": "61020000ST047", "road_name": "ถนนสายบ้านตลิ่งสูง-บ้านกูเหม็นบน", "road_no": "0", "aumpher": "อำเภอห้วยคต", "office": "สาขาหนองฉาง", "branch_code": "61020000", "name_short": "None", "price_new": 250, "price_old": 250, "width_m": 4, "pt_i": 15 }, "geometry": { "type": "Point", "coordinates": [ 99.519574610037324, 15.304519667414421 ] } },
{ "type": "Feature", "properties": { "road_key": "61020000ST047", "road_name": "ถนนสายบ้านตลิ่งสูง-บ้านกูเหม็นบน", "road_no": "0", "aumpher": "อำเภอห้วยคต", "office": "สาขาหนองฉาง", "branch_code": "61020000", "name_short": "None", "price_new": 250, "price_old": 250, "width_m": 4, "pt_i": 16 }, "geometry": { "type": "Point", "coordinates": [ 99.518569217911562, 15.30415547933551 ] } },
{ "type": "Feature", "properties": { "road_key": "61020000ST047", "road_name": "ถนนสายบ้านตลิ่งสูง-บ้านกูเหม็นบน", "road_no": "0", "aumpher": "อำเภอห้วยคต", "office": "สาขาหนองฉาง", "branch_code": "61020000", "name_short": "None", "price_new": 250, "price_old": 250, "width_m": 4, "pt_i": 17 }, "geometry": { "type": "Point", "coordinates": [ 99.517454986818876, 15.304152626532593 ] } },
{ "type": "Feature", "properties": { "road_key": "61020000ST047", "road_name": "ถนนสายบ้านตลิ่งสูง-บ้านกูเหม็นบน", "road_no": "0", "aumpher": "อำเภอห้วยคต", "office": "สาขาหนองฉาง", "branch_code": "61020000", "name_short": "None", "price_new": 250, "price_old": 250, "width_m": 4, "pt_i": 0 }, "geometry": { "type": "Point", "coordinates": [ 99.534596646537651, 15.312073034180136 ] } },
{ "type": "Feature", "properties": { "road_key": "61020000ST047", "road_name": "ถนนสายบ้านตลิ่งสูง-บ้านกูเหม็นบน", "road_no": "0", "aumpher": "อำเภอห้วยคต", "office": "สาขาหนองฉาง", "branch_code": "61020000", "name_short": "None", "price_new": 250, "price_old": 250, "width_m": 4, "pt_i": 1 }, "geometry": { "type": "Point", "coordinates": [ 99.534655559057924, 15.311012735012806 ] } },
{ "type": "Feature", "properties": { "road_key": "61020000ST047", "road_name": "ถนนสายบ้านตลิ่งสูง-บ้านกูเหม็นบน", "road_no": "0", "aumpher": "อำเภอห้วยคต", "office": "สาขาหนองฉาง", "branch_code": "61020000", "name_short": "None", "price_new": 250, "price_old": 250, "width_m": 4, "pt_i": 2 }, "geometry": { "type": "Point", "coordinates": [ 99.535274235309714, 15.31012565116813 ] } },
{ "type": "Feature", "properties": { "road_key": "61020000ST047", "road_name": "ถนนสายบ้านตลิ่งสูง-บ้านกูเหม็นบน", "road_no": "0", "aumpher": "อำเภอห้วยคต", "office": "สาขาหนองฉาง", "branch_code": "61020000", "name_short": "None", "price_new": 250, "price_old": 250, "width_m": 4, "pt_i": 3 }, "geometry": { "type": "Point", "coordinates": [ 99.53522193942328, 15.309130838702941 ] } },
{ "type": "Feature", "properties": { "road_key": "61020000ST058", "road_name": "ถนนสายบ้านบางกุ้ง-บ้านป่าหมาก", "road_no": "0", "aumpher": "อำเภอห้วยคต", "office": "สาขาหนองฉาง", "branch_code": "61020000", "name_short": "None", "price_new": 300, "price_old": 150, "width_m": 6, "pt_i": 0 }, "geometry": { "type": "Point", "coordinates": [ 99.598643030946533, 15.309064170809618 ] } },
{ "type": "Feature", "properties": { "road_key": "61020000ST058", "road_name": "ถนนสายบ้านบางกุ้ง-บ้านป่าหมาก", "road_no": "0", "aumpher": "อำเภอห้วยคต", "office": "สาขาหนองฉาง", "branch_code": "61020000", "name_short": "None", "price_new": 300, "price_old": 150, "width_m": 6, "pt_i": 1 }, "geometry": { "type": "Point", "coordinates": [ 99.599572758598697, 15.30966461660616 ] } },
{ "type": "Feature", "properties": { "road_key": "61020000ST058", "road_name": "ถนนสายบ้านบางกุ้ง-บ้านป่าหมาก", "road_no": "0", "aumpher": "อำเภอห้วยคต", "office": "สาขาหนองฉาง", "branch_code": "61020000", "name_short": "None", "price_new": 300, "price_old": 150, "width_m": 6, "pt_i": 2 }, "geometry": { "type": "Point", "coordinates": [ 99.600481971024351, 15.310295661977895 ] } },
{ "type": "Feature", "properties": { "road_key": "61020000ST058", "road_name": "ถนนสายบ้านบางกุ้ง-บ้านป่าหมาก", "road_no": "0", "aumpher": "อำเภอห้วยคต", "office": "สาขาหนองฉาง", "branch_code": "61020000", "name_short": "None", "price_new": 300, "price_old": 150, "width_m": 6, "pt_i": 3 }, "geometry": { "type": "Point", "coordinates": [ 99.601387659678082, 15.310931457413364 ] } },
{ "type": "Feature", "properties": { "road_key": "61020000ST058", "road_name": "ถนนสายบ้านบางกุ้ง-บ้านป่าหมาก", "road_no": "0", "aumpher": "อำเภอห้วยคต", "office": "สาขาหนองฉาง", "branch_code": "61020000", "name_short": "None", "price_new": 300, "price_old": 150, "width_m": 6, "pt_i": 4 }, "geometry": { "type": "Point", "coordinates": [ 99.602068726637441, 15.311771110778796 ] } },
{ "type": "Feature", "properties": { "road_key": "61020000ST058", "road_name": "ถนนสายบ้านบางกุ้ง-บ้านป่าหมาก", "road_no": "0", "aumpher": "อำเภอห้วยคต", "office": "สาขาหนองฉาง", "branch_code": "61020000", "name_short": "None", "price_new": 300, "price_old": 150, "width_m": 6, "pt_i": 5 }, "geometry": { "type": "Point", "coordinates": [ 99.602639736215266, 15.312703738856932 ] } },
{ "type": "Feature", "properties": { "road_key": "61020000ST058", "road_name": "ถนนสายบ้านบางกุ้ง-บ้านป่าหมาก", "road_no": "0", "aumpher": "อำเภอห้วยคต", "office": "สาขาหนองฉาง", "branch_code": "61020000", "name_short": "None", "price_new": 300, "price_old": 150, "width_m": 6, "pt_i": 6 }, "geometry": { "type": "Point", "coordinates": [ 99.603223419440639, 15.313628766844959 ] } },
{ "type": "Feature", "properties": { "road_key": "61020000ST058", "road_name": "ถนนสายบ้านบางกุ้ง-บ้านป่าหมาก", "road_no": "0", "aumpher": "อำเภอห้วยคต", "office": "สาขาหนองฉาง", "branch_code": "61020000", "name_short": "None", "price_new": 300, "price_old": 150, "width_m": 6, "pt_i": 7 }, "geometry": { "type": "Point", "coordinates": [ 99.60382748080518, 15.314541573648818 ] } },
{ "type": "Feature", "properties": { "road_key": "61020000ST058", "road_name": "ถนนสายบ้านบางกุ้ง-บ้านป่าหมาก", "road_no": "0", "aumpher": "อำเภอห้วยคต", "office": "สาขาหนองฉาง", "branch_code": "61020000", "name_short": "None", "price_new": 300, "price_old": 150, "width_m": 6, "pt_i": 8 }, "geometry": { "type": "Point", "coordinates": [ 99.604431547497626, 15.31545437855611 ] } },
{ "type": "Feature", "properties": { "road_key": "61020000ST058", "road_name": "ถนนสายบ้านบางกุ้ง-บ้านป่าหมาก", "road_no": "0", "aumpher": "อำเภอห้วยคต", "office": "สาขาหนองฉาง", "branch_code": "61020000", "name_short": "None", "price_new": 300, "price_old": 150, "width_m": 6, "pt_i": 9 }, "geometry": { "type": "Point", "coordinates": [ 99.605081006370909, 15.316337309847171 ] } },
{ "type": "Feature", "properties": { "road_key": "61020000ST058", "road_name": "ถนนสายบ้านบางกุ้ง-บ้านป่าหมาก", "road_no": "0", "aumpher": "อำเภอห้วยคต", "office": "สาขาหนองฉาง", "branch_code": "61020000", "name_short": "None", "price_new": 300, "price_old": 150, "width_m": 6, "pt_i": 10 }, "geometry": { "type": "Point", "coordinates": [ 99.605688503025576, 15.317245141177537 ] } },
{ "type": "Feature", "properties": { "road_key": "61020000ST058", "road_name": "ถนนสายบ้านบางกุ้ง-บ้านป่าหมาก", "road_no": "0", "aumpher": "อำเภอห้วยคต", "office": "สาขาหนองฉาง", "branch_code": "61020000", "name_short": "None", "price_new": 300, "price_old": 150, "width_m": 6, "pt_i": 11 }, "geometry": { "type": "Point", "coordinates": [ 99.605837413444419, 15.318317530387272 ] } },
{ "type": "Feature", "properties": { "road_key": "61020000ST058", "road_name": "ถนนสายบ้านบางกุ้ง-บ้านป่าหมาก", "road_no": "0", "aumpher": "อำเภอห้วยคต", "office": "สาขาหนองฉาง", "branch_code": "61020000", "name_short": "None", "price_new": 300, "price_old": 150, "width_m": 6, "pt_i": 12 }, "geometry": { "type": "Point", "coordinates": [ 99.606343731073878, 15.319253614959274 ] } },
{ "type": "Feature", "properties": { "road_key": "61020000ST067", "road_name": "ถนนสายบ้านป่าบัว-บ้านบางกุ้ง", "road_no": "0", "aumpher": "อำเภอห้วยคต", "office": "สาขาหนองฉาง", "branch_code": "61020000", "name_short": "None", "price_new": 300, "price_old": 150, "width_m": 6, "pt_i": 0 }, "geometry": { "type": "Point", "coordinates": [ 99.581247277960912, 15.330376166117224 ] } },
{ "type": "Feature", "properties": { "road_key": "61020000ST067", "road_name": "ถนนสายบ้านป่าบัว-บ้านบางกุ้ง", "road_no": "0", "aumpher": "อำเภอห้วยคต", "office": "สาขาหนองฉาง", "branch_code": "61020000", "name_short": "None", "price_new": 300, "price_old": 150, "width_m": 6, "pt_i": 1 }, "geometry": { "type": "Point", "coordinates": [ 99.582357665098485, 15.330501586833305 ] } },
{ "type": "Feature", "properties": { "road_key": "61020000ST067", "road_name": "ถนนสายบ้านป่าบัว-บ้านบางกุ้ง", "road_no": "0", "aumpher": "อำเภอห้วยคต", "office": "สาขาหนองฉาง", "branch_code": "61020000", "name_short": "None", "price_new": 300, "price_old": 150, "width_m": 6, "pt_i": 2 }, "geometry": { "type": "Point", "coordinates": [ 99.583464787182464, 15.330650962509029 ] } },
{ "type": "Feature", "properties": { "road_key": "61020000ST067", "road_name": "ถนนสายบ้านป่าบัว-บ้านบางกุ้ง", "road_no": "0", "aumpher": "อำเภอห้วยคต", "office": "สาขาหนองฉาง", "branch_code": "61020000", "name_short": "None", "price_new": 300, "price_old": 150, "width_m": 6, "pt_i": 3 }, "geometry": { "type": "Point", "coordinates": [ 99.584568079664891, 15.330825016450365 ] } },
{ "type": "Feature", "properties": { "road_key": "61020000ST067", "road_name": "ถนนสายบ้านป่าบัว-บ้านบางกุ้ง", "road_no": "0", "aumpher": "อำเภอห้วยคต", "office": "สาขาหนองฉาง", "branch_code": "61020000", "name_short": "None", "price_new": 300, "price_old": 150, "width_m": 6, "pt_i": 4 }, "geometry": { "type": "Point", "coordinates": [ 99.585663557130886, 15.331040208592764 ] } },
{ "type": "Feature", "properties": { "road_key": "61020000ST067", "road_name": "ถนนสายบ้านป่าบัว-บ้านบางกุ้ง", "road_no": "0", "aumpher": "อำเภอห้วยคต", "office": "สาขาหนองฉาง", "branch_code": "61020000", "name_short": "None", "price_new": 300, "price_old": 150, "width_m": 6, "pt_i": 5 }, "geometry": { "type": "Point", "coordinates": [ 99.586765664015914, 15.331217037921961 ] } },
{ "type": "Feature", "properties": { "road_key": "61020000ST067", "road_name": "ถนนสายบ้านป่าบัว-บ้านบางกุ้ง", "road_no": "0", "aumpher": "อำเภอห้วยคต", "office": "สาขาหนองฉาง", "branch_code": "61020000", "name_short": "None", "price_new": 300, "price_old": 150, "width_m": 6, "pt_i": 6 }, "geometry": { "type": "Point", "coordinates": [ 99.587879120435346, 15.33131080177824 ] } },
{ "type": "Feature", "properties": { "road_key": "61020000ST067", "road_name": "ถนนสายบ้านป่าบัว-บ้านบางกุ้ง", "road_no": "0", "aumpher": "อำเภอห้วยคต", "office": "สาขาหนองฉาง", "branch_code": "61020000", "name_short": "None", "price_new": 300, "price_old": 150, "width_m": 6, "pt_i": 7 }, "geometry": { "type": "Point", "coordinates": [ 99.588989706054633, 15.331429716937112 ] } },
{ "type": "Feature", "properties": { "road_key": "61020000ST067", "road_name": "ถนนสายบ้านป่าบัว-บ้านบางกุ้ง", "road_no": "0", "aumpher": "อำเภอห้วยคต", "office": "สาขาหนองฉาง", "branch_code": "61020000", "name_short": "None", "price_new": 300, "price_old": 150, "width_m": 6, "pt_i": 8 }, "geometry": { "type": "Point", "coordinates": [ 99.59009830236846, 15.331569291878402 ] } },
{ "type": "Feature", "properties": { "road_key": "61020000ST067", "road_name": "ถนนสายบ้านป่าบัว-บ้านบางกุ้ง", "road_no": "0", "aumpher": "อำเภอห้วยคต", "office": "สาขาหนองฉาง", "branch_code": "61020000", "name_short": "None", "price_new": 300, "price_old": 150, "width_m": 6, "pt_i": 9 }, "geometry": { "type": "Point", "coordinates": [ 99.591208959847549, 15.331692040924469 ] } },
{ "type": "Feature", "properties": { "road_key": "61020000ST067", "road_name": "ถนนสายบ้านป่าบัว-บ้านบางกุ้ง", "road_no": "0", "aumpher": "อำเภอห้วยคต", "office": "สาขาหนองฉาง", "branch_code": "61020000", "name_short": "None", "price_new": 300, "price_old": 150, "width_m": 6, "pt_i": 10 }, "geometry": { "type": "Point", "coordinates": [ 99.592321479892746, 15.331798026851615 ] } },
{ "type": "Feature", "properties": { "road_key": "61020000ST067", "road_name": "ถนนสายบ้านป่าบัว-บ้านบางกุ้ง", "road_no": "0", "aumpher": "อำเภอห้วยคต", "office": "สาขาหนองฉาง", "branch_code": "61020000", "name_short": "None", "price_new": 300, "price_old": 150, "width_m": 6, "pt_i": 11 }, "geometry": { "type": "Point", "coordinates": [ 99.593435107735758, 15.331892609579885 ] } },
{ "type": "Feature", "properties": { "road_key": "61020000ST067", "road_name": "ถนนสายบ้านป่าบัว-บ้านบางกุ้ง", "road_no": "0", "aumpher": "อำเภอห้วยคต", "office": "สาขาหนองฉาง", "branch_code": "61020000", "name_short": "None", "price_new": 300, "price_old": 150, "width_m": 6, "pt_i": 12 }, "geometry": { "type": "Point", "coordinates": [ 99.594503347989928, 15.331701377626805 ] } },
{ "type": "Feature", "properties": { "road_key": "61020000ST067", "road_name": "ถนนสายบ้านป่าบัว-บ้านบางกุ้ง", "road_no": "0", "aumpher": "อำเภอห้วยคต", "office": "สาขาหนองฉาง", "branch_code": "61020000", "name_short": "None", "price_new": 300, "price_old": 150, "width_m": 6, "pt_i": 13 }, "geometry": { "type": "Point", "coordinates": [ 99.595513425231232, 15.331236557045148 ] } },
{ "type": "Feature", "properties": { "road_key": "61020000ST067", "road_name": "ถนนสายบ้านป่าบัว-บ้านบางกุ้ง", "road_no": "0", "aumpher": "อำเภอห้วยคต", "office": "สาขาหนองฉาง", "branch_code": "61020000", "name_short": "None", "price_new": 300, "price_old": 150, "width_m": 6, "pt_i": 14 }, "geometry": { "type": "Point", "coordinates": [ 99.596592705871345, 15.3309570502837 ] } },
{ "type": "Feature", "properties": { "road_key": "61020000ST067", "road_name": "ถนนสายบ้านป่าบัว-บ้านบางกุ้ง", "road_no": "0", "aumpher": "อำเภอห้วยคต", "office": "สาขาหนองฉาง", "branch_code": "61020000", "name_short": "None", "price_new": 300, "price_old": 150, "width_m": 6, "pt_i": 15 }, "geometry": { "type": "Point", "coordinates": [ 99.59769881656311, 15.330834930425732 ] } },
{ "type": "Feature", "properties": { "road_key": "61020000ST067", "road_name": "ถนนสายบ้านป่าบัว-บ้านบางกุ้ง", "road_no": "0", "aumpher": "อำเภอห้วยคต", "office": "สาขาหนองฉาง", "branch_code": "61020000", "name_short": "None", "price_new": 300, "price_old": 150, "width_m": 6, "pt_i": 16 }, "geometry": { "type": "Point", "coordinates": [ 99.598816186538912, 15.330834663174771 ] } },
{ "type": "Feature", "properties": { "road_key": "61020000ST067", "road_name": "ถนนสายบ้านป่าบัว-บ้านบางกุ้ง", "road_no": "0", "aumpher": "อำเภอห้วยคต", "office": "สาขาหนองฉาง", "branch_code": "61020000", "name_short": "None", "price_new": 300, "price_old": 150, "width_m": 6, "pt_i": 17 }, "geometry": { "type": "Point", "coordinates": [ 99.599932940126834, 15.330813171409611 ] } },
{ "type": "Feature", "properties": { "road_key": "61020000ST067", "road_name": "ถนนสายบ้านป่าบัว-บ้านบางกุ้ง", "road_no": "0", "aumpher": "อำเภอห้วยคต", "office": "สาขาหนองฉาง", "branch_code": "61020000", "name_short": "None", "price_new": 300, "price_old": 150, "width_m": 6, "pt_i": 18 }, "geometry": { "type": "Point", "coordinates": [ 99.601027941289274, 15.330867142250458 ] } },
{ "type": "Feature", "properties": { "road_key": "61020000ST067", "road_name": "ถนนสายบ้านป่าบัว-บ้านบางกุ้ง", "road_no": "0", "aumpher": "อำเภอห้วยคต", "office": "สาขาหนองฉาง", "branch_code": "61020000", "name_short": "None", "price_new": 300, "price_old": 150, "width_m": 6, "pt_i": 19 }, "geometry": { "type": "Point", "coordinates": [ 99.601512216897206, 15.331830893617079 ] } },
{ "type": "Feature", "properties": { "road_key": "61020000ST067", "road_name": "ถนนสายบ้านป่าบัว-บ้านบางกุ้ง", "road_no": "0", "aumpher": "อำเภอห้วยคต", "office": "สาขาหนองฉาง", "branch_code": "61020000", "name_short": "None", "price_new": 300, "price_old": 150, "width_m": 6, "pt_i": 20 }, "geometry": { "type": "Point", "coordinates": [ 99.601924922025049, 15.332838771528737 ] } },
{ "type": "Feature", "properties": { "road_key": "61020000ST067", "road_name": "ถนนสายบ้านป่าบัว-บ้านบางกุ้ง", "road_no": "0", "aumpher": "อำเภอห้วยคต", "office": "สาขาหนองฉาง", "branch_code": "61020000", "name_short": "None", "price_new": 300, "price_old": 150, "width_m": 6, "pt_i": 21 }, "geometry": { "type": "Point", "coordinates": [ 99.602490131739373, 15.33374845561594 ] } },
{ "type": "Feature", "properties": { "road_key": "61020000ST067", "road_name": "ถนนสายบ้านป่าบัว-บ้านบางกุ้ง", "road_no": "0", "aumpher": "อำเภอห้วยคต", "office": "สาขาหนองฉาง", "branch_code": "61020000", "name_short": "None", "price_new": 300, "price_old": 150, "width_m": 6, "pt_i": 22 }, "geometry": { "type": "Point", "coordinates": [ 99.603529004312833, 15.334136706994817 ] } },
{ "type": "Feature", "properties": { "road_key": "61020000ST067", "road_name": "ถนนสายบ้านป่าบัว-บ้านบางกุ้ง", "road_no": "0", "aumpher": "อำเภอห้วยคต", "office": "สาขาหนองฉาง", "branch_code": "61020000", "name_short": "None", "price_new": 300, "price_old": 150, "width_m": 6, "pt_i": 23 }, "geometry": { "type": "Point", "coordinates": [ 99.604569107239712, 15.333840294821144 ] } },
{ "type": "Feature", "properties": { "road_key": "61020000ST067", "road_name": "ถนนสายบ้านป่าบัว-บ้านบางกุ้ง", "road_no": "0", "aumpher": "อำเภอห้วยคต", "office": "สาขาหนองฉาง", "branch_code": "61020000", "name_short": "None", "price_new": 300, "price_old": 150, "width_m": 6, "pt_i": 24 }, "geometry": { "type": "Point", "coordinates": [ 99.605657378247827, 15.333596559890141 ] } },
{ "type": "Feature", "properties": { "road_key": "61020000ST067", "road_name": "ถนนสายบ้านป่าบัว-บ้านบางกุ้ง", "road_no": "0", "aumpher": "อำเภอห้วยคต", "office": "สาขาหนองฉาง", "branch_code": "61020000", "name_short": "None", "price_new": 300, "price_old": 150, "width_m": 6, "pt_i": 25 }, "geometry": { "type": "Point", "coordinates": [ 99.606694839468645, 15.333204656661445 ] } },
{ "type": "Feature", "properties": { "road_key": "61020000ST067", "road_name": "ถนนสายบ้านป่าบัว-บ้านบางกุ้ง", "road_no": "0", "aumpher": "อำเภอห้วยคต", "office": "สาขาหนองฉาง", "branch_code": "61020000", "name_short": "None", "price_new": 300, "price_old": 150, "width_m": 6, "pt_i": 26 }, "geometry": { "type": "Point", "coordinates": [ 99.607651296753758, 15.332644928822932 ] } },
{ "type": "Feature", "properties": { "road_key": "61020000ST067", "road_name": "ถนนสายบ้านป่าบัว-บ้านบางกุ้ง", "road_no": "0", "aumpher": "อำเภอห้วยคต", "office": "สาขาหนองฉาง", "branch_code": "61020000", "name_short": "None", "price_new": 300, "price_old": 150, "width_m": 6, "pt_i": 27 }, "geometry": { "type": "Point", "coordinates": [ 99.607862268446354, 15.331837098579793 ] } },
{ "type": "Feature", "properties": { "road_key": "61020000ST067", "road_name": "ถนนสายบ้านป่าบัว-บ้านบางกุ้ง", "road_no": "0", "aumpher": "อำเภอห้วยคต", "office": "สาขาหนองฉาง", "branch_code": "61020000", "name_short": "None", "price_new": 300, "price_old": 150, "width_m": 6, "pt_i": 28 }, "geometry": { "type": "Point", "coordinates": [ 99.607532970512082, 15.330800376331307 ] } },
{ "type": "Feature", "properties": { "road_key": "61020000ST067", "road_name": "ถนนสายบ้านป่าบัว-บ้านบางกุ้ง", "road_no": "0", "aumpher": "อำเภอห้วยคต", "office": "สาขาหนองฉาง", "branch_code": "61020000", "name_short": "None", "price_new": 300, "price_old": 150, "width_m": 6, "pt_i": 29 }, "geometry": { "type": "Point", "coordinates": [ 99.607203680991887, 15.329763651891716 ] } },
{ "type": "Feature", "properties": { "road_key": "61020000ST067", "road_name": "ถนนสายบ้านป่าบัว-บ้านบางกุ้ง", "road_no": "0", "aumpher": "อำเภอห้วยคต", "office": "สาขาหนองฉาง", "branch_code": "61020000", "name_short": "None", "price_new": 300, "price_old": 150, "width_m": 6, "pt_i": 30 }, "geometry": { "type": "Point", "coordinates": [ 99.60687462182058, 15.328726858896312 ] } },
{ "type": "Feature", "properties": { "road_key": "61020000ST067", "road_name": "ถนนสายบ้านป่าบัว-บ้านบางกุ้ง", "road_no": "0", "aumpher": "อำเภอห้วยคต", "office": "สาขาหนองฉาง", "branch_code": "61020000", "name_short": "None", "price_new": 300, "price_old": 150, "width_m": 6, "pt_i": 31 }, "geometry": { "type": "Point", "coordinates": [ 99.606546680141463, 15.327689733989191 ] } },
{ "type": "Feature", "properties": { "road_key": "61020000ST067", "road_name": "ถนนสายบ้านป่าบัว-บ้านบางกุ้ง", "road_no": "0", "aumpher": "อำเภอห้วยคต", "office": "สาขาหนองฉาง", "branch_code": "61020000", "name_short": "None", "price_new": 300, "price_old": 150, "width_m": 6, "pt_i": 32 }, "geometry": { "type": "Point", "coordinates": [ 99.606220872146949, 15.32665197505724 ] } },
{ "type": "Feature", "properties": { "road_key": "61020000ST067", "road_name": "ถนนสายบ้านป่าบัว-บ้านบางกุ้ง", "road_no": "0", "aumpher": "อำเภอห้วยคต", "office": "สาขาหนองฉาง", "branch_code": "61020000", "name_short": "None", "price_new": 300, "price_old": 150, "width_m": 6, "pt_i": 33 }, "geometry": { "type": "Point", "coordinates": [ 99.605926903027367, 15.32561005748418 ] } },
{ "type": "Feature", "properties": { "road_key": "61020000ST067", "road_name": "ถนนสายบ้านป่าบัว-บ้านบางกุ้ง", "road_no": "0", "aumpher": "อำเภอห้วยคต", "office": "สาขาหนองฉาง", "branch_code": "61020000", "name_short": "None", "price_new": 300, "price_old": 150, "width_m": 6, "pt_i": 34 }, "geometry": { "type": "Point", "coordinates": [ 99.60619044216638, 15.324555974671441 ] } },
{ "type": "Feature", "properties": { "road_key": "61020000ST067", "road_name": "ถนนสายบ้านป่าบัว-บ้านบางกุ้ง", "road_no": "0", "aumpher": "อำเภอห้วยคต", "office": "สาขาหนองฉาง", "branch_code": "61020000", "name_short": "None", "price_new": 300, "price_old": 150, "width_m": 6, "pt_i": 35 }, "geometry": { "type": "Point", "coordinates": [ 99.606387429772298, 15.323488628846683 ] } },
{ "type": "Feature", "properties": { "road_key": "61020000ST067", "road_name": "ถนนสายบ้านป่าบัว-บ้านบางกุ้ง", "road_no": "0", "aumpher": "อำเภอห้วยคต", "office": "สาขาหนองฉาง", "branch_code": "61020000", "name_short": "None", "price_new": 300, "price_old": 150, "width_m": 6, "pt_i": 36 }, "geometry": { "type": "Point", "coordinates": [ 99.606519759632633, 15.322411604829387 ] } },
{ "type": "Feature", "properties": { "road_key": "61020000ST067", "road_name": "ถนนสายบ้านป่าบัว-บ้านบางกุ้ง", "road_no": "0", "aumpher": "อำเภอห้วยคต", "office": "สาขาหนองฉาง", "branch_code": "61020000", "name_short": "None", "price_new": 300, "price_old": 150, "width_m": 6, "pt_i": 37 }, "geometry": { "type": "Point", "coordinates": [ 99.606642302299804, 15.321333283671855 ] } },
{ "type": "Feature", "properties": { "road_key": "61020000ST067", "road_name": "ถนนสายบ้านป่าบัว-บ้านบางกุ้ง", "road_no": "0", "aumpher": "อำเภอห้วยคต", "office": "สาขาหนองฉาง", "branch_code": "61020000", "name_short": "None", "price_new": 300, "price_old": 150, "width_m": 6, "pt_i": 38 }, "geometry": { "type": "Point", "coordinates": [ 99.606755359221282, 15.320253992955507 ] } },
{ "type": "Feature", "properties": { "road_key": "61020000ST068", "road_name": "ถนนสายบ้านหนองจอก", "road_no": "0", "aumpher": "อำเภอห้วยคต", "office": "สาขาหนองฉาง", "branch_code": "61020000", "name_short": "None", "price_new": 250, "price_old": 250, "width_m": 4, "pt_i": 0 }, "geometry": { "type": "Point", "coordinates": [ 99.527238310973615, 15.270530897869461 ] } },
{ "type": "Feature", "properties": { "road_key": "61020000ST068", "road_name": "ถนนสายบ้านหนองจอก", "road_no": "0", "aumpher": "อำเภอห้วยคต", "office": "สาขาหนองฉาง", "branch_code": "61020000", "name_short": "None", "price_new": 250, "price_old": 250, "width_m": 4, "pt_i": 1 }, "geometry": { "type": "Point", "coordinates": [ 99.52824309420096, 15.271005608552835 ] } },
{ "type": "Feature", "properties": { "road_key": "61020000ST068", "road_name": "ถนนสายบ้านหนองจอก", "road_no": "0", "aumpher": "อำเภอห้วยคต", "office": "สาขาหนองฉาง", "branch_code": "61020000", "name_short": "None", "price_new": 250, "price_old": 250, "width_m": 4, "pt_i": 2 }, "geometry": { "type": "Point", "coordinates": [ 99.52923078951558, 15.271513222409698 ] } },
{ "type": "Feature", "properties": { "road_key": "61020000ST068", "road_name": "ถนนสายบ้านหนองจอก", "road_no": "0", "aumpher": "อำเภอห้วยคต", "office": "สาขาหนองฉาง", "branch_code": "61020000", "name_short": "None", "price_new": 250, "price_old": 250, "width_m": 4, "pt_i": 3 }, "geometry": { "type": "Point", "coordinates": [ 99.530217415350052, 15.272022677795722 ] } },
{ "type": "Feature", "properties": { "road_key": "61020000ST068", "road_name": "ถนนสายบ้านหนองจอก", "road_no": "0", "aumpher": "อำเภอห้วยคต", "office": "สาขาหนองฉาง", "branch_code": "61020000", "name_short": "None", "price_new": 250, "price_old": 250, "width_m": 4, "pt_i": 4 }, "geometry": { "type": "Point", "coordinates": [ 99.530249555579715, 15.272933901595769 ] } },
{ "type": "Feature", "properties": { "road_key": "61020000ST068", "road_name": "ถนนสายบ้านหนองจอก", "road_no": "0", "aumpher": "อำเภอห้วยคต", "office": "สาขาหนองฉาง", "branch_code": "61020000", "name_short": "None", "price_new": 250, "price_old": 250, "width_m": 4, "pt_i": 5 }, "geometry": { "type": "Point", "coordinates": [ 99.53102236146313, 15.273658649556594 ] } },
{ "type": "Feature", "properties": { "road_key": "61020000ST068", "road_name": "ถนนสายบ้านหนองจอก", "road_no": "0", "aumpher": "อำเภอห้วยคต", "office": "สาขาหนองฉาง", "branch_code": "61020000", "name_short": "None", "price_new": 250, "price_old": 250, "width_m": 4, "pt_i": 6 }, "geometry": { "type": "Point", "coordinates": [ 99.5320141653538, 15.274158679588309 ] } },
{ "type": "Feature", "properties": { "road_key": "61020000ST068", "road_name": "ถนนสายบ้านหนองจอก", "road_no": "0", "aumpher": "อำเภอห้วยคต", "office": "สาขาหนองฉาง", "branch_code": "61020000", "name_short": "None", "price_new": 250, "price_old": 250, "width_m": 4, "pt_i": 7 }, "geometry": { "type": "Point", "coordinates": [ 99.532916258955098, 15.274731115304455 ] } },
{ "type": "Feature", "properties": { "road_key": "61020000ST068", "road_name": "ถนนสายบ้านหนองจอก", "road_no": "0", "aumpher": "อำเภอห้วยคต", "office": "สาขาหนองฉาง", "branch_code": "61020000", "name_short": "None", "price_new": 250, "price_old": 250, "width_m": 4, "pt_i": 8 }, "geometry": { "type": "Point", "coordinates": [ 99.532447313525694, 15.275704030969603 ] } },
{ "type": "Feature", "properties": { "road_key": "61020000ST068", "road_name": "ถนนสายบ้านหนองจอก", "road_no": "0", "aumpher": "อำเภอห้วยคต", "office": "สาขาหนองฉาง", "branch_code": "61020000", "name_short": "None", "price_new": 250, "price_old": 250, "width_m": 4, "pt_i": 9 }, "geometry": { "type": "Point", "coordinates": [ 99.532933960415207, 15.27640697359484 ] } },
{ "type": "Feature", "properties": { "road_key": "61020000ST068", "road_name": "ถนนสายบ้านหนองจอก", "road_no": "0", "aumpher": "อำเภอห้วยคต", "office": "สาขาหนองฉาง", "branch_code": "61020000", "name_short": "None", "price_new": 250, "price_old": 250, "width_m": 4, "pt_i": 10 }, "geometry": { "type": "Point", "coordinates": [ 99.533893914250086, 15.276962517978676 ] } },
{ "type": "Feature", "properties": { "road_key": "61020000ST068", "road_name": "ถนนสายบ้านหนองจอก", "road_no": "0", "aumpher": "อำเภอห้วยคต", "office": "สาขาหนองฉาง", "branch_code": "61020000", "name_short": "None", "price_new": 250, "price_old": 250, "width_m": 4, "pt_i": 11 }, "geometry": { "type": "Point", "coordinates": [ 99.534855019995234, 15.27751608714274 ] } },
{ "type": "Feature", "properties": { "road_key": "61020000ST068", "road_name": "ถนนสายบ้านหนองจอก", "road_no": "0", "aumpher": "อำเภอห้วยคต", "office": "สาขาหนองฉาง", "branch_code": "61020000", "name_short": "None", "price_new": 250, "price_old": 250, "width_m": 4, "pt_i": 12 }, "geometry": { "type": "Point", "coordinates": [ 99.535824239121823, 15.278052690376134 ] } },
{ "type": "Feature", "properties": { "road_key": "61020000ST068", "road_name": "ถนนสายบ้านหนองจอก", "road_no": "0", "aumpher": "อำเภอห้วยคต", "office": "สาขาหนองฉาง", "branch_code": "61020000", "name_short": "None", "price_new": 250, "price_old": 250, "width_m": 4, "pt_i": 13 }, "geometry": { "type": "Point", "coordinates": [ 99.536853690041994, 15.278470474113297 ] } },
{ "type": "Feature", "properties": { "road_key": "61020000ST083.1", "road_name": "ถนนสายบ้านสมอทอง-บ้านตลิ่งสูง ช่วงที่ 1", "road_no": "0", "aumpher": "อำเภอห้วยคต", "office": "สาขาหนองฉาง", "branch_code": "61020000", "name_short": "None", "price_new": 300, "price_old": 250, "width_m": 6, "pt_i": 0 }, "geometry": { "type": "Point", "coordinates": [ 99.531120730208002, 15.342010195393051 ] } },
{ "type": "Feature", "properties": { "road_key": "61020000ST083.1", "road_name": "ถนนสายบ้านสมอทอง-บ้านตลิ่งสูง ช่วงที่ 1", "road_no": "0", "aumpher": "อำเภอห้วยคต", "office": "สาขาหนองฉาง", "branch_code": "61020000", "name_short": "None", "price_new": 300, "price_old": 250, "width_m": 6, "pt_i": 1 }, "geometry": { "type": "Point", "coordinates": [ 99.531896214218449, 15.341231394022369 ] } },
{ "type": "Feature", "properties": { "road_key": "61020000ST083.1", "road_name": "ถนนสายบ้านสมอทอง-บ้านตลิ่งสูง ช่วงที่ 1", "road_no": "0", "aumpher": "อำเภอห้วยคต", "office": "สาขาหนองฉาง", "branch_code": "61020000", "name_short": "None", "price_new": 300, "price_old": 250, "width_m": 6, "pt_i": 2 }, "geometry": { "type": "Point", "coordinates": [ 99.532569972118594, 15.34036603619068 ] } },
{ "type": "Feature", "properties": { "road_key": "61020000ST083.1", "road_name": "ถนนสายบ้านสมอทอง-บ้านตลิ่งสูง ช่วงที่ 1", "road_no": "0", "aumpher": "อำเภอห้วยคต", "office": "สาขาหนองฉาง", "branch_code": "61020000", "name_short": "None", "price_new": 300, "price_old": 250, "width_m": 6, "pt_i": 3 }, "geometry": { "type": "Point", "coordinates": [ 99.53320071959773, 15.339471567302597 ] } },
{ "type": "Feature", "properties": { "road_key": "61020000ST083.1", "road_name": "ถนนสายบ้านสมอทอง-บ้านตลิ่งสูง ช่วงที่ 1", "road_no": "0", "aumpher": "อำเภอห้วยคต", "office": "สาขาหนองฉาง", "branch_code": "61020000", "name_short": "None", "price_new": 300, "price_old": 250, "width_m": 6, "pt_i": 4 }, "geometry": { "type": "Point", "coordinates": [ 99.533590248379923, 15.338455597227018 ] } },
{ "type": "Feature", "properties": { "road_key": "61020000ST083.1", "road_name": "ถนนสายบ้านสมอทอง-บ้านตลิ่งสูง ช่วงที่ 1", "road_no": "0", "aumpher": "อำเภอห้วยคต", "office": "สาขาหนองฉาง", "branch_code": "61020000", "name_short": "None", "price_new": 300, "price_old": 250, "width_m": 6, "pt_i": 5 }, "geometry": { "type": "Point", "coordinates": [ 99.533939199634275, 15.33742493074373 ] } },
{ "type": "Feature", "properties": { "road_key": "61020000ST083.1", "road_name": "ถนนสายบ้านสมอทอง-บ้านตลิ่งสูง ช่วงที่ 1", "road_no": "0", "aumpher": "อำเภอห้วยคต", "office": "สาขาหนองฉาง", "branch_code": "61020000", "name_short": "None", "price_new": 300, "price_old": 250, "width_m": 6, "pt_i": 6 }, "geometry": { "type": "Point", "coordinates": [ 99.534321343356538, 15.336405493274693 ] } },
{ "type": "Feature", "properties": { "road_key": "61020000ST083.1", "road_name": "ถนนสายบ้านสมอทอง-บ้านตลิ่งสูง ช่วงที่ 1", "road_no": "0", "aumpher": "อำเภอห้วยคต", "office": "สาขาหนองฉาง", "branch_code": "61020000", "name_short": "None", "price_new": 300, "price_old": 250, "width_m": 6, "pt_i": 7 }, "geometry": { "type": "Point", "coordinates": [ 99.534697381612261, 15.335383995552082 ] } },
{ "type": "Feature", "properties": { "road_key": "61020000ST083.1", "road_name": "ถนนสายบ้านสมอทอง-บ้านตลิ่งสูง ช่วงที่ 1", "road_no": "0", "aumpher": "อำเภอห้วยคต", "office": "สาขาหนองฉาง", "branch_code": "61020000", "name_short": "None", "price_new": 300, "price_old": 250, "width_m": 6, "pt_i": 8 }, "geometry": { "type": "Point", "coordinates": [ 99.535045505604245, 15.334353067179121 ] } },
{ "type": "Feature", "properties": { "road_key": "61020000ST083.1", "road_name": "ถนนสายบ้านสมอทอง-บ้านตลิ่งสูง ช่วงที่ 1", "road_no": "0", "aumpher": "อำเภอห้วยคต", "office": "สาขาหนองฉาง", "branch_code": "61020000", "name_short": "None", "price_new": 300, "price_old": 250, "width_m": 6, "pt_i": 9 }, "geometry": { "type": "Point", "coordinates": [ 99.535419896562516, 15.333331014046323 ] } },
{ "type": "Feature", "properties": { "road_key": "61020000ST083.1", "road_name": "ถนนสายบ้านสมอทอง-บ้านตลิ่งสูง ช่วงที่ 1", "road_no": "0", "aumpher": "อำเภอห้วยคต", "office": "สาขาหนองฉาง", "branch_code": "61020000", "name_short": "None", "price_new": 300, "price_old": 250, "width_m": 6, "pt_i": 10 }, "geometry": { "type": "Point", "coordinates": [ 99.535378477258377, 15.332289592239286 ] } },
{ "type": "Feature", "properties": { "road_key": "61020000ST083.1", "road_name": "ถนนสายบ้านสมอทอง-บ้านตลิ่งสูง ช่วงที่ 1", "road_no": "0", "aumpher": "อำเภอห้วยคต", "office": "สาขาหนองฉาง", "branch_code": "61020000", "name_short": "None", "price_new": 300, "price_old": 250, "width_m": 6, "pt_i": 11 }, "geometry": { "type": "Point", "coordinates": [ 99.534593785367349, 15.331522075512146 ] } },
{ "type": "Feature", "properties": { "road_key": "61020000ST083.1", "road_name": "ถนนสายบ้านสมอทอง-บ้านตลิ่งสูง ช่วงที่ 1", "road_no": "0", "aumpher": "อำเภอห้วยคต", "office": "สาขาหนองฉาง", "branch_code": "61020000", "name_short": "None", "price_new": 300, "price_old": 250, "width_m": 6, "pt_i": 12 }, "geometry": { "type": "Point", "coordinates": [ 99.533749281276684, 15.330811249868665 ] } },
{ "type": "Feature", "properties": { "road_key": "61020000ST083.1", "road_name": "ถนนสายบ้านสมอทอง-บ้านตลิ่งสูง ช่วงที่ 1", "road_no": "0", "aumpher": "อำเภอห้วยคต", "office": "สาขาหนองฉาง", "branch_code": "61020000", "name_short": "None", "price_new": 300, "price_old": 250, "width_m": 6, "pt_i": 13 }, "geometry": { "type": "Point", "coordinates": [ 99.533183632527312, 15.329904589305412 ] } },
{ "type": "Feature", "properties": { "road_key": "61020000ST083.1", "road_name": "ถนนสายบ้านสมอทอง-บ้านตลิ่งสูง ช่วงที่ 1", "road_no": "0", "aumpher": "อำเภอห้วยคต", "office": "สาขาหนองฉาง", "branch_code": "61020000", "name_short": "None", "price_new": 300, "price_old": 250, "width_m": 6, "pt_i": 14 }, "geometry": { "type": "Point", "coordinates": [ 99.533227697228966, 15.328822112286982 ] } },
{ "type": "Feature", "properties": { "road_key": "61020000ST083.1", "road_name": "ถนนสายบ้านสมอทอง-บ้านตลิ่งสูง ช่วงที่ 1", "road_no": "0", "aumpher": "อำเภอห้วยคต", "office": "สาขาหนองฉาง", "branch_code": "61020000", "name_short": "None", "price_new": 300, "price_old": 250, "width_m": 6, "pt_i": 15 }, "geometry": { "type": "Point", "coordinates": [ 99.533397315681228, 15.327753323121209 ] } },
{ "type": "Feature", "properties": { "road_key": "61020000ST083.1", "road_name": "ถนนสายบ้านสมอทอง-บ้านตลิ่งสูง ช่วงที่ 1", "road_no": "0", "aumpher": "อำเภอห้วยคต", "office": "สาขาหนองฉาง", "branch_code": "61020000", "name_short": "None", "price_new": 300, "price_old": 250, "width_m": 6, "pt_i": 16 }, "geometry": { "type": "Point", "coordinates": [ 99.533866529038974, 15.326778051210095 ] } },
{ "type": "Feature", "properties": { "road_key": "61020000ST083.1", "road_name": "ถนนสายบ้านสมอทอง-บ้านตลิ่งสูง ช่วงที่ 1", "road_no": "0", "aumpher": "อำเภอห้วยคต", "office": "สาขาหนองฉาง", "branch_code": "61020000", "name_short": "None", "price_new": 300, "price_old": 250, "width_m": 6, "pt_i": 17 }, "geometry": { "type": "Point", "coordinates": [ 99.534423633436376, 15.325837851035709 ] } },
{ "type": "Feature", "properties": { "road_key": "61020000ST083.1", "road_name": "ถนนสายบ้านสมอทอง-บ้านตลิ่งสูง ช่วงที่ 1", "road_no": "0", "aumpher": "อำเภอห้วยคต", "office": "สาขาหนองฉาง", "branch_code": "61020000", "name_short": "None", "price_new": 300, "price_old": 250, "width_m": 6, "pt_i": 18 }, "geometry": { "type": "Point", "coordinates": [ 99.534967512603615, 15.324890040115156 ] } },
{ "type": "Feature", "properties": { "road_key": "61020000ST083.1", "road_name": "ถนนสายบ้านสมอทอง-บ้านตลิ่งสูง ช่วงที่ 1", "road_no": "0", "aumpher": "อำเภอห้วยคต", "office": "สาขาหนองฉาง", "branch_code": "61020000", "name_short": "None", "price_new": 300, "price_old": 250, "width_m": 6, "pt_i": 19 }, "geometry": { "type": "Point", "coordinates": [ 99.535512482257303, 15.323942820940978 ] } },
{ "type": "Feature", "properties": { "road_key": "61020000ST083.1", "road_name": "ถนนสายบ้านสมอทอง-บ้านตลิ่งสูง ช่วงที่ 1", "road_no": "0", "aumpher": "อำเภอห้วยคต", "office": "สาขาหนองฉาง", "branch_code": "61020000", "name_short": "None", "price_new": 300, "price_old": 250, "width_m": 6, "pt_i": 20 }, "geometry": { "type": "Point", "coordinates": [ 99.535945478800869, 15.322951969386917 ] } },
{ "type": "Feature", "properties": { "road_key": "61020000ST083.1", "road_name": "ถนนสายบ้านสมอทอง-บ้านตลิ่งสูง ช่วงที่ 1", "road_no": "0", "aumpher": "อำเภอห้วยคต", "office": "สาขาหนองฉาง", "branch_code": "61020000", "name_short": "None", "price_new": 300, "price_old": 250, "width_m": 6, "pt_i": 21 }, "geometry": { "type": "Point", "coordinates": [ 99.536075804035917, 15.321875354923989 ] } },
{ "type": "Feature", "properties": { "road_key": "61020000ST083.1", "road_name": "ถนนสายบ้านสมอทอง-บ้านตลิ่งสูง ช่วงที่ 1", "road_no": "0", "aumpher": "อำเภอห้วยคต", "office": "สาขาหนองฉาง", "branch_code": "61020000", "name_short": "None", "price_new": 300, "price_old": 250, "width_m": 6, "pt_i": 22 }, "geometry": { "type": "Point", "coordinates": [ 99.536137045356256, 15.320792112106627 ] } },
{ "type": "Feature", "properties": { "road_key": "61020000ST083.1", "road_name": "ถนนสายบ้านสมอทอง-บ้านตลิ่งสูง ช่วงที่ 1", "road_no": "0", "aumpher": "อำเภอห้วยคต", "office": "สาขาหนองฉาง", "branch_code": "61020000", "name_short": "None", "price_new": 300, "price_old": 250, "width_m": 6, "pt_i": 23 }, "geometry": { "type": "Point", "coordinates": [ 99.536229748362786, 15.319711485181585 ] } },
{ "type": "Feature", "properties": { "road_key": "61020000ST083.1", "road_name": "ถนนสายบ้านสมอทอง-บ้านตลิ่งสูง ช่วงที่ 1", "road_no": "0", "aumpher": "อำเภอห้วยคต", "office": "สาขาหนองฉาง", "branch_code": "61020000", "name_short": "None", "price_new": 300, "price_old": 250, "width_m": 6, "pt_i": 24 }, "geometry": { "type": "Point", "coordinates": [ 99.536380975036778, 15.318637739085483 ] } },
{ "type": "Feature", "properties": { "road_key": "61020000ST083.1", "road_name": "ถนนสายบ้านสมอทอง-บ้านตลิ่งสูง ช่วงที่ 1", "road_no": "0", "aumpher": "อำเภอห้วยคต", "office": "สาขาหนองฉาง", "branch_code": "61020000", "name_short": "None", "price_new": 300, "price_old": 250, "width_m": 6, "pt_i": 25 }, "geometry": { "type": "Point", "coordinates": [ 99.536920192337774, 15.317690566519865 ] } },
{ "type": "Feature", "properties": { "road_key": "61020000ST083.1", "road_name": "ถนนสายบ้านสมอทอง-บ้านตลิ่งสูง ช่วงที่ 1", "road_no": "0", "aumpher": "อำเภอห้วยคต", "office": "สาขาหนองฉาง", "branch_code": "61020000", "name_short": "None", "price_new": 300, "price_old": 250, "width_m": 6, "pt_i": 26 }, "geometry": { "type": "Point", "coordinates": [ 99.537522194476537, 15.316776459980076 ] } },
{ "type": "Feature", "properties": { "road_key": "61020000ST083.1", "road_name": "ถนนสายบ้านสมอทอง-บ้านตลิ่งสูง ช่วงที่ 1", "road_no": "0", "aumpher": "อำเภอห้วยคต", "office": "สาขาหนองฉาง", "branch_code": "61020000", "name_short": "None", "price_new": 300, "price_old": 250, "width_m": 6, "pt_i": 27 }, "geometry": { "type": "Point", "coordinates": [ 99.53811688268334, 15.315857956809181 ] } },
{ "type": "Feature", "properties": { "road_key": "61020000ST083.1", "road_name": "ถนนสายบ้านสมอทอง-บ้านตลิ่งสูง ช่วงที่ 1", "road_no": "0", "aumpher": "อำเภอห้วยคต", "office": "สาขาหนองฉาง", "branch_code": "61020000", "name_short": "None", "price_new": 300, "price_old": 250, "width_m": 6, "pt_i": 28 }, "geometry": { "type": "Point", "coordinates": [ 99.538672705876863, 15.314917452483474 ] } },
{ "type": "Feature", "properties": { "road_key": "61020000ST083.1", "road_name": "ถนนสายบ้านสมอทอง-บ้านตลิ่งสูง ช่วงที่ 1", "road_no": "0", "aumpher": "อำเภอห้วยคต", "office": "สาขาหนองฉาง", "branch_code": "61020000", "name_short": "None", "price_new": 300, "price_old": 250, "width_m": 6, "pt_i": 29 }, "geometry": { "type": "Point", "coordinates": [ 99.538773263378886, 15.313860535247542 ] } },
{ "type": "Feature", "properties": { "road_key": "61020000ST083.1", "road_name": "ถนนสายบ้านสมอทอง-บ้านตลิ่งสูง ช่วงที่ 1", "road_no": "0", "aumpher": "อำเภอห้วยคต", "office": "สาขาหนองฉาง", "branch_code": "61020000", "name_short": "None", "price_new": 300, "price_old": 250, "width_m": 6, "pt_i": 30 }, "geometry": { "type": "Point", "coordinates": [ 99.538525521532037, 15.312802657528524 ] } },
{ "type": "Feature", "properties": { "road_key": "61020000ST083.1", "road_name": "ถนนสายบ้านสมอทอง-บ้านตลิ่งสูง ช่วงที่ 1", "road_no": "0", "aumpher": "อำเภอห้วยคต", "office": "สาขาหนองฉาง", "branch_code": "61020000", "name_short": "None", "price_new": 300, "price_old": 250, "width_m": 6, "pt_i": 31 }, "geometry": { "type": "Point", "coordinates": [ 99.538126112851273, 15.311818437560039 ] } },
{ "type": "Feature", "properties": { "road_key": "61020000ST083.1", "road_name": "ถนนสายบ้านสมอทอง-บ้านตลิ่งสูง ช่วงที่ 1", "road_no": "0", "aumpher": "อำเภอห้วยคต", "office": "สาขาหนองฉาง", "branch_code": "61020000", "name_short": "None", "price_new": 300, "price_old": 250, "width_m": 6, "pt_i": 32 }, "geometry": { "type": "Point", "coordinates": [ 99.537041557581517, 15.311745110558791 ] } },
{ "type": "Feature", "properties": { "road_key": "61020000ST083.2", "road_name": "ถนนสายบ้านสมอทอง-บ้านตลิ่งสูง ช่วงที่ 2", "road_no": "0", "aumpher": "อำเภอห้วยคต", "office": "สาขาหนองฉาง", "branch_code": "61020000", "name_short": "None", "price_new": 300, "price_old": 250, "width_m": 6, "pt_i": 0 }, "geometry": { "type": "Point", "coordinates": [ 99.536048930823426, 15.311824861405324 ] } },
{ "type": "Feature", "properties": { "road_key": "61020000ST083.2", "road_name": "ถนนสายบ้านสมอทอง-บ้านตลิ่งสูง ช่วงที่ 2", "road_no": "0", "aumpher": "อำเภอห้วยคต", "office": "สาขาหนองฉาง", "branch_code": "61020000", "name_short": "None", "price_new": 300, "price_old": 250, "width_m": 6, "pt_i": 1 }, "geometry": { "type": "Point", "coordinates": [ 99.53493494830407, 15.311914357059909 ] } },
{ "type": "Feature", "properties": { "road_key": "61020000ST083.2", "road_name": "ถนนสายบ้านสมอทอง-บ้านตลิ่งสูง ช่วงที่ 2", "road_no": "0", "aumpher": "อำเภอห้วยคต", "office": "สาขาหนองฉาง", "branch_code": "61020000", "name_short": "None", "price_new": 300, "price_old": 250, "width_m": 6, "pt_i": 2 }, "geometry": { "type": "Point", "coordinates": [ 99.534548698853655, 15.312781630952703 ] } },
{ "type": "Feature", "properties": { "road_key": "61020000ST083.2", "road_name": "ถนนสายบ้านสมอทอง-บ้านตลิ่งสูง ช่วงที่ 2", "road_no": "0", "aumpher": "อำเภอห้วยคต", "office": "สาขาหนองฉาง", "branch_code": "61020000", "name_short": "None", "price_new": 300, "price_old": 250, "width_m": 6, "pt_i": 3 }, "geometry": { "type": "Point", "coordinates": [ 99.534685410915884, 15.313855323757004 ] } },
{ "type": "Feature", "properties": { "road_key": "61020000ST083.2", "road_name": "ถนนสายบ้านสมอทอง-บ้านตลิ่งสูง ช่วงที่ 2", "road_no": "0", "aumpher": "อำเภอห้วยคต", "office": "สาขาหนองฉาง", "branch_code": "61020000", "name_short": "None", "price_new": 300, "price_old": 250, "width_m": 6, "pt_i": 4 }, "geometry": { "type": "Point", "coordinates": [ 99.534469687593415, 15.314886376954197 ] } },
{ "type": "Feature", "properties": { "road_key": "61020000ST083.2", "road_name": "ถนนสายบ้านสมอทอง-บ้านตลิ่งสูง ช่วงที่ 2", "road_no": "0", "aumpher": "อำเภอห้วยคต", "office": "สาขาหนองฉาง", "branch_code": "61020000", "name_short": "None", "price_new": 300, "price_old": 250, "width_m": 6, "pt_i": 5 }, "geometry": { "type": "Point", "coordinates": [ 99.533993989015826, 15.315868110035035 ] } },
{ "type": "Feature", "properties": { "road_key": "61020000ST083.2", "road_name": "ถนนสายบ้านสมอทอง-บ้านตลิ่งสูง ช่วงที่ 2", "road_no": "0", "aumpher": "อำเภอห้วยคต", "office": "สาขาหนองฉาง", "branch_code": "61020000", "name_short": "None", "price_new": 300, "price_old": 250, "width_m": 6, "pt_i": 6 }, "geometry": { "type": "Point", "coordinates": [ 99.533522846211014, 15.316851899298937 ] } },
{ "type": "Feature", "properties": { "road_key": "61020000ST083.2", "road_name": "ถนนสายบ้านสมอทอง-บ้านตลิ่งสูง ช่วงที่ 2", "road_no": "0", "aumpher": "อำเภอห้วยคต", "office": "สาขาหนองฉาง", "branch_code": "61020000", "name_short": "None", "price_new": 300, "price_old": 250, "width_m": 6, "pt_i": 7 }, "geometry": { "type": "Point", "coordinates": [ 99.532637175834523, 15.317485910748353 ] } },
{ "type": "Feature", "properties": { "road_key": "61020000ST083.3", "road_name": "ถนนสายบ้านสมอทอง-บ้านตลิ่งสูง ช่วงที่ 3", "road_no": "0", "aumpher": "อำเภอห้วยคต", "office": "สาขาหนองฉาง", "branch_code": "61020000", "name_short": "None", "price_new": 300, "price_old": 250, "width_m": 6, "pt_i": 0 }, "geometry": { "type": "Point", "coordinates": [ 99.532454015384999, 15.317567824026067 ] } },
{ "type": "Feature", "properties": { "road_key": "61020000ST083.3", "road_name": "ถนนสายบ้านสมอทอง-บ้านตลิ่งสูง ช่วงที่ 3", "road_no": "0", "aumpher": "อำเภอห้วยคต", "office": "สาขาหนองฉาง", "branch_code": "61020000", "name_short": "None", "price_new": 300, "price_old": 250, "width_m": 6, "pt_i": 1 }, "geometry": { "type": "Point", "coordinates": [ 99.531381521687607, 15.3178736356596 ] } },
{ "type": "Feature", "properties": { "road_key": "61020000ST083.3", "road_name": "ถนนสายบ้านสมอทอง-บ้านตลิ่งสูง ช่วงที่ 3", "road_no": "0", "aumpher": "อำเภอห้วยคต", "office": "สาขาหนองฉาง", "branch_code": "61020000", "name_short": "None", "price_new": 300, "price_old": 250, "width_m": 6, "pt_i": 2 }, "geometry": { "type": "Point", "coordinates": [ 99.530296810430684, 15.318133286163937 ] } },
{ "type": "Feature", "properties": { "road_key": "61020000ST083.3", "road_name": "ถนนสายบ้านสมอทอง-บ้านตลิ่งสูง ช่วงที่ 3", "road_no": "0", "aumpher": "อำเภอห้วยคต", "office": "สาขาหนองฉาง", "branch_code": "61020000", "name_short": "None", "price_new": 300, "price_old": 250, "width_m": 6, "pt_i": 3 }, "geometry": { "type": "Point", "coordinates": [ 99.52918935185626, 15.318144147603302 ] } },
{ "type": "Feature", "properties": { "road_key": "61020000ST083.3", "road_name": "ถนนสายบ้านสมอทอง-บ้านตลิ่งสูง ช่วงที่ 3", "road_no": "0", "aumpher": "อำเภอห้วยคต", "office": "สาขาหนองฉาง", "branch_code": "61020000", "name_short": "None", "price_new": 300, "price_old": 250, "width_m": 6, "pt_i": 4 }, "geometry": { "type": "Point", "coordinates": [ 99.528085688647408, 15.317972332767468 ] } },
{ "type": "Feature", "properties": { "road_key": "61020000ST083.3", "road_name": "ถนนสายบ้านสมอทอง-บ้านตลิ่งสูง ช่วงที่ 3", "road_no": "0", "aumpher": "อำเภอห้วยคต", "office": "สาขาหนองฉาง", "branch_code": "61020000", "name_short": "None", "price_new": 300, "price_old": 250, "width_m": 6, "pt_i": 5 }, "geometry": { "type": "Point", "coordinates": [ 99.526981840256212, 15.317801416674834 ] } },
{ "type": "Feature", "properties": { "road_key": "61020000ST083.3", "road_name": "ถนนสายบ้านสมอทอง-บ้านตลิ่งสูง ช่วงที่ 3", "road_no": "0", "aumpher": "อำเภอห้วยคต", "office": "สาขาหนองฉาง", "branch_code": "61020000", "name_short": "None", "price_new": 300, "price_old": 250, "width_m": 6, "pt_i": 6 }, "geometry": { "type": "Point", "coordinates": [ 99.525869435402669, 15.317744212431863 ] } },
{ "type": "Feature", "properties": { "road_key": "61020000ST083.3", "road_name": "ถนนสายบ้านสมอทอง-บ้านตลิ่งสูง ช่วงที่ 3", "road_no": "0", "aumpher": "อำเภอห้วยคต", "office": "สาขาหนองฉาง", "branch_code": "61020000", "name_short": "None", "price_new": 300, "price_old": 250, "width_m": 6, "pt_i": 7 }, "geometry": { "type": "Point", "coordinates": [ 99.524778254922566, 15.317958074111939 ] } },
{ "type": "Feature", "properties": { "road_key": "61020000ST083.3", "road_name": "ถนนสายบ้านสมอทอง-บ้านตลิ่งสูง ช่วงที่ 3", "road_no": "0", "aumpher": "อำเภอห้วยคต", "office": "สาขาหนองฉาง", "branch_code": "61020000", "name_short": "None", "price_new": 300, "price_old": 250, "width_m": 6, "pt_i": 8 }, "geometry": { "type": "Point", "coordinates": [ 99.52369899716318, 15.318240595155583 ] } },
{ "type": "Feature", "properties": { "road_key": "61020000ST083.3", "road_name": "ถนนสายบ้านสมอทอง-บ้านตลิ่งสูง ช่วงที่ 3", "road_no": "0", "aumpher": "อำเภอห้วยคต", "office": "สาขาหนองฉาง", "branch_code": "61020000", "name_short": "None", "price_new": 300, "price_old": 250, "width_m": 6, "pt_i": 9 }, "geometry": { "type": "Point", "coordinates": [ 99.522622973293821, 15.318534511274988 ] } },
{ "type": "Feature", "properties": { "road_key": "61020000ST083.3", "road_name": "ถนนสายบ้านสมอทอง-บ้านตลิ่งสูง ช่วงที่ 3", "road_no": "0", "aumpher": "อำเภอห้วยคต", "office": "สาขาหนองฉาง", "branch_code": "61020000", "name_short": "None", "price_new": 300, "price_old": 250, "width_m": 6, "pt_i": 10 }, "geometry": { "type": "Point", "coordinates": [ 99.521787695222912, 15.319159798527687 ] } },
{ "type": "Feature", "properties": { "road_key": "61020000ST083.3", "road_name": "ถนนสายบ้านสมอทอง-บ้านตลิ่งสูง ช่วงที่ 3", "road_no": "0", "aumpher": "อำเภอห้วยคต", "office": "สาขาหนองฉาง", "branch_code": "61020000", "name_short": "None", "price_new": 300, "price_old": 250, "width_m": 6, "pt_i": 11 }, "geometry": { "type": "Point", "coordinates": [ 99.521922560544255, 15.320223675483611 ] } },
{ "type": "Feature", "properties": { "road_key": "61020000ST083.3", "road_name": "ถนนสายบ้านสมอทอง-บ้านตลิ่งสูง ช่วงที่ 3", "road_no": "0", "aumpher": "อำเภอห้วยคต", "office": "สาขาหนองฉาง", "branch_code": "61020000", "name_short": "None", "price_new": 300, "price_old": 250, "width_m": 6, "pt_i": 12 }, "geometry": { "type": "Point", "coordinates": [ 99.522131779649641, 15.321284938330828 ] } },
{ "type": "Feature", "properties": { "road_key": "61020000ST083.3", "road_name": "ถนนสายบ้านสมอทอง-บ้านตลิ่งสูง ช่วงที่ 3", "road_no": "0", "aumpher": "อำเภอห้วยคต", "office": "สาขาหนองฉาง", "branch_code": "61020000", "name_short": "None", "price_new": 300, "price_old": 250, "width_m": 6, "pt_i": 13 }, "geometry": { "type": "Point", "coordinates": [ 99.521614986859674, 15.322226252855188 ] } },
{ "type": "Feature", "properties": { "road_key": "61020000ST083.3", "road_name": "ถนนสายบ้านสมอทอง-บ้านตลิ่งสูง ช่วงที่ 3", "road_no": "0", "aumpher": "อำเภอห้วยคต", "office": "สาขาหนองฉาง", "branch_code": "61020000", "name_short": "None", "price_new": 300, "price_old": 250, "width_m": 6, "pt_i": 14 }, "geometry": { "type": "Point", "coordinates": [ 99.520959673141192, 15.323105161431288 ] } },
{ "type": "Feature", "properties": { "road_key": "61020000ST083.3", "road_name": "ถนนสายบ้านสมอทอง-บ้านตลิ่งสูง ช่วงที่ 3", "road_no": "0", "aumpher": "อำเภอห้วยคต", "office": "สาขาหนองฉาง", "branch_code": "61020000", "name_short": "None", "price_new": 300, "price_old": 250, "width_m": 6, "pt_i": 15 }, "geometry": { "type": "Point", "coordinates": [ 99.52031280084438, 15.323989742065942 ] } },
{ "type": "Feature", "properties": { "road_key": "61020000ST083.3", "road_name": "ถนนสายบ้านสมอทอง-บ้านตลิ่งสูง ช่วงที่ 3", "road_no": "0", "aumpher": "อำเภอห้วยคต", "office": "สาขาหนองฉาง", "branch_code": "61020000", "name_short": "None", "price_new": 300, "price_old": 250, "width_m": 6, "pt_i": 16 }, "geometry": { "type": "Point", "coordinates": [ 99.5196960155114, 15.324894534473641 ] } },
{ "type": "Feature", "properties": { "road_key": "61020000ST083.3", "road_name": "ถนนสายบ้านสมอทอง-บ้านตลิ่งสูง ช่วงที่ 3", "road_no": "0", "aumpher": "อำเภอห้วยคต", "office": "สาขาหนองฉาง", "branch_code": "61020000", "name_short": "None", "price_new": 300, "price_old": 250, "width_m": 6, "pt_i": 17 }, "geometry": { "type": "Point", "coordinates": [ 99.518996454454495, 15.325739877958231 ] } },
{ "type": "Feature", "properties": { "road_key": "61020000ST083.3", "road_name": "ถนนสายบ้านสมอทอง-บ้านตลิ่งสูง ช่วงที่ 3", "road_no": "0", "aumpher": "อำเภอห้วยคต", "office": "สาขาหนองฉาง", "branch_code": "61020000", "name_short": "None", "price_new": 300, "price_old": 250, "width_m": 6, "pt_i": 18 }, "geometry": { "type": "Point", "coordinates": [ 99.5181383084728, 15.326424179093884 ] } },
{ "type": "Feature", "properties": { "road_key": "61020000ST083.3", "road_name": "ถนนสายบ้านสมอทอง-บ้านตลิ่งสูง ช่วงที่ 3", "road_no": "0", "aumpher": "อำเภอห้วยคต", "office": "สาขาหนองฉาง", "branch_code": "61020000", "name_short": "None", "price_new": 300, "price_old": 250, "width_m": 6, "pt_i": 19 }, "geometry": { "type": "Point", "coordinates": [ 99.517234779104683, 15.327053589029969 ] } },
{ "type": "Feature", "properties": { "road_key": "61020000ST083.3", "road_name": "ถนนสายบ้านสมอทอง-บ้านตลิ่งสูง ช่วงที่ 3", "road_no": "0", "aumpher": "อำเภอห้วยคต", "office": "สาขาหนองฉาง", "branch_code": "61020000", "name_short": "None", "price_new": 300, "price_old": 250, "width_m": 6, "pt_i": 20 }, "geometry": { "type": "Point", "coordinates": [ 99.517459350713068, 15.328007613249238 ] } },
{ "type": "Feature", "properties": { "road_key": "61020000ST083.3", "road_name": "ถนนสายบ้านสมอทอง-บ้านตลิ่งสูง ช่วงที่ 3", "road_no": "0", "aumpher": "อำเภอห้วยคต", "office": "สาขาหนองฉาง", "branch_code": "61020000", "name_short": "None", "price_new": 300, "price_old": 250, "width_m": 6, "pt_i": 21 }, "geometry": { "type": "Point", "coordinates": [ 99.517758255412716, 15.329041783194059 ] } },
{ "type": "Feature", "properties": { "road_key": "61020000ST083.3", "road_name": "ถนนสายบ้านสมอทอง-บ้านตลิ่งสูง ช่วงที่ 3", "road_no": "0", "aumpher": "อำเภอห้วยคต", "office": "สาขาหนองฉาง", "branch_code": "61020000", "name_short": "None", "price_new": 300, "price_old": 250, "width_m": 6, "pt_i": 22 }, "geometry": { "type": "Point", "coordinates": [ 99.517899111691023, 15.33011562602667 ] } },
{ "type": "Feature", "properties": { "road_key": "61020000ST083.3", "road_name": "ถนนสายบ้านสมอทอง-บ้านตลิ่งสูง ช่วงที่ 3", "road_no": "0", "aumpher": "อำเภอห้วยคต", "office": "สาขาหนองฉาง", "branch_code": "61020000", "name_short": "None", "price_new": 300, "price_old": 250, "width_m": 6, "pt_i": 23 }, "geometry": { "type": "Point", "coordinates": [ 99.517318373040041, 15.330920701371278 ] } },
{ "type": "Feature", "properties": { "road_key": "61020000ST083.3", "road_name": "ถนนสายบ้านสมอทอง-บ้านตลิ่งสูง ช่วงที่ 3", "road_no": "0", "aumpher": "อำเภอห้วยคต", "office": "สาขาหนองฉาง", "branch_code": "61020000", "name_short": "None", "price_new": 300, "price_old": 250, "width_m": 6, "pt_i": 24 }, "geometry": { "type": "Point", "coordinates": [ 99.516306410695563, 15.330538429597528 ] } },
{ "type": "Feature", "properties": { "road_key": "61020000ST083.3", "road_name": "ถนนสายบ้านสมอทอง-บ้านตลิ่งสูง ช่วงที่ 3", "road_no": "0", "aumpher": "อำเภอห้วยคต", "office": "สาขาหนองฉาง", "branch_code": "61020000", "name_short": "None", "price_new": 300, "price_old": 250, "width_m": 6, "pt_i": 25 }, "geometry": { "type": "Point", "coordinates": [ 99.515436715964327, 15.329864787377058 ] } },
{ "type": "Feature", "properties": { "road_key": "61020000ST083.3", "road_name": "ถนนสายบ้านสมอทอง-บ้านตลิ่งสูง ช่วงที่ 3", "road_no": "0", "aumpher": "อำเภอห้วยคต", "office": "สาขาหนองฉาง", "branch_code": "61020000", "name_short": "None", "price_new": 300, "price_old": 250, "width_m": 6, "pt_i": 26 }, "geometry": { "type": "Point", "coordinates": [ 99.514703553229836, 15.329045820749871 ] } },
{ "type": "Feature", "properties": { "road_key": "61020000ST083.3", "road_name": "ถนนสายบ้านสมอทอง-บ้านตลิ่งสูง ช่วงที่ 3", "road_no": "0", "aumpher": "อำเภอห้วยคต", "office": "สาขาหนองฉาง", "branch_code": "61020000", "name_short": "None", "price_new": 300, "price_old": 250, "width_m": 6, "pt_i": 27 }, "geometry": { "type": "Point", "coordinates": [ 99.513972862442571, 15.328224779074793 ] } },
{ "type": "Feature", "properties": { "road_key": "61020000ST083.3", "road_name": "ถนนสายบ้านสมอทอง-บ้านตลิ่งสูง ช่วงที่ 3", "road_no": "0", "aumpher": "อำเภอห้วยคต", "office": "สาขาหนองฉาง", "branch_code": "61020000", "name_short": "None", "price_new": 300, "price_old": 250, "width_m": 6, "pt_i": 28 }, "geometry": { "type": "Point", "coordinates": [ 99.5132909669084, 15.327367685745635 ] } },
{ "type": "Feature", "properties": { "road_key": "61020000ST083.3", "road_name": "ถนนสายบ้านสมอทอง-บ้านตลิ่งสูง ช่วงที่ 3", "road_no": "0", "aumpher": "อำเภอห้วยคต", "office": "สาขาหนองฉาง", "branch_code": "61020000", "name_short": "None", "price_new": 300, "price_old": 250, "width_m": 6, "pt_i": 29 }, "geometry": { "type": "Point", "coordinates": [ 99.513003712558856, 15.326343240326057 ] } },
{ "type": "Feature", "properties": { "road_key": "61020000ST083.3", "road_name": "ถนนสายบ้านสมอทอง-บ้านตลิ่งสูง ช่วงที่ 3", "road_no": "0", "aumpher": "อำเภอห้วยคต", "office": "สาขาหนองฉาง", "branch_code": "61020000", "name_short": "None", "price_new": 300, "price_old": 250, "width_m": 6, "pt_i": 30 }, "geometry": { "type": "Point", "coordinates": [ 99.51285861350874, 15.3252729011033 ] } },
{ "type": "Feature", "properties": { "road_key": "61020000ST083.3", "road_name": "ถนนสายบ้านสมอทอง-บ้านตลิ่งสูง ช่วงที่ 3", "road_no": "0", "aumpher": "อำเภอห้วยคต", "office": "สาขาหนองฉาง", "branch_code": "61020000", "name_short": "None", "price_new": 300, "price_old": 250, "width_m": 6, "pt_i": 31 }, "geometry": { "type": "Point", "coordinates": [ 99.511880743911533, 15.325076839168901 ] } },
{ "type": "Feature", "properties": { "road_key": "61020000ST083.3", "road_name": "ถนนสายบ้านสมอทอง-บ้านตลิ่งสูง ช่วงที่ 3", "road_no": "0", "aumpher": "อำเภอห้วยคต", "office": "สาขาหนองฉาง", "branch_code": "61020000", "name_short": "None", "price_new": 300, "price_old": 250, "width_m": 6, "pt_i": 32 }, "geometry": { "type": "Point", "coordinates": [ 99.510805710022268, 15.325374273570731 ] } },
{ "type": "Feature", "properties": { "road_key": "61020000ST083.3", "road_name": "ถนนสายบ้านสมอทอง-บ้านตลิ่งสูง ช่วงที่ 3", "road_no": "0", "aumpher": "อำเภอห้วยคต", "office": "สาขาหนองฉาง", "branch_code": "61020000", "name_short": "None", "price_new": 300, "price_old": 250, "width_m": 6, "pt_i": 33 }, "geometry": { "type": "Point", "coordinates": [ 99.509729229310523, 15.325666734640151 ] } },
{ "type": "Feature", "properties": { "road_key": "61020000ST083.3", "road_name": "ถนนสายบ้านสมอทอง-บ้านตลิ่งสูง ช่วงที่ 3", "road_no": "0", "aumpher": "อำเภอห้วยคต", "office": "สาขาหนองฉาง", "branch_code": "61020000", "name_short": "None", "price_new": 300, "price_old": 250, "width_m": 6, "pt_i": 34 }, "geometry": { "type": "Point", "coordinates": [ 99.50865287457772, 15.325959417235412 ] } },
{ "type": "Feature", "properties": { "road_key": "61020000ST083.3", "road_name": "ถนนสายบ้านสมอทอง-บ้านตลิ่งสูง ช่วงที่ 3", "road_no": "0", "aumpher": "อำเภอห้วยคต", "office": "สาขาหนองฉาง", "branch_code": "61020000", "name_short": "None", "price_new": 300, "price_old": 250, "width_m": 6, "pt_i": 35 }, "geometry": { "type": "Point", "coordinates": [ 99.507739499929741, 15.32654588099083 ] } },
{ "type": "Feature", "properties": { "road_key": "61020000ST083.3", "road_name": "ถนนสายบ้านสมอทอง-บ้านตลิ่งสูง ช่วงที่ 3", "road_no": "0", "aumpher": "อำเภอห้วยคต", "office": "สาขาหนองฉาง", "branch_code": "61020000", "name_short": "None", "price_new": 300, "price_old": 250, "width_m": 6, "pt_i": 36 }, "geometry": { "type": "Point", "coordinates": [ 99.50712415656632, 15.327450590741707 ] } },
{ "type": "Feature", "properties": { "road_key": "61020000ST083.3", "road_name": "ถนนสายบ้านสมอทอง-บ้านตลิ่งสูง ช่วงที่ 3", "road_no": "0", "aumpher": "อำเภอห้วยคต", "office": "สาขาหนองฉาง", "branch_code": "61020000", "name_short": "None", "price_new": 300, "price_old": 250, "width_m": 6, "pt_i": 37 }, "geometry": { "type": "Point", "coordinates": [ 99.506520914772565, 15.328363951002856 ] } },
{ "type": "Feature", "properties": { "road_key": "61020000ST083.3", "road_name": "ถนนสายบ้านสมอทอง-บ้านตลิ่งสูง ช่วงที่ 3", "road_no": "0", "aumpher": "อำเภอห้วยคต", "office": "สาขาหนองฉาง", "branch_code": "61020000", "name_short": "None", "price_new": 300, "price_old": 250, "width_m": 6, "pt_i": 38 }, "geometry": { "type": "Point", "coordinates": [ 99.506101231847424, 15.329360354230351 ] } },
{ "type": "Feature", "properties": { "road_key": "61020000ST083.3", "road_name": "ถนนสายบ้านสมอทอง-บ้านตลิ่งสูง ช่วงที่ 3", "road_no": "0", "aumpher": "อำเภอห้วยคต", "office": "สาขาหนองฉาง", "branch_code": "61020000", "name_short": "None", "price_new": 300, "price_old": 250, "width_m": 6, "pt_i": 39 }, "geometry": { "type": "Point", "coordinates": [ 99.506118690216411, 15.330436271258597 ] } },
{ "type": "Feature", "properties": { "road_key": "61020000ST083.3", "road_name": "ถนนสายบ้านสมอทอง-บ้านตลิ่งสูง ช่วงที่ 3", "road_no": "0", "aumpher": "อำเภอห้วยคต", "office": "สาขาหนองฉาง", "branch_code": "61020000", "name_short": "None", "price_new": 300, "price_old": 250, "width_m": 6, "pt_i": 40 }, "geometry": { "type": "Point", "coordinates": [ 99.506333914583053, 15.331500851310015 ] } },
{ "type": "Feature", "properties": { "road_key": "61020000ST083.3", "road_name": "ถนนสายบ้านสมอทอง-บ้านตลิ่งสูง ช่วงที่ 3", "road_no": "0", "aumpher": "อำเภอห้วยคต", "office": "สาขาหนองฉาง", "branch_code": "61020000", "name_short": "None", "price_new": 300, "price_old": 250, "width_m": 6, "pt_i": 41 }, "geometry": { "type": "Point", "coordinates": [ 99.506300437718025, 15.332570763364201 ] } },
{ "type": "Feature", "properties": { "road_key": "61020000ST083.3", "road_name": "ถนนสายบ้านสมอทอง-บ้านตลิ่งสูง ช่วงที่ 3", "road_no": "0", "aumpher": "อำเภอห้วยคต", "office": "สาขาหนองฉาง", "branch_code": "61020000", "name_short": "None", "price_new": 300, "price_old": 250, "width_m": 6, "pt_i": 42 }, "geometry": { "type": "Point", "coordinates": [ 99.505466946360613, 15.333140953245623 ] } },
{ "type": "Feature", "properties": { "road_key": "61020000ST083.3", "road_name": "ถนนสายบ้านสมอทอง-บ้านตลิ่งสูง ช่วงที่ 3", "road_no": "0", "aumpher": "อำเภอห้วยคต", "office": "สาขาหนองฉาง", "branch_code": "61020000", "name_short": "None", "price_new": 300, "price_old": 250, "width_m": 6, "pt_i": 43 }, "geometry": { "type": "Point", "coordinates": [ 99.504767664031661, 15.333748272107956 ] } },
{ "type": "Feature", "properties": { "road_key": "61020000ST083.3", "road_name": "ถนนสายบ้านสมอทอง-บ้านตลิ่งสูง ช่วงที่ 3", "road_no": "0", "aumpher": "อำเภอห้วยคต", "office": "สาขาหนองฉาง", "branch_code": "61020000", "name_short": "None", "price_new": 300, "price_old": 250, "width_m": 6, "pt_i": 44 }, "geometry": { "type": "Point", "coordinates": [ 99.505711025458808, 15.334276637664297 ] } },
{ "type": "Feature", "properties": { "road_key": "61020000ST083.3", "road_name": "ถนนสายบ้านสมอทอง-บ้านตลิ่งสูง ช่วงที่ 3", "road_no": "0", "aumpher": "อำเภอห้วยคต", "office": "สาขาหนองฉาง", "branch_code": "61020000", "name_short": "None", "price_new": 300, "price_old": 250, "width_m": 6, "pt_i": 45 }, "geometry": { "type": "Point", "coordinates": [ 99.506306189820776, 15.335174803682888 ] } },
{ "type": "Feature", "properties": { "road_key": "61020000ST083.3", "road_name": "ถนนสายบ้านสมอทอง-บ้านตลิ่งสูง ช่วงที่ 3", "road_no": "0", "aumpher": "อำเภอห้วยคต", "office": "สาขาหนองฉาง", "branch_code": "61020000", "name_short": "None", "price_new": 300, "price_old": 250, "width_m": 6, "pt_i": 46 }, "geometry": { "type": "Point", "coordinates": [ 99.506529017799465, 15.336192937344292 ] } },
{ "type": "Feature", "properties": { "road_key": "61020000ST083.3", "road_name": "ถนนสายบ้านสมอทอง-บ้านตลิ่งสูง ช่วงที่ 3", "road_no": "0", "aumpher": "อำเภอห้วยคต", "office": "สาขาหนองฉาง", "branch_code": "61020000", "name_short": "None", "price_new": 300, "price_old": 250, "width_m": 6, "pt_i": 47 }, "geometry": { "type": "Point", "coordinates": [ 99.50558115072748, 15.336733308881364 ] } },
{ "type": "Feature", "properties": { "road_key": "61020000ST083.3", "road_name": "ถนนสายบ้านสมอทอง-บ้านตลิ่งสูง ช่วงที่ 3", "road_no": "0", "aumpher": "อำเภอห้วยคต", "office": "สาขาหนองฉาง", "branch_code": "61020000", "name_short": "None", "price_new": 300, "price_old": 250, "width_m": 6, "pt_i": 48 }, "geometry": { "type": "Point", "coordinates": [ 99.504512692151124, 15.337007001784864 ] } },
{ "type": "Feature", "properties": { "road_key": "61020000ST083.3", "road_name": "ถนนสายบ้านสมอทอง-บ้านตลิ่งสูง ช่วงที่ 3", "road_no": "0", "aumpher": "อำเภอห้วยคต", "office": "สาขาหนองฉาง", "branch_code": "61020000", "name_short": "None", "price_new": 300, "price_old": 250, "width_m": 6, "pt_i": 49 }, "geometry": { "type": "Point", "coordinates": [ 99.503399162767607, 15.337101262414006 ] } },
{ "type": "Feature", "properties": { "road_key": "61020000ST083.3", "road_name": "ถนนสายบ้านสมอทอง-บ้านตลิ่งสูง ช่วงที่ 3", "road_no": "0", "aumpher": "อำเภอห้วยคต", "office": "สาขาหนองฉาง", "branch_code": "61020000", "name_short": "None", "price_new": 300, "price_old": 250, "width_m": 6, "pt_i": 50 }, "geometry": { "type": "Point", "coordinates": [ 99.502474341663344, 15.337650078289855 ] } },
{ "type": "Feature", "properties": { "road_key": "61020000ST083.3", "road_name": "ถนนสายบ้านสมอทอง-บ้านตลิ่งสูง ช่วงที่ 3", "road_no": "0", "aumpher": "อำเภอห้วยคต", "office": "สาขาหนองฉาง", "branch_code": "61020000", "name_short": "None", "price_new": 300, "price_old": 250, "width_m": 6, "pt_i": 51 }, "geometry": { "type": "Point", "coordinates": [ 99.501533690720976, 15.338104534230412 ] } },
{ "type": "Feature", "properties": { "road_key": "61020000ST083.3", "road_name": "ถนนสายบ้านสมอทอง-บ้านตลิ่งสูง ช่วงที่ 3", "road_no": "0", "aumpher": "อำเภอห้วยคต", "office": "สาขาหนองฉาง", "branch_code": "61020000", "name_short": "None", "price_new": 300, "price_old": 250, "width_m": 6, "pt_i": 52 }, "geometry": { "type": "Point", "coordinates": [ 99.500486028634185, 15.337931657099887 ] } },
{ "type": "Feature", "properties": { "road_key": "61020000ST097", "road_name": "ถนนสายบ้านหลังเขา-บ้านหนองพรมหน่อ", "road_no": "0", "aumpher": "อำเภอห้วยคต", "office": "สาขาหนองฉาง", "branch_code": "61020000", "name_short": "None", "price_new": 200, "price_old": 150, "width_m": 4, "pt_i": 0 }, "geometry": { "type": "Point", "coordinates": [ 99.597387720683216, 15.300267121772917 ] } },
{ "type": "Feature", "properties": { "road_key": "61020000ST097", "road_name": "ถนนสายบ้านหลังเขา-บ้านหนองพรมหน่อ", "road_no": "0", "aumpher": "อำเภอห้วยคต", "office": "สาขาหนองฉาง", "branch_code": "61020000", "name_short": "None", "price_new": 200, "price_old": 150, "width_m": 4, "pt_i": 1 }, "geometry": { "type": "Point", "coordinates": [ 99.597902404174832, 15.299304119533058 ] } },
{ "type": "Feature", "properties": { "road_key": "61020000ST097", "road_name": "ถนนสายบ้านหลังเขา-บ้านหนองพรมหน่อ", "road_no": "0", "aumpher": "อำเภอห้วยคต", "office": "สาขาหนองฉาง", "branch_code": "61020000", "name_short": "None", "price_new": 200, "price_old": 150, "width_m": 4, "pt_i": 2 }, "geometry": { "type": "Point", "coordinates": [ 99.598417083085323, 15.298341116195736 ] } },
{ "type": "Feature", "properties": { "road_key": "61020000ST097", "road_name": "ถนนสายบ้านหลังเขา-บ้านหนองพรมหน่อ", "road_no": "0", "aumpher": "อำเภอห้วยคต", "office": "สาขาหนองฉาง", "branch_code": "61020000", "name_short": "None", "price_new": 200, "price_old": 150, "width_m": 4, "pt_i": 3 }, "geometry": { "type": "Point", "coordinates": [ 99.598932080541687, 15.297378274765062 ] } },
{ "type": "Feature", "properties": { "road_key": "61020000ST097", "road_name": "ถนนสายบ้านหลังเขา-บ้านหนองพรมหน่อ", "road_no": "0", "aumpher": "อำเภอห้วยคต", "office": "สาขาหนองฉาง", "branch_code": "61020000", "name_short": "None", "price_new": 200, "price_old": 150, "width_m": 4, "pt_i": 4 }, "geometry": { "type": "Point", "coordinates": [ 99.5994482947211, 15.296416048333347 ] } },
{ "type": "Feature", "properties": { "road_key": "61020000ST097", "road_name": "ถนนสายบ้านหลังเขา-บ้านหนองพรมหน่อ", "road_no": "0", "aumpher": "อำเภอห้วยคต", "office": "สาขาหนองฉาง", "branch_code": "61020000", "name_short": "None", "price_new": 200, "price_old": 150, "width_m": 4, "pt_i": 5 }, "geometry": { "type": "Point", "coordinates": [ 99.599621618069605, 15.295362601359356 ] } },
{ "type": "Feature", "properties": { "road_key": "61020000ST097", "road_name": "ถนนสายบ้านหลังเขา-บ้านหนองพรมหน่อ", "road_no": "0", "aumpher": "อำเภอห้วยคต", "office": "สาขาหนองฉาง", "branch_code": "61020000", "name_short": "None", "price_new": 200, "price_old": 150, "width_m": 4, "pt_i": 6 }, "geometry": { "type": "Point", "coordinates": [ 99.599624446387935, 15.294277741312639 ] } },
{ "type": "Feature", "properties": { "road_key": "61020000ST097", "road_name": "ถนนสายบ้านหลังเขา-บ้านหนองพรมหน่อ", "road_no": "0", "aumpher": "อำเภอห้วยคต", "office": "สาขาหนองฉาง", "branch_code": "61020000", "name_short": "None", "price_new": 200, "price_old": 150, "width_m": 4, "pt_i": 7 }, "geometry": { "type": "Point", "coordinates": [ 99.59962852063677, 15.293192885870088 ] } },
{ "type": "Feature", "properties": { "road_key": "61020000ST097", "road_name": "ถนนสายบ้านหลังเขา-บ้านหนองพรมหน่อ", "road_no": "0", "aumpher": "อำเภอห้วยคต", "office": "สาขาหนองฉาง", "branch_code": "61020000", "name_short": "None", "price_new": 200, "price_old": 150, "width_m": 4, "pt_i": 8 }, "geometry": { "type": "Point", "coordinates": [ 99.599634394854036, 15.292108037126168 ] } },
{ "type": "Feature", "properties": { "road_key": "61020000ST097", "road_name": "ถนนสายบ้านหลังเขา-บ้านหนองพรมหน่อ", "road_no": "0", "aumpher": "อำเภอห้วยคต", "office": "สาขาหนองฉาง", "branch_code": "61020000", "name_short": "None", "price_new": 200, "price_old": 150, "width_m": 4, "pt_i": 9 }, "geometry": { "type": "Point", "coordinates": [ 99.599640269224494, 15.29102318827986 ] } },
{ "type": "Feature", "properties": { "road_key": "61020000ST097", "road_name": "ถนนสายบ้านหลังเขา-บ้านหนองพรมหน่อ", "road_no": "0", "aumpher": "อำเภอห้วยคต", "office": "สาขาหนองฉาง", "branch_code": "61020000", "name_short": "None", "price_new": 200, "price_old": 150, "width_m": 4, "pt_i": 10 }, "geometry": { "type": "Point", "coordinates": [ 99.599142623374121, 15.290242034885472 ] } },
{ "type": "Feature", "properties": { "road_key": "61020000ST097", "road_name": "ถนนสายบ้านหลังเขา-บ้านหนองพรมหน่อ", "road_no": "0", "aumpher": "อำเภอห้วยคต", "office": "สาขาหนองฉาง", "branch_code": "61020000", "name_short": "None", "price_new": 200, "price_old": 150, "width_m": 4, "pt_i": 11 }, "geometry": { "type": "Point", "coordinates": [ 99.598859665212302, 15.289561779307403 ] } },
{ "type": "Feature", "properties": { "road_key": "61020000ST097", "road_name": "ถนนสายบ้านหลังเขา-บ้านหนองพรมหน่อ", "road_no": "0", "aumpher": "อำเภอห้วยคต", "office": "สาขาหนองฉาง", "branch_code": "61020000", "name_short": "None", "price_new": 200, "price_old": 150, "width_m": 4, "pt_i": 12 }, "geometry": { "type": "Point", "coordinates": [ 99.59950435805159, 15.288675587713444 ] } },
{ "type": "Feature", "properties": { "road_key": "61020000ST097", "road_name": "ถนนสายบ้านหลังเขา-บ้านหนองพรมหน่อ", "road_no": "0", "aumpher": "อำเภอห้วยคต", "office": "สาขาหนองฉาง", "branch_code": "61020000", "name_short": "None", "price_new": 200, "price_old": 150, "width_m": 4, "pt_i": 13 }, "geometry": { "type": "Point", "coordinates": [ 99.600149045544256, 15.287789394388378 ] } },
{ "type": "Feature", "properties": { "road_key": "61020000ST097", "road_name": "ถนนสายบ้านหลังเขา-บ้านหนองพรมหน่อ", "road_no": "0", "aumpher": "อำเภอห้วยคต", "office": "สาขาหนองฉาง", "branch_code": "61020000", "name_short": "None", "price_new": 200, "price_old": 150, "width_m": 4, "pt_i": 14 }, "geometry": { "type": "Point", "coordinates": [ 99.600933940032064, 15.287194140924512 ] } },
{ "type": "Feature", "properties": { "road_key": "61020000ST097", "road_name": "ถนนสายบ้านหลังเขา-บ้านหนองพรมหน่อ", "road_no": "0", "aumpher": "อำเภอห้วยคต", "office": "สาขาหนองฉาง", "branch_code": "61020000", "name_short": "None", "price_new": 200, "price_old": 150, "width_m": 4, "pt_i": 15 }, "geometry": { "type": "Point", "coordinates": [ 99.601953808403678, 15.287637398252796 ] } },
{ "type": "Feature", "properties": { "road_key": "61020000ST097", "road_name": "ถนนสายบ้านหลังเขา-บ้านหนองพรมหน่อ", "road_no": "0", "aumpher": "อำเภอห้วยคต", "office": "สาขาหนองฉาง", "branch_code": "61020000", "name_short": "None", "price_new": 200, "price_old": 150, "width_m": 4, "pt_i": 16 }, "geometry": { "type": "Point", "coordinates": [ 99.602687321813207, 15.287136604374352 ] } },
{ "type": "Feature", "properties": { "road_key": "61020000ST097", "road_name": "ถนนสายบ้านหลังเขา-บ้านหนองพรมหน่อ", "road_no": "0", "aumpher": "อำเภอห้วยคต", "office": "สาขาหนองฉาง", "branch_code": "61020000", "name_short": "None", "price_new": 200, "price_old": 150, "width_m": 4, "pt_i": 17 }, "geometry": { "type": "Point", "coordinates": [ 99.603731648455565, 15.286788685175123 ] } },
{ "type": "Feature", "properties": { "road_key": "61020000ST097", "road_name": "ถนนสายบ้านหลังเขา-บ้านหนองพรมหน่อ", "road_no": "0", "aumpher": "อำเภอห้วยคต", "office": "สาขาหนองฉาง", "branch_code": "61020000", "name_short": "None", "price_new": 200, "price_old": 150, "width_m": 4, "pt_i": 18 }, "geometry": { "type": "Point", "coordinates": [ 99.604821648316246, 15.286549288901307 ] } },
{ "type": "Feature", "properties": { "road_key": "61020000ST097", "road_name": "ถนนสายบ้านหลังเขา-บ้านหนองพรมหน่อ", "road_no": "0", "aumpher": "อำเภอห้วยคต", "office": "สาขาหนองฉาง", "branch_code": "61020000", "name_short": "None", "price_new": 200, "price_old": 150, "width_m": 4, "pt_i": 19 }, "geometry": { "type": "Point", "coordinates": [ 99.605659495001177, 15.285908417668901 ] } },
{ "type": "Feature", "properties": { "road_key": "61020000ST097", "road_name": "ถนนสายบ้านหลังเขา-บ้านหนองพรมหน่อ", "road_no": "0", "aumpher": "อำเภอห้วยคต", "office": "สาขาหนองฉาง", "branch_code": "61020000", "name_short": "None", "price_new": 200, "price_old": 150, "width_m": 4, "pt_i": 20 }, "geometry": { "type": "Point", "coordinates": [ 99.606300712318202, 15.285019862296059 ] } },
{ "type": "Feature", "properties": { "road_key": "61020000ST097", "road_name": "ถนนสายบ้านหลังเขา-บ้านหนองพรมหน่อ", "road_no": "0", "aumpher": "อำเภอห้วยคต", "office": "สาขาหนองฉาง", "branch_code": "61020000", "name_short": "None", "price_new": 200, "price_old": 150, "width_m": 4, "pt_i": 21 }, "geometry": { "type": "Point", "coordinates": [ 99.606937587574365, 15.284128375412431 ] } },
{ "type": "Feature", "properties": { "road_key": "61020000ST097", "road_name": "ถนนสายบ้านหลังเขา-บ้านหนองพรมหน่อ", "road_no": "0", "aumpher": "อำเภอห้วยคต", "office": "สาขาหนองฉาง", "branch_code": "61020000", "name_short": "None", "price_new": 200, "price_old": 150, "width_m": 4, "pt_i": 22 }, "geometry": { "type": "Point", "coordinates": [ 99.607573260783909, 15.283236078353529 ] } },
{ "type": "Feature", "properties": { "road_key": "61020000ST100", "road_name": "ถนนสายบ้านหัวเด่น-บ้านหนองจอก", "road_no": "0", "aumpher": "อำเภอห้วยคต", "office": "สาขาหนองฉาง", "branch_code": "61020000", "name_short": "None", "price_new": 450, "price_old": 450, "width_m": 6, "pt_i": 0 }, "geometry": { "type": "Point", "coordinates": [ 99.591677183556413, 15.273386305164104 ] } },
{ "type": "Feature", "properties": { "road_key": "61020000ST100", "road_name": "ถนนสายบ้านหัวเด่น-บ้านหนองจอก", "road_no": "0", "aumpher": "อำเภอห้วยคต", "office": "สาขาหนองฉาง", "branch_code": "61020000", "name_short": "None", "price_new": 450, "price_old": 450, "width_m": 6, "pt_i": 1 }, "geometry": { "type": "Point", "coordinates": [ 99.591613570110979, 15.274454837768422 ] } },
{ "type": "Feature", "properties": { "road_key": "61020000ST100", "road_name": "ถนนสายบ้านหัวเด่น-บ้านหนองจอก", "road_no": "0", "aumpher": "อำเภอห้วยคต", "office": "สาขาหนองฉาง", "branch_code": "61020000", "name_short": "None", "price_new": 450, "price_old": 450, "width_m": 6, "pt_i": 2 }, "geometry": { "type": "Point", "coordinates": [ 99.591840609334412, 15.275511372742255 ] } },
{ "type": "Feature", "properties": { "road_key": "61020000ST100", "road_name": "ถนนสายบ้านหัวเด่น-บ้านหนองจอก", "road_no": "0", "aumpher": "อำเภอห้วยคต", "office": "สาขาหนองฉาง", "branch_code": "61020000", "name_short": "None", "price_new": 450, "price_old": 450, "width_m": 6, "pt_i": 3 }, "geometry": { "type": "Point", "coordinates": [ 99.591678097678724, 15.27651849960982 ] } },
{ "type": "Feature", "properties": { "road_key": "61020000ST100", "road_name": "ถนนสายบ้านหัวเด่น-บ้านหนองจอก", "road_no": "0", "aumpher": "อำเภอห้วยคต", "office": "สาขาหนองฉาง", "branch_code": "61020000", "name_short": "None", "price_new": 450, "price_old": 450, "width_m": 6, "pt_i": 4 }, "geometry": { "type": "Point", "coordinates": [ 99.590594993930239, 15.276780117971834 ] } },
{ "type": "Feature", "properties": { "road_key": "61020000ST100", "road_name": "ถนนสายบ้านหัวเด่น-บ้านหนองจอก", "road_no": "0", "aumpher": "อำเภอห้วยคต", "office": "สาขาหนองฉาง", "branch_code": "61020000", "name_short": "None", "price_new": 450, "price_old": 450, "width_m": 6, "pt_i": 5 }, "geometry": { "type": "Point", "coordinates": [ 99.589502267798878, 15.277007715018183 ] } },
{ "type": "Feature", "properties": { "road_key": "61020000ST100", "road_name": "ถนนสายบ้านหัวเด่น-บ้านหนองจอก", "road_no": "0", "aumpher": "อำเภอห้วยคต", "office": "สาขาหนองฉาง", "branch_code": "61020000", "name_short": "None", "price_new": 450, "price_old": 450, "width_m": 6, "pt_i": 6 }, "geometry": { "type": "Point", "coordinates": [ 99.588409539119326, 15.27723530681277 ] } },
{ "type": "Feature", "properties": { "road_key": "61020000ST100", "road_name": "ถนนสายบ้านหัวเด่น-บ้านหนองจอก", "road_no": "0", "aumpher": "อำเภอห้วยคต", "office": "สาขาหนองฉาง", "branch_code": "61020000", "name_short": "None", "price_new": 450, "price_old": 450, "width_m": 6, "pt_i": 7 }, "geometry": { "type": "Point", "coordinates": [ 99.587315704948963, 15.277457797220356 ] } },
{ "type": "Feature", "properties": { "road_key": "61020000ST100", "road_name": "ถนนสายบ้านหัวเด่น-บ้านหนองจอก", "road_no": "0", "aumpher": "อำเภอห้วยคต", "office": "สาขาหนองฉาง", "branch_code": "61020000", "name_short": "None", "price_new": 450, "price_old": 450, "width_m": 6, "pt_i": 8 }, "geometry": { "type": "Point", "coordinates": [ 99.586221007352677, 15.277676304360671 ] } },
{ "type": "Feature", "properties": { "road_key": "61020000ST100", "road_name": "ถนนสายบ้านหัวเด่น-บ้านหนองจอก", "road_no": "0", "aumpher": "อำเภอห้วยคต", "office": "สาขาหนองฉาง", "branch_code": "61020000", "name_short": "None", "price_new": 450, "price_old": 450, "width_m": 6, "pt_i": 9 }, "geometry": { "type": "Point", "coordinates": [ 99.585130125625327, 15.277912090565049 ] } },
{ "type": "Feature", "properties": { "road_key": "61020000ST100", "road_name": "ถนนสายบ้านหัวเด่น-บ้านหนองจอก", "road_no": "0", "aumpher": "อำเภอห้วยคต", "office": "สาขาหนองฉาง", "branch_code": "61020000", "name_short": "None", "price_new": 450, "price_old": 450, "width_m": 6, "pt_i": 10 }, "geometry": { "type": "Point", "coordinates": [ 99.584047511231319, 15.278176509406185 ] } },
{ "type": "Feature", "properties": { "road_key": "61020000ST100", "road_name": "ถนนสายบ้านหัวเด่น-บ้านหนองจอก", "road_no": "0", "aumpher": "อำเภอห้วยคต", "office": "สาขาหนองฉาง", "branch_code": "61020000", "name_short": "None", "price_new": 450, "price_old": 450, "width_m": 6, "pt_i": 11 }, "geometry": { "type": "Point", "coordinates": [ 99.582991886244912, 15.278532610430817 ] } },
{ "type": "Feature", "properties": { "road_key": "61020000ST100", "road_name": "ถนนสายบ้านหัวเด่น-บ้านหนองจอก", "road_no": "0", "aumpher": "อำเภอห้วยคต", "office": "สาขาหนองฉาง", "branch_code": "61020000", "name_short": "None", "price_new": 450, "price_old": 450, "width_m": 6, "pt_i": 12 }, "geometry": { "type": "Point", "coordinates": [ 99.581944017695349, 15.278909838856361 ] } },
{ "type": "Feature", "properties": { "road_key": "61020000ST100", "road_name": "ถนนสายบ้านหัวเด่น-บ้านหนองจอก", "road_no": "0", "aumpher": "อำเภอห้วยคต", "office": "สาขาหนองฉาง", "branch_code": "61020000", "name_short": "None", "price_new": 450, "price_old": 450, "width_m": 6, "pt_i": 13 }, "geometry": { "type": "Point", "coordinates": [ 99.580889015079961, 15.279267350690217 ] } },
{ "type": "Feature", "properties": { "road_key": "61020000ST100", "road_name": "ถนนสายบ้านหัวเด่น-บ้านหนองจอก", "road_no": "0", "aumpher": "อำเภอห้วยคต", "office": "สาขาหนองฉาง", "branch_code": "61020000", "name_short": "None", "price_new": 450, "price_old": 450, "width_m": 6, "pt_i": 14 }, "geometry": { "type": "Point", "coordinates": [ 99.579833571748168, 15.279623027911395 ] } },
{ "type": "Feature", "properties": { "road_key": "61020000ST100", "road_name": "ถนนสายบ้านหัวเด่น-บ้านหนองจอก", "road_no": "0", "aumpher": "อำเภอห้วยคต", "office": "สาขาหนองฉาง", "branch_code": "61020000", "name_short": "None", "price_new": 450, "price_old": 450, "width_m": 6, "pt_i": 15 }, "geometry": { "type": "Point", "coordinates": [ 99.578800388748519, 15.280036246926608 ] } },
{ "type": "Feature", "properties": { "road_key": "61020000ST100", "road_name": "ถนนสายบ้านหัวเด่น-บ้านหนองจอก", "road_no": "0", "aumpher": "อำเภอห้วยคต", "office": "สาขาหนองฉาง", "branch_code": "61020000", "name_short": "None", "price_new": 450, "price_old": 450, "width_m": 6, "pt_i": 16 }, "geometry": { "type": "Point", "coordinates": [ 99.577783144174475, 15.280485588677992 ] } },
{ "type": "Feature", "properties": { "road_key": "61020000ST100", "road_name": "ถนนสายบ้านหัวเด่น-บ้านหนองจอก", "road_no": "0", "aumpher": "อำเภอห้วยคต", "office": "สาขาหนองฉาง", "branch_code": "61020000", "name_short": "None", "price_new": 450, "price_old": 450, "width_m": 6, "pt_i": 17 }, "geometry": { "type": "Point", "coordinates": [ 99.576741541813789, 15.280878204776473 ] } },
{ "type": "Feature", "properties": { "road_key": "61020000ST100", "road_name": "ถนนสายบ้านหัวเด่น-บ้านหนองจอก", "road_no": "0", "aumpher": "อำเภอห้วยคต", "office": "สาขาหนองฉาง", "branch_code": "61020000", "name_short": "None", "price_new": 450, "price_old": 450, "width_m": 6, "pt_i": 18 }, "geometry": { "type": "Point", "coordinates": [ 99.575672506364185, 15.281184829490373 ] } },
{ "type": "Feature", "properties": { "road_key": "61020000ST100", "road_name": "ถนนสายบ้านหัวเด่น-บ้านหนองจอก", "road_no": "0", "aumpher": "อำเภอห้วยคต", "office": "สาขาหนองฉาง", "branch_code": "61020000", "name_short": "None", "price_new": 450, "price_old": 450, "width_m": 6, "pt_i": 19 }, "geometry": { "type": "Point", "coordinates": [ 99.57456403701724, 15.281314674507511 ] } },
{ "type": "Feature", "properties": { "road_key": "61020000ST100", "road_name": "ถนนสายบ้านหัวเด่น-บ้านหนองจอก", "road_no": "0", "aumpher": "อำเภอห้วยคต", "office": "สาขาหนองฉาง", "branch_code": "61020000", "name_short": "None", "price_new": 450, "price_old": 450, "width_m": 6, "pt_i": 20 }, "geometry": { "type": "Point", "coordinates": [ 99.573450951537083, 15.281411814429614 ] } },
{ "type": "Feature", "properties": { "road_key": "61020000ST100", "road_name": "ถนนสายบ้านหัวเด่น-บ้านหนองจอก", "road_no": "0", "aumpher": "อำเภอห้วยคต", "office": "สาขาหนองฉาง", "branch_code": "61020000", "name_short": "None", "price_new": 450, "price_old": 450, "width_m": 6, "pt_i": 21 }, "geometry": { "type": "Point", "coordinates": [ 99.572354307331977, 15.281314800682086 ] } },
{ "type": "Feature", "properties": { "road_key": "61020000ST100", "road_name": "ถนนสายบ้านหัวเด่น-บ้านหนองจอก", "road_no": "0", "aumpher": "อำเภอห้วยคต", "office": "สาขาหนองฉาง", "branch_code": "61020000", "name_short": "None", "price_new": 450, "price_old": 450, "width_m": 6, "pt_i": 22 }, "geometry": { "type": "Point", "coordinates": [ 99.57128669022201, 15.280993930037784 ] } },
{ "type": "Feature", "properties": { "road_key": "61020000ST100", "road_name": "ถนนสายบ้านหัวเด่น-บ้านหนองจอก", "road_no": "0", "aumpher": "อำเภอห้วยคต", "office": "สาขาหนองฉาง", "branch_code": "61020000", "name_short": "None", "price_new": 450, "price_old": 450, "width_m": 6, "pt_i": 23 }, "geometry": { "type": "Point", "coordinates": [ 99.570201391947535, 15.280877932934123 ] } },
{ "type": "Feature", "properties": { "road_key": "61020000ST100", "road_name": "ถนนสายบ้านหัวเด่น-บ้านหนองจอก", "road_no": "0", "aumpher": "อำเภอห้วยคต", "office": "สาขาหนองฉาง", "branch_code": "61020000", "name_short": "None", "price_new": 450, "price_old": 450, "width_m": 6, "pt_i": 24 }, "geometry": { "type": "Point", "coordinates": [ 99.569189947652603, 15.281339137477669 ] } },
{ "type": "Feature", "properties": { "road_key": "61020000ST100", "road_name": "ถนนสายบ้านหัวเด่น-บ้านหนองจอก", "road_no": "0", "aumpher": "อำเภอห้วยคต", "office": "สาขาหนองฉาง", "branch_code": "61020000", "name_short": "None", "price_new": 450, "price_old": 450, "width_m": 6, "pt_i": 25 }, "geometry": { "type": "Point", "coordinates": [ 99.568175725772306, 15.281793544585661 ] } },
{ "type": "Feature", "properties": { "road_key": "61020000ST100", "road_name": "ถนนสายบ้านหัวเด่น-บ้านหนองจอก", "road_no": "0", "aumpher": "อำเภอห้วยคต", "office": "สาขาหนองฉาง", "branch_code": "61020000", "name_short": "None", "price_new": 450, "price_old": 450, "width_m": 6, "pt_i": 26 }, "geometry": { "type": "Point", "coordinates": [ 99.567136117515773, 15.282191773396363 ] } },
{ "type": "Feature", "properties": { "road_key": "61020000ST100", "road_name": "ถนนสายบ้านหัวเด่น-บ้านหนองจอก", "road_no": "0", "aumpher": "อำเภอห้วยคต", "office": "สาขาหนองฉาง", "branch_code": "61020000", "name_short": "None", "price_new": 450, "price_old": 450, "width_m": 6, "pt_i": 27 }, "geometry": { "type": "Point", "coordinates": [ 99.566088935844334, 15.281926058309038 ] } },
{ "type": "Feature", "properties": { "road_key": "61020000ST100", "road_name": "ถนนสายบ้านหัวเด่น-บ้านหนองจอก", "road_no": "0", "aumpher": "อำเภอห้วยคต", "office": "สาขาหนองฉาง", "branch_code": "61020000", "name_short": "None", "price_new": 450, "price_old": 450, "width_m": 6, "pt_i": 28 }, "geometry": { "type": "Point", "coordinates": [ 99.565069243004672, 15.281482082836563 ] } },
{ "type": "Feature", "properties": { "road_key": "61020000ST100", "road_name": "ถนนสายบ้านหัวเด่น-บ้านหนองจอก", "road_no": "0", "aumpher": "อำเภอห้วยคต", "office": "สาขาหนองฉาง", "branch_code": "61020000", "name_short": "None", "price_new": 450, "price_old": 450, "width_m": 6, "pt_i": 29 }, "geometry": { "type": "Point", "coordinates": [ 99.564066967525889, 15.281002140915492 ] } },
{ "type": "Feature", "properties": { "road_key": "61020000ST100", "road_name": "ถนนสายบ้านหัวเด่น-บ้านหนองจอก", "road_no": "0", "aumpher": "อำเภอห้วยคต", "office": "สาขาหนองฉาง", "branch_code": "61020000", "name_short": "None", "price_new": 450, "price_old": 450, "width_m": 6, "pt_i": 30 }, "geometry": { "type": "Point", "coordinates": [ 99.563042037430037, 15.281080619847614 ] } },
{ "type": "Feature", "properties": { "road_key": "61020000ST100", "road_name": "ถนนสายบ้านหัวเด่น-บ้านหนองจอก", "road_no": "0", "aumpher": "อำเภอห้วยคต", "office": "สาขาหนองฉาง", "branch_code": "61020000", "name_short": "None", "price_new": 450, "price_old": 450, "width_m": 6, "pt_i": 31 }, "geometry": { "type": "Point", "coordinates": [ 99.562039818127403, 15.281535187008618 ] } },
{ "type": "Feature", "properties": { "road_key": "61020000ST100", "road_name": "ถนนสายบ้านหัวเด่น-บ้านหนองจอก", "road_no": "0", "aumpher": "อำเภอห้วยคต", "office": "สาขาหนองฉาง", "branch_code": "61020000", "name_short": "None", "price_new": 450, "price_old": 450, "width_m": 6, "pt_i": 32 }, "geometry": { "type": "Point", "coordinates": [ 99.560972662695306, 15.281852154006552 ] } },
{ "type": "Feature", "properties": { "road_key": "61020000ST100", "road_name": "ถนนสายบ้านหัวเด่น-บ้านหนองจอก", "road_no": "0", "aumpher": "อำเภอห้วยคต", "office": "สาขาหนองฉาง", "branch_code": "61020000", "name_short": "None", "price_new": 450, "price_old": 450, "width_m": 6, "pt_i": 33 }, "geometry": { "type": "Point", "coordinates": [ 99.559874125673872, 15.281999620473581 ] } },
{ "type": "Feature", "properties": { "road_key": "61020000ST100", "road_name": "ถนนสายบ้านหัวเด่น-บ้านหนองจอก", "road_no": "0", "aumpher": "อำเภอห้วยคต", "office": "สาขาหนองฉาง", "branch_code": "61020000", "name_short": "None", "price_new": 450, "price_old": 450, "width_m": 6, "pt_i": 34 }, "geometry": { "type": "Point", "coordinates": [ 99.558756796156146, 15.282007152174113 ] } },
{ "type": "Feature", "properties": { "road_key": "61020000ST100", "road_name": "ถนนสายบ้านหัวเด่น-บ้านหนองจอก", "road_no": "0", "aumpher": "อำเภอห้วยคต", "office": "สาขาหนองฉาง", "branch_code": "61020000", "name_short": "None", "price_new": 450, "price_old": 450, "width_m": 6, "pt_i": 35 }, "geometry": { "type": "Point", "coordinates": [ 99.55765087717468, 15.281850640089059 ] } },
{ "type": "Feature", "properties": { "road_key": "61020000ST100", "road_name": "ถนนสายบ้านหัวเด่น-บ้านหนองจอก", "road_no": "0", "aumpher": "อำเภอห้วยคต", "office": "สาขาหนองฉาง", "branch_code": "61020000", "name_short": "None", "price_new": 450, "price_old": 450, "width_m": 6, "pt_i": 36 }, "geometry": { "type": "Point", "coordinates": [ 99.556572692471207, 15.281600031629571 ] } },
{ "type": "Feature", "properties": { "road_key": "61020000ST100", "road_name": "ถนนสายบ้านหัวเด่น-บ้านหนองจอก", "road_no": "0", "aumpher": "อำเภอห้วยคต", "office": "สาขาหนองฉาง", "branch_code": "61020000", "name_short": "None", "price_new": 450, "price_old": 450, "width_m": 6, "pt_i": 37 }, "geometry": { "type": "Point", "coordinates": [ 99.556156388961597, 15.280620767930621 ] } },
{ "type": "Feature", "properties": { "road_key": "61020000ST100", "road_name": "ถนนสายบ้านหัวเด่น-บ้านหนองจอก", "road_no": "0", "aumpher": "อำเภอห้วยคต", "office": "สาขาหนองฉาง", "branch_code": "61020000", "name_short": "None", "price_new": 450, "price_old": 450, "width_m": 6, "pt_i": 38 }, "geometry": { "type": "Point", "coordinates": [ 99.555548295516004, 15.279711167431513 ] } },
{ "type": "Feature", "properties": { "road_key": "61020000ST100", "road_name": "ถนนสายบ้านหัวเด่น-บ้านหนองจอก", "road_no": "0", "aumpher": "อำเภอห้วยคต", "office": "สาขาหนองฉาง", "branch_code": "61020000", "name_short": "None", "price_new": 450, "price_old": 450, "width_m": 6, "pt_i": 39 }, "geometry": { "type": "Point", "coordinates": [ 99.555111260695682, 15.278718796378497 ] } },
{ "type": "Feature", "properties": { "road_key": "61020000ST100", "road_name": "ถนนสายบ้านหัวเด่น-บ้านหนองจอก", "road_no": "0", "aumpher": "อำเภอห้วยคต", "office": "สาขาหนองฉาง", "branch_code": "61020000", "name_short": "None", "price_new": 450, "price_old": 450, "width_m": 6, "pt_i": 40 }, "geometry": { "type": "Point", "coordinates": [ 99.554772671797039, 15.27768490803153 ] } },
{ "type": "Feature", "properties": { "road_key": "61020000ST100", "road_name": "ถนนสายบ้านหัวเด่น-บ้านหนองจอก", "road_no": "0", "aumpher": "อำเภอห้วยคต", "office": "สาขาหนองฉาง", "branch_code": "61020000", "name_short": "None", "price_new": 450, "price_old": 450, "width_m": 6, "pt_i": 41 }, "geometry": { "type": "Point", "coordinates": [ 99.554058112739824, 15.276922666008037 ] } },
{ "type": "Feature", "properties": { "road_key": "61020000ST100", "road_name": "ถนนสายบ้านหัวเด่น-บ้านหนองจอก", "road_no": "0", "aumpher": "อำเภอห้วยคต", "office": "สาขาหนองฉาง", "branch_code": "61020000", "name_short": "None", "price_new": 450, "price_old": 450, "width_m": 6, "pt_i": 42 }, "geometry": { "type": "Point", "coordinates": [ 99.552968915596239, 15.2769573771644 ] } },
{ "type": "Feature", "properties": { "road_key": "61020000ST100", "road_name": "ถนนสายบ้านหัวเด่น-บ้านหนองจอก", "road_no": "0", "aumpher": "อำเภอห้วยคต", "office": "สาขาหนองฉาง", "branch_code": "61020000", "name_short": "None", "price_new": 450, "price_old": 450, "width_m": 6, "pt_i": 43 }, "geometry": { "type": "Point", "coordinates": [ 99.551895724938376, 15.277239306231975 ] } },
{ "type": "Feature", "properties": { "road_key": "61020000ST100", "road_name": "ถนนสายบ้านหัวเด่น-บ้านหนองจอก", "road_no": "0", "aumpher": "อำเภอห้วยคต", "office": "สาขาหนองฉาง", "branch_code": "61020000", "name_short": "None", "price_new": 450, "price_old": 450, "width_m": 6, "pt_i": 44 }, "geometry": { "type": "Point", "coordinates": [ 99.550987384841704, 15.277866328328507 ] } },
{ "type": "Feature", "properties": { "road_key": "61020000ST100", "road_name": "ถนนสายบ้านหัวเด่น-บ้านหนองจอก", "road_no": "0", "aumpher": "อำเภอห้วยคต", "office": "สาขาหนองฉาง", "branch_code": "61020000", "name_short": "None", "price_new": 450, "price_old": 450, "width_m": 6, "pt_i": 45 }, "geometry": { "type": "Point", "coordinates": [ 99.550077658248981, 15.278468725589263 ] } },
{ "type": "Feature", "properties": { "road_key": "61020000ST100", "road_name": "ถนนสายบ้านหัวเด่น-บ้านหนองจอก", "road_no": "0", "aumpher": "อำเภอห้วยคต", "office": "สาขาหนองฉาง", "branch_code": "61020000", "name_short": "None", "price_new": 450, "price_old": 450, "width_m": 6, "pt_i": 46 }, "geometry": { "type": "Point", "coordinates": [ 99.548976844586804, 15.278655652579353 ] } },
{ "type": "Feature", "properties": { "road_key": "61020000ST100", "road_name": "ถนนสายบ้านหัวเด่น-บ้านหนองจอก", "road_no": "0", "aumpher": "อำเภอห้วยคต", "office": "สาขาหนองฉาง", "branch_code": "61020000", "name_short": "None", "price_new": 450, "price_old": 450, "width_m": 6, "pt_i": 47 }, "geometry": { "type": "Point", "coordinates": [ 99.547872018126299, 15.278645810132026 ] } },
{ "type": "Feature", "properties": { "road_key": "61020000ST100", "road_name": "ถนนสายบ้านหัวเด่น-บ้านหนองจอก", "road_no": "0", "aumpher": "อำเภอห้วยคต", "office": "สาขาหนองฉาง", "branch_code": "61020000", "name_short": "None", "price_new": 450, "price_old": 450, "width_m": 6, "pt_i": 48 }, "geometry": { "type": "Point", "coordinates": [ 99.546765693261605, 15.27849200743688 ] } },
{ "type": "Feature", "properties": { "road_key": "61020000ST100", "road_name": "ถนนสายบ้านหัวเด่น-บ้านหนองจอก", "road_no": "0", "aumpher": "อำเภอห้วยคต", "office": "สาขาหนองฉาง", "branch_code": "61020000", "name_short": "None", "price_new": 450, "price_old": 450, "width_m": 6, "pt_i": 49 }, "geometry": { "type": "Point", "coordinates": [ 99.545659738466355, 15.278335716711215 ] } },
{ "type": "Feature", "properties": { "road_key": "61020000ST100", "road_name": "ถนนสายบ้านหัวเด่น-บ้านหนองจอก", "road_no": "0", "aumpher": "อำเภอห้วยคต", "office": "สาขาหนองฉาง", "branch_code": "61020000", "name_short": "None", "price_new": 450, "price_old": 450, "width_m": 6, "pt_i": 50 }, "geometry": { "type": "Point", "coordinates": [ 99.544571122422539, 15.278397742662772 ] } },
{ "type": "Feature", "properties": { "road_key": "61020000ST100", "road_name": "ถนนสายบ้านหัวเด่น-บ้านหนองจอก", "road_no": "0", "aumpher": "อำเภอห้วยคต", "office": "สาขาหนองฉาง", "branch_code": "61020000", "name_short": "None", "price_new": 450, "price_old": 450, "width_m": 6, "pt_i": 51 }, "geometry": { "type": "Point", "coordinates": [ 99.543496821925785, 15.278624800376159 ] } },
{ "type": "Feature", "properties": { "road_key": "61020000ST100", "road_name": "ถนนสายบ้านหัวเด่น-บ้านหนองจอก", "road_no": "0", "aumpher": "อำเภอห้วยคต", "office": "สาขาหนองฉาง", "branch_code": "61020000", "name_short": "None", "price_new": 450, "price_old": 450, "width_m": 6, "pt_i": 52 }, "geometry": { "type": "Point", "coordinates": [ 99.542400921605065, 15.278425896892497 ] } },
{ "type": "Feature", "properties": { "road_key": "61020000ST100", "road_name": "ถนนสายบ้านหัวเด่น-บ้านหนองจอก", "road_no": "0", "aumpher": "อำเภอห้วยคต", "office": "สาขาหนองฉาง", "branch_code": "61020000", "name_short": "None", "price_new": 450, "price_old": 450, "width_m": 6, "pt_i": 53 }, "geometry": { "type": "Point", "coordinates": [ 99.541327470340917, 15.278124465477109 ] } },
{ "type": "Feature", "properties": { "road_key": "61020000ST100", "road_name": "ถนนสายบ้านหัวเด่น-บ้านหนองจอก", "road_no": "0", "aumpher": "อำเภอห้วยคต", "office": "สาขาหนองฉาง", "branch_code": "61020000", "name_short": "None", "price_new": 450, "price_old": 450, "width_m": 6, "pt_i": 54 }, "geometry": { "type": "Point", "coordinates": [ 99.540285272967566, 15.277747425326769 ] } },
{ "type": "Feature", "properties": { "road_key": "61020000ST100", "road_name": "ถนนสายบ้านหัวเด่น-บ้านหนองจอก", "road_no": "0", "aumpher": "อำเภอห้วยคต", "office": "สาขาหนองฉาง", "branch_code": "61020000", "name_short": "None", "price_new": 450, "price_old": 450, "width_m": 6, "pt_i": 55 }, "geometry": { "type": "Point", "coordinates": [ 99.539171505152325, 15.277772032279685 ] } },
{ "type": "Feature", "properties": { "road_key": "61020000ST100", "road_name": "ถนนสายบ้านหัวเด่น-บ้านหนองจอก", "road_no": "0", "aumpher": "อำเภอห้วยคต", "office": "สาขาหนองฉาง", "branch_code": "61020000", "name_short": "None", "price_new": 450, "price_old": 450, "width_m": 6, "pt_i": 56 }, "geometry": { "type": "Point", "coordinates": [ 99.538062167455124, 15.277891332084399 ] } },
{ "type": "Feature", "properties": { "road_key": "61020000ST102", "road_name": "ถนนสายแยก ทล.3282-บ้านคอกควาย", "road_no": "0", "aumpher": "อำเภอห้วยคต", "office": "สาขาหนองฉาง", "branch_code": "61020000", "name_short": "None", "price_new": 300, "price_old": 150, "width_m": 4, "pt_i": 0 }, "geometry": { "type": "Point", "coordinates": [ 99.566744306271332, 15.357783623177889 ] } },
{ "type": "Feature", "properties": { "road_key": "61020000ST102", "road_name": "ถนนสายแยก ทล.3282-บ้านคอกควาย", "road_no": "0", "aumpher": "อำเภอห้วยคต", "office": "สาขาหนองฉาง", "branch_code": "61020000", "name_short": "None", "price_new": 300, "price_old": 150, "width_m": 4, "pt_i": 1 }, "geometry": { "type": "Point", "coordinates": [ 99.566723633868435, 15.356698945210425 ] } },
{ "type": "Feature", "properties": { "road_key": "61020000ST102", "road_name": "ถนนสายแยก ทล.3282-บ้านคอกควาย", "road_no": "0", "aumpher": "อำเภอห้วยคต", "office": "สาขาหนองฉาง", "branch_code": "61020000", "name_short": "None", "price_new": 300, "price_old": 150, "width_m": 4, "pt_i": 2 }, "geometry": { "type": "Point", "coordinates": [ 99.566705797643337, 15.355614222692674 ] } },
{ "type": "Feature", "properties": { "road_key": "61020000ST102", "road_name": "ถนนสายแยก ทล.3282-บ้านคอกควาย", "road_no": "0", "aumpher": "อำเภอห้วยคต", "office": "สาขาหนองฉาง", "branch_code": "61020000", "name_short": "None", "price_new": 300, "price_old": 150, "width_m": 4, "pt_i": 3 }, "geometry": { "type": "Point", "coordinates": [ 99.566690340127508, 15.354529462742448 ] } },
{ "type": "Feature", "properties": { "road_key": "61020000ST102", "road_name": "ถนนสายแยก ทล.3282-บ้านคอกควาย", "road_no": "0", "aumpher": "อำเภอห้วยคต", "office": "สาขาหนองฉาง", "branch_code": "61020000", "name_short": "None", "price_new": 300, "price_old": 150, "width_m": 4, "pt_i": 4 }, "geometry": { "type": "Point", "coordinates": [ 99.566666396139652, 15.353444960311593 ] } },
{ "type": "Feature", "properties": { "road_key": "61020000ST102", "road_name": "ถนนสายแยก ทล.3282-บ้านคอกควาย", "road_no": "0", "aumpher": "อำเภอห้วยคต", "office": "สาขาหนองฉาง", "branch_code": "61020000", "name_short": "None", "price_new": 300, "price_old": 150, "width_m": 4, "pt_i": 0 }, "geometry": { "type": "Point", "coordinates": [ 99.57463281348447, 15.365477497562955 ] } },
{ "type": "Feature", "properties": { "road_key": "61020000ST102", "road_name": "ถนนสายแยก ทล.3282-บ้านคอกควาย", "road_no": "0", "aumpher": "อำเภอห้วยคต", "office": "สาขาหนองฉาง", "branch_code": "61020000", "name_short": "None", "price_new": 300, "price_old": 150, "width_m": 4, "pt_i": 1 }, "geometry": { "type": "Point", "coordinates": [ 99.573856290983414, 15.364696970041258 ] } },
{ "type": "Feature", "properties": { "road_key": "61020000ST102", "road_name": "ถนนสายแยก ทล.3282-บ้านคอกควาย", "road_no": "0", "aumpher": "อำเภอห้วยคต", "office": "สาขาหนองฉาง", "branch_code": "61020000", "name_short": "None", "price_new": 300, "price_old": 150, "width_m": 4, "pt_i": 2 }, "geometry": { "type": "Point", "coordinates": [ 99.573079774267413, 15.363916439561072 ] } },
{ "type": "Feature", "properties": { "road_key": "61020000ST102", "road_name": "ถนนสายแยก ทล.3282-บ้านคอกควาย", "road_no": "0", "aumpher": "อำเภอห้วยคต", "office": "สาขาหนองฉาง", "branch_code": "61020000", "name_short": "None", "price_new": 300, "price_old": 150, "width_m": 4, "pt_i": 3 }, "geometry": { "type": "Point", "coordinates": [ 99.572300096049972, 15.363138945725312 ] } },
{ "type": "Feature", "properties": { "road_key": "61020000ST102", "road_name": "ถนนสายแยก ทล.3282-บ้านคอกควาย", "road_no": "0", "aumpher": "อำเภอห้วยคต", "office": "สาขาหนองฉาง", "branch_code": "61020000", "name_short": "None", "price_new": 300, "price_old": 150, "width_m": 4, "pt_i": 4 }, "geometry": { "type": "Point", "coordinates": [ 99.57150427526372, 15.362376946210274 ] } },
{ "type": "Feature", "properties": { "road_key": "61020000ST102", "road_name": "ถนนสายแยก ทล.3282-บ้านคอกควาย", "road_no": "0", "aumpher": "อำเภอห้วยคต", "office": "สาขาหนองฉาง", "branch_code": "61020000", "name_short": "None", "price_new": 300, "price_old": 150, "width_m": 4, "pt_i": 5 }, "geometry": { "type": "Point", "coordinates": [ 99.570708460254735, 15.361614943604225 ] } },
{ "type": "Feature", "properties": { "road_key": "61020000ST102", "road_name": "ถนนสายแยก ทล.3282-บ้านคอกควาย", "road_no": "0", "aumpher": "อำเภอห้วยคต", "office": "สาขาหนองฉาง", "branch_code": "61020000", "name_short": "None", "price_new": 300, "price_old": 150, "width_m": 4, "pt_i": 6 }, "geometry": { "type": "Point", "coordinates": [ 99.56992751440076, 15.360838650678097 ] } },
{ "type": "Feature", "properties": { "road_key": "61020000ST102", "road_name": "ถนนสายแยก ทล.3282-บ้านคอกควาย", "road_no": "0", "aumpher": "อำเภอห้วยคต", "office": "สาขาหนองฉาง", "branch_code": "61020000", "name_short": "None", "price_new": 300, "price_old": 150, "width_m": 4, "pt_i": 7 }, "geometry": { "type": "Point", "coordinates": [ 99.569149719856867, 15.36005933117843 ] } },
{ "type": "Feature", "properties": { "road_key": "61020000ST102", "road_name": "ถนนสายแยก ทล.3282-บ้านคอกควาย", "road_no": "0", "aumpher": "อำเภอห้วยคต", "office": "สาขาหนองฉาง", "branch_code": "61020000", "name_short": "None", "price_new": 300, "price_old": 150, "width_m": 4, "pt_i": 8 }, "geometry": { "type": "Point", "coordinates": [ 99.568370564071458, 15.35928132530705 ] } },
{ "type": "Feature", "properties": { "road_key": "61020000ST102", "road_name": "ถนนสายแยก ทล.3282-บ้านคอกควาย", "road_no": "0", "aumpher": "อำเภอห้วยคต", "office": "สาขาหนองฉาง", "branch_code": "61020000", "name_short": "None", "price_new": 300, "price_old": 150, "width_m": 4, "pt_i": 9 }, "geometry": { "type": "Point", "coordinates": [ 99.567573240499669, 15.358520819515661 ] } },
{ "type": "Feature", "properties": { "road_key": "61020000ST102", "road_name": "ถนนสายแยก ทล.3282-บ้านคอกควาย", "road_no": "0", "aumpher": "อำเภอห้วยคต", "office": "สาขาหนองฉาง", "branch_code": "61020000", "name_short": "None", "price_new": 300, "price_old": 150, "width_m": 4, "pt_i": 10 }, "geometry": { "type": "Point", "coordinates": [ 99.566749684777065, 15.357788083013313 ] } },
{ "type": "Feature", "properties": { "road_key": "61020000ST102", "road_name": "ถนนสายแยก ทล.3282-บ้านคอกควาย", "road_no": "0", "aumpher": "อำเภอห้วยคต", "office": "สาขาหนองฉาง", "branch_code": "61020000", "name_short": "None", "price_new": 300, "price_old": 150, "width_m": 4, "pt_i": 0 }, "geometry": { "type": "Point", "coordinates": [ 99.549444047009501, 15.365663214649388 ] } },
{ "type": "Feature", "properties": { "road_key": "61020000ST102", "road_name": "ถนนสายแยก ทล.3282-บ้านคอกควาย", "road_no": "0", "aumpher": "อำเภอห้วยคต", "office": "สาขาหนองฉาง", "branch_code": "61020000", "name_short": "None", "price_new": 300, "price_old": 150, "width_m": 4, "pt_i": 1 }, "geometry": { "type": "Point", "coordinates": [ 99.550401827534699, 15.365103505516739 ] } },
{ "type": "Feature", "properties": { "road_key": "61020000ST102", "road_name": "ถนนสายแยก ทล.3282-บ้านคอกควาย", "road_no": "0", "aumpher": "อำเภอห้วยคต", "office": "สาขาหนองฉาง", "branch_code": "61020000", "name_short": "None", "price_new": 300, "price_old": 150, "width_m": 4, "pt_i": 2 }, "geometry": { "type": "Point", "coordinates": [ 99.551364139418993, 15.364551169008564 ] } },
{ "type": "Feature", "properties": { "road_key": "61020000ST102", "road_name": "ถนนสายแยก ทล.3282-บ้านคอกควาย", "road_no": "0", "aumpher": "อำเภอห้วยคต", "office": "สาขาหนองฉาง", "branch_code": "61020000", "name_short": "None", "price_new": 300, "price_old": 150, "width_m": 4, "pt_i": 3 }, "geometry": { "type": "Point", "coordinates": [ 99.552327141033217, 15.364000010457547 ] } },
{ "type": "Feature", "properties": { "road_key": "61020000ST102", "road_name": "ถนนสายแยก ทล.3282-บ้านคอกควาย", "road_no": "0", "aumpher": "อำเภอห้วยคต", "office": "สาขาหนองฉาง", "branch_code": "61020000", "name_short": "None", "price_new": 300, "price_old": 150, "width_m": 4, "pt_i": 4 }, "geometry": { "type": "Point", "coordinates": [ 99.553311908826984, 15.363486295632836 ] } },
{ "type": "Feature", "properties": { "road_key": "61020000ST102", "road_name": "ถนนสายแยก ทล.3282-บ้านคอกควาย", "road_no": "0", "aumpher": "อำเภอห้วยคต", "office": "สาขาหนองฉาง", "branch_code": "61020000", "name_short": "None", "price_new": 300, "price_old": 150, "width_m": 4, "pt_i": 5 }, "geometry": { "type": "Point", "coordinates": [ 99.554295148137825, 15.362969860476193 ] } },
{ "type": "Feature", "properties": { "road_key": "61020000ST102", "road_name": "ถนนสายแยก ทล.3282-บ้านคอกควาย", "road_no": "0", "aumpher": "อำเภอห้วยคต", "office": "สาขาหนองฉาง", "branch_code": "61020000", "name_short": "None", "price_new": 300, "price_old": 150, "width_m": 4, "pt_i": 6 }, "geometry": { "type": "Point", "coordinates": [ 99.555302308481117, 15.362500987577848 ] } },
{ "type": "Feature", "properties": { "road_key": "61020000ST102", "road_name": "ถนนสายแยก ทล.3282-บ้านคอกควาย", "road_no": "0", "aumpher": "อำเภอห้วยคต", "office": "สาขาหนองฉาง", "branch_code": "61020000", "name_short": "None", "price_new": 300, "price_old": 150, "width_m": 4, "pt_i": 7 }, "geometry": { "type": "Point", "coordinates": [ 99.556326678413583, 15.362066279513952 ] } },
{ "type": "Feature", "properties": { "road_key": "61020000ST102", "road_name": "ถนนสายแยก ทล.3282-บ้านคอกควาย", "road_no": "0", "aumpher": "อำเภอห้วยคต", "office": "สาขาหนองฉาง", "branch_code": "61020000", "name_short": "None", "price_new": 300, "price_old": 150, "width_m": 4, "pt_i": 8 }, "geometry": { "type": "Point", "coordinates": [ 99.557352028255394, 15.361633753084179 ] } },
{ "type": "Feature", "properties": { "road_key": "61020000ST102", "road_name": "ถนนสายแยก ทล.3282-บ้านคอกควาย", "road_no": "0", "aumpher": "อำเภอห้วยคต", "office": "สาขาหนองฉาง", "branch_code": "61020000", "name_short": "None", "price_new": 300, "price_old": 150, "width_m": 4, "pt_i": 9 }, "geometry": { "type": "Point", "coordinates": [ 99.558378409849468, 15.36120353906766 ] } },
{ "type": "Feature", "properties": { "road_key": "61020000ST102", "road_name": "ถนนสายแยก ทล.3282-บ้านคอกควาย", "road_no": "0", "aumpher": "อำเภอห้วยคต", "office": "สาขาหนองฉาง", "branch_code": "61020000", "name_short": "None", "price_new": 300, "price_old": 150, "width_m": 4, "pt_i": 10 }, "geometry": { "type": "Point", "coordinates": [ 99.559408834464904, 15.360782555496431 ] } },
{ "type": "Feature", "properties": { "road_key": "61020000ST102", "road_name": "ถนนสายแยก ทล.3282-บ้านคอกควาย", "road_no": "0", "aumpher": "อำเภอห้วยคต", "office": "สาขาหนองฉาง", "branch_code": "61020000", "name_short": "None", "price_new": 300, "price_old": 150, "width_m": 4, "pt_i": 11 }, "geometry": { "type": "Point", "coordinates": [ 99.560440184924516, 15.360363689549681 ] } },
{ "type": "Feature", "properties": { "road_key": "61020000ST102", "road_name": "ถนนสายแยก ทล.3282-บ้านคอกควาย", "road_no": "0", "aumpher": "อำเภอห้วยคต", "office": "สาขาหนองฉาง", "branch_code": "61020000", "name_short": "None", "price_new": 300, "price_old": 150, "width_m": 4, "pt_i": 12 }, "geometry": { "type": "Point", "coordinates": [ 99.561468525326333, 15.359937941373241 ] } },
{ "type": "Feature", "properties": { "road_key": "61020000ST102", "road_name": "ถนนสายแยก ทล.3282-บ้านคอกควาย", "road_no": "0", "aumpher": "อำเภอห้วยคต", "office": "สาขาหนองฉาง", "branch_code": "61020000", "name_short": "None", "price_new": 300, "price_old": 150, "width_m": 4, "pt_i": 13 }, "geometry": { "type": "Point", "coordinates": [ 99.562495782629753, 15.359509720226741 ] } },
{ "type": "Feature", "properties": { "road_key": "61020000ST102", "road_name": "ถนนสายแยก ทล.3282-บ้านคอกควาย", "road_no": "0", "aumpher": "อำเภอห้วยคต", "office": "สาขาหนองฉาง", "branch_code": "61020000", "name_short": "None", "price_new": 300, "price_old": 150, "width_m": 4, "pt_i": 14 }, "geometry": { "type": "Point", "coordinates": [ 99.563524693272839, 15.359085332350437 ] } },
{ "type": "Feature", "properties": { "road_key": "61020000ST102", "road_name": "ถนนสายแยก ทล.3282-บ้านคอกควาย", "road_no": "0", "aumpher": "อำเภอห้วยคต", "office": "สาขาหนองฉาง", "branch_code": "61020000", "name_short": "None", "price_new": 300, "price_old": 150, "width_m": 4, "pt_i": 15 }, "geometry": { "type": "Point", "coordinates": [ 99.564559638611115, 15.358674921331376 ] } },
{ "type": "Feature", "properties": { "road_key": "61020000ST102", "road_name": "ถนนสายแยก ทล.3282-บ้านคอกควาย", "road_no": "0", "aumpher": "อำเภอห้วยคต", "office": "สาขาหนองฉาง", "branch_code": "61020000", "name_short": "None", "price_new": 300, "price_old": 150, "width_m": 4, "pt_i": 16 }, "geometry": { "type": "Point", "coordinates": [ 99.565593586059776, 15.358262160073179 ] } },
{ "type": "Feature", "properties": { "road_key": "61020000ST102", "road_name": "ถนนสายแยก ทล.3282-บ้านคอกควาย", "road_no": "0", "aumpher": "อำเภอห้วยคต", "office": "สาขาหนองฉาง", "branch_code": "61020000", "name_short": "None", "price_new": 300, "price_old": 150, "width_m": 4, "pt_i": 17 }, "geometry": { "type": "Point", "coordinates": [ 99.56662786154709, 15.357850486999967 ] } },
{ "type": "Feature", "properties": { "road_key": "61020000ST114", "road_name": "ถนนในชุมชนห้วยคต", "road_no": "0", "aumpher": "อำเภอห้วยคต", "office": "สาขาหนองฉาง", "branch_code": "61020000", "name_short": "None", "price_new": 250, "price_old": 150, "width_m": 4, "pt_i": 0 }, "geometry": { "type": "Point", "coordinates": [ 99.615034981693924, 15.291804512967106 ] } },
{ "type": "Feature", "properties": { "road_key": "61020000ST114", "road_name": "ถนนในชุมชนห้วยคต", "road_no": "0", "aumpher": "อำเภอห้วยคต", "office": "สาขาหนองฉาง", "branch_code": "61020000", "name_short": "None", "price_new": 250, "price_old": 150, "width_m": 4, "pt_i": 1 }, "geometry": { "type": "Point", "coordinates": [ 99.614047055117311, 15.291297182399221 ] } },
{ "type": "Feature", "properties": { "road_key": "61020000ST114", "road_name": "ถนนในชุมชนห้วยคต", "road_no": "0", "aumpher": "อำเภอห้วยคต", "office": "สาขาหนองฉาง", "branch_code": "61020000", "name_short": "None", "price_new": 250, "price_old": 150, "width_m": 4, "pt_i": 2 }, "geometry": { "type": "Point", "coordinates": [ 99.613087700515649, 15.290740985903369 ] } },
{ "type": "Feature", "properties": { "road_key": "61020000ST114", "road_name": "ถนนในชุมชนห้วยคต", "road_no": "0", "aumpher": "อำเภอห้วยคต", "office": "สาขาหนองฉาง", "branch_code": "61020000", "name_short": "None", "price_new": 250, "price_old": 150, "width_m": 4, "pt_i": 3 }, "geometry": { "type": "Point", "coordinates": [ 99.612280126577005, 15.290012811536286 ] } },
{ "type": "Feature", "properties": { "road_key": "61020000ST114", "road_name": "ถนนในชุมชนห้วยคต", "road_no": "0", "aumpher": "อำเภอห้วยคต", "office": "สาขาหนองฉาง", "branch_code": "61020000", "name_short": "None", "price_new": 250, "price_old": 150, "width_m": 4, "pt_i": 4 }, "geometry": { "type": "Point", "coordinates": [ 99.61180929210326, 15.289046357051832 ] } },
{ "type": "Feature", "properties": { "road_key": "61020000ST114", "road_name": "ถนนในชุมชนห้วยคต", "road_no": "0", "aumpher": "อำเภอห้วยคต", "office": "สาขาหนองฉาง", "branch_code": "61020000", "name_short": "None", "price_new": 250, "price_old": 150, "width_m": 4, "pt_i": 5 }, "geometry": { "type": "Point", "coordinates": [ 99.611586302649528, 15.287984135007813 ] } },
{ "type": "Feature", "properties": { "road_key": "61020000ST114", "road_name": "ถนนในชุมชนห้วยคต", "road_no": "0", "aumpher": "อำเภอห้วยคต", "office": "สาขาหนองฉาง", "branch_code": "61020000", "name_short": "None", "price_new": 250, "price_old": 150, "width_m": 4, "pt_i": 6 }, "geometry": { "type": "Point", "coordinates": [ 99.611291213453597, 15.286937768915951 ] } },
{ "type": "Feature", "properties": { "road_key": "61020000ST114", "road_name": "ถนนในชุมชนห้วยคต", "road_no": "0", "aumpher": "อำเภอห้วยคต", "office": "สาขาหนองฉาง", "branch_code": "61020000", "name_short": "None", "price_new": 250, "price_old": 150, "width_m": 4, "pt_i": 7 }, "geometry": { "type": "Point", "coordinates": [ 99.611006365073649, 15.285888948957197 ] } },
{ "type": "Feature", "properties": { "road_key": "61020000ST114", "road_name": "ถนนในชุมชนห้วยคต", "road_no": "0", "aumpher": "อำเภอห้วยคต", "office": "สาขาหนองฉาง", "branch_code": "61020000", "name_short": "None", "price_new": 250, "price_old": 150, "width_m": 4, "pt_i": 0 }, "geometry": { "type": "Point", "coordinates": [ 99.615034981693924, 15.291804512967106 ] } },
{ "type": "Feature", "properties": { "road_key": "61020000ST114", "road_name": "ถนนในชุมชนห้วยคต", "road_no": "0", "aumpher": "อำเภอห้วยคต", "office": "สาขาหนองฉาง", "branch_code": "61020000", "name_short": "None", "price_new": 250, "price_old": 150, "width_m": 4, "pt_i": 1 }, "geometry": { "type": "Point", "coordinates": [ 99.615315511822558, 15.29076272164691 ] } },
{ "type": "Feature", "properties": { "road_key": "61020000ST114", "road_name": "ถนนในชุมชนห้วยคต", "road_no": "0", "aumpher": "อำเภอห้วยคต", "office": "สาขาหนองฉาง", "branch_code": "61020000", "name_short": "None", "price_new": 250, "price_old": 150, "width_m": 4, "pt_i": 2 }, "geometry": { "type": "Point", "coordinates": [ 99.61560668305485, 15.289715354299119 ] } },
{ "type": "Feature", "properties": { "road_key": "61020000ST114", "road_name": "ถนนในชุมชนห้วยคต", "road_no": "0", "aumpher": "อำเภอห้วยคต", "office": "สาขาหนองฉาง", "branch_code": "61020000", "name_short": "None", "price_new": 250, "price_old": 150, "width_m": 4, "pt_i": 0 }, "geometry": { "type": "Point", "coordinates": [ 99.615312817380527, 15.292178938791736 ] } },
{ "type": "Feature", "properties": { "road_key": "61020000ST114", "road_name": "ถนนในชุมชนห้วยคต", "road_no": "0", "aumpher": "อำเภอห้วยคต", "office": "สาขาหนองฉาง", "branch_code": "61020000", "name_short": "None", "price_new": 250, "price_old": 150, "width_m": 4, "pt_i": 1 }, "geometry": { "type": "Point", "coordinates": [ 99.615034981693924, 15.291804512967106 ] } },
{ "type": "Feature", "properties": { "road_key": "61020000ST114", "road_name": "ถนนในชุมชนห้วยคต", "road_no": "0", "aumpher": "อำเภอห้วยคต", "office": "สาขาหนองฉาง", "branch_code": "61020000", "name_short": "None", "price_new": 250, "price_old": 150, "width_m": 4, "pt_i": 0 }, "geometry": { "type": "Point", "coordinates": [ 99.615312817380527, 15.292178938791736 ] } },
{ "type": "Feature", "properties": { "road_key": "61020000ST114", "road_name": "ถนนในชุมชนห้วยคต", "road_no": "0", "aumpher": "อำเภอห้วยคต", "office": "สาขาหนองฉาง", "branch_code": "61020000", "name_short": "None", "price_new": 250, "price_old": 150, "width_m": 4, "pt_i": 1 }, "geometry": { "type": "Point", "coordinates": [ 99.616399382270245, 15.291937923120969 ] } },
{ "type": "Feature", "properties": { "road_key": "61020000ST114", "road_name": "ถนนในชุมชนห้วยคต", "road_no": "0", "aumpher": "อำเภอห้วยคต", "office": "สาขาหนองฉาง", "branch_code": "61020000", "name_short": "None", "price_new": 250, "price_old": 150, "width_m": 4, "pt_i": 2 }, "geometry": { "type": "Point", "coordinates": [ 99.617464923361098, 15.292138716429935 ] } },
{ "type": "Feature", "properties": { "road_key": "61020000ST114", "road_name": "ถนนในชุมชนห้วยคต", "road_no": "0", "aumpher": "อำเภอห้วยคต", "office": "สาขาหนองฉาง", "branch_code": "61020000", "name_short": "None", "price_new": 250, "price_old": 150, "width_m": 4, "pt_i": 3 }, "geometry": { "type": "Point", "coordinates": [ 99.61844724579457, 15.29265290261996 ] } },
{ "type": "Feature", "properties": { "road_key": "61020000ST114", "road_name": "ถนนในชุมชนห้วยคต", "road_no": "0", "aumpher": "อำเภอห้วยคต", "office": "สาขาหนองฉาง", "branch_code": "61020000", "name_short": "None", "price_new": 250, "price_old": 150, "width_m": 4, "pt_i": 4 }, "geometry": { "type": "Point", "coordinates": [ 99.619444407011997, 15.293142926364151 ] } },
{ "type": "Feature", "properties": { "road_key": "61020000ST114", "road_name": "ถนนในชุมชนห้วยคต", "road_no": "0", "aumpher": "อำเภอห้วยคต", "office": "สาขาหนองฉาง", "branch_code": "61020000", "name_short": "None", "price_new": 250, "price_old": 150, "width_m": 4, "pt_i": 0 }, "geometry": { "type": "Point", "coordinates": [ 99.619513632349737, 15.29317694474053 ] } },
{ "type": "Feature", "properties": { "road_key": "61020000ST114", "road_name": "ถนนในชุมชนห้วยคต", "road_no": "0", "aumpher": "อำเภอห้วยคต", "office": "สาขาหนองฉาง", "branch_code": "61020000", "name_short": "None", "price_new": 250, "price_old": 150, "width_m": 4, "pt_i": 1 }, "geometry": { "type": "Point", "coordinates": [ 99.620514737348174, 15.293659337445483 ] } },
{ "type": "Feature", "properties": { "road_key": "61020000ST114", "road_name": "ถนนในชุมชนห้วยคต", "road_no": "0", "aumpher": "อำเภอห้วยคต", "office": "สาขาหนองฉาง", "branch_code": "61020000", "name_short": "None", "price_new": 250, "price_old": 150, "width_m": 4, "pt_i": 0 }, "geometry": { "type": "Point", "coordinates": [ 99.621462619230883, 15.293907077782304 ] } },
{ "type": "Feature", "properties": { "road_key": "61020000ST114", "road_name": "ถนนในชุมชนห้วยคต", "road_no": "0", "aumpher": "อำเภอห้วยคต", "office": "สาขาหนองฉาง", "branch_code": "61020000", "name_short": "None", "price_new": 250, "price_old": 150, "width_m": 4, "pt_i": 1 }, "geometry": { "type": "Point", "coordinates": [ 99.621844629589191, 15.292898735521208 ] } },
{ "type": "Feature", "properties": { "road_key": "61020000ST114", "road_name": "ถนนในชุมชนห้วยคต", "road_no": "0", "aumpher": "อำเภอห้วยคต", "office": "สาขาหนองฉาง", "branch_code": "61020000", "name_short": "None", "price_new": 250, "price_old": 150, "width_m": 4, "pt_i": 0 }, "geometry": { "type": "Point", "coordinates": [ 99.621462619230883, 15.293907077782304 ] } },
{ "type": "Feature", "properties": { "road_key": "61020000ST114", "road_name": "ถนนในชุมชนห้วยคต", "road_no": "0", "aumpher": "อำเภอห้วยคต", "office": "สาขาหนองฉาง", "branch_code": "61020000", "name_short": "None", "price_new": 250, "price_old": 150, "width_m": 4, "pt_i": 1 }, "geometry": { "type": "Point", "coordinates": [ 99.621603054218923, 15.294983339539364 ] } },
{ "type": "Feature", "properties": { "road_key": "61020000ST114", "road_name": "ถนนในชุมชนห้วยคต", "road_no": "0", "aumpher": "อำเภอห้วยคต", "office": "สาขาหนองฉาง", "branch_code": "61020000", "name_short": "None", "price_new": 250, "price_old": 150, "width_m": 4, "pt_i": 2 }, "geometry": { "type": "Point", "coordinates": [ 99.621748155027134, 15.296058999113644 ] } },
{ "type": "Feature", "properties": { "road_key": "61020000ST114", "road_name": "ถนนในชุมชนห้วยคต", "road_no": "0", "aumpher": "อำเภอห้วยคต", "office": "สาขาหนองฉาง", "branch_code": "61020000", "name_short": "None", "price_new": 250, "price_old": 150, "width_m": 4, "pt_i": 0 }, "geometry": { "type": "Point", "coordinates": [ 99.618251844589793, 15.295421706848201 ] } },
{ "type": "Feature", "properties": { "road_key": "61020000ST114", "road_name": "ถนนในชุมชนห้วยคต", "road_no": "0", "aumpher": "อำเภอห้วยคต", "office": "สาขาหนองฉาง", "branch_code": "61020000", "name_short": "None", "price_new": 250, "price_old": 150, "width_m": 4, "pt_i": 1 }, "geometry": { "type": "Point", "coordinates": [ 99.617492265753341, 15.294627340999376 ] } },
{ "type": "Feature", "properties": { "road_key": "61020000ST114", "road_name": "ถนนในชุมชนห้วยคต", "road_no": "0", "aumpher": "อำเภอห้วยคต", "office": "สาขาหนองฉาง", "branch_code": "61020000", "name_short": "None", "price_new": 250, "price_old": 150, "width_m": 4, "pt_i": 2 }, "geometry": { "type": "Point", "coordinates": [ 99.616788112548548, 15.293784853582444 ] } },
{ "type": "Feature", "properties": { "road_key": "61020000ST114", "road_name": "ถนนในชุมชนห้วยคต", "road_no": "0", "aumpher": "อำเภอห้วยคต", "office": "สาขาหนองฉาง", "branch_code": "61020000", "name_short": "None", "price_new": 250, "price_old": 150, "width_m": 4, "pt_i": 3 }, "geometry": { "type": "Point", "coordinates": [ 99.616062121859983, 15.292960352080778 ] } },
{ "type": "Feature", "properties": { "road_key": "61020000ST114", "road_name": "ถนนในชุมชนห้วยคต", "road_no": "0", "aumpher": "อำเภอห้วยคต", "office": "สาขาหนองฉาง", "branch_code": "61020000", "name_short": "None", "price_new": 250, "price_old": 150, "width_m": 4, "pt_i": 0 }, "geometry": { "type": "Point", "coordinates": [ 99.618251844589793, 15.295421706848201 ] } },
{ "type": "Feature", "properties": { "road_key": "61020000ST114", "road_name": "ถนนในชุมชนห้วยคต", "road_no": "0", "aumpher": "อำเภอห้วยคต", "office": "สาขาหนองฉาง", "branch_code": "61020000", "name_short": "None", "price_new": 250, "price_old": 150, "width_m": 4, "pt_i": 1 }, "geometry": { "type": "Point", "coordinates": [ 99.618856344089679, 15.294510620121091 ] } },
{ "type": "Feature", "properties": { "road_key": "61020000ST114", "road_name": "ถนนในชุมชนห้วยคต", "road_no": "0", "aumpher": "อำเภอห้วยคต", "office": "สาขาหนองฉาง", "branch_code": "61020000", "name_short": "None", "price_new": 250, "price_old": 150, "width_m": 4, "pt_i": 2 }, "geometry": { "type": "Point", "coordinates": [ 99.61934914328954, 15.293537338255696 ] } },
{ "type": "Feature", "properties": { "road_key": "61020000ST114", "road_name": "ถนนในชุมชนห้วยคต", "road_no": "0", "aumpher": "อำเภอห้วยคต", "office": "สาขาหนองฉาง", "branch_code": "61020000", "name_short": "None", "price_new": 250, "price_old": 150, "width_m": 4, "pt_i": 0 }, "geometry": { "type": "Point", "coordinates": [ 99.619574259589101, 15.296854035028618 ] } },
{ "type": "Feature", "properties": { "road_key": "61020000ST114", "road_name": "ถนนในชุมชนห้วยคต", "road_no": "0", "aumpher": "อำเภอห้วยคต", "office": "สาขาหนองฉาง", "branch_code": "61020000", "name_short": "None", "price_new": 250, "price_old": 150, "width_m": 4, "pt_i": 1 }, "geometry": { "type": "Point", "coordinates": [ 99.618873335222261, 15.29602031034921 ] } },
{ "type": "Feature", "properties": { "road_key": "61020000ST114", "road_name": "ถนนในชุมชนห้วยคต", "road_no": "0", "aumpher": "อำเภอห้วยคต", "office": "สาขาหนองฉาง", "branch_code": "61020000", "name_short": "None", "price_new": 250, "price_old": 150, "width_m": 4, "pt_i": 0 }, "geometry": { "type": "Point", "coordinates": [ 99.628425723349537, 15.298949985613309 ] } },
{ "type": "Feature", "properties": { "road_key": "61020000ST114", "road_name": "ถนนในชุมชนห้วยคต", "road_no": "0", "aumpher": "อำเภอห้วยคต", "office": "สาขาหนองฉาง", "branch_code": "61020000", "name_short": "None", "price_new": 250, "price_old": 150, "width_m": 4, "pt_i": 1 }, "geometry": { "type": "Point", "coordinates": [ 99.627326168857024, 15.299143874084345 ] } },
{ "type": "Feature", "properties": { "road_key": "61020000ST114", "road_name": "ถนนในชุมชนห้วยคต", "road_no": "0", "aumpher": "อำเภอห้วยคต", "office": "สาขาหนองฉาง", "branch_code": "61020000", "name_short": "None", "price_new": 250, "price_old": 150, "width_m": 4, "pt_i": 2 }, "geometry": { "type": "Point", "coordinates": [ 99.626248648739065, 15.299382707069263 ] } },
{ "type": "Feature", "properties": { "road_key": "61020000ST114", "road_name": "ถนนในชุมชนห้วยคต", "road_no": "0", "aumpher": "อำเภอห้วยคต", "office": "สาขาหนองฉาง", "branch_code": "61020000", "name_short": "None", "price_new": 250, "price_old": 150, "width_m": 4, "pt_i": 3 }, "geometry": { "type": "Point", "coordinates": [ 99.62523400924664, 15.299799246567918 ] } },
{ "type": "Feature", "properties": { "road_key": "61020000ST114", "road_name": "ถนนในชุมชนห้วยคต", "road_no": "0", "aumpher": "อำเภอห้วยคต", "office": "สาขาหนองฉาง", "branch_code": "61020000", "name_short": "None", "price_new": 250, "price_old": 150, "width_m": 4, "pt_i": 0 }, "geometry": { "type": "Point", "coordinates": [ 99.623179152750424, 15.299092027008705 ] } },
{ "type": "Feature", "properties": { "road_key": "61020000ST114", "road_name": "ถนนในชุมชนห้วยคต", "road_no": "0", "aumpher": "อำเภอห้วยคต", "office": "สาขาหนองฉาง", "branch_code": "61020000", "name_short": "None", "price_new": 250, "price_old": 150, "width_m": 4, "pt_i": 1 }, "geometry": { "type": "Point", "coordinates": [ 99.623371836102478, 15.298023410339905 ] } },
{ "type": "Feature", "properties": { "road_key": "61020000ST114", "road_name": "ถนนในชุมชนห้วยคต", "road_no": "0", "aumpher": "อำเภอห้วยคต", "office": "สาขาหนองฉาง", "branch_code": "61020000", "name_short": "None", "price_new": 250, "price_old": 150, "width_m": 4, "pt_i": 2 }, "geometry": { "type": "Point", "coordinates": [ 99.623281856749841, 15.297128306225339 ] } },
{ "type": "Feature", "properties": { "road_key": "61020000ST114", "road_name": "ถนนในชุมชนห้วยคต", "road_no": "0", "aumpher": "อำเภอห้วยคต", "office": "สาขาหนองฉาง", "branch_code": "61020000", "name_short": "None", "price_new": 250, "price_old": 150, "width_m": 4, "pt_i": 3 }, "geometry": { "type": "Point", "coordinates": [ 99.622396309805936, 15.296933217845309 ] } },
{ "type": "Feature", "properties": { "road_key": "61020000ST114", "road_name": "ถนนในชุมชนห้วยคต", "road_no": "0", "aumpher": "อำเภอห้วยคต", "office": "สาขาหนองฉาง", "branch_code": "61020000", "name_short": "None", "price_new": 250, "price_old": 150, "width_m": 4, "pt_i": 0 }, "geometry": { "type": "Point", "coordinates": [ 99.623179152750424, 15.299092027008705 ] } },
{ "type": "Feature", "properties": { "road_key": "61020000ST114", "road_name": "ถนนในชุมชนห้วยคต", "road_no": "0", "aumpher": "อำเภอห้วยคต", "office": "สาขาหนองฉาง", "branch_code": "61020000", "name_short": "None", "price_new": 250, "price_old": 150, "width_m": 4, "pt_i": 1 }, "geometry": { "type": "Point", "coordinates": [ 99.622105364592855, 15.298811658199407 ] } },
{ "type": "Feature", "properties": { "road_key": "61020000ST114", "road_name": "ถนนในชุมชนห้วยคต", "road_no": "0", "aumpher": "อำเภอห้วยคต", "office": "สาขาหนองฉาง", "branch_code": "61020000", "name_short": "None", "price_new": 250, "price_old": 150, "width_m": 4, "pt_i": 2 }, "geometry": { "type": "Point", "coordinates": [ 99.621315665970684, 15.299257178389043 ] } },
{ "type": "Feature", "properties": { "road_key": "61020000ST114", "road_name": "ถนนในชุมชนห้วยคต", "road_no": "0", "aumpher": "อำเภอห้วยคต", "office": "สาขาหนองฉาง", "branch_code": "61020000", "name_short": "None", "price_new": 250, "price_old": 150, "width_m": 4, "pt_i": 0 }, "geometry": { "type": "Point", "coordinates": [ 99.621135431966465, 15.299391185622907 ] } },
{ "type": "Feature", "properties": { "road_key": "61020000ST114", "road_name": "ถนนในชุมชนห้วยคต", "road_no": "0", "aumpher": "อำเภอห้วยคต", "office": "สาขาหนองฉาง", "branch_code": "61020000", "name_short": "None", "price_new": 250, "price_old": 150, "width_m": 4, "pt_i": 1 }, "geometry": { "type": "Point", "coordinates": [ 99.620556590241549, 15.298492010670234 ] } },
{ "type": "Feature", "properties": { "road_key": "61020000ST114", "road_name": "ถนนในชุมชนห้วยคต", "road_no": "0", "aumpher": "อำเภอห้วยคต", "office": "สาขาหนองฉาง", "branch_code": "61020000", "name_short": "None", "price_new": 250, "price_old": 150, "width_m": 4, "pt_i": 2 }, "geometry": { "type": "Point", "coordinates": [ 99.619995149521344, 15.297581054389411 ] } },
{ "type": "Feature", "properties": { "road_key": "61020000ST114", "road_name": "ถนนในชุมชนห้วยคต", "road_no": "0", "aumpher": "อำเภอห้วยคต", "office": "สาขาหนองฉาง", "branch_code": "61020000", "name_short": "None", "price_new": 250, "price_old": 150, "width_m": 4, "pt_i": 0 }, "geometry": { "type": "Point", "coordinates": [ 99.624463788577472, 15.299860317583594 ] } },
{ "type": "Feature", "properties": { "road_key": "61020000ST114", "road_name": "ถนนในชุมชนห้วยคต", "road_no": "0", "aumpher": "อำเภอห้วยคต", "office": "สาขาหนองฉาง", "branch_code": "61020000", "name_short": "None", "price_new": 250, "price_old": 150, "width_m": 4, "pt_i": 1 }, "geometry": { "type": "Point", "coordinates": [ 99.623568966764523, 15.299234152772694 ] } },
{ "type": "Feature", "properties": { "road_key": "61020000ST114", "road_name": "ถนนในชุมชนห้วยคต", "road_no": "0", "aumpher": "อำเภอห้วยคต", "office": "สาขาหนองฉาง", "branch_code": "61020000", "name_short": "None", "price_new": 250, "price_old": 150, "width_m": 4, "pt_i": 0 }, "geometry": { "type": "Point", "coordinates": [ 99.619524664821157, 15.30013836385163 ] } },
{ "type": "Feature", "properties": { "road_key": "61020000ST114", "road_name": "ถนนในชุมชนห้วยคต", "road_no": "0", "aumpher": "อำเภอห้วยคต", "office": "สาขาหนองฉาง", "branch_code": "61020000", "name_short": "None", "price_new": 250, "price_old": 150, "width_m": 4, "pt_i": 1 }, "geometry": { "type": "Point", "coordinates": [ 99.618912406921481, 15.299287993836948 ] } },
{ "type": "Feature", "properties": { "road_key": "61020000ST114", "road_name": "ถนนในชุมชนห้วยคต", "road_no": "0", "aumpher": "อำเภอห้วยคต", "office": "สาขาหนองฉาง", "branch_code": "61020000", "name_short": "None", "price_new": 250, "price_old": 150, "width_m": 4, "pt_i": 2 }, "geometry": { "type": "Point", "coordinates": [ 99.618185324207616, 15.298468421191165 ] } },
{ "type": "Feature", "properties": { "road_key": "61020000ST114", "road_name": "ถนนในชุมชนห้วยคต", "road_no": "0", "aumpher": "อำเภอห้วยคต", "office": "สาขาหนองฉาง", "branch_code": "61020000", "name_short": "None", "price_new": 250, "price_old": 150, "width_m": 4, "pt_i": 0 }, "geometry": { "type": "Point", "coordinates": [ 99.619524664821157, 15.30013836385163 ] } },
{ "type": "Feature", "properties": { "road_key": "61020000ST114", "road_name": "ถนนในชุมชนห้วยคต", "road_no": "0", "aumpher": "อำเภอห้วยคต", "office": "สาขาหนองฉาง", "branch_code": "61020000", "name_short": "None", "price_new": 250, "price_old": 150, "width_m": 4, "pt_i": 1 }, "geometry": { "type": "Point", "coordinates": [ 99.619991738695902, 15.300460597499253 ] } },
{ "type": "Feature", "properties": { "road_key": "61020000ST114", "road_name": "ถนนในชุมชนห้วยคต", "road_no": "0", "aumpher": "อำเภอห้วยคต", "office": "สาขาหนองฉาง", "branch_code": "61020000", "name_short": "None", "price_new": 250, "price_old": 150, "width_m": 4, "pt_i": 0 }, "geometry": { "type": "Point", "coordinates": [ 99.620983644515832, 15.300151062816299 ] } },
{ "type": "Feature", "properties": { "road_key": "61020000ST114", "road_name": "ถนนในชุมชนห้วยคต", "road_no": "0", "aumpher": "อำเภอห้วยคต", "office": "สาขาหนองฉาง", "branch_code": "61020000", "name_short": "None", "price_new": 250, "price_old": 150, "width_m": 4, "pt_i": 1 }, "geometry": { "type": "Point", "coordinates": [ 99.621135431966465, 15.299391185622907 ] } },
{ "type": "Feature", "properties": { "road_key": "61020000ST114", "road_name": "ถนนในชุมชนห้วยคต", "road_no": "0", "aumpher": "อำเภอห้วยคต", "office": "สาขาหนองฉาง", "branch_code": "61020000", "name_short": "None", "price_new": 250, "price_old": 150, "width_m": 4, "pt_i": 0 }, "geometry": { "type": "Point", "coordinates": [ 99.620983644515832, 15.300151062816299 ] } },
{ "type": "Feature", "properties": { "road_key": "61020000ST114", "road_name": "ถนนในชุมชนห้วยคต", "road_no": "0", "aumpher": "อำเภอห้วยคต", "office": "สาขาหนองฉาง", "branch_code": "61020000", "name_short": "None", "price_new": 250, "price_old": 150, "width_m": 4, "pt_i": 1 }, "geometry": { "type": "Point", "coordinates": [ 99.622091880047833, 15.300265529923742 ] } },
{ "type": "Feature", "properties": { "road_key": "61020000ST114", "road_name": "ถนนในชุมชนห้วยคต", "road_no": "0", "aumpher": "อำเภอห้วยคต", "office": "สาขาหนองฉาง", "branch_code": "61020000", "name_short": "None", "price_new": 250, "price_old": 150, "width_m": 4, "pt_i": 2 }, "geometry": { "type": "Point", "coordinates": [ 99.623175249035654, 15.300256593469255 ] } },
{ "type": "Feature", "properties": { "road_key": "61020000ST114", "road_name": "ถนนในชุมชนห้วยคต", "road_no": "0", "aumpher": "อำเภอห้วยคต", "office": "สาขาหนองฉาง", "branch_code": "61020000", "name_short": "None", "price_new": 250, "price_old": 150, "width_m": 4, "pt_i": 3 }, "geometry": { "type": "Point", "coordinates": [ 99.624241106721968, 15.299930075212622 ] } },
{ "type": "Feature", "properties": { "road_key": "61020000ST114", "road_name": "ถนนในชุมชนห้วยคต", "road_no": "0", "aumpher": "อำเภอห้วยคต", "office": "สาขาหนองฉาง", "branch_code": "61020000", "name_short": "None", "price_new": 250, "price_old": 150, "width_m": 4, "pt_i": 0 }, "geometry": { "type": "Point", "coordinates": [ 99.619991738695902, 15.300460597499253 ] } },
{ "type": "Feature", "properties": { "road_key": "61020000ST114", "road_name": "ถนนในชุมชนห้วยคต", "road_no": "0", "aumpher": "อำเภอห้วยคต", "office": "สาขาหนองฉาง", "branch_code": "61020000", "name_short": "None", "price_new": 250, "price_old": 150, "width_m": 4, "pt_i": 1 }, "geometry": { "type": "Point", "coordinates": [ 99.620983644515832, 15.300151062816299 ] } },
{ "type": "Feature", "properties": { "road_key": "61020000ST114", "road_name": "ถนนในชุมชนห้วยคต", "road_no": "0", "aumpher": "อำเภอห้วยคต", "office": "สาขาหนองฉาง", "branch_code": "61020000", "name_short": "None", "price_new": 250, "price_old": 150, "width_m": 4, "pt_i": 0 }, "geometry": { "type": "Point", "coordinates": [ 99.619991738695902, 15.300460597499253 ] } },
{ "type": "Feature", "properties": { "road_key": "61020000ST114", "road_name": "ถนนในชุมชนห้วยคต", "road_no": "0", "aumpher": "อำเภอห้วยคต", "office": "สาขาหนองฉาง", "branch_code": "61020000", "name_short": "None", "price_new": 250, "price_old": 150, "width_m": 4, "pt_i": 1 }, "geometry": { "type": "Point", "coordinates": [ 99.620122137865977, 15.301509357950552 ] } },
{ "type": "Feature", "properties": { "road_key": "61020000ST114", "road_name": "ถนนในชุมชนห้วยคต", "road_no": "0", "aumpher": "อำเภอห้วยคต", "office": "สาขาหนองฉาง", "branch_code": "61020000", "name_short": "None", "price_new": 250, "price_old": 150, "width_m": 4, "pt_i": 2 }, "geometry": { "type": "Point", "coordinates": [ 99.620381212844251, 15.302359088220888 ] } },
{ "type": "Feature", "properties": { "road_key": "61020000ST114", "road_name": "ถนนในชุมชนห้วยคต", "road_no": "0", "aumpher": "อำเภอห้วยคต", "office": "สาขาหนองฉาง", "branch_code": "61020000", "name_short": "None", "price_new": 250, "price_old": 150, "width_m": 4, "pt_i": 3 }, "geometry": { "type": "Point", "coordinates": [ 99.621493234690035, 15.302357581630538 ] } },
{ "type": "Feature", "properties": { "road_key": "61020000ST114", "road_name": "ถนนในชุมชนห้วยคต", "road_no": "0", "aumpher": "อำเภอห้วยคต", "office": "สาขาหนองฉาง", "branch_code": "61020000", "name_short": "None", "price_new": 250, "price_old": 150, "width_m": 4, "pt_i": 0 }, "geometry": { "type": "Point", "coordinates": [ 99.61241959610841, 15.303533861092596 ] } },
{ "type": "Feature", "properties": { "road_key": "61020000ST114", "road_name": "ถนนในชุมชนห้วยคต", "road_no": "0", "aumpher": "อำเภอห้วยคต", "office": "สาขาหนองฉาง", "branch_code": "61020000", "name_short": "None", "price_new": 250, "price_old": 150, "width_m": 4, "pt_i": 1 }, "geometry": { "type": "Point", "coordinates": [ 99.613439614904649, 15.303754000037847 ] } },
{ "type": "Feature", "properties": { "road_key": "61020000ST114", "road_name": "ถนนในชุมชนห้วยคต", "road_no": "0", "aumpher": "อำเภอห้วยคต", "office": "สาขาหนองฉาง", "branch_code": "61020000", "name_short": "None", "price_new": 250, "price_old": 150, "width_m": 4, "pt_i": 2 }, "geometry": { "type": "Point", "coordinates": [ 99.614347958239691, 15.304031386237101 ] } },
{ "type": "Feature", "properties": { "road_key": "61020000ST114", "road_name": "ถนนในชุมชนห้วยคต", "road_no": "0", "aumpher": "อำเภอห้วยคต", "office": "สาขาหนองฉาง", "branch_code": "61020000", "name_short": "None", "price_new": 250, "price_old": 150, "width_m": 4, "pt_i": 3 }, "geometry": { "type": "Point", "coordinates": [ 99.61546393934303, 15.304080487977686 ] } },
{ "type": "Feature", "properties": { "road_key": "61020000ST114", "road_name": "ถนนในชุมชนห้วยคต", "road_no": "0", "aumpher": "อำเภอห้วยคต", "office": "สาขาหนองฉาง", "branch_code": "61020000", "name_short": "None", "price_new": 250, "price_old": 150, "width_m": 4, "pt_i": 4 }, "geometry": { "type": "Point", "coordinates": [ 99.616581523631297, 15.304088378892926 ] } },
{ "type": "Feature", "properties": { "road_key": "61020000ST114", "road_name": "ถนนในชุมชนห้วยคต", "road_no": "0", "aumpher": "อำเภอห้วยคต", "office": "สาขาหนองฉาง", "branch_code": "61020000", "name_short": "None", "price_new": 250, "price_old": 150, "width_m": 4, "pt_i": 5 }, "geometry": { "type": "Point", "coordinates": [ 99.617111884512411, 15.30355775093007 ] } },
{ "type": "Feature", "properties": { "road_key": "61020000ST114", "road_name": "ถนนในชุมชนห้วยคต", "road_no": "0", "aumpher": "อำเภอห้วยคต", "office": "สาขาหนองฉาง", "branch_code": "61020000", "name_short": "None", "price_new": 250, "price_old": 150, "width_m": 4, "pt_i": 6 }, "geometry": { "type": "Point", "coordinates": [ 99.617065843308694, 15.302473826634492 ] } },
{ "type": "Feature", "properties": { "road_key": "61020000ST114", "road_name": "ถนนในชุมชนห้วยคต", "road_no": "0", "aumpher": "อำเภอห้วยคต", "office": "สาขาหนองฉาง", "branch_code": "61020000", "name_short": "None", "price_new": 250, "price_old": 150, "width_m": 4, "pt_i": 7 }, "geometry": { "type": "Point", "coordinates": [ 99.617014015003321, 15.301390144747481 ] } },
{ "type": "Feature", "properties": { "road_key": "61020000ST114", "road_name": "ถนนในชุมชนห้วยคต", "road_no": "0", "aumpher": "อำเภอห้วยคต", "office": "สาขาหนองฉาง", "branch_code": "61020000", "name_short": "None", "price_new": 250, "price_old": 150, "width_m": 4, "pt_i": 8 }, "geometry": { "type": "Point", "coordinates": [ 99.617011604868679, 15.300306562923845 ] } },
{ "type": "Feature", "properties": { "road_key": "61020000ST114", "road_name": "ถนนในชุมชนห้วยคต", "road_no": "0", "aumpher": "อำเภอห้วยคต", "office": "สาขาหนองฉาง", "branch_code": "61020000", "name_short": "None", "price_new": 250, "price_old": 150, "width_m": 4, "pt_i": 9 }, "geometry": { "type": "Point", "coordinates": [ 99.618067998855466, 15.300325319507724 ] } },
{ "type": "Feature", "properties": { "road_key": "61020000ST114", "road_name": "ถนนในชุมชนห้วยคต", "road_no": "0", "aumpher": "อำเภอห้วยคต", "office": "สาขาหนองฉาง", "branch_code": "61020000", "name_short": "None", "price_new": 250, "price_old": 150, "width_m": 4, "pt_i": 10 }, "geometry": { "type": "Point", "coordinates": [ 99.619173283467845, 15.300201378819398 ] } },
{ "type": "Feature", "properties": { "road_key": "61020000ST116", "road_name": "ถนนสายบ้านคลองไก่เถื่อน-บ้านน้ำตก", "road_no": "0", "aumpher": "อำเภอห้วยคต", "office": "สาขาหนองฉาง", "branch_code": "61020000", "name_short": "None", "price_new": 200, "price_old": 150, "width_m": 4, "pt_i": 0 }, "geometry": { "type": "Point", "coordinates": [ 99.578598658375327, 15.299282014911499 ] } },
{ "type": "Feature", "properties": { "road_key": "61020000ST116", "road_name": "ถนนสายบ้านคลองไก่เถื่อน-บ้านน้ำตก", "road_no": "0", "aumpher": "อำเภอห้วยคต", "office": "สาขาหนองฉาง", "branch_code": "61020000", "name_short": "None", "price_new": 200, "price_old": 150, "width_m": 4, "pt_i": 1 }, "geometry": { "type": "Point", "coordinates": [ 99.578060473265438, 15.300224637941884 ] } },
{ "type": "Feature", "properties": { "road_key": "61020000ST116", "road_name": "ถนนสายบ้านคลองไก่เถื่อน-บ้านน้ำตก", "road_no": "0", "aumpher": "อำเภอห้วยคต", "office": "สาขาหนองฉาง", "branch_code": "61020000", "name_short": "None", "price_new": 200, "price_old": 150, "width_m": 4, "pt_i": 2 }, "geometry": { "type": "Point", "coordinates": [ 99.577207420480036, 15.300843973906217 ] } },
{ "type": "Feature", "properties": { "road_key": "61020000ST116", "road_name": "ถนนสายบ้านคลองไก่เถื่อน-บ้านน้ำตก", "road_no": "0", "aumpher": "อำเภอห้วยคต", "office": "สาขาหนองฉาง", "branch_code": "61020000", "name_short": "None", "price_new": 200, "price_old": 150, "width_m": 4, "pt_i": 3 }, "geometry": { "type": "Point", "coordinates": [ 99.57638631235541, 15.301333331803972 ] } },
{ "type": "Feature", "properties": { "road_key": "61020000ST116", "road_name": "ถนนสายบ้านคลองไก่เถื่อน-บ้านน้ำตก", "road_no": "0", "aumpher": "อำเภอห้วยคต", "office": "สาขาหนองฉาง", "branch_code": "61020000", "name_short": "None", "price_new": 200, "price_old": 150, "width_m": 4, "pt_i": 4 }, "geometry": { "type": "Point", "coordinates": [ 99.575938527966244, 15.302327133946998 ] } },
{ "type": "Feature", "properties": { "road_key": "61020000ST116", "road_name": "ถนนสายบ้านคลองไก่เถื่อน-บ้านน้ำตก", "road_no": "0", "aumpher": "อำเภอห้วยคต", "office": "สาขาหนองฉาง", "branch_code": "61020000", "name_short": "None", "price_new": 200, "price_old": 150, "width_m": 4, "pt_i": 5 }, "geometry": { "type": "Point", "coordinates": [ 99.575340206211678, 15.303242535132288 ] } },
{ "type": "Feature", "properties": { "road_key": "61020000ST116", "road_name": "ถนนสายบ้านคลองไก่เถื่อน-บ้านน้ำตก", "road_no": "0", "aumpher": "อำเภอห้วยคต", "office": "สาขาหนองฉาง", "branch_code": "61020000", "name_short": "None", "price_new": 200, "price_old": 150, "width_m": 4, "pt_i": 6 }, "geometry": { "type": "Point", "coordinates": [ 99.574986730948211, 15.304260194149546 ] } },
{ "type": "Feature", "properties": { "road_key": "61020000ST116", "road_name": "ถนนสายบ้านคลองไก่เถื่อน-บ้านน้ำตก", "road_no": "0", "aumpher": "อำเภอห้วยคต", "office": "สาขาหนองฉาง", "branch_code": "61020000", "name_short": "None", "price_new": 200, "price_old": 150, "width_m": 4, "pt_i": 7 }, "geometry": { "type": "Point", "coordinates": [ 99.574948098163347, 15.305337493785633 ] } },
{ "type": "Feature", "properties": { "road_key": "61020000ST116", "road_name": "ถนนสายบ้านคลองไก่เถื่อน-บ้านน้ำตก", "road_no": "0", "aumpher": "อำเภอห้วยคต", "office": "สาขาหนองฉาง", "branch_code": "61020000", "name_short": "None", "price_new": 200, "price_old": 150, "width_m": 4, "pt_i": 8 }, "geometry": { "type": "Point", "coordinates": [ 99.575198755747095, 15.306214407647319 ] } },
{ "type": "Feature", "properties": { "road_key": "61020000ST116", "road_name": "ถนนสายบ้านคลองไก่เถื่อน-บ้านน้ำตก", "road_no": "0", "aumpher": "อำเภอห้วยคต", "office": "สาขาหนองฉาง", "branch_code": "61020000", "name_short": "None", "price_new": 200, "price_old": 150, "width_m": 4, "pt_i": 9 }, "geometry": { "type": "Point", "coordinates": [ 99.576225396813726, 15.306643075629552 ] } },
{ "type": "Feature", "properties": { "road_key": "61020000ST116", "road_name": "ถนนสายบ้านคลองไก่เถื่อน-บ้านน้ำตก", "road_no": "0", "aumpher": "อำเภอห้วยคต", "office": "สาขาหนองฉาง", "branch_code": "61020000", "name_short": "None", "price_new": 200, "price_old": 150, "width_m": 4, "pt_i": 10 }, "geometry": { "type": "Point", "coordinates": [ 99.577247691136108, 15.307081765053089 ] } },
{ "type": "Feature", "properties": { "road_key": "61020000ST116", "road_name": "ถนนสายบ้านคลองไก่เถื่อน-บ้านน้ำตก", "road_no": "0", "aumpher": "อำเภอห้วยคต", "office": "สาขาหนองฉาง", "branch_code": "61020000", "name_short": "None", "price_new": 200, "price_old": 150, "width_m": 4, "pt_i": 11 }, "geometry": { "type": "Point", "coordinates": [ 99.578272405217845, 15.307515111789122 ] } },
{ "type": "Feature", "properties": { "road_key": "61020000ST116", "road_name": "ถนนสายบ้านคลองไก่เถื่อน-บ้านน้ำตก", "road_no": "0", "aumpher": "อำเภอห้วยคต", "office": "สาขาหนองฉาง", "branch_code": "61020000", "name_short": "None", "price_new": 200, "price_old": 150, "width_m": 4, "pt_i": 12 }, "geometry": { "type": "Point", "coordinates": [ 99.579281262577396, 15.307977919238878 ] } },
{ "type": "Feature", "properties": { "road_key": "61020000ST116", "road_name": "ถนนสายบ้านคลองไก่เถื่อน-บ้านน้ำตก", "road_no": "0", "aumpher": "อำเภอห้วยคต", "office": "สาขาหนองฉาง", "branch_code": "61020000", "name_short": "None", "price_new": 200, "price_old": 150, "width_m": 4, "pt_i": 13 }, "geometry": { "type": "Point", "coordinates": [ 99.580137552035225, 15.308665161784832 ] } },
{ "type": "Feature", "properties": { "road_key": "61020000ST116", "road_name": "ถนนสายบ้านคลองไก่เถื่อน-บ้านน้ำตก", "road_no": "0", "aumpher": "อำเภอห้วยคต", "office": "สาขาหนองฉาง", "branch_code": "61020000", "name_short": "None", "price_new": 200, "price_old": 150, "width_m": 4, "pt_i": 14 }, "geometry": { "type": "Point", "coordinates": [ 99.581235017939463, 15.308870989589147 ] } },
{ "type": "Feature", "properties": { "road_key": "61020000ST116", "road_name": "ถนนสายบ้านคลองไก่เถื่อน-บ้านน้ำตก", "road_no": "0", "aumpher": "อำเภอห้วยคต", "office": "สาขาหนองฉาง", "branch_code": "61020000", "name_short": "None", "price_new": 200, "price_old": 150, "width_m": 4, "pt_i": 15 }, "geometry": { "type": "Point", "coordinates": [ 99.582332485796655, 15.309076811927559 ] } },
{ "type": "Feature", "properties": { "road_key": "61020000ST116", "road_name": "ถนนสายบ้านคลองไก่เถื่อน-บ้านน้ำตก", "road_no": "0", "aumpher": "อำเภอห้วยคต", "office": "สาขาหนองฉาง", "branch_code": "61020000", "name_short": "None", "price_new": 200, "price_old": 150, "width_m": 4, "pt_i": 16 }, "geometry": { "type": "Point", "coordinates": [ 99.583354870026312, 15.309471359079893 ] } },
{ "type": "Feature", "properties": { "road_key": "61020000ST116", "road_name": "ถนนสายบ้านคลองไก่เถื่อน-บ้านน้ำตก", "road_no": "0", "aumpher": "อำเภอห้วยคต", "office": "สาขาหนองฉาง", "branch_code": "61020000", "name_short": "None", "price_new": 200, "price_old": 150, "width_m": 4, "pt_i": 17 }, "geometry": { "type": "Point", "coordinates": [ 99.584100775472422, 15.310271527823902 ] } },
{ "type": "Feature", "properties": { "road_key": "61020000ST116", "road_name": "ถนนสายบ้านคลองไก่เถื่อน-บ้านน้ำตก", "road_no": "0", "aumpher": "อำเภอห้วยคต", "office": "สาขาหนองฉาง", "branch_code": "61020000", "name_short": "None", "price_new": 200, "price_old": 150, "width_m": 4, "pt_i": 18 }, "geometry": { "type": "Point", "coordinates": [ 99.584791464078407, 15.31112059886312 ] } },
{ "type": "Feature", "properties": { "road_key": "61020000ST116", "road_name": "ถนนสายบ้านคลองไก่เถื่อน-บ้านน้ำตก", "road_no": "0", "aumpher": "อำเภอห้วยคต", "office": "สาขาหนองฉาง", "branch_code": "61020000", "name_short": "None", "price_new": 200, "price_old": 150, "width_m": 4, "pt_i": 19 }, "geometry": { "type": "Point", "coordinates": [ 99.585583430998696, 15.311883202473918 ] } },
{ "type": "Feature", "properties": { "road_key": "61020000ST116", "road_name": "ถนนสายบ้านคลองไก่เถื่อน-บ้านน้ำตก", "road_no": "0", "aumpher": "อำเภอห้วยคต", "office": "สาขาหนองฉาง", "branch_code": "61020000", "name_short": "None", "price_new": 200, "price_old": 150, "width_m": 4, "pt_i": 0 }, "geometry": { "type": "Point", "coordinates": [ 99.585676218774168, 15.311958667583234 ] } },
{ "type": "Feature", "properties": { "road_key": "61020000ST116", "road_name": "ถนนสายบ้านคลองไก่เถื่อน-บ้านน้ำตก", "road_no": "0", "aumpher": "อำเภอห้วยคต", "office": "สาขาหนองฉาง", "branch_code": "61020000", "name_short": "None", "price_new": 200, "price_old": 150, "width_m": 4, "pt_i": 1 }, "geometry": { "type": "Point", "coordinates": [ 99.586585530110327, 15.31132856603314 ] } },
{ "type": "Feature", "properties": { "road_key": "61020000ST116", "road_name": "ถนนสายบ้านคลองไก่เถื่อน-บ้านน้ำตก", "road_no": "0", "aumpher": "อำเภอห้วยคต", "office": "สาขาหนองฉาง", "branch_code": "61020000", "name_short": "None", "price_new": 200, "price_old": 150, "width_m": 4, "pt_i": 2 }, "geometry": { "type": "Point", "coordinates": [ 99.587473183476419, 15.310673825415977 ] } },
{ "type": "Feature", "properties": { "road_key": "61020000ST116", "road_name": "ถนนสายบ้านคลองไก่เถื่อน-บ้านน้ำตก", "road_no": "0", "aumpher": "อำเภอห้วยคต", "office": "สาขาหนองฉาง", "branch_code": "61020000", "name_short": "None", "price_new": 200, "price_old": 150, "width_m": 4, "pt_i": 3 }, "geometry": { "type": "Point", "coordinates": [ 99.588392872211841, 15.310082691626244 ] } },
{ "type": "Feature", "properties": { "road_key": "61020000ST116", "road_name": "ถนนสายบ้านคลองไก่เถื่อน-บ้านน้ำตก", "road_no": "0", "aumpher": "อำเภอห้วยคต", "office": "สาขาหนองฉาง", "branch_code": "61020000", "name_short": "None", "price_new": 200, "price_old": 150, "width_m": 4, "pt_i": 4 }, "geometry": { "type": "Point", "coordinates": [ 99.589441372058729, 15.309706729790861 ] } },
{ "type": "Feature", "properties": { "road_key": "61020000ST116", "road_name": "ถนนสายบ้านคลองไก่เถื่อน-บ้านน้ำตก", "road_no": "0", "aumpher": "อำเภอห้วยคต", "office": "สาขาหนองฉาง", "branch_code": "61020000", "name_short": "None", "price_new": 200, "price_old": 150, "width_m": 4, "pt_i": 5 }, "geometry": { "type": "Point", "coordinates": [ 99.5905312582167, 15.30979003116564 ] } },
{ "type": "Feature", "properties": { "road_key": "61020000ST116", "road_name": "ถนนสายบ้านคลองไก่เถื่อน-บ้านน้ำตก", "road_no": "0", "aumpher": "อำเภอห้วยคต", "office": "สาขาหนองฉาง", "branch_code": "61020000", "name_short": "None", "price_new": 200, "price_old": 150, "width_m": 4, "pt_i": 6 }, "geometry": { "type": "Point", "coordinates": [ 99.59145541855473, 15.310379404209463 ] } },
{ "type": "Feature", "properties": { "road_key": "61020000ST116", "road_name": "ถนนสายบ้านคลองไก่เถื่อน-บ้านน้ำตก", "road_no": "0", "aumpher": "อำเภอห้วยคต", "office": "สาขาหนองฉาง", "branch_code": "61020000", "name_short": "None", "price_new": 200, "price_old": 150, "width_m": 4, "pt_i": 7 }, "geometry": { "type": "Point", "coordinates": [ 99.592355936931398, 15.311004024000875 ] } },
{ "type": "Feature", "properties": { "road_key": "61020000ST116", "road_name": "ถนนสายบ้านคลองไก่เถื่อน-บ้านน้ำตก", "road_no": "0", "aumpher": "อำเภอห้วยคต", "office": "สาขาหนองฉาง", "branch_code": "61020000", "name_short": "None", "price_new": 200, "price_old": 150, "width_m": 4, "pt_i": 8 }, "geometry": { "type": "Point", "coordinates": [ 99.593391468726921, 15.311082706089772 ] } },
{ "type": "Feature", "properties": { "road_key": "61020000ST116", "road_name": "ถนนสายบ้านคลองไก่เถื่อน-บ้านน้ำตก", "road_no": "0", "aumpher": "อำเภอห้วยคต", "office": "สาขาหนองฉาง", "branch_code": "61020000", "name_short": "None", "price_new": 200, "price_old": 150, "width_m": 4, "pt_i": 9 }, "geometry": { "type": "Point", "coordinates": [ 99.594326253228644, 15.311380771372125 ] } },
{ "type": "Feature", "properties": { "road_key": "61020000ST116", "road_name": "ถนนสายบ้านคลองไก่เถื่อน-บ้านน้ำตก", "road_no": "0", "aumpher": "อำเภอห้วยคต", "office": "สาขาหนองฉาง", "branch_code": "61020000", "name_short": "None", "price_new": 200, "price_old": 150, "width_m": 4, "pt_i": 10 }, "geometry": { "type": "Point", "coordinates": [ 99.595316163941092, 15.311859663359629 ] } },
{ "type": "Feature", "properties": { "road_key": "61020000ST116", "road_name": "ถนนสายบ้านคลองไก่เถื่อน-บ้านน้ำตก", "road_no": "0", "aumpher": "อำเภอห้วยคต", "office": "สาขาหนองฉาง", "branch_code": "61020000", "name_short": "None", "price_new": 200, "price_old": 150, "width_m": 4, "pt_i": 0 }, "geometry": { "type": "Point", "coordinates": [ 99.585676218774168, 15.311958667583234 ] } },
{ "type": "Feature", "properties": { "road_key": "61020000ST116", "road_name": "ถนนสายบ้านคลองไก่เถื่อน-บ้านน้ำตก", "road_no": "0", "aumpher": "อำเภอห้วยคต", "office": "สาขาหนองฉาง", "branch_code": "61020000", "name_short": "None", "price_new": 200, "price_old": 150, "width_m": 4, "pt_i": 1 }, "geometry": { "type": "Point", "coordinates": [ 99.586527834107841, 15.312661320203118 ] } },
{ "type": "Feature", "properties": { "road_key": "61020000ST116", "road_name": "ถนนสายบ้านคลองไก่เถื่อน-บ้านน้ำตก", "road_no": "0", "aumpher": "อำเภอห้วยคต", "office": "สาขาหนองฉาง", "branch_code": "61020000", "name_short": "None", "price_new": 200, "price_old": 150, "width_m": 4, "pt_i": 2 }, "geometry": { "type": "Point", "coordinates": [ 99.587386430557899, 15.31335516651534 ] } },
{ "type": "Feature", "properties": { "road_key": "61020000ST116", "road_name": "ถนนสายบ้านคลองไก่เถื่อน-บ้านน้ำตก", "road_no": "0", "aumpher": "อำเภอห้วยคต", "office": "สาขาหนองฉาง", "branch_code": "61020000", "name_short": "None", "price_new": 200, "price_old": 150, "width_m": 4, "pt_i": 3 }, "geometry": { "type": "Point", "coordinates": [ 99.5882021941472, 15.314085545623596 ] } },
{ "type": "Feature", "properties": { "road_key": "61020000ST116", "road_name": "ถนนสายบ้านคลองไก่เถื่อน-บ้านน้ำตก", "road_no": "0", "aumpher": "อำเภอห้วยคต", "office": "สาขาหนองฉาง", "branch_code": "61020000", "name_short": "None", "price_new": 200, "price_old": 150, "width_m": 4, "pt_i": 4 }, "geometry": { "type": "Point", "coordinates": [ 99.588877336689364, 15.314948844896355 ] } },
{ "type": "Feature", "properties": { "road_key": "61020000ST116", "road_name": "ถนนสายบ้านคลองไก่เถื่อน-บ้านน้ำตก", "road_no": "0", "aumpher": "อำเภอห้วยคต", "office": "สาขาหนองฉาง", "branch_code": "61020000", "name_short": "None", "price_new": 200, "price_old": 150, "width_m": 4, "pt_i": 5 }, "geometry": { "type": "Point", "coordinates": [ 99.589549300943233, 15.315814132518051 ] } },
{ "type": "Feature", "properties": { "road_key": "61020000ST116", "road_name": "ถนนสายบ้านคลองไก่เถื่อน-บ้านน้ำตก", "road_no": "0", "aumpher": "อำเภอห้วยคต", "office": "สาขาหนองฉาง", "branch_code": "61020000", "name_short": "None", "price_new": 200, "price_old": 150, "width_m": 4, "pt_i": 6 }, "geometry": { "type": "Point", "coordinates": [ 99.590275294263648, 15.316639038740037 ] } },
{ "type": "Feature", "properties": { "road_key": "61020000ST130", "road_name": "ถนนสายบ้านหลังเขา-บ้านคลองไก่เถื่อน", "road_no": "0", "aumpher": "อำเภอห้วยคต", "office": "สาขาหนองฉาง", "branch_code": "61020000", "name_short": "None", "price_new": 250, "price_old": 150, "width_m": 4, "pt_i": 0 }, "geometry": { "type": "Point", "coordinates": [ 99.5884038785168, 15.298680654186754 ] } },
{ "type": "Feature", "properties": { "road_key": "61020000ST130", "road_name": "ถนนสายบ้านหลังเขา-บ้านคลองไก่เถื่อน", "road_no": "0", "aumpher": "อำเภอห้วยคต", "office": "สาขาหนองฉาง", "branch_code": "61020000", "name_short": "None", "price_new": 250, "price_old": 150, "width_m": 4, "pt_i": 1 }, "geometry": { "type": "Point", "coordinates": [ 99.588590648160775, 15.29761104224454 ] } },
{ "type": "Feature", "properties": { "road_key": "61020000ST130", "road_name": "ถนนสายบ้านหลังเขา-บ้านคลองไก่เถื่อน", "road_no": "0", "aumpher": "อำเภอห้วยคต", "office": "สาขาหนองฉาง", "branch_code": "61020000", "name_short": "None", "price_new": 250, "price_old": 150, "width_m": 4, "pt_i": 2 }, "geometry": { "type": "Point", "coordinates": [ 99.588777416107064, 15.296541430111921 ] } },
{ "type": "Feature", "properties": { "road_key": "61020000ST130", "road_name": "ถนนสายบ้านหลังเขา-บ้านคลองไก่เถื่อน", "road_no": "0", "aumpher": "อำเภอห้วยคต", "office": "สาขาหนองฉาง", "branch_code": "61020000", "name_short": "None", "price_new": 250, "price_old": 150, "width_m": 4, "pt_i": 3 }, "geometry": { "type": "Point", "coordinates": [ 99.588973018132535, 15.295473321494764 ] } },
{ "type": "Feature", "properties": { "road_key": "61020000ST130", "road_name": "ถนนสายบ้านหลังเขา-บ้านคลองไก่เถื่อน", "road_no": "0", "aumpher": "อำเภอห้วยคต", "office": "สาขาหนองฉาง", "branch_code": "61020000", "name_short": "None", "price_new": 250, "price_old": 150, "width_m": 4, "pt_i": 4 }, "geometry": { "type": "Point", "coordinates": [ 99.589172296518086, 15.29440583863669 ] } },
{ "type": "Feature", "properties": { "road_key": "61020000ST130", "road_name": "ถนนสายบ้านหลังเขา-บ้านคลองไก่เถื่อน", "road_no": "0", "aumpher": "อำเภอห้วยคต", "office": "สาขาหนองฉาง", "branch_code": "61020000", "name_short": "None", "price_new": 250, "price_old": 150, "width_m": 4, "pt_i": 5 }, "geometry": { "type": "Point", "coordinates": [ 99.589416091639848, 15.293347700260899 ] } },
{ "type": "Feature", "properties": { "road_key": "61020000ST130", "road_name": "ถนนสายบ้านหลังเขา-บ้านคลองไก่เถื่อน", "road_no": "0", "aumpher": "อำเภอห้วยคต", "office": "สาขาหนองฉาง", "branch_code": "61020000", "name_short": "None", "price_new": 250, "price_old": 150, "width_m": 4, "pt_i": 6 }, "geometry": { "type": "Point", "coordinates": [ 99.589701461159976, 15.292298903798596 ] } },
{ "type": "Feature", "properties": { "road_key": "61020000ST130", "road_name": "ถนนสายบ้านหลังเขา-บ้านคลองไก่เถื่อน", "road_no": "0", "aumpher": "อำเภอห้วยคต", "office": "สาขาหนองฉาง", "branch_code": "61020000", "name_short": "None", "price_new": 250, "price_old": 150, "width_m": 4, "pt_i": 7 }, "geometry": { "type": "Point", "coordinates": [ 99.589258979542805, 15.291655046460065 ] } },
{ "type": "Feature", "properties": { "road_key": "61020000ST130", "road_name": "ถนนสายบ้านหลังเขา-บ้านคลองไก่เถื่อน", "road_no": "0", "aumpher": "อำเภอห้วยคต", "office": "สาขาหนองฉาง", "branch_code": "61020000", "name_short": "None", "price_new": 250, "price_old": 150, "width_m": 4, "pt_i": 8 }, "geometry": { "type": "Point", "coordinates": [ 99.589007672496095, 15.290877815771161 ] } },
{ "type": "Feature", "properties": { "road_key": "61020000ST130", "road_name": "ถนนสายบ้านหลังเขา-บ้านคลองไก่เถื่อน", "road_no": "0", "aumpher": "อำเภอห้วยคต", "office": "สาขาหนองฉาง", "branch_code": "61020000", "name_short": "None", "price_new": 250, "price_old": 150, "width_m": 4, "pt_i": 9 }, "geometry": { "type": "Point", "coordinates": [ 99.589067864629016, 15.289858406767395 ] } },
{ "type": "Feature", "properties": { "road_key": "61020000ST130", "road_name": "ถนนสายบ้านหลังเขา-บ้านคลองไก่เถื่อน", "road_no": "0", "aumpher": "อำเภอห้วยคต", "office": "สาขาหนองฉาง", "branch_code": "61020000", "name_short": "None", "price_new": 250, "price_old": 150, "width_m": 4, "pt_i": 10 }, "geometry": { "type": "Point", "coordinates": [ 99.589064507388599, 15.288926524200514 ] } },
{ "type": "Feature", "properties": { "road_key": "61020000ST130", "road_name": "ถนนสายบ้านหลังเขา-บ้านคลองไก่เถื่อน", "road_no": "0", "aumpher": "อำเภอห้วยคต", "office": "สาขาหนองฉาง", "branch_code": "61020000", "name_short": "None", "price_new": 250, "price_old": 150, "width_m": 4, "pt_i": 11 }, "geometry": { "type": "Point", "coordinates": [ 99.589326954165315, 15.287871991812153 ] } },
{ "type": "Feature", "properties": { "road_key": "61020000ST130", "road_name": "ถนนสายบ้านหลังเขา-บ้านคลองไก่เถื่อน", "road_no": "0", "aumpher": "อำเภอห้วยคต", "office": "สาขาหนองฉาง", "branch_code": "61020000", "name_short": "None", "price_new": 250, "price_old": 150, "width_m": 4, "pt_i": 12 }, "geometry": { "type": "Point", "coordinates": [ 99.590222184514275, 15.287544757717519 ] } },
{ "type": "Feature", "properties": { "road_key": "61020000ST130", "road_name": "ถนนสายบ้านหลังเขา-บ้านคลองไก่เถื่อน", "road_no": "0", "aumpher": "อำเภอห้วยคต", "office": "สาขาหนองฉาง", "branch_code": "61020000", "name_short": "None", "price_new": 250, "price_old": 150, "width_m": 4, "pt_i": 13 }, "geometry": { "type": "Point", "coordinates": [ 99.590513432444496, 15.286500103421956 ] } },
{ "type": "Feature", "properties": { "road_key": "61020000ST130", "road_name": "ถนนสายบ้านหลังเขา-บ้านคลองไก่เถื่อน", "road_no": "0", "aumpher": "อำเภอห้วยคต", "office": "สาขาหนองฉาง", "branch_code": "61020000", "name_short": "None", "price_new": 250, "price_old": 150, "width_m": 4, "pt_i": 14 }, "geometry": { "type": "Point", "coordinates": [ 99.590728445576275, 15.285460134789611 ] } },
{ "type": "Feature", "properties": { "road_key": "61020000ST130", "road_name": "ถนนสายบ้านหลังเขา-บ้านคลองไก่เถื่อน", "road_no": "0", "aumpher": "อำเภอห้วยคต", "office": "สาขาหนองฉาง", "branch_code": "61020000", "name_short": "None", "price_new": 250, "price_old": 150, "width_m": 4, "pt_i": 15 }, "geometry": { "type": "Point", "coordinates": [ 99.591399896645427, 15.284606022151486 ] } },
{ "type": "Feature", "properties": { "road_key": "61020000ST130", "road_name": "ถนนสายบ้านหลังเขา-บ้านคลองไก่เถื่อน", "road_no": "0", "aumpher": "อำเภอห้วยคต", "office": "สาขาหนองฉาง", "branch_code": "61020000", "name_short": "None", "price_new": 250, "price_old": 150, "width_m": 4, "pt_i": 16 }, "geometry": { "type": "Point", "coordinates": [ 99.592183774448202, 15.283845186309495 ] } },
{ "type": "Feature", "properties": { "road_key": "61020000ST130", "road_name": "ถนนสายบ้านหลังเขา-บ้านคลองไก่เถื่อน", "road_no": "0", "aumpher": "อำเภอห้วยคต", "office": "สาขาหนองฉาง", "branch_code": "61020000", "name_short": "None", "price_new": 250, "price_old": 150, "width_m": 4, "pt_i": 17 }, "geometry": { "type": "Point", "coordinates": [ 99.593168276655348, 15.28334257207263 ] } },
{ "type": "Feature", "properties": { "road_key": "61020000ST130", "road_name": "ถนนสายบ้านหลังเขา-บ้านคลองไก่เถื่อน", "road_no": "0", "aumpher": "อำเภอห้วยคต", "office": "สาขาหนองฉาง", "branch_code": "61020000", "name_short": "None", "price_new": 250, "price_old": 150, "width_m": 4, "pt_i": 18 }, "geometry": { "type": "Point", "coordinates": [ 99.594235353330347, 15.283024309913237 ] } },
{ "type": "Feature", "properties": { "road_key": "61020000ST130", "road_name": "ถนนสายบ้านหลังเขา-บ้านคลองไก่เถื่อน", "road_no": "0", "aumpher": "อำเภอห้วยคต", "office": "สาขาหนองฉาง", "branch_code": "61020000", "name_short": "None", "price_new": 250, "price_old": 150, "width_m": 4, "pt_i": 19 }, "geometry": { "type": "Point", "coordinates": [ 99.595235716846176, 15.282543968944479 ] } },
{ "type": "Feature", "properties": { "road_key": "61020000ST130", "road_name": "ถนนสายบ้านหลังเขา-บ้านคลองไก่เถื่อน", "road_no": "0", "aumpher": "อำเภอห้วยคต", "office": "สาขาหนองฉาง", "branch_code": "61020000", "name_short": "None", "price_new": 250, "price_old": 150, "width_m": 4, "pt_i": 20 }, "geometry": { "type": "Point", "coordinates": [ 99.596101827536742, 15.281868647607221 ] } },
{ "type": "Feature", "properties": { "road_key": "61020000ST130", "road_name": "ถนนสายบ้านหลังเขา-บ้านคลองไก่เถื่อน", "road_no": "0", "aumpher": "อำเภอห้วยคต", "office": "สาขาหนองฉาง", "branch_code": "61020000", "name_short": "None", "price_new": 250, "price_old": 150, "width_m": 4, "pt_i": 21 }, "geometry": { "type": "Point", "coordinates": [ 99.596891181709296, 15.281112258761484 ] } },
{ "type": "Feature", "properties": { "road_key": "61020000ST130", "road_name": "ถนนสายบ้านหลังเขา-บ้านคลองไก่เถื่อน", "road_no": "0", "aumpher": "อำเภอห้วยคต", "office": "สาขาหนองฉาง", "branch_code": "61020000", "name_short": "None", "price_new": 250, "price_old": 150, "width_m": 4, "pt_i": 22 }, "geometry": { "type": "Point", "coordinates": [ 99.597835320994221, 15.280609291188361 ] } },
{ "type": "Feature", "properties": { "road_key": "61020000ST130", "road_name": "ถนนสายบ้านหลังเขา-บ้านคลองไก่เถื่อน", "road_no": "0", "aumpher": "อำเภอห้วยคต", "office": "สาขาหนองฉาง", "branch_code": "61020000", "name_short": "None", "price_new": 250, "price_old": 150, "width_m": 4, "pt_i": 23 }, "geometry": { "type": "Point", "coordinates": [ 99.598770896159465, 15.280020336286539 ] } },
{ "type": "Feature", "properties": { "road_key": "61020000ST130", "road_name": "ถนนสายบ้านหลังเขา-บ้านคลองไก่เถื่อน", "road_no": "0", "aumpher": "อำเภอห้วยคต", "office": "สาขาหนองฉาง", "branch_code": "61020000", "name_short": "None", "price_new": 250, "price_old": 150, "width_m": 4, "pt_i": 24 }, "geometry": { "type": "Point", "coordinates": [ 99.599718839476182, 15.279449667010356 ] } },
{ "type": "Feature", "properties": { "road_key": "61020000ST130", "road_name": "ถนนสายบ้านหลังเขา-บ้านคลองไก่เถื่อน", "road_no": "0", "aumpher": "อำเภอห้วยคต", "office": "สาขาหนองฉาง", "branch_code": "61020000", "name_short": "None", "price_new": 250, "price_old": 150, "width_m": 4, "pt_i": 25 }, "geometry": { "type": "Point", "coordinates": [ 99.600482209383458, 15.278665175494927 ] } },
{ "type": "Feature", "properties": { "road_key": "61020000ST149", "road_name": "ถนนสายทางเข้าน้ำตกไซเบอร์", "road_no": "0", "aumpher": "อำเภอห้วยคต", "office": "สาขาหนองฉาง", "branch_code": "61020000", "name_short": "None", "price_new": 200, "price_old": 150, "width_m": 4, "pt_i": 0 }, "geometry": { "type": "Point", "coordinates": [ 99.478512027111947, 15.303628073188074 ] } },
{ "type": "Feature", "properties": { "road_key": "61020000ST149", "road_name": "ถนนสายทางเข้าน้ำตกไซเบอร์", "road_no": "0", "aumpher": "อำเภอห้วยคต", "office": "สาขาหนองฉาง", "branch_code": "61020000", "name_short": "None", "price_new": 200, "price_old": 150, "width_m": 4, "pt_i": 1 }, "geometry": { "type": "Point", "coordinates": [ 99.477425552805329, 15.303404337892781 ] } },
{ "type": "Feature", "properties": { "road_key": "61020000ST149", "road_name": "ถนนสายทางเข้าน้ำตกไซเบอร์", "road_no": "0", "aumpher": "อำเภอห้วยคต", "office": "สาขาหนองฉาง", "branch_code": "61020000", "name_short": "None", "price_new": 200, "price_old": 150, "width_m": 4, "pt_i": 2 }, "geometry": { "type": "Point", "coordinates": [ 99.476385954588764, 15.303732945654293 ] } },
{ "type": "Feature", "properties": { "road_key": "61020000ST149", "road_name": "ถนนสายทางเข้าน้ำตกไซเบอร์", "road_no": "0", "aumpher": "อำเภอห้วยคต", "office": "สาขาหนองฉาง", "branch_code": "61020000", "name_short": "None", "price_new": 200, "price_old": 150, "width_m": 4, "pt_i": 3 }, "geometry": { "type": "Point", "coordinates": [ 99.475410569300166, 15.304238588958878 ] } },
{ "type": "Feature", "properties": { "road_key": "61020000ST149", "road_name": "ถนนสายทางเข้าน้ำตกไซเบอร์", "road_no": "0", "aumpher": "อำเภอห้วยคต", "office": "สาขาหนองฉาง", "branch_code": "61020000", "name_short": "None", "price_new": 200, "price_old": 150, "width_m": 4, "pt_i": 4 }, "geometry": { "type": "Point", "coordinates": [ 99.474369960564488, 15.304564296079326 ] } },
{ "type": "Feature", "properties": { "road_key": "61020000ST149", "road_name": "ถนนสายทางเข้าน้ำตกไซเบอร์", "road_no": "0", "aumpher": "อำเภอห้วยคต", "office": "สาขาหนองฉาง", "branch_code": "61020000", "name_short": "None", "price_new": 200, "price_old": 150, "width_m": 4, "pt_i": 5 }, "geometry": { "type": "Point", "coordinates": [ 99.47333135637696, 15.304926093345774 ] } },
{ "type": "Feature", "properties": { "road_key": "61020000ST149", "road_name": "ถนนสายทางเข้าน้ำตกไซเบอร์", "road_no": "0", "aumpher": "อำเภอห้วยคต", "office": "สาขาหนองฉาง", "branch_code": "61020000", "name_short": "None", "price_new": 200, "price_old": 150, "width_m": 4, "pt_i": 6 }, "geometry": { "type": "Point", "coordinates": [ 99.472382831230391, 15.305490789781246 ] } },
{ "type": "Feature", "properties": { "road_key": "61020000ST149", "road_name": "ถนนสายทางเข้าน้ำตกไซเบอร์", "road_no": "0", "aumpher": "อำเภอห้วยคต", "office": "สาขาหนองฉาง", "branch_code": "61020000", "name_short": "None", "price_new": 200, "price_old": 150, "width_m": 4, "pt_i": 7 }, "geometry": { "type": "Point", "coordinates": [ 99.471322490647609, 15.305811671936135 ] } },
{ "type": "Feature", "properties": { "road_key": "61020000ST149", "road_name": "ถนนสายทางเข้าน้ำตกไซเบอร์", "road_no": "0", "aumpher": "อำเภอห้วยคต", "office": "สาขาหนองฉาง", "branch_code": "61020000", "name_short": "None", "price_new": 200, "price_old": 150, "width_m": 4, "pt_i": 8 }, "geometry": { "type": "Point", "coordinates": [ 99.470253581940625, 15.306046646487225 ] } },
{ "type": "Feature", "properties": { "road_key": "61020000ST149", "road_name": "ถนนสายทางเข้าน้ำตกไซเบอร์", "road_no": "0", "aumpher": "อำเภอห้วยคต", "office": "สาขาหนองฉาง", "branch_code": "61020000", "name_short": "None", "price_new": 200, "price_old": 150, "width_m": 4, "pt_i": 9 }, "geometry": { "type": "Point", "coordinates": [ 99.469419700935887, 15.306766292195054 ] } },
{ "type": "Feature", "properties": { "road_key": "61020000ST149", "road_name": "ถนนสายทางเข้าน้ำตกไซเบอร์", "road_no": "0", "aumpher": "อำเภอห้วยคต", "office": "สาขาหนองฉาง", "branch_code": "61020000", "name_short": "None", "price_new": 200, "price_old": 150, "width_m": 4, "pt_i": 10 }, "geometry": { "type": "Point", "coordinates": [ 99.468435125281502, 15.307131815393921 ] } },
{ "type": "Feature", "properties": { "road_key": "61020000ST149", "road_name": "ถนนสายทางเข้าน้ำตกไซเบอร์", "road_no": "0", "aumpher": "อำเภอห้วยคต", "office": "สาขาหนองฉาง", "branch_code": "61020000", "name_short": "None", "price_new": 200, "price_old": 150, "width_m": 4, "pt_i": 11 }, "geometry": { "type": "Point", "coordinates": [ 99.467329709274139, 15.306970915613642 ] } },
{ "type": "Feature", "properties": { "road_key": "61020000ST149", "road_name": "ถนนสายทางเข้าน้ำตกไซเบอร์", "road_no": "0", "aumpher": "อำเภอห้วยคต", "office": "สาขาหนองฉาง", "branch_code": "61020000", "name_short": "None", "price_new": 200, "price_old": 150, "width_m": 4, "pt_i": 12 }, "geometry": { "type": "Point", "coordinates": [ 99.466227705610891, 15.306789668875881 ] } },
{ "type": "Feature", "properties": { "road_key": "61020000ST149", "road_name": "ถนนสายทางเข้าน้ำตกไซเบอร์", "road_no": "0", "aumpher": "อำเภอห้วยคต", "office": "สาขาหนองฉาง", "branch_code": "61020000", "name_short": "None", "price_new": 200, "price_old": 150, "width_m": 4, "pt_i": 13 }, "geometry": { "type": "Point", "coordinates": [ 99.465200769735233, 15.306410943582334 ] } },
{ "type": "Feature", "properties": { "road_key": "61020000ST149", "road_name": "ถนนสายทางเข้าน้ำตกไซเบอร์", "road_no": "0", "aumpher": "อำเภอห้วยคต", "office": "สาขาหนองฉาง", "branch_code": "61020000", "name_short": "None", "price_new": 200, "price_old": 150, "width_m": 4, "pt_i": 14 }, "geometry": { "type": "Point", "coordinates": [ 99.464228453926879, 15.30590446487281 ] } },
{ "type": "Feature", "properties": { "road_key": "61020000ST149", "road_name": "ถนนสายทางเข้าน้ำตกไซเบอร์", "road_no": "0", "aumpher": "อำเภอห้วยคต", "office": "สาขาหนองฉาง", "branch_code": "61020000", "name_short": "None", "price_new": 200, "price_old": 150, "width_m": 4, "pt_i": 15 }, "geometry": { "type": "Point", "coordinates": [ 99.463170664467498, 15.305553853349565 ] } },
{ "type": "Feature", "properties": { "road_key": "61020000ST149", "road_name": "ถนนสายทางเข้าน้ำตกไซเบอร์", "road_no": "0", "aumpher": "อำเภอห้วยคต", "office": "สาขาหนองฉาง", "branch_code": "61020000", "name_short": "None", "price_new": 200, "price_old": 150, "width_m": 4, "pt_i": 16 }, "geometry": { "type": "Point", "coordinates": [ 99.462095248078029, 15.305558068616728 ] } },
{ "type": "Feature", "properties": { "road_key": "61020000ST149", "road_name": "ถนนสายทางเข้าน้ำตกไซเบอร์", "road_no": "0", "aumpher": "อำเภอห้วยคต", "office": "สาขาหนองฉาง", "branch_code": "61020000", "name_short": "None", "price_new": 200, "price_old": 150, "width_m": 4, "pt_i": 17 }, "geometry": { "type": "Point", "coordinates": [ 99.461029059907389, 15.305796686144676 ] } },
{ "type": "Feature", "properties": { "road_key": "61020000ST149", "road_name": "ถนนสายทางเข้าน้ำตกไซเบอร์", "road_no": "0", "aumpher": "อำเภอห้วยคต", "office": "สาขาหนองฉาง", "branch_code": "61020000", "name_short": "None", "price_new": 200, "price_old": 150, "width_m": 4, "pt_i": 18 }, "geometry": { "type": "Point", "coordinates": [ 99.459927258312803, 15.305855331088964 ] } },
{ "type": "Feature", "properties": { "road_key": "61020000ST149", "road_name": "ถนนสายทางเข้าน้ำตกไซเบอร์", "road_no": "0", "aumpher": "อำเภอห้วยคต", "office": "สาขาหนองฉาง", "branch_code": "61020000", "name_short": "None", "price_new": 200, "price_old": 150, "width_m": 4, "pt_i": 19 }, "geometry": { "type": "Point", "coordinates": [ 99.458920661704809, 15.306319224829172 ] } },
{ "type": "Feature", "properties": { "road_key": "61020000ST149", "road_name": "ถนนสายทางเข้าน้ำตกไซเบอร์", "road_no": "0", "aumpher": "อำเภอห้วยคต", "office": "สาขาหนองฉาง", "branch_code": "61020000", "name_short": "None", "price_new": 200, "price_old": 150, "width_m": 4, "pt_i": 20 }, "geometry": { "type": "Point", "coordinates": [ 99.458010644588299, 15.306948604184322 ] } },
{ "type": "Feature", "properties": { "road_key": "61020000ST149", "road_name": "ถนนสายทางเข้าน้ำตกไซเบอร์", "road_no": "0", "aumpher": "อำเภอห้วยคต", "office": "สาขาหนองฉาง", "branch_code": "61020000", "name_short": "None", "price_new": 200, "price_old": 150, "width_m": 4, "pt_i": 21 }, "geometry": { "type": "Point", "coordinates": [ 99.457071908543867, 15.307536905715034 ] } },
{ "type": "Feature", "properties": { "road_key": "61020000ST149", "road_name": "ถนนสายทางเข้าน้ำตกไซเบอร์", "road_no": "0", "aumpher": "อำเภอห้วยคต", "office": "สาขาหนองฉาง", "branch_code": "61020000", "name_short": "None", "price_new": 200, "price_old": 150, "width_m": 4, "pt_i": 22 }, "geometry": { "type": "Point", "coordinates": [ 99.456150656561178, 15.308126097933785 ] } },
{ "type": "Feature", "properties": { "road_key": "61020000ST149", "road_name": "ถนนสายทางเข้าน้ำตกไซเบอร์", "road_no": "0", "aumpher": "อำเภอห้วยคต", "office": "สาขาหนองฉาง", "branch_code": "61020000", "name_short": "None", "price_new": 200, "price_old": 150, "width_m": 4, "pt_i": 23 }, "geometry": { "type": "Point", "coordinates": [ 99.455115178147423, 15.308533008311921 ] } },
{ "type": "Feature", "properties": { "road_key": "61020000ST149", "road_name": "ถนนสายทางเข้าน้ำตกไซเบอร์", "road_no": "0", "aumpher": "อำเภอห้วยคต", "office": "สาขาหนองฉาง", "branch_code": "61020000", "name_short": "None", "price_new": 200, "price_old": 150, "width_m": 4, "pt_i": 24 }, "geometry": { "type": "Point", "coordinates": [ 99.454087893952746, 15.308940557418536 ] } },
{ "type": "Feature", "properties": { "road_key": "61020000ST182", "road_name": "ถนนสายบ้านหินโหง่น-โรงเรียนบ้านหินโหง่น", "road_no": "0", "aumpher": "อำเภอห้วยคต", "office": "สาขาหนองฉาง", "branch_code": "61020000", "name_short": "None", "price_new": 250, "price_old": 150, "width_m": 6, "pt_i": 0 }, "geometry": { "type": "Point", "coordinates": [ 99.605490601287514, 15.23007930065865 ] } },
{ "type": "Feature", "properties": { "road_key": "61020000ST182", "road_name": "ถนนสายบ้านหินโหง่น-โรงเรียนบ้านหินโหง่น", "road_no": "0", "aumpher": "อำเภอห้วยคต", "office": "สาขาหนองฉาง", "branch_code": "61020000", "name_short": "None", "price_new": 250, "price_old": 150, "width_m": 6, "pt_i": 1 }, "geometry": { "type": "Point", "coordinates": [ 99.606570464968044, 15.229800663914428 ] } },
{ "type": "Feature", "properties": { "road_key": "61020000ST182", "road_name": "ถนนสายบ้านหินโหง่น-โรงเรียนบ้านหินโหง่น", "road_no": "0", "aumpher": "อำเภอห้วยคต", "office": "สาขาหนองฉาง", "branch_code": "61020000", "name_short": "None", "price_new": 250, "price_old": 150, "width_m": 6, "pt_i": 2 }, "geometry": { "type": "Point", "coordinates": [ 99.607636759320002, 15.229476926563482 ] } },
{ "type": "Feature", "properties": { "road_key": "61020000ST182", "road_name": "ถนนสายบ้านหินโหง่น-โรงเรียนบ้านหินโหง่น", "road_no": "0", "aumpher": "อำเภอห้วยคต", "office": "สาขาหนองฉาง", "branch_code": "61020000", "name_short": "None", "price_new": 250, "price_old": 150, "width_m": 6, "pt_i": 3 }, "geometry": { "type": "Point", "coordinates": [ 99.608707546796381, 15.229167193278423 ] } },
{ "type": "Feature", "properties": { "road_key": "61020000ST182", "road_name": "ถนนสายบ้านหินโหง่น-โรงเรียนบ้านหินโหง่น", "road_no": "0", "aumpher": "อำเภอห้วยคต", "office": "สาขาหนองฉาง", "branch_code": "61020000", "name_short": "None", "price_new": 250, "price_old": 150, "width_m": 6, "pt_i": 4 }, "geometry": { "type": "Point", "coordinates": [ 99.609769049030859, 15.22882898506578 ] } },
{ "type": "Feature", "properties": { "road_key": "61020000ST182", "road_name": "ถนนสายบ้านหินโหง่น-โรงเรียนบ้านหินโหง่น", "road_no": "0", "aumpher": "อำเภอห้วยคต", "office": "สาขาหนองฉาง", "branch_code": "61020000", "name_short": "None", "price_new": 250, "price_old": 150, "width_m": 6, "pt_i": 5 }, "geometry": { "type": "Point", "coordinates": [ 99.610264636992454, 15.22820266326066 ] } },
{ "type": "Feature", "properties": { "road_key": "61020000ST183", "road_name": "ถนนสายบ้านหินโหง่น-วัดบ่อน้ำเย็น", "road_no": "0", "aumpher": "อำเภอห้วยคต", "office": "สาขาหนองฉาง", "branch_code": "61020000", "name_short": "None", "price_new": 250, "price_old": 150, "width_m": 6, "pt_i": 0 }, "geometry": { "type": "Point", "coordinates": [ 99.610360004816286, 15.228677238149764 ] } },
{ "type": "Feature", "properties": { "road_key": "61020000ST183", "road_name": "ถนนสายบ้านหินโหง่น-วัดบ่อน้ำเย็น", "road_no": "0", "aumpher": "อำเภอห้วยคต", "office": "สาขาหนองฉาง", "branch_code": "61020000", "name_short": "None", "price_new": 250, "price_old": 150, "width_m": 6, "pt_i": 1 }, "geometry": { "type": "Point", "coordinates": [ 99.611451497583431, 15.228862082980431 ] } },
{ "type": "Feature", "properties": { "road_key": "61020000ST183", "road_name": "ถนนสายบ้านหินโหง่น-วัดบ่อน้ำเย็น", "road_no": "0", "aumpher": "อำเภอห้วยคต", "office": "สาขาหนองฉาง", "branch_code": "61020000", "name_short": "None", "price_new": 250, "price_old": 150, "width_m": 6, "pt_i": 2 }, "geometry": { "type": "Point", "coordinates": [ 99.612541122375362, 15.22910221301321 ] } },
{ "type": "Feature", "properties": { "road_key": "61020000ST183", "road_name": "ถนนสายบ้านหินโหง่น-วัดบ่อน้ำเย็น", "road_no": "0", "aumpher": "อำเภอห้วยคต", "office": "สาขาหนองฉาง", "branch_code": "61020000", "name_short": "None", "price_new": 250, "price_old": 150, "width_m": 6, "pt_i": 3 }, "geometry": { "type": "Point", "coordinates": [ 99.61363074944164, 15.229342337663786 ] } },
{ "type": "Feature", "properties": { "road_key": "61020000ST183", "road_name": "ถนนสายบ้านหินโหง่น-วัดบ่อน้ำเย็น", "road_no": "0", "aumpher": "อำเภอห้วยคต", "office": "สาขาหนองฉาง", "branch_code": "61020000", "name_short": "None", "price_new": 250, "price_old": 150, "width_m": 6, "pt_i": 4 }, "geometry": { "type": "Point", "coordinates": [ 99.614718779488726, 15.229589169569737 ] } },
{ "type": "Feature", "properties": { "road_key": "61020000ST183", "road_name": "ถนนสายบ้านหินโหง่น-วัดบ่อน้ำเย็น", "road_no": "0", "aumpher": "อำเภอห้วยคต", "office": "สาขาหนองฉาง", "branch_code": "61020000", "name_short": "None", "price_new": 250, "price_old": 150, "width_m": 6, "pt_i": 5 }, "geometry": { "type": "Point", "coordinates": [ 99.615806322680498, 15.229838049427666 ] } },
{ "type": "Feature", "properties": { "road_key": "61020000ST183", "road_name": "ถนนสายบ้านหินโหง่น-วัดบ่อน้ำเย็น", "road_no": "0", "aumpher": "อำเภอห้วยคต", "office": "สาขาหนองฉาง", "branch_code": "61020000", "name_short": "None", "price_new": 250, "price_old": 150, "width_m": 6, "pt_i": 6 }, "geometry": { "type": "Point", "coordinates": [ 99.616893868232424, 15.230086923919307 ] } },
{ "type": "Feature", "properties": { "road_key": "61020000ST183", "road_name": "ถนนสายบ้านหินโหง่น-วัดบ่อน้ำเย็น", "road_no": "0", "aumpher": "อำเภอห้วยคต", "office": "สาขาหนองฉาง", "branch_code": "61020000", "name_short": "None", "price_new": 250, "price_old": 150, "width_m": 6, "pt_i": 7 }, "geometry": { "type": "Point", "coordinates": [ 99.617981351765422, 15.230336057971801 ] } },
{ "type": "Feature", "properties": { "road_key": "61020000ST183", "road_name": "ถนนสายบ้านหินโหง่น-วัดบ่อน้ำเย็น", "road_no": "0", "aumpher": "อำเภอห้วยคต", "office": "สาขาหนองฉาง", "branch_code": "61020000", "name_short": "None", "price_new": 250, "price_old": 150, "width_m": 6, "pt_i": 8 }, "geometry": { "type": "Point", "coordinates": [ 99.619068776520393, 15.230585438263221 ] } },
{ "type": "Feature", "properties": { "road_key": "61020000ST183", "road_name": "ถนนสายบ้านหินโหง่น-วัดบ่อน้ำเย็น", "road_no": "0", "aumpher": "อำเภอห้วยคต", "office": "สาขาหนองฉาง", "branch_code": "61020000", "name_short": "None", "price_new": 250, "price_old": 150, "width_m": 6, "pt_i": 9 }, "geometry": { "type": "Point", "coordinates": [ 99.620151278024963, 15.230853671975201 ] } },
{ "type": "Feature", "properties": { "road_key": "61020000ST183", "road_name": "ถนนสายบ้านหินโหง่น-วัดบ่อน้ำเย็น", "road_no": "0", "aumpher": "อำเภอห้วยคต", "office": "สาขาหนองฉาง", "branch_code": "61020000", "name_short": "None", "price_new": 250, "price_old": 150, "width_m": 6, "pt_i": 10 }, "geometry": { "type": "Point", "coordinates": [ 99.621212475020997, 15.231188674414687 ] } },
{ "type": "Feature", "properties": { "road_key": "61020000ST183", "road_name": "ถนนสายบ้านหินโหง่น-วัดบ่อน้ำเย็น", "road_no": "0", "aumpher": "อำเภอห้วยคต", "office": "สาขาหนองฉาง", "branch_code": "61020000", "name_short": "None", "price_new": 250, "price_old": 150, "width_m": 6, "pt_i": 11 }, "geometry": { "type": "Point", "coordinates": [ 99.622246449708598, 15.231599432876749 ] } },
{ "type": "Feature", "properties": { "road_key": "61020000ST183", "road_name": "ถนนสายบ้านหินโหง่น-วัดบ่อน้ำเย็น", "road_no": "0", "aumpher": "อำเภอห้วยคต", "office": "สาขาหนองฉาง", "branch_code": "61020000", "name_short": "None", "price_new": 250, "price_old": 150, "width_m": 6, "pt_i": 12 }, "geometry": { "type": "Point", "coordinates": [ 99.623273141560119, 15.23202749026953 ] } },
{ "type": "Feature", "properties": { "road_key": "61020000ST183", "road_name": "ถนนสายบ้านหินโหง่น-วัดบ่อน้ำเย็น", "road_no": "0", "aumpher": "อำเภอห้วยคต", "office": "สาขาหนองฉาง", "branch_code": "61020000", "name_short": "None", "price_new": 250, "price_old": 150, "width_m": 6, "pt_i": 13 }, "geometry": { "type": "Point", "coordinates": [ 99.624298478040899, 15.232458613328248 ] } },
{ "type": "Feature", "properties": { "road_key": "61020000ST183", "road_name": "ถนนสายบ้านหินโหง่น-วัดบ่อน้ำเย็น", "road_no": "0", "aumpher": "อำเภอห้วยคต", "office": "สาขาหนองฉาง", "branch_code": "61020000", "name_short": "None", "price_new": 250, "price_old": 150, "width_m": 6, "pt_i": 14 }, "geometry": { "type": "Point", "coordinates": [ 99.625315368109398, 15.232906976842537 ] } },
{ "type": "Feature", "properties": { "road_key": "61020000ST184", "road_name": "ถนนวัดบ่อน้ำเย็น", "road_no": "0", "aumpher": "อำเภอห้วยคต", "office": "สาขาหนองฉาง", "branch_code": "61020000", "name_short": "None", "price_new": 200, "price_old": 150, "width_m": 3, "pt_i": 0 }, "geometry": { "type": "Point", "coordinates": [ 99.610508693952411, 15.228654304448266 ] } },
{ "type": "Feature", "properties": { "road_key": "61020000ST184", "road_name": "ถนนวัดบ่อน้ำเย็น", "road_no": "0", "aumpher": "อำเภอห้วยคต", "office": "สาขาหนองฉาง", "branch_code": "61020000", "name_short": "None", "price_new": 200, "price_old": 150, "width_m": 3, "pt_i": 1 }, "geometry": { "type": "Point", "coordinates": [ 99.611571818114768, 15.228351489529203 ] } },
{ "type": "Feature", "properties": { "road_key": "61020000ST184", "road_name": "ถนนวัดบ่อน้ำเย็น", "road_no": "0", "aumpher": "อำเภอห้วยคต", "office": "สาขาหนองฉาง", "branch_code": "61020000", "name_short": "None", "price_new": 200, "price_old": 150, "width_m": 3, "pt_i": 2 }, "geometry": { "type": "Point", "coordinates": [ 99.612661294882628, 15.228110743735094 ] } },
{ "type": "Feature", "properties": { "road_key": "61020000ST184", "road_name": "ถนนวัดบ่อน้ำเย็น", "road_no": "0", "aumpher": "อำเภอห้วยคต", "office": "สาขาหนองฉาง", "branch_code": "61020000", "name_short": "None", "price_new": 200, "price_old": 150, "width_m": 3, "pt_i": 3 }, "geometry": { "type": "Point", "coordinates": [ 99.613751756057169, 15.227874288389913 ] } },
{ "type": "Feature", "properties": { "road_key": "61020000ST184", "road_name": "ถนนวัดบ่อน้ำเย็น", "road_no": "0", "aumpher": "อำเภอห้วยคต", "office": "สาขาหนองฉาง", "branch_code": "61020000", "name_short": "None", "price_new": 200, "price_old": 150, "width_m": 3, "pt_i": 4 }, "geometry": { "type": "Point", "coordinates": [ 99.614843304764662, 15.227642571991623 ] } },
{ "type": "Feature", "properties": { "road_key": "61020000ST184", "road_name": "ถนนวัดบ่อน้ำเย็น", "road_no": "0", "aumpher": "อำเภอห้วยคต", "office": "สาขาหนองฉาง", "branch_code": "61020000", "name_short": "None", "price_new": 200, "price_old": 150, "width_m": 3, "pt_i": 5 }, "geometry": { "type": "Point", "coordinates": [ 99.61593594300615, 15.227416048225757 ] } },
{ "type": "Feature", "properties": { "road_key": "61020000ST184", "road_name": "ถนนวัดบ่อน้ำเย็น", "road_no": "0", "aumpher": "อำเภอห้วยคต", "office": "สาขาหนองฉาง", "branch_code": "61020000", "name_short": "None", "price_new": 200, "price_old": 150, "width_m": 3, "pt_i": 6 }, "geometry": { "type": "Point", "coordinates": [ 99.61703513041347, 15.227223749096902 ] } },
{ "type": "Feature", "properties": { "road_key": "61020000ST184", "road_name": "ถนนวัดบ่อน้ำเย็น", "road_no": "0", "aumpher": "อำเภอห้วยคต", "office": "สาขาหนองฉาง", "branch_code": "61020000", "name_short": "None", "price_new": 200, "price_old": 150, "width_m": 3, "pt_i": 7 }, "geometry": { "type": "Point", "coordinates": [ 99.618147938620496, 15.227126255635362 ] } },
{ "type": "Feature", "properties": { "road_key": "61020000ST184", "road_name": "ถนนวัดบ่อน้ำเย็น", "road_no": "0", "aumpher": "อำเภอห้วยคต", "office": "สาขาหนองฉาง", "branch_code": "61020000", "name_short": "None", "price_new": 200, "price_old": 150, "width_m": 3, "pt_i": 8 }, "geometry": { "type": "Point", "coordinates": [ 99.619264423540926, 15.227157139910478 ] } },
{ "type": "Feature", "properties": { "road_key": "61020000ST184", "road_name": "ถนนวัดบ่อน้ำเย็น", "road_no": "0", "aumpher": "อำเภอห้วยคต", "office": "สาขาหนองฉาง", "branch_code": "61020000", "name_short": "None", "price_new": 200, "price_old": 150, "width_m": 3, "pt_i": 9 }, "geometry": { "type": "Point", "coordinates": [ 99.620376504768345, 15.227060359469647 ] } },
{ "type": "Feature", "properties": { "road_key": "61020000ST184", "road_name": "ถนนวัดบ่อน้ำเย็น", "road_no": "0", "aumpher": "อำเภอห้วยคต", "office": "สาขาหนองฉาง", "branch_code": "61020000", "name_short": "None", "price_new": 200, "price_old": 150, "width_m": 3, "pt_i": 10 }, "geometry": { "type": "Point", "coordinates": [ 99.621483327395708, 15.227035065477622 ] } },
{ "type": "Feature", "properties": { "road_key": "61020000ST184", "road_name": "ถนนวัดบ่อน้ำเย็น", "road_no": "0", "aumpher": "อำเภอห้วยคต", "office": "สาขาหนองฉาง", "branch_code": "61020000", "name_short": "None", "price_new": 200, "price_old": 150, "width_m": 3, "pt_i": 11 }, "geometry": { "type": "Point", "coordinates": [ 99.622561647182422, 15.227318418063151 ] } },
{ "type": "Feature", "properties": { "road_key": "61020000ST184", "road_name": "ถนนวัดบ่อน้ำเย็น", "road_no": "0", "aumpher": "อำเภอห้วยคต", "office": "สาขาหนองฉาง", "branch_code": "61020000", "name_short": "None", "price_new": 200, "price_old": 150, "width_m": 3, "pt_i": 12 }, "geometry": { "type": "Point", "coordinates": [ 99.623674319191636, 15.227325173354227 ] } },
{ "type": "Feature", "properties": { "road_key": "61020000ST200", "road_name": "ถนนสายบ้านทุ่งนางาม-บ้านน้ำวิ่ง", "road_no": "0", "aumpher": "อำเภอห้วยคต", "office": "สาขาหนองฉาง", "branch_code": "61020000", "name_short": "None", "price_new": 300, "price_old": 200, "width_m": 6, "pt_i": 0 }, "geometry": { "type": "Point", "coordinates": [ 99.574350595915959, 15.390688219026279 ] } },
{ "type": "Feature", "properties": { "road_key": "61020000ST200", "road_name": "ถนนสายบ้านทุ่งนางาม-บ้านน้ำวิ่ง", "road_no": "0", "aumpher": "อำเภอห้วยคต", "office": "สาขาหนองฉาง", "branch_code": "61020000", "name_short": "None", "price_new": 300, "price_old": 200, "width_m": 6, "pt_i": 1 }, "geometry": { "type": "Point", "coordinates": [ 99.575144251778326, 15.389923997237432 ] } },
{ "type": "Feature", "properties": { "road_key": "61020000ST200", "road_name": "ถนนสายบ้านทุ่งนางาม-บ้านน้ำวิ่ง", "road_no": "0", "aumpher": "อำเภอห้วยคต", "office": "สาขาหนองฉาง", "branch_code": "61020000", "name_short": "None", "price_new": 300, "price_old": 200, "width_m": 6, "pt_i": 2 }, "geometry": { "type": "Point", "coordinates": [ 99.575937901847198, 15.389159772764428 ] } },
{ "type": "Feature", "properties": { "road_key": "61020000ST200", "road_name": "ถนนสายบ้านทุ่งนางาม-บ้านน้ำวิ่ง", "road_no": "0", "aumpher": "อำเภอห้วยคต", "office": "สาขาหนองฉาง", "branch_code": "61020000", "name_short": "None", "price_new": 300, "price_old": 200, "width_m": 6, "pt_i": 3 }, "geometry": { "type": "Point", "coordinates": [ 99.5767315461229, 15.388395545607715 ] } },
{ "type": "Feature", "properties": { "road_key": "61020000ST200", "road_name": "ถนนสายบ้านทุ่งนางาม-บ้านน้ำวิ่ง", "road_no": "0", "aumpher": "อำเภอห้วยคต", "office": "สาขาหนองฉาง", "branch_code": "61020000", "name_short": "None", "price_new": 300, "price_old": 200, "width_m": 6, "pt_i": 4 }, "geometry": { "type": "Point", "coordinates": [ 99.577525184605747, 15.387631315767729 ] } },
{ "type": "Feature", "properties": { "road_key": "61020000ST200", "road_name": "ถนนสายบ้านทุ่งนางาม-บ้านน้ำวิ่ง", "road_no": "0", "aumpher": "อำเภอห้วยคต", "office": "สาขาหนองฉาง", "branch_code": "61020000", "name_short": "None", "price_new": 300, "price_old": 200, "width_m": 6, "pt_i": 5 }, "geometry": { "type": "Point", "coordinates": [ 99.578330519028398, 15.386878701984257 ] } },
{ "type": "Feature", "properties": { "road_key": "61020000ST200", "road_name": "ถนนสายบ้านทุ่งนางาม-บ้านน้ำวิ่ง", "road_no": "0", "aumpher": "อำเภอห้วยคต", "office": "สาขาหนองฉาง", "branch_code": "61020000", "name_short": "None", "price_new": 300, "price_old": 200, "width_m": 6, "pt_i": 6 }, "geometry": { "type": "Point", "coordinates": [ 99.579136375962591, 15.386126609992901 ] } },
{ "type": "Feature", "properties": { "road_key": "61020000ST200", "road_name": "ถนนสายบ้านทุ่งนางาม-บ้านน้ำวิ่ง", "road_no": "0", "aumpher": "อำเภอห้วยคต", "office": "สาขาหนองฉาง", "branch_code": "61020000", "name_short": "None", "price_new": 300, "price_old": 200, "width_m": 6, "pt_i": 7 }, "geometry": { "type": "Point", "coordinates": [ 99.579942227102634, 15.385374515233222 ] } },
{ "type": "Feature", "properties": { "road_key": "61020000ST200", "road_name": "ถนนสายบ้านทุ่งนางาม-บ้านน้ำวิ่ง", "road_no": "0", "aumpher": "อำเภอห้วยคต", "office": "สาขาหนองฉาง", "branch_code": "61020000", "name_short": "None", "price_new": 300, "price_old": 200, "width_m": 6, "pt_i": 8 }, "geometry": { "type": "Point", "coordinates": [ 99.580748072448813, 15.384622417705666 ] } },
{ "type": "Feature", "properties": { "road_key": "61020000ST200", "road_name": "ถนนสายบ้านทุ่งนางาม-บ้านน้ำวิ่ง", "road_no": "0", "aumpher": "อำเภอห้วยคต", "office": "สาขาหนองฉาง", "branch_code": "61020000", "name_short": "None", "price_new": 300, "price_old": 200, "width_m": 6, "pt_i": 9 }, "geometry": { "type": "Point", "coordinates": [ 99.581550530644705, 15.383866927700435 ] } },
{ "type": "Feature", "properties": { "road_key": "61020000ST200", "road_name": "ถนนสายบ้านทุ่งนางาม-บ้านน้ำวิ่ง", "road_no": "0", "aumpher": "อำเภอห้วยคต", "office": "สาขาหนองฉาง", "branch_code": "61020000", "name_short": "None", "price_new": 300, "price_old": 200, "width_m": 6, "pt_i": 10 }, "geometry": { "type": "Point", "coordinates": [ 99.582351656225541, 15.383110104857078 ] } },
{ "type": "Feature", "properties": { "road_key": "61020000ST200", "road_name": "ถนนสายบ้านทุ่งนางาม-บ้านน้ำวิ่ง", "road_no": "0", "aumpher": "อำเภอห้วยคต", "office": "สาขาหนองฉาง", "branch_code": "61020000", "name_short": "None", "price_new": 300, "price_old": 200, "width_m": 6, "pt_i": 11 }, "geometry": { "type": "Point", "coordinates": [ 99.583162419588007, 15.382363067968164 ] } },
{ "type": "Feature", "properties": { "road_key": "61020000ST200", "road_name": "ถนนสายบ้านทุ่งนางาม-บ้านน้ำวิ่ง", "road_no": "0", "aumpher": "อำเภอห้วยคต", "office": "สาขาหนองฉาง", "branch_code": "61020000", "name_short": "None", "price_new": 300, "price_old": 200, "width_m": 6, "pt_i": 12 }, "geometry": { "type": "Point", "coordinates": [ 99.583977842188872, 15.381620763487868 ] } },
{ "type": "Feature", "properties": { "road_key": "61020000ST200", "road_name": "ถนนสายบ้านทุ่งนางาม-บ้านน้ำวิ่ง", "road_no": "0", "aumpher": "อำเภอห้วยคต", "office": "สาขาหนองฉาง", "branch_code": "61020000", "name_short": "None", "price_new": 300, "price_old": 200, "width_m": 6, "pt_i": 13 }, "geometry": { "type": "Point", "coordinates": [ 99.584793258999611, 15.38087845617309 ] } },
{ "type": "Feature", "properties": { "road_key": "61020000ST200", "road_name": "ถนนสายบ้านทุ่งนางาม-บ้านน้ำวิ่ง", "road_no": "0", "aumpher": "อำเภอห้วยคต", "office": "สาขาหนองฉาง", "branch_code": "61020000", "name_short": "None", "price_new": 300, "price_old": 200, "width_m": 6, "pt_i": 14 }, "geometry": { "type": "Point", "coordinates": [ 99.585608670020534, 15.380136146024284 ] } },
{ "type": "Feature", "properties": { "road_key": "61020000ST200", "road_name": "ถนนสายบ้านทุ่งนางาม-บ้านน้ำวิ่ง", "road_no": "0", "aumpher": "อำเภอห้วยคต", "office": "สาขาหนองฉาง", "branch_code": "61020000", "name_short": "None", "price_new": 300, "price_old": 200, "width_m": 6, "pt_i": 15 }, "geometry": { "type": "Point", "coordinates": [ 99.586424075251927, 15.379393833041911 ] } },
{ "type": "Feature", "properties": { "road_key": "61020000ST200", "road_name": "ถนนสายบ้านทุ่งนางาม-บ้านน้ำวิ่ง", "road_no": "0", "aumpher": "อำเภอห้วยคต", "office": "สาขาหนองฉาง", "branch_code": "61020000", "name_short": "None", "price_new": 300, "price_old": 200, "width_m": 6, "pt_i": 16 }, "geometry": { "type": "Point", "coordinates": [ 99.587273782828845, 15.378689002126341 ] } },
{ "type": "Feature", "properties": { "road_key": "61020000ST200", "road_name": "ถนนสายบ้านทุ่งนางาม-บ้านน้ำวิ่ง", "road_no": "0", "aumpher": "อำเภอห้วยคต", "office": "สาขาหนองฉาง", "branch_code": "61020000", "name_short": "None", "price_new": 300, "price_old": 200, "width_m": 6, "pt_i": 17 }, "geometry": { "type": "Point", "coordinates": [ 99.588132164464795, 15.377995289795829 ] } },
{ "type": "Feature", "properties": { "road_key": "61020000ST200", "road_name": "ถนนสายบ้านทุ่งนางาม-บ้านน้ำวิ่ง", "road_no": "0", "aumpher": "อำเภอห้วยคต", "office": "สาขาหนองฉาง", "branch_code": "61020000", "name_short": "None", "price_new": 300, "price_old": 200, "width_m": 6, "pt_i": 18 }, "geometry": { "type": "Point", "coordinates": [ 99.588932508023362, 15.377237712123538 ] } },
{ "type": "Feature", "properties": { "road_key": "61020000ST200", "road_name": "ถนนสายบ้านทุ่งนางาม-บ้านน้ำวิ่ง", "road_no": "0", "aumpher": "อำเภอห้วยคต", "office": "สาขาหนองฉาง", "branch_code": "61020000", "name_short": "None", "price_new": 300, "price_old": 200, "width_m": 6, "pt_i": 19 }, "geometry": { "type": "Point", "coordinates": [ 99.589729456504415, 15.376476801214698 ] } },
{ "type": "Feature", "properties": { "road_key": "61020000ST200", "road_name": "ถนนสายบ้านทุ่งนางาม-บ้านน้ำวิ่ง", "road_no": "0", "aumpher": "อำเภอห้วยคต", "office": "สาขาหนองฉาง", "branch_code": "61020000", "name_short": "None", "price_new": 300, "price_old": 200, "width_m": 6, "pt_i": 20 }, "geometry": { "type": "Point", "coordinates": [ 99.59052037849014, 15.375709971326819 ] } },
{ "type": "Feature", "properties": { "road_key": "61020000ST200", "road_name": "ถนนสายบ้านทุ่งนางาม-บ้านน้ำวิ่ง", "road_no": "0", "aumpher": "อำเภอห้วยคต", "office": "สาขาหนองฉาง", "branch_code": "61020000", "name_short": "None", "price_new": 300, "price_old": 200, "width_m": 6, "pt_i": 21 }, "geometry": { "type": "Point", "coordinates": [ 99.591311294689575, 15.374943138781607 ] } },
{ "type": "Feature", "properties": { "road_key": "61020000ST200", "road_name": "ถนนสายบ้านทุ่งนางาม-บ้านน้ำวิ่ง", "road_no": "0", "aumpher": "อำเภอห้วยคต", "office": "สาขาหนองฉาง", "branch_code": "61020000", "name_short": "None", "price_new": 300, "price_old": 200, "width_m": 6, "pt_i": 22 }, "geometry": { "type": "Point", "coordinates": [ 99.592102205103089, 15.374176303579514 ] } },
{ "type": "Feature", "properties": { "road_key": "61020000ST200", "road_name": "ถนนสายบ้านทุ่งนางาม-บ้านน้ำวิ่ง", "road_no": "0", "aumpher": "อำเภอห้วยคต", "office": "สาขาหนองฉาง", "branch_code": "61020000", "name_short": "None", "price_new": 300, "price_old": 200, "width_m": 6, "pt_i": 23 }, "geometry": { "type": "Point", "coordinates": [ 99.592893109730966, 15.373409465720977 ] } },
{ "type": "Feature", "properties": { "road_key": "61020000ST200", "road_name": "ถนนสายบ้านทุ่งนางาม-บ้านน้ำวิ่ง", "road_no": "0", "aumpher": "อำเภอห้วยคต", "office": "สาขาหนองฉาง", "branch_code": "61020000", "name_short": "None", "price_new": 300, "price_old": 200, "width_m": 6, "pt_i": 24 }, "geometry": { "type": "Point", "coordinates": [ 99.593684278621907, 15.372642887515909 ] } },
{ "type": "Feature", "properties": { "road_key": "61020000ST200", "road_name": "ถนนสายบ้านทุ่งนางาม-บ้านน้ำวิ่ง", "road_no": "0", "aumpher": "อำเภอห้วยคต", "office": "สาขาหนองฉาง", "branch_code": "61020000", "name_short": "None", "price_new": 300, "price_old": 200, "width_m": 6, "pt_i": 25 }, "geometry": { "type": "Point", "coordinates": [ 99.594473139107706, 15.37187408282743 ] } },
{ "type": "Feature", "properties": { "road_key": "61020000ST200", "road_name": "ถนนสายบ้านทุ่งนางาม-บ้านน้ำวิ่ง", "road_no": "0", "aumpher": "อำเภอห้วยคต", "office": "สาขาหนองฉาง", "branch_code": "61020000", "name_short": "None", "price_new": 300, "price_old": 200, "width_m": 6, "pt_i": 26 }, "geometry": { "type": "Point", "coordinates": [ 99.595259586313844, 15.371102950073716 ] } },
{ "type": "Feature", "properties": { "road_key": "61020000ST200", "road_name": "ถนนสายบ้านทุ่งนางาม-บ้านน้ำวิ่ง", "road_no": "0", "aumpher": "อำเภอห้วยคต", "office": "สาขาหนองฉาง", "branch_code": "61020000", "name_short": "None", "price_new": 300, "price_old": 200, "width_m": 6, "pt_i": 27 }, "geometry": { "type": "Point", "coordinates": [ 99.596046027738382, 15.370331814696177 ] } },
{ "type": "Feature", "properties": { "road_key": "61020000ST200", "road_name": "ถนนสายบ้านทุ่งนางาม-บ้านน้ำวิ่ง", "road_no": "0", "aumpher": "อำเภอห้วยคต", "office": "สาขาหนองฉาง", "branch_code": "61020000", "name_short": "None", "price_new": 300, "price_old": 200, "width_m": 6, "pt_i": 28 }, "geometry": { "type": "Point", "coordinates": [ 99.596832463381617, 15.369560676695246 ] } },
{ "type": "Feature", "properties": { "road_key": "61020000ST200", "road_name": "ถนนสายบ้านทุ่งนางาม-บ้านน้ำวิ่ง", "road_no": "0", "aumpher": "อำเภอห้วยคต", "office": "สาขาหนองฉาง", "branch_code": "61020000", "name_short": "None", "price_new": 300, "price_old": 200, "width_m": 6, "pt_i": 29 }, "geometry": { "type": "Point", "coordinates": [ 99.597621926848788, 15.36879246331387 ] } },
{ "type": "Feature", "properties": { "road_key": "61020000ST200", "road_name": "ถนนสายบ้านทุ่งนางาม-บ้านน้ำวิ่ง", "road_no": "0", "aumpher": "อำเภอห้วยคต", "office": "สาขาหนองฉาง", "branch_code": "61020000", "name_short": "None", "price_new": 300, "price_old": 200, "width_m": 6, "pt_i": 30 }, "geometry": { "type": "Point", "coordinates": [ 99.598412329767342, 15.36802515937862 ] } },
{ "type": "Feature", "properties": { "road_key": "61020000ST200", "road_name": "ถนนสายบ้านทุ่งนางาม-บ้านน้ำวิ่ง", "road_no": "0", "aumpher": "อำเภอห้วยคต", "office": "สาขาหนองฉาง", "branch_code": "61020000", "name_short": "None", "price_new": 300, "price_old": 200, "width_m": 6, "pt_i": 31 }, "geometry": { "type": "Point", "coordinates": [ 99.599202726903158, 15.36725785279369 ] } },
{ "type": "Feature", "properties": { "road_key": "61020000ST200", "road_name": "ถนนสายบ้านทุ่งนางาม-บ้านน้ำวิ่ง", "road_no": "0", "aumpher": "อำเภอห้วยคต", "office": "สาขาหนองฉาง", "branch_code": "61020000", "name_short": "None", "price_new": 300, "price_old": 200, "width_m": 6, "pt_i": 32 }, "geometry": { "type": "Point", "coordinates": [ 99.5999931172868, 15.366490542619125 ] } },
{ "type": "Feature", "properties": { "road_key": "61020000ST200", "road_name": "ถนนสายบ้านทุ่งนางาม-บ้านน้ำวิ่ง", "road_no": "0", "aumpher": "อำเภอห้วยคต", "office": "สาขาหนองฉาง", "branch_code": "61020000", "name_short": "None", "price_new": 300, "price_old": 200, "width_m": 6, "pt_i": 33 }, "geometry": { "type": "Point", "coordinates": [ 99.60078347820675, 15.365723206830534 ] } },
{ "type": "Feature", "properties": { "road_key": "61020000ST200", "road_name": "ถนนสายบ้านทุ่งนางาม-บ้านน้ำวิ่ง", "road_no": "0", "aumpher": "อำเภอห้วยคต", "office": "สาขาหนองฉาง", "branch_code": "61020000", "name_short": "None", "price_new": 300, "price_old": 200, "width_m": 6, "pt_i": 34 }, "geometry": { "type": "Point", "coordinates": [ 99.601573775532074, 15.36495581235816 ] } },
{ "type": "Feature", "properties": { "road_key": "61020000ST200", "road_name": "ถนนสายบ้านทุ่งนางาม-บ้านน้ำวิ่ง", "road_no": "0", "aumpher": "อำเภอห้วยคต", "office": "สาขาหนองฉาง", "branch_code": "61020000", "name_short": "None", "price_new": 300, "price_old": 200, "width_m": 6, "pt_i": 35 }, "geometry": { "type": "Point", "coordinates": [ 99.602363750459219, 15.364188108356078 ] } },
{ "type": "Feature", "properties": { "road_key": "61020000ST200", "road_name": "ถนนสายบ้านทุ่งนางาม-บ้านน้ำวิ่ง", "road_no": "0", "aumpher": "อำเภอห้วยคต", "office": "สาขาหนองฉาง", "branch_code": "61020000", "name_short": "None", "price_new": 300, "price_old": 200, "width_m": 6, "pt_i": 36 }, "geometry": { "type": "Point", "coordinates": [ 99.603153719605459, 15.363420401709298 ] } },
{ "type": "Feature", "properties": { "road_key": "61020000ST200", "road_name": "ถนนสายบ้านทุ่งนางาม-บ้านน้ำวิ่ง", "road_no": "0", "aumpher": "อำเภอห้วยคต", "office": "สาขาหนองฉาง", "branch_code": "61020000", "name_short": "None", "price_new": 300, "price_old": 200, "width_m": 6, "pt_i": 37 }, "geometry": { "type": "Point", "coordinates": [ 99.603943682971121, 15.36265269241828 ] } },
{ "type": "Feature", "properties": { "road_key": "61020000ST200", "road_name": "ถนนสายบ้านทุ่งนางาม-บ้านน้ำวิ่ง", "road_no": "0", "aumpher": "อำเภอห้วยคต", "office": "สาขาหนองฉาง", "branch_code": "61020000", "name_short": "None", "price_new": 300, "price_old": 200, "width_m": 6, "pt_i": 38 }, "geometry": { "type": "Point", "coordinates": [ 99.604733640556532, 15.361884980483445 ] } },
{ "type": "Feature", "properties": { "road_key": "61020000ST200", "road_name": "ถนนสายบ้านทุ่งนางาม-บ้านน้ำวิ่ง", "road_no": "0", "aumpher": "อำเภอห้วยคต", "office": "สาขาหนองฉาง", "branch_code": "61020000", "name_short": "None", "price_new": 300, "price_old": 200, "width_m": 6, "pt_i": 39 }, "geometry": { "type": "Point", "coordinates": [ 99.605519224943293, 15.361113081408289 ] } },
{ "type": "Feature", "properties": { "road_key": "61020000ST200", "road_name": "ถนนสายบ้านทุ่งนางาม-บ้านน้ำวิ่ง", "road_no": "0", "aumpher": "อำเภอห้วยคต", "office": "สาขาหนองฉาง", "branch_code": "61020000", "name_short": "None", "price_new": 300, "price_old": 200, "width_m": 6, "pt_i": 40 }, "geometry": { "type": "Point", "coordinates": [ 99.606300363185753, 15.360336925343418 ] } },
{ "type": "Feature", "properties": { "road_key": "61020000ST200", "road_name": "ถนนสายบ้านทุ่งนางาม-บ้านน้ำวิ่ง", "road_no": "0", "aumpher": "อำเภอห้วยคต", "office": "สาขาหนองฉาง", "branch_code": "61020000", "name_short": "None", "price_new": 300, "price_old": 200, "width_m": 6, "pt_i": 41 }, "geometry": { "type": "Point", "coordinates": [ 99.607081495655379, 15.359560766696937 ] } },
{ "type": "Feature", "properties": { "road_key": "61020000ST200", "road_name": "ถนนสายบ้านทุ่งนางาม-บ้านน้ำวิ่ง", "road_no": "0", "aumpher": "อำเภอห้วยคต", "office": "สาขาหนองฉาง", "branch_code": "61020000", "name_short": "None", "price_new": 300, "price_old": 200, "width_m": 6, "pt_i": 42 }, "geometry": { "type": "Point", "coordinates": [ 99.607863041049001, 15.358785002728862 ] } },
{ "type": "Feature", "properties": { "road_key": "61020000ST200", "road_name": "ถนนสายบ้านทุ่งนางาม-บ้านน้ำวิ่ง", "road_no": "0", "aumpher": "อำเภอห้วยคต", "office": "สาขาหนองฉาง", "branch_code": "61020000", "name_short": "None", "price_new": 300, "price_old": 200, "width_m": 6, "pt_i": 43 }, "geometry": { "type": "Point", "coordinates": [ 99.608645210296388, 15.358009833565157 ] } },
{ "type": "Feature", "properties": { "road_key": "61020000ST200", "road_name": "ถนนสายบ้านทุ่งนางาม-บ้านน้ำวิ่ง", "road_no": "0", "aumpher": "อำเภอห้วยคต", "office": "สาขาหนองฉาง", "branch_code": "61020000", "name_short": "None", "price_new": 300, "price_old": 200, "width_m": 6, "pt_i": 44 }, "geometry": { "type": "Point", "coordinates": [ 99.609439664139771, 15.357246651189589 ] } },
{ "type": "Feature", "properties": { "road_key": "61020000ST200", "road_name": "ถนนสายบ้านทุ่งนางาม-บ้านน้ำวิ่ง", "road_no": "0", "aumpher": "อำเภอห้วยคต", "office": "สาขาหนองฉาง", "branch_code": "61020000", "name_short": "None", "price_new": 300, "price_old": 200, "width_m": 6, "pt_i": 45 }, "geometry": { "type": "Point", "coordinates": [ 99.610242679518194, 15.356491823611632 ] } },
{ "type": "Feature", "properties": { "road_key": "61020000ST200", "road_name": "ถนนสายบ้านทุ่งนางาม-บ้านน้ำวิ่ง", "road_no": "0", "aumpher": "อำเภอห้วยคต", "office": "สาขาหนองฉาง", "branch_code": "61020000", "name_short": "None", "price_new": 300, "price_old": 200, "width_m": 6, "pt_i": 46 }, "geometry": { "type": "Point", "coordinates": [ 99.611045689114633, 15.355736993301475 ] } },
{ "type": "Feature", "properties": { "road_key": "61020000ST200", "road_name": "ถนนสายบ้านทุ่งนางาม-บ้านน้ำวิ่ง", "road_no": "0", "aumpher": "อำเภอห้วยคต", "office": "สาขาหนองฉาง", "branch_code": "61020000", "name_short": "None", "price_new": 300, "price_old": 200, "width_m": 6, "pt_i": 47 }, "geometry": { "type": "Point", "coordinates": [ 99.611857681053706, 15.354991482656461 ] } },
{ "type": "Feature", "properties": { "road_key": "61020000ST200", "road_name": "ถนนสายบ้านทุ่งนางาม-บ้านน้ำวิ่ง", "road_no": "0", "aumpher": "อำเภอห้วยคต", "office": "สาขาหนองฉาง", "branch_code": "61020000", "name_short": "None", "price_new": 300, "price_old": 200, "width_m": 6, "pt_i": 48 }, "geometry": { "type": "Point", "coordinates": [ 99.612687271473604, 15.354264228116627 ] } },
{ "type": "Feature", "properties": { "road_key": "61020000ST200", "road_name": "ถนนสายบ้านทุ่งนางาม-บ้านน้ำวิ่ง", "road_no": "0", "aumpher": "อำเภอห้วยคต", "office": "สาขาหนองฉาง", "branch_code": "61020000", "name_short": "None", "price_new": 300, "price_old": 200, "width_m": 6, "pt_i": 49 }, "geometry": { "type": "Point", "coordinates": [ 99.61349193042939, 15.353511317215581 ] } },
{ "type": "Feature", "properties": { "road_key": "61020000ST200", "road_name": "ถนนสายบ้านทุ่งนางาม-บ้านน้ำวิ่ง", "road_no": "0", "aumpher": "อำเภอห้วยคต", "office": "สาขาหนองฉาง", "branch_code": "61020000", "name_short": "None", "price_new": 300, "price_old": 200, "width_m": 6, "pt_i": 50 }, "geometry": { "type": "Point", "coordinates": [ 99.614287583245044, 15.352749230676503 ] } },
{ "type": "Feature", "properties": { "road_key": "61020000ST206", "road_name": "ถนนสายบ้านหนองแร่", "road_no": "0", "aumpher": "อำเภอห้วยคต", "office": "สาขาหนองฉาง", "branch_code": "61020000", "name_short": "None", "price_new": 250, "price_old": 200, "width_m": 4, "pt_i": 0 }, "geometry": { "type": "Point", "coordinates": [ 99.663044309510937, 15.280955363654771 ] } },
{ "type": "Feature", "properties": { "road_key": "61020000ST206", "road_name": "ถนนสายบ้านหนองแร่", "road_no": "0", "aumpher": "อำเภอห้วยคต", "office": "สาขาหนองฉาง", "branch_code": "61020000", "name_short": "None", "price_new": 250, "price_old": 200, "width_m": 4, "pt_i": 1 }, "geometry": { "type": "Point", "coordinates": [ 99.662947043850764, 15.279874627463888 ] } },
{ "type": "Feature", "properties": { "road_key": "61020000ST206", "road_name": "ถนนสายบ้านหนองแร่", "road_no": "0", "aumpher": "อำเภอห้วยคต", "office": "สาขาหนองฉาง", "branch_code": "61020000", "name_short": "None", "price_new": 250, "price_old": 200, "width_m": 4, "pt_i": 2 }, "geometry": { "type": "Point", "coordinates": [ 99.662792494592495, 15.278800476590876 ] } },
{ "type": "Feature", "properties": { "road_key": "61020000ST206", "road_name": "ถนนสายบ้านหนองแร่", "road_no": "0", "aumpher": "อำเภอห้วยคต", "office": "สาขาหนองฉาง", "branch_code": "61020000", "name_short": "None", "price_new": 250, "price_old": 200, "width_m": 4, "pt_i": 3 }, "geometry": { "type": "Point", "coordinates": [ 99.662601958583281, 15.277731506365642 ] } },
{ "type": "Feature", "properties": { "road_key": "61020000ST206", "road_name": "ถนนสายบ้านหนองแร่", "road_no": "0", "aumpher": "อำเภอห้วยคต", "office": "สาขาหนองฉาง", "branch_code": "61020000", "name_short": "None", "price_new": 250, "price_old": 200, "width_m": 4, "pt_i": 4 }, "geometry": { "type": "Point", "coordinates": [ 99.662391820242917, 15.27666637437752 ] } },
{ "type": "Feature", "properties": { "road_key": "61020000ST206", "road_name": "ถนนสายบ้านหนองแร่", "road_no": "0", "aumpher": "อำเภอห้วยคต", "office": "สาขาหนองฉาง", "branch_code": "61020000", "name_short": "None", "price_new": 250, "price_old": 200, "width_m": 4, "pt_i": 5 }, "geometry": { "type": "Point", "coordinates": [ 99.662140368877203, 15.275609337866948 ] } },
{ "type": "Feature", "properties": { "road_key": "61020000ST206", "road_name": "ถนนสายบ้านหนองแร่", "road_no": "0", "aumpher": "อำเภอห้วยคต", "office": "สาขาหนองฉาง", "branch_code": "61020000", "name_short": "None", "price_new": 250, "price_old": 200, "width_m": 4, "pt_i": 6 }, "geometry": { "type": "Point", "coordinates": [ 99.661878148753502, 15.274554973565589 ] } },
{ "type": "Feature", "properties": { "road_key": "61020000ST206", "road_name": "ถนนสายบ้านหนองแร่", "road_no": "0", "aumpher": "อำเภอห้วยคต", "office": "สาขาหนองฉาง", "branch_code": "61020000", "name_short": "None", "price_new": 250, "price_old": 200, "width_m": 4, "pt_i": 7 }, "geometry": { "type": "Point", "coordinates": [ 99.661543738563353, 15.273519880948115 ] } },
{ "type": "Feature", "properties": { "road_key": "61020000ST206", "road_name": "ถนนสายบ้านหนองแร่", "road_no": "0", "aumpher": "อำเภอห้วยคต", "office": "สาขาหนองฉาง", "branch_code": "61020000", "name_short": "None", "price_new": 250, "price_old": 200, "width_m": 4, "pt_i": 8 }, "geometry": { "type": "Point", "coordinates": [ 99.661009716857279, 15.272567358080567 ] } },
{ "type": "Feature", "properties": { "road_key": "61020000ST206", "road_name": "ถนนสายบ้านหนองแร่", "road_no": "0", "aumpher": "อำเภอห้วยคต", "office": "สาขาหนองฉาง", "branch_code": "61020000", "name_short": "None", "price_new": 250, "price_old": 200, "width_m": 4, "pt_i": 9 }, "geometry": { "type": "Point", "coordinates": [ 99.660414590205164, 15.271650508609053 ] } },
{ "type": "Feature", "properties": { "road_key": "61020000ST206", "road_name": "ถนนสายบ้านหนองแร่", "road_no": "0", "aumpher": "อำเภอห้วยคต", "office": "สาขาหนองฉาง", "branch_code": "61020000", "name_short": "None", "price_new": 250, "price_old": 200, "width_m": 4, "pt_i": 10 }, "geometry": { "type": "Point", "coordinates": [ 99.660391997202382, 15.270568366059711 ] } },
{ "type": "Feature", "properties": { "road_key": "61020000ST206", "road_name": "ถนนสายบ้านหนองแร่", "road_no": "0", "aumpher": "อำเภอห้วยคต", "office": "สาขาหนองฉาง", "branch_code": "61020000", "name_short": "None", "price_new": 250, "price_old": 200, "width_m": 4, "pt_i": 11 }, "geometry": { "type": "Point", "coordinates": [ 99.660177369059767, 15.269503707004555 ] } },
{ "type": "Feature", "properties": { "road_key": "61020000ST206", "road_name": "ถนนสายบ้านหนองแร่", "road_no": "0", "aumpher": "อำเภอห้วยคต", "office": "สาขาหนองฉาง", "branch_code": "61020000", "name_short": "None", "price_new": 250, "price_old": 200, "width_m": 4, "pt_i": 12 }, "geometry": { "type": "Point", "coordinates": [ 99.66007918427691, 15.268469375667792 ] } },
{ "type": "Feature", "properties": { "road_key": "61020000ST206", "road_name": "ถนนสายบ้านหนองแร่", "road_no": "0", "aumpher": "อำเภอห้วยคต", "office": "สาขาหนองฉาง", "branch_code": "61020000", "name_short": "None", "price_new": 250, "price_old": 200, "width_m": 4, "pt_i": 13 }, "geometry": { "type": "Point", "coordinates": [ 99.660407789173576, 15.267434149974719 ] } },
{ "type": "Feature", "properties": { "road_key": "61020000ST206", "road_name": "ถนนสายบ้านหนองแร่", "road_no": "0", "aumpher": "อำเภอห้วยคต", "office": "สาขาหนองฉาง", "branch_code": "61020000", "name_short": "None", "price_new": 250, "price_old": 200, "width_m": 4, "pt_i": 14 }, "geometry": { "type": "Point", "coordinates": [ 99.660326474856447, 15.266401811759964 ] } },
{ "type": "Feature", "properties": { "road_key": "61020000ST206", "road_name": "ถนนสายบ้านหนองแร่", "road_no": "0", "aumpher": "อำเภอห้วยคต", "office": "สาขาหนองฉาง", "branch_code": "61020000", "name_short": "None", "price_new": 250, "price_old": 200, "width_m": 4, "pt_i": 15 }, "geometry": { "type": "Point", "coordinates": [ 99.659975908774882, 15.265376968963963 ] } },
{ "type": "Feature", "properties": { "road_key": "61020000ST206", "road_name": "ถนนสายบ้านหนองแร่", "road_no": "0", "aumpher": "อำเภอห้วยคต", "office": "สาขาหนองฉาง", "branch_code": "61020000", "name_short": "None", "price_new": 250, "price_old": 200, "width_m": 4, "pt_i": 16 }, "geometry": { "type": "Point", "coordinates": [ 99.659579684380915, 15.264363274575745 ] } },
{ "type": "Feature", "properties": { "road_key": "61020000ST206", "road_name": "ถนนสายบ้านหนองแร่", "road_no": "0", "aumpher": "อำเภอห้วยคต", "office": "สาขาหนองฉาง", "branch_code": "61020000", "name_short": "None", "price_new": 250, "price_old": 200, "width_m": 4, "pt_i": 17 }, "geometry": { "type": "Point", "coordinates": [ 99.659082887571415, 15.263397440944003 ] } },
{ "type": "Feature", "properties": { "road_key": "61020000ST215", "road_name": "ถนนสายแยก อน.4010-บ้านทุ่งนงาม", "road_no": "0", "aumpher": "อำเภอห้วยคต", "office": "สาขาหนองฉาง", "branch_code": "61020000", "name_short": "None", "price_new": 300, "price_old": 200, "width_m": 6, "pt_i": 0 }, "geometry": { "type": "Point", "coordinates": [ 99.595068488964927, 15.385590763532543 ] } },
{ "type": "Feature", "properties": { "road_key": "61020000ST215", "road_name": "ถนนสายแยก อน.4010-บ้านทุ่งนงาม", "road_no": "0", "aumpher": "อำเภอห้วยคต", "office": "สาขาหนองฉาง", "branch_code": "61020000", "name_short": "None", "price_new": 300, "price_old": 200, "width_m": 6, "pt_i": 1 }, "geometry": { "type": "Point", "coordinates": [ 99.594288818863831, 15.384813131735399 ] } },
{ "type": "Feature", "properties": { "road_key": "61020000ST215", "road_name": "ถนนสายแยก อน.4010-บ้านทุ่งนงาม", "road_no": "0", "aumpher": "อำเภอห้วยคต", "office": "สาขาหนองฉาง", "branch_code": "61020000", "name_short": "None", "price_new": 300, "price_old": 200, "width_m": 6, "pt_i": 2 }, "geometry": { "type": "Point", "coordinates": [ 99.59350915455633, 15.384035496947826 ] } },
{ "type": "Feature", "properties": { "road_key": "61020000ST215", "road_name": "ถนนสายแยก อน.4010-บ้านทุ่งนงาม", "road_no": "0", "aumpher": "อำเภอห้วยคต", "office": "สาขาหนองฉาง", "branch_code": "61020000", "name_short": "None", "price_new": 300, "price_old": 200, "width_m": 6, "pt_i": 3 }, "geometry": { "type": "Point", "coordinates": [ 99.592729496042082, 15.383257859170257 ] } },
{ "type": "Feature", "properties": { "road_key": "61020000ST215", "road_name": "ถนนสายแยก อน.4010-บ้านทุ่งนงาม", "road_no": "0", "aumpher": "อำเภอห้วยคต", "office": "สาขาหนองฉาง", "branch_code": "61020000", "name_short": "None", "price_new": 300, "price_old": 200, "width_m": 6, "pt_i": 4 }, "geometry": { "type": "Point", "coordinates": [ 99.591949843320776, 15.382480218403128 ] } },
{ "type": "Feature", "properties": { "road_key": "61020000ST215", "road_name": "ถนนสายแยก อน.4010-บ้านทุ่งนงาม", "road_no": "0", "aumpher": "อำเภอห้วยคต", "office": "สาขาหนองฉาง", "branch_code": "61020000", "name_short": "None", "price_new": 300, "price_old": 200, "width_m": 6, "pt_i": 5 }, "geometry": { "type": "Point", "coordinates": [ 99.591163092917043, 15.381709352434497 ] } },
{ "type": "Feature", "properties": { "road_key": "61020000ST215", "road_name": "ถนนสายแยก อน.4010-บ้านทุ่งนงาม", "road_no": "0", "aumpher": "อำเภอห้วยคต", "office": "สาขาหนองฉาง", "branch_code": "61020000", "name_short": "None", "price_new": 300, "price_old": 200, "width_m": 6, "pt_i": 6 }, "geometry": { "type": "Point", "coordinates": [ 99.590374714515107, 15.380940042302992 ] } },
{ "type": "Feature", "properties": { "road_key": "61020000ST215", "road_name": "ถนนสายแยก อน.4010-บ้านทุ่งนงาม", "road_no": "0", "aumpher": "อำเภอห้วยคต", "office": "สาขาหนองฉาง", "branch_code": "61020000", "name_short": "None", "price_new": 300, "price_old": 200, "width_m": 6, "pt_i": 7 }, "geometry": { "type": "Point", "coordinates": [ 99.589586341902617, 15.38017072912278 ] } },
{ "type": "Feature", "properties": { "road_key": "61020000ST215", "road_name": "ถนนสายแยก อน.4010-บ้านทุ่งนงาม", "road_no": "0", "aumpher": "อำเภอห้วยคต", "office": "สาขาหนองฉาง", "branch_code": "61020000", "name_short": "None", "price_new": 300, "price_old": 200, "width_m": 6, "pt_i": 8 }, "geometry": { "type": "Point", "coordinates": [ 99.588797711632878, 15.379401667206476 ] } },
{ "type": "Feature", "properties": { "road_key": "61020000ST215", "road_name": "ถนนสายแยก อน.4010-บ้านทุ่งนงาม", "road_no": "0", "aumpher": "อำเภอห้วยคต", "office": "สาขาหนองฉาง", "branch_code": "61020000", "name_short": "None", "price_new": 300, "price_old": 200, "width_m": 6, "pt_i": 9 }, "geometry": { "type": "Point", "coordinates": [ 99.588008797747037, 15.37863288161005 ] } },
{ "type": "Feature", "properties": { "road_key": "61020000ST215", "road_name": "ถนนสายแยก อน.4010-บ้านทุ่งนงาม", "road_no": "0", "aumpher": "อำเภอห้วยคต", "office": "สาขาหนองฉาง", "branch_code": "61020000", "name_short": "None", "price_new": 300, "price_old": 200, "width_m": 6, "pt_i": 10 }, "geometry": { "type": "Point", "coordinates": [ 99.587219889649418, 15.377864092962394 ] } },
{ "type": "Feature", "properties": { "road_key": "61020000ST215", "road_name": "ถนนสายแยก อน.4010-บ้านทุ่งนงาม", "road_no": "0", "aumpher": "อำเภอห้วยคต", "office": "สาขาหนองฉาง", "branch_code": "61020000", "name_short": "None", "price_new": 300, "price_old": 200, "width_m": 6, "pt_i": 11 }, "geometry": { "type": "Point", "coordinates": [ 99.586430987339682, 15.377095301263932 ] } },
{ "type": "Feature", "properties": { "road_key": "61020000ST215", "road_name": "ถนนสายแยก อน.4010-บ้านทุ่งนงาม", "road_no": "0", "aumpher": "อำเภอห้วยคต", "office": "สาขาหนองฉาง", "branch_code": "61020000", "name_short": "None", "price_new": 300, "price_old": 200, "width_m": 6, "pt_i": 12 }, "geometry": { "type": "Point", "coordinates": [ 99.58564390586568, 15.37632475921132 ] } },
{ "type": "Feature", "properties": { "road_key": "61020000ST215", "road_name": "ถนนสายแยก อน.4010-บ้านทุ่งนงาม", "road_no": "0", "aumpher": "อำเภอห้วยคต", "office": "สาขาหนองฉาง", "branch_code": "61020000", "name_short": "None", "price_new": 300, "price_old": 200, "width_m": 6, "pt_i": 13 }, "geometry": { "type": "Point", "coordinates": [ 99.584857740089333, 15.375553338176315 ] } },
{ "type": "Feature", "properties": { "road_key": "61020000ST215", "road_name": "ถนนสายแยก อน.4010-บ้านทุ่งนงาม", "road_no": "0", "aumpher": "อำเภอห้วยคต", "office": "สาขาหนองฉาง", "branch_code": "61020000", "name_short": "None", "price_new": 300, "price_old": 200, "width_m": 6, "pt_i": 14 }, "geometry": { "type": "Point", "coordinates": [ 99.584071580101011, 15.374781914110743 ] } },
{ "type": "Feature", "properties": { "road_key": "61020000ST215", "road_name": "ถนนสายแยก อน.4010-บ้านทุ่งนงาม", "road_no": "0", "aumpher": "อำเภอห้วยคต", "office": "สาขาหนองฉาง", "branch_code": "61020000", "name_short": "None", "price_new": 300, "price_old": 200, "width_m": 6, "pt_i": 15 }, "geometry": { "type": "Point", "coordinates": [ 99.583285425900385, 15.374010487015072 ] } },
{ "type": "Feature", "properties": { "road_key": "61020000ST215", "road_name": "ถนนสายแยก อน.4010-บ้านทุ่งนงาม", "road_no": "0", "aumpher": "อำเภอห้วยคต", "office": "สาขาหนองฉาง", "branch_code": "61020000", "name_short": "None", "price_new": 300, "price_old": 200, "width_m": 6, "pt_i": 16 }, "geometry": { "type": "Point", "coordinates": [ 99.58249927748713, 15.373239056889727 ] } },
{ "type": "Feature", "properties": { "road_key": "61020000ST215", "road_name": "ถนนสายแยก อน.4010-บ้านทุ่งนงาม", "road_no": "0", "aumpher": "อำเภอห้วยคต", "office": "สาขาหนองฉาง", "branch_code": "61020000", "name_short": "None", "price_new": 300, "price_old": 200, "width_m": 6, "pt_i": 17 }, "geometry": { "type": "Point", "coordinates": [ 99.581713672277758, 15.372467108962175 ] } },
{ "type": "Feature", "properties": { "road_key": "61020000ST215", "road_name": "ถนนสายแยก อน.4010-บ้านทุ่งนงาม", "road_no": "0", "aumpher": "อำเภอห้วยคต", "office": "สาขาหนองฉาง", "branch_code": "61020000", "name_short": "None", "price_new": 300, "price_old": 200, "width_m": 6, "pt_i": 18 }, "geometry": { "type": "Point", "coordinates": [ 99.580928774797542, 15.371694485645905 ] } },
{ "type": "Feature", "properties": { "road_key": "61020000ST215", "road_name": "ถนนสายแยก อน.4010-บ้านทุ่งนงาม", "road_no": "0", "aumpher": "อำเภอห้วยคต", "office": "สาขาหนองฉาง", "branch_code": "61020000", "name_short": "None", "price_new": 300, "price_old": 200, "width_m": 6, "pt_i": 19 }, "geometry": { "type": "Point", "coordinates": [ 99.580145326080142, 15.370920483877921 ] } },
{ "type": "Feature", "properties": { "road_key": "61020000ST215", "road_name": "ถนนสายแยก อน.4010-บ้านทุ่งนงาม", "road_no": "0", "aumpher": "อำเภอห้วยคต", "office": "สาขาหนองฉาง", "branch_code": "61020000", "name_short": "None", "price_new": 300, "price_old": 200, "width_m": 6, "pt_i": 20 }, "geometry": { "type": "Point", "coordinates": [ 99.57936309306433, 15.370145325824872 ] } },
{ "type": "Feature", "properties": { "road_key": "61020000ST215", "road_name": "ถนนสายแยก อน.4010-บ้านทุ่งนงาม", "road_no": "0", "aumpher": "อำเภอห้วยคต", "office": "สาขาหนองฉาง", "branch_code": "61020000", "name_short": "None", "price_new": 300, "price_old": 200, "width_m": 6, "pt_i": 21 }, "geometry": { "type": "Point", "coordinates": [ 99.578580865835363, 15.369370164771272 ] } },
{ "type": "Feature", "properties": { "road_key": "61020000ST215", "road_name": "ถนนสายแยก อน.4010-บ้านทุ่งนงาม", "road_no": "0", "aumpher": "อำเภอห้วยคต", "office": "สาขาหนองฉาง", "branch_code": "61020000", "name_short": "None", "price_new": 300, "price_old": 200, "width_m": 6, "pt_i": 22 }, "geometry": { "type": "Point", "coordinates": [ 99.577798644392885, 15.368595000717551 ] } },
{ "type": "Feature", "properties": { "road_key": "61020000ST215", "road_name": "ถนนสายแยก อน.4010-บ้านทุ่งนงาม", "road_no": "0", "aumpher": "อำเภอห้วยคต", "office": "สาขาหนองฉาง", "branch_code": "61020000", "name_short": "None", "price_new": 300, "price_old": 200, "width_m": 6, "pt_i": 23 }, "geometry": { "type": "Point", "coordinates": [ 99.57701642873657, 15.367819833664147 ] } },
{ "type": "Feature", "properties": { "road_key": "61020000ST215", "road_name": "ถนนสายแยก อน.4010-บ้านทุ่งนงาม", "road_no": "0", "aumpher": "อำเภอห้วยคต", "office": "สาขาหนองฉาง", "branch_code": "61020000", "name_short": "None", "price_new": 300, "price_old": 200, "width_m": 6, "pt_i": 24 }, "geometry": { "type": "Point", "coordinates": [ 99.57623126422574, 15.36704748312496 ] } },
{ "type": "Feature", "properties": { "road_key": "61020000ST215", "road_name": "ถนนสายแยก อน.4010-บ้านทุ่งนงาม", "road_no": "0", "aumpher": "อำเภอห้วยคต", "office": "สาขาหนองฉาง", "branch_code": "61020000", "name_short": "None", "price_new": 300, "price_old": 200, "width_m": 6, "pt_i": 25 }, "geometry": { "type": "Point", "coordinates": [ 99.575445495402903, 15.366275711759021 ] } },
{ "type": "Feature", "properties": { "road_key": "61020000ST215", "road_name": "ถนนสายแยก อน.4010-บ้านทุ่งนงาม", "road_no": "0", "aumpher": "อำเภอห้วยคต", "office": "สาขาหนองฉาง", "branch_code": "61020000", "name_short": "None", "price_new": 300, "price_old": 200, "width_m": 6, "pt_i": 26 }, "geometry": { "type": "Point", "coordinates": [ 99.574659732364253, 15.365503937370073 ] } },
{ "type": "Feature", "properties": { "road_key": "61020000ST218", "road_name": "ถนนในชุมชนบ้านทุ่งนางาม", "road_no": "0", "aumpher": "อำเภอห้วยคต", "office": "สาขาหนองฉาง", "branch_code": "61020000", "name_short": "None", "price_new": 250, "price_old": 150, "width_m": 4, "pt_i": 0 }, "geometry": { "type": "Point", "coordinates": [ 99.600796665248666, 15.377286971562507 ] } },
{ "type": "Feature", "properties": { "road_key": "61020000ST218", "road_name": "ถนนในชุมชนบ้านทุ่งนางาม", "road_no": "0", "aumpher": "อำเภอห้วยคต", "office": "สาขาหนองฉาง", "branch_code": "61020000", "name_short": "None", "price_new": 250, "price_old": 150, "width_m": 4, "pt_i": 1 }, "geometry": { "type": "Point", "coordinates": [ 99.599745179246753, 15.377655889243783 ] } },
{ "type": "Feature", "properties": { "road_key": "61020000ST218", "road_name": "ถนนในชุมชนบ้านทุ่งนางาม", "road_no": "0", "aumpher": "อำเภอห้วยคต", "office": "สาขาหนองฉาง", "branch_code": "61020000", "name_short": "None", "price_new": 250, "price_old": 150, "width_m": 4, "pt_i": 2 }, "geometry": { "type": "Point", "coordinates": [ 99.598696998779147, 15.37803242112858 ] } },
{ "type": "Feature", "properties": { "road_key": "61020000ST218", "road_name": "ถนนในชุมชนบ้านทุ่งนางาม", "road_no": "0", "aumpher": "อำเภอห้วยคต", "office": "สาขาหนองฉาง", "branch_code": "61020000", "name_short": "None", "price_new": 250, "price_old": 150, "width_m": 4, "pt_i": 3 }, "geometry": { "type": "Point", "coordinates": [ 99.597812760303739, 15.378672655597988 ] } },
{ "type": "Feature", "properties": { "road_key": "61020000ST218", "road_name": "ถนนในชุมชนบ้านทุ่งนางาม", "road_no": "0", "aumpher": "อำเภอห้วยคต", "office": "สาขาหนองฉาง", "branch_code": "61020000", "name_short": "None", "price_new": 250, "price_old": 150, "width_m": 4, "pt_i": 4 }, "geometry": { "type": "Point", "coordinates": [ 99.597036923502557, 15.379453558488326 ] } },
{ "type": "Feature", "properties": { "road_key": "61020000ST218", "road_name": "ถนนในชุมชนบ้านทุ่งนางาม", "road_no": "0", "aumpher": "อำเภอห้วยคต", "office": "สาขาหนองฉาง", "branch_code": "61020000", "name_short": "None", "price_new": 250, "price_old": 150, "width_m": 4, "pt_i": 5 }, "geometry": { "type": "Point", "coordinates": [ 99.596251450455824, 15.380225518805549 ] } },
{ "type": "Feature", "properties": { "road_key": "61020000ST218", "road_name": "ถนนในชุมชนบ้านทุ่งนางาม", "road_no": "0", "aumpher": "อำเภอห้วยคต", "office": "สาขาหนองฉาง", "branch_code": "61020000", "name_short": "None", "price_new": 250, "price_old": 150, "width_m": 4, "pt_i": 6 }, "geometry": { "type": "Point", "coordinates": [ 99.5953727004988, 15.380893760450016 ] } },
{ "type": "Feature", "properties": { "road_key": "61020000ST218", "road_name": "ถนนในชุมชนบ้านทุ่งนางาม", "road_no": "0", "aumpher": "อำเภอห้วยคต", "office": "สาขาหนองฉาง", "branch_code": "61020000", "name_short": "None", "price_new": 250, "price_old": 150, "width_m": 4, "pt_i": 7 }, "geometry": { "type": "Point", "coordinates": [ 99.594370618660278, 15.381266966768532 ] } },
{ "type": "Feature", "properties": { "road_key": "61020000ST218", "road_name": "ถนนในชุมชนบ้านทุ่งนางาม", "road_no": "0", "aumpher": "อำเภอห้วยคต", "office": "สาขาหนองฉาง", "branch_code": "61020000", "name_short": "None", "price_new": 250, "price_old": 150, "width_m": 4, "pt_i": 0 }, "geometry": { "type": "Point", "coordinates": [ 99.593937631221536, 15.381317869568514 ] } },
{ "type": "Feature", "properties": { "road_key": "61020000ST218", "road_name": "ถนนในชุมชนบ้านทุ่งนางาม", "road_no": "0", "aumpher": "อำเภอห้วยคต", "office": "สาขาหนองฉาง", "branch_code": "61020000", "name_short": "None", "price_new": 250, "price_old": 150, "width_m": 4, "pt_i": 1 }, "geometry": { "type": "Point", "coordinates": [ 99.593628027467688, 15.380275502522485 ] } },
{ "type": "Feature", "properties": { "road_key": "61020000ST218", "road_name": "ถนนในชุมชนบ้านทุ่งนางาม", "road_no": "0", "aumpher": "อำเภอห้วยคต", "office": "สาขาหนองฉาง", "branch_code": "61020000", "name_short": "None", "price_new": 250, "price_old": 150, "width_m": 4, "pt_i": 2 }, "geometry": { "type": "Point", "coordinates": [ 99.593273379431736, 15.379246692209218 ] } },
{ "type": "Feature", "properties": { "road_key": "61020000ST218", "road_name": "ถนนในชุมชนบ้านทุ่งนางาม", "road_no": "0", "aumpher": "อำเภอห้วยคต", "office": "สาขาหนองฉาง", "branch_code": "61020000", "name_short": "None", "price_new": 250, "price_old": 150, "width_m": 4, "pt_i": 3 }, "geometry": { "type": "Point", "coordinates": [ 99.592952478736578, 15.378207473454779 ] } },
{ "type": "Feature", "properties": { "road_key": "61020000ST218", "road_name": "ถนนในชุมชนบ้านทุ่งนางาม", "road_no": "0", "aumpher": "อำเภอห้วยคต", "office": "สาขาหนองฉาง", "branch_code": "61020000", "name_short": "None", "price_new": 250, "price_old": 150, "width_m": 4, "pt_i": 4 }, "geometry": { "type": "Point", "coordinates": [ 99.592696376394969, 15.377152330294598 ] } },
{ "type": "Feature", "properties": { "road_key": "61020000ST218", "road_name": "ถนนในชุมชนบ้านทุ่งนางาม", "road_no": "0", "aumpher": "อำเภอห้วยคต", "office": "สาขาหนองฉาง", "branch_code": "61020000", "name_short": "None", "price_new": 250, "price_old": 150, "width_m": 4, "pt_i": 5 }, "geometry": { "type": "Point", "coordinates": [ 99.592661430840934, 15.376079227407867 ] } },
{ "type": "Feature", "properties": { "road_key": "61020000ST218", "road_name": "ถนนในชุมชนบ้านทุ่งนางาม", "road_no": "0", "aumpher": "อำเภอห้วยคต", "office": "สาขาหนองฉาง", "branch_code": "61020000", "name_short": "None", "price_new": 250, "price_old": 150, "width_m": 4, "pt_i": 6 }, "geometry": { "type": "Point", "coordinates": [ 99.592804476026018, 15.375003284957192 ] } },
{ "type": "Feature", "properties": { "road_key": "61020000ST218", "road_name": "ถนนในชุมชนบ้านทุ่งนางาม", "road_no": "0", "aumpher": "อำเภอห้วยคต", "office": "สาขาหนองฉาง", "branch_code": "61020000", "name_short": "None", "price_new": 250, "price_old": 150, "width_m": 4, "pt_i": 7 }, "geometry": { "type": "Point", "coordinates": [ 99.592975325611036, 15.373931280188119 ] } },
{ "type": "Feature", "properties": { "road_key": "61020000ST218", "road_name": "ถนนในชุมชนบ้านทุ่งนางาม", "road_no": "0", "aumpher": "อำเภอห้วยคต", "office": "สาขาหนองฉาง", "branch_code": "61020000", "name_short": "None", "price_new": 250, "price_old": 150, "width_m": 4, "pt_i": 0 }, "geometry": { "type": "Point", "coordinates": [ 99.593937631221536, 15.381317869568514 ] } },
{ "type": "Feature", "properties": { "road_key": "61020000ST218", "road_name": "ถนนในชุมชนบ้านทุ่งนางาม", "road_no": "0", "aumpher": "อำเภอห้วยคต", "office": "สาขาหนองฉาง", "branch_code": "61020000", "name_short": "None", "price_new": 250, "price_old": 150, "width_m": 4, "pt_i": 1 }, "geometry": { "type": "Point", "coordinates": [ 99.592896501526511, 15.381709948376463 ] } },
{ "type": "Feature", "properties": { "road_key": "61020000ST218", "road_name": "ถนนในชุมชนบ้านทุ่งนางาม", "road_no": "0", "aumpher": "อำเภอห้วยคต", "office": "สาขาหนองฉาง", "branch_code": "61020000", "name_short": "None", "price_new": 250, "price_old": 150, "width_m": 4, "pt_i": 2 }, "geometry": { "type": "Point", "coordinates": [ 99.591852891473422, 15.382098487716812 ] } },
{ "type": "Feature", "properties": { "road_key": "61020000ST218", "road_name": "ถนนในชุมชนบ้านทุ่งนางาม", "road_no": "0", "aumpher": "อำเภอห้วยคต", "office": "สาขาหนองฉาง", "branch_code": "61020000", "name_short": "None", "price_new": 250, "price_old": 150, "width_m": 4, "pt_i": 3 }, "geometry": { "type": "Point", "coordinates": [ 99.590786124735587, 15.382422508679966 ] } },
{ "type": "Feature", "properties": { "road_key": "61020000ST218", "road_name": "ถนนในชุมชนบ้านทุ่งนางาม", "road_no": "0", "aumpher": "อำเภอห้วยคต", "office": "สาขาหนองฉาง", "branch_code": "61020000", "name_short": "None", "price_new": 250, "price_old": 150, "width_m": 4, "pt_i": 4 }, "geometry": { "type": "Point", "coordinates": [ 99.589741173712682, 15.382804495887754 ] } },
{ "type": "Feature", "properties": { "road_key": "61020000ST218", "road_name": "ถนนในชุมชนบ้านทุ่งนางาม", "road_no": "0", "aumpher": "อำเภอห้วยคต", "office": "สาขาหนองฉาง", "branch_code": "61020000", "name_short": "None", "price_new": 250, "price_old": 150, "width_m": 4, "pt_i": 5 }, "geometry": { "type": "Point", "coordinates": [ 99.588710838279141, 15.383225946812242 ] } },
{ "type": "Feature", "properties": { "road_key": "61020000ST218", "road_name": "ถนนในชุมชนบ้านทุ่งนางาม", "road_no": "0", "aumpher": "อำเภอห้วยคต", "office": "สาขาหนองฉาง", "branch_code": "61020000", "name_short": "None", "price_new": 250, "price_old": 150, "width_m": 4, "pt_i": 6 }, "geometry": { "type": "Point", "coordinates": [ 99.587661346772734, 15.38359729595531 ] } },
{ "type": "Feature", "properties": { "road_key": "61020000ST218", "road_name": "ถนนในชุมชนบ้านทุ่งนางาม", "road_no": "0", "aumpher": "อำเภอห้วยคต", "office": "สาขาหนองฉาง", "branch_code": "61020000", "name_short": "None", "price_new": 250, "price_old": 150, "width_m": 4, "pt_i": 7 }, "geometry": { "type": "Point", "coordinates": [ 99.586656001420039, 15.384070154242856 ] } },
{ "type": "Feature", "properties": { "road_key": "61020000ST218", "road_name": "ถนนในชุมชนบ้านทุ่งนางาม", "road_no": "0", "aumpher": "อำเภอห้วยคต", "office": "สาขาหนองฉาง", "branch_code": "61020000", "name_short": "None", "price_new": 250, "price_old": 150, "width_m": 4, "pt_i": 8 }, "geometry": { "type": "Point", "coordinates": [ 99.585661770096891, 15.384566580811175 ] } },
{ "type": "Feature", "properties": { "road_key": "61020000ST218", "road_name": "ถนนในชุมชนบ้านทุ่งนางาม", "road_no": "0", "aumpher": "อำเภอห้วยคต", "office": "สาขาหนองฉาง", "branch_code": "61020000", "name_short": "None", "price_new": 250, "price_old": 150, "width_m": 4, "pt_i": 9 }, "geometry": { "type": "Point", "coordinates": [ 99.584628808774511, 15.384927646256807 ] } },
{ "type": "Feature", "properties": { "road_key": "61020000ST218", "road_name": "ถนนในชุมชนบ้านทุ่งนางาม", "road_no": "0", "aumpher": "อำเภอห้วยคต", "office": "สาขาหนองฉาง", "branch_code": "61020000", "name_short": "None", "price_new": 250, "price_old": 150, "width_m": 4, "pt_i": 10 }, "geometry": { "type": "Point", "coordinates": [ 99.583728551586603, 15.385564593732015 ] } },
{ "type": "Feature", "properties": { "road_key": "61020000ST218", "road_name": "ถนนในชุมชนบ้านทุ่งนางาม", "road_no": "0", "aumpher": "อำเภอห้วยคต", "office": "สาขาหนองฉาง", "branch_code": "61020000", "name_short": "None", "price_new": 250, "price_old": 150, "width_m": 4, "pt_i": 11 }, "geometry": { "type": "Point", "coordinates": [ 99.582761044510676, 15.386044903647816 ] } },
{ "type": "Feature", "properties": { "road_key": "61020000ST218", "road_name": "ถนนในชุมชนบ้านทุ่งนางาม", "road_no": "0", "aumpher": "อำเภอห้วยคต", "office": "สาขาหนองฉาง", "branch_code": "61020000", "name_short": "None", "price_new": 250, "price_old": 150, "width_m": 4, "pt_i": 12 }, "geometry": { "type": "Point", "coordinates": [ 99.581978713385084, 15.386747186427289 ] } },
{ "type": "Feature", "properties": { "road_key": "61020000ST218", "road_name": "ถนนในชุมชนบ้านทุ่งนางาม", "road_no": "0", "aumpher": "อำเภอห้วยคต", "office": "สาขาหนองฉาง", "branch_code": "61020000", "name_short": "None", "price_new": 250, "price_old": 150, "width_m": 4, "pt_i": 13 }, "geometry": { "type": "Point", "coordinates": [ 99.581305187736277, 15.387608501191842 ] } },
{ "type": "Feature", "properties": { "road_key": "61020000ST218", "road_name": "ถนนในชุมชนบ้านทุ่งนางาม", "road_no": "0", "aumpher": "อำเภอห้วยคต", "office": "สาขาหนองฉาง", "branch_code": "61020000", "name_short": "None", "price_new": 250, "price_old": 150, "width_m": 4, "pt_i": 14 }, "geometry": { "type": "Point", "coordinates": [ 99.58033720629814, 15.388142385058137 ] } },
{ "type": "Feature", "properties": { "road_key": "61020000ST218", "road_name": "ถนนในชุมชนบ้านทุ่งนางาม", "road_no": "0", "aumpher": "อำเภอห้วยคต", "office": "สาขาหนองฉาง", "branch_code": "61020000", "name_short": "None", "price_new": 250, "price_old": 150, "width_m": 4, "pt_i": 15 }, "geometry": { "type": "Point", "coordinates": [ 99.579355160770845, 15.388661177871189 ] } },
{ "type": "Feature", "properties": { "road_key": "61020000ST218", "road_name": "ถนนในชุมชนบ้านทุ่งนางาม", "road_no": "0", "aumpher": "อำเภอห้วยคต", "office": "สาขาหนองฉาง", "branch_code": "61020000", "name_short": "None", "price_new": 250, "price_old": 150, "width_m": 4, "pt_i": 16 }, "geometry": { "type": "Point", "coordinates": [ 99.57838037143199, 15.389192535933677 ] } },
{ "type": "Feature", "properties": { "road_key": "61020000ST218", "road_name": "ถนนในชุมชนบ้านทุ่งนางาม", "road_no": "0", "aumpher": "อำเภอห้วยคต", "office": "สาขาหนองฉาง", "branch_code": "61020000", "name_short": "None", "price_new": 250, "price_old": 150, "width_m": 4, "pt_i": 17 }, "geometry": { "type": "Point", "coordinates": [ 99.577407539121083, 15.389727200891899 ] } },
{ "type": "Feature", "properties": { "road_key": "61020000ST218", "road_name": "ถนนในชุมชนบ้านทุ่งนางาม", "road_no": "0", "aumpher": "อำเภอห้วยคต", "office": "สาขาหนองฉาง", "branch_code": "61020000", "name_short": "None", "price_new": 250, "price_old": 150, "width_m": 4, "pt_i": 18 }, "geometry": { "type": "Point", "coordinates": [ 99.576434948090238, 15.390260993437785 ] } },
{ "type": "Feature", "properties": { "road_key": "61020000ST218", "road_name": "ถนนในชุมชนบ้านทุ่งนางาม", "road_no": "0", "aumpher": "อำเภอห้วยคต", "office": "สาขาหนองฉาง", "branch_code": "61020000", "name_short": "None", "price_new": 250, "price_old": 150, "width_m": 4, "pt_i": 19 }, "geometry": { "type": "Point", "coordinates": [ 99.575511883797759, 15.390872867204232 ] } },
{ "type": "Feature", "properties": { "road_key": "61020000ST219", "road_name": "ถนนในชุมชนบ้านชายเขา", "road_no": "0", "aumpher": "อำเภอห้วยคต", "office": "สาขาหนองฉาง", "branch_code": "61020000", "name_short": "None", "price_new": 200, "price_old": 150, "width_m": 4, "pt_i": 0 }, "geometry": { "type": "Point", "coordinates": [ 99.591792649324546, 15.365974616171917 ] } },
{ "type": "Feature", "properties": { "road_key": "61020000ST219", "road_name": "ถนนในชุมชนบ้านชายเขา", "road_no": "0", "aumpher": "อำเภอห้วยคต", "office": "สาขาหนองฉาง", "branch_code": "61020000", "name_short": "None", "price_new": 200, "price_old": 150, "width_m": 4, "pt_i": 1 }, "geometry": { "type": "Point", "coordinates": [ 99.591668374957479, 15.36490028173041 ] } },
{ "type": "Feature", "properties": { "road_key": "61020000ST219", "road_name": "ถนนในชุมชนบ้านชายเขา", "road_no": "0", "aumpher": "อำเภอห้วยคต", "office": "สาขาหนองฉาง", "branch_code": "61020000", "name_short": "None", "price_new": 200, "price_old": 150, "width_m": 4, "pt_i": 2 }, "geometry": { "type": "Point", "coordinates": [ 99.591412939889693, 15.363874227492754 ] } },
{ "type": "Feature", "properties": { "road_key": "61020000ST219", "road_name": "ถนนในชุมชนบ้านชายเขา", "road_no": "0", "aumpher": "อำเภอห้วยคต", "office": "สาขาหนองฉาง", "branch_code": "61020000", "name_short": "None", "price_new": 200, "price_old": 150, "width_m": 4, "pt_i": 3 }, "geometry": { "type": "Point", "coordinates": [ 99.590732656489976, 15.363013293557934 ] } },
{ "type": "Feature", "properties": { "road_key": "61020000ST219", "road_name": "ถนนในชุมชนบ้านชายเขา", "road_no": "0", "aumpher": "อำเภอห้วยคต", "office": "สาขาหนองฉาง", "branch_code": "61020000", "name_short": "None", "price_new": 200, "price_old": 150, "width_m": 4, "pt_i": 4 }, "geometry": { "type": "Point", "coordinates": [ 99.590052378727492, 15.362152357283291 ] } },
{ "type": "Feature", "properties": { "road_key": "61020000ST219", "road_name": "ถนนในชุมชนบ้านชายเขา", "road_no": "0", "aumpher": "อำเภอห้วยคต", "office": "สาขาหนองฉาง", "branch_code": "61020000", "name_short": "None", "price_new": 200, "price_old": 150, "width_m": 4, "pt_i": 5 }, "geometry": { "type": "Point", "coordinates": [ 99.589427771236387, 15.361252697928188 ] } },
{ "type": "Feature", "properties": { "road_key": "61020000ST219", "road_name": "ถนนในชุมชนบ้านชายเขา", "road_no": "0", "aumpher": "อำเภอห้วยคต", "office": "สาขาหนองฉาง", "branch_code": "61020000", "name_short": "None", "price_new": 200, "price_old": 150, "width_m": 4, "pt_i": 6 }, "geometry": { "type": "Point", "coordinates": [ 99.588853451088909, 15.36032676746966 ] } },
{ "type": "Feature", "properties": { "road_key": "61020000ST219", "road_name": "ถนนในชุมชนบ้านชายเขา", "road_no": "0", "aumpher": "อำเภอห้วยคต", "office": "สาขาหนองฉาง", "branch_code": "61020000", "name_short": "None", "price_new": 200, "price_old": 150, "width_m": 4, "pt_i": 7 }, "geometry": { "type": "Point", "coordinates": [ 99.588467794243428, 15.359309547642219 ] } },
{ "type": "Feature", "properties": { "road_key": "61020000ST219", "road_name": "ถนนในชุมชนบ้านชายเขา", "road_no": "0", "aumpher": "อำเภอห้วยคต", "office": "สาขาหนองฉาง", "branch_code": "61020000", "name_short": "None", "price_new": 200, "price_old": 150, "width_m": 4, "pt_i": 8 }, "geometry": { "type": "Point", "coordinates": [ 99.588104981973189, 15.358284152828293 ] } },
{ "type": "Feature", "properties": { "road_key": "61020000ST219", "road_name": "ถนนในชุมชนบ้านชายเขา", "road_no": "0", "aumpher": "อำเภอห้วยคต", "office": "สาขาหนองฉาง", "branch_code": "61020000", "name_short": "None", "price_new": 200, "price_old": 150, "width_m": 4, "pt_i": 0 }, "geometry": { "type": "Point", "coordinates": [ 99.591792649324546, 15.365974616171917 ] } },
{ "type": "Feature", "properties": { "road_key": "61020000ST219", "road_name": "ถนนในชุมชนบ้านชายเขา", "road_no": "0", "aumpher": "อำเภอห้วยคต", "office": "สาขาหนองฉาง", "branch_code": "61020000", "name_short": "None", "price_new": 200, "price_old": 150, "width_m": 4, "pt_i": 1 }, "geometry": { "type": "Point", "coordinates": [ 99.590681992251774, 15.366099338426455 ] } },
{ "type": "Feature", "properties": { "road_key": "61020000ST219", "road_name": "ถนนในชุมชนบ้านชายเขา", "road_no": "0", "aumpher": "อำเภอห้วยคต", "office": "สาขาหนองฉาง", "branch_code": "61020000", "name_short": "None", "price_new": 200, "price_old": 150, "width_m": 4, "pt_i": 2 }, "geometry": { "type": "Point", "coordinates": [ 99.589573939956992, 15.366243848862426 ] } },
{ "type": "Feature", "properties": { "road_key": "61020000ST219", "road_name": "ถนนในชุมชนบ้านชายเขา", "road_no": "0", "aumpher": "อำเภอห้วยคต", "office": "สาขาหนองฉาง", "branch_code": "61020000", "name_short": "None", "price_new": 200, "price_old": 150, "width_m": 4, "pt_i": 3 }, "geometry": { "type": "Point", "coordinates": [ 99.588466695133661, 15.366365356956685 ] } },
{ "type": "Feature", "properties": { "road_key": "61020000ST219", "road_name": "ถนนในชุมชนบ้านชายเขา", "road_no": "0", "aumpher": "อำเภอห้วยคต", "office": "สาขาหนองฉาง", "branch_code": "61020000", "name_short": "None", "price_new": 200, "price_old": 150, "width_m": 4, "pt_i": 4 }, "geometry": { "type": "Point", "coordinates": [ 99.587496221885672, 15.366876482795924 ] } },
{ "type": "Feature", "properties": { "road_key": "61020000ST219", "road_name": "ถนนในชุมชนบ้านชายเขา", "road_no": "0", "aumpher": "อำเภอห้วยคต", "office": "สาขาหนองฉาง", "branch_code": "61020000", "name_short": "None", "price_new": 200, "price_old": 150, "width_m": 4, "pt_i": 5 }, "geometry": { "type": "Point", "coordinates": [ 99.586571037678141, 15.367484834210886 ] } },
{ "type": "Feature", "properties": { "road_key": "61020000ST219", "road_name": "ถนนในชุมชนบ้านชายเขา", "road_no": "0", "aumpher": "อำเภอห้วยคต", "office": "สาขาหนองฉาง", "branch_code": "61020000", "name_short": "None", "price_new": 200, "price_old": 150, "width_m": 4, "pt_i": 6 }, "geometry": { "type": "Point", "coordinates": [ 99.585601050390736, 15.368004241398742 ] } },
{ "type": "Feature", "properties": { "road_key": "61020000ST219", "road_name": "ถนนในชุมชนบ้านชายเขา", "road_no": "0", "aumpher": "อำเภอห้วยคต", "office": "สาขาหนองฉาง", "branch_code": "61020000", "name_short": "None", "price_new": 200, "price_old": 150, "width_m": 4, "pt_i": 7 }, "geometry": { "type": "Point", "coordinates": [ 99.584563937802159, 15.36840946982502 ] } },
{ "type": "Feature", "properties": { "road_key": "61020000ST219", "road_name": "ถนนในชุมชนบ้านชายเขา", "road_no": "0", "aumpher": "อำเภอห้วยคต", "office": "สาขาหนองฉาง", "branch_code": "61020000", "name_short": "None", "price_new": 200, "price_old": 150, "width_m": 4, "pt_i": 8 }, "geometry": { "type": "Point", "coordinates": [ 99.583500891507128, 15.368740053282261 ] } },
{ "type": "Feature", "properties": { "road_key": "61020000ST219", "road_name": "ถนนในชุมชนบ้านชายเขา", "road_no": "0", "aumpher": "อำเภอห้วยคต", "office": "สาขาหนองฉาง", "branch_code": "61020000", "name_short": "None", "price_new": 200, "price_old": 150, "width_m": 4, "pt_i": 9 }, "geometry": { "type": "Point", "coordinates": [ 99.582511683499092, 15.369210154803548 ] } },
{ "type": "Feature", "properties": { "road_key": "61020000ST219", "road_name": "ถนนในชุมชนบ้านชายเขา", "road_no": "0", "aumpher": "อำเภอห้วยคต", "office": "สาขาหนองฉาง", "branch_code": "61020000", "name_short": "None", "price_new": 200, "price_old": 150, "width_m": 4, "pt_i": 10 }, "geometry": { "type": "Point", "coordinates": [ 99.581736690353409, 15.369989037899709 ] } },
{ "type": "Feature", "properties": { "road_key": "61020000ST219", "road_name": "ถนนในชุมชนบ้านชายเขา", "road_no": "0", "aumpher": "อำเภอห้วยคต", "office": "สาขาหนองฉาง", "branch_code": "61020000", "name_short": "None", "price_new": 200, "price_old": 150, "width_m": 4, "pt_i": 11 }, "geometry": { "type": "Point", "coordinates": [ 99.580884569804041, 15.370690695055186 ] } },
{ "type": "Feature", "properties": { "road_key": "61020000ST219", "road_name": "ถนนในชุมชนบ้านชายเขา", "road_no": "0", "aumpher": "อำเภอห้วยคต", "office": "สาขาหนองฉาง", "branch_code": "61020000", "name_short": "None", "price_new": 200, "price_old": 150, "width_m": 4, "pt_i": 0 }, "geometry": { "type": "Point", "coordinates": [ 99.59308842759188, 15.373220137373785 ] } },
{ "type": "Feature", "properties": { "road_key": "61020000ST219", "road_name": "ถนนในชุมชนบ้านชายเขา", "road_no": "0", "aumpher": "อำเภอห้วยคต", "office": "สาขาหนองฉาง", "branch_code": "61020000", "name_short": "None", "price_new": 200, "price_old": 150, "width_m": 4, "pt_i": 1 }, "geometry": { "type": "Point", "coordinates": [ 99.593005687255157, 15.372144530549521 ] } },
{ "type": "Feature", "properties": { "road_key": "61020000ST219", "road_name": "ถนนในชุมชนบ้านชายเขา", "road_no": "0", "aumpher": "อำเภอห้วยคต", "office": "สาขาหนองฉาง", "branch_code": "61020000", "name_short": "None", "price_new": 200, "price_old": 150, "width_m": 4, "pt_i": 2 }, "geometry": { "type": "Point", "coordinates": [ 99.592623014355567, 15.371135019706772 ] } },
{ "type": "Feature", "properties": { "road_key": "61020000ST219", "road_name": "ถนนในชุมชนบ้านชายเขา", "road_no": "0", "aumpher": "อำเภอห้วยคต", "office": "สาขาหนองฉาง", "branch_code": "61020000", "name_short": "None", "price_new": 200, "price_old": 150, "width_m": 4, "pt_i": 3 }, "geometry": { "type": "Point", "coordinates": [ 99.592033819395951, 15.370214136197712 ] } },
{ "type": "Feature", "properties": { "road_key": "61020000ST219", "road_name": "ถนนในชุมชนบ้านชายเขา", "road_no": "0", "aumpher": "อำเภอห้วยคต", "office": "สาขาหนองฉาง", "branch_code": "61020000", "name_short": "None", "price_new": 200, "price_old": 150, "width_m": 4, "pt_i": 4 }, "geometry": { "type": "Point", "coordinates": [ 99.591347714092208, 15.369359595914592 ] } },
{ "type": "Feature", "properties": { "road_key": "61020000ST219", "road_name": "ถนนในชุมชนบ้านชายเขา", "road_no": "0", "aumpher": "อำเภอห้วยคต", "office": "สาขาหนองฉาง", "branch_code": "61020000", "name_short": "None", "price_new": 200, "price_old": 150, "width_m": 4, "pt_i": 5 }, "geometry": { "type": "Point", "coordinates": [ 99.59136547289431, 15.368334963549652 ] } },
{ "type": "Feature", "properties": { "road_key": "61020000ST219", "road_name": "ถนนในชุมชนบ้านชายเขา", "road_no": "0", "aumpher": "อำเภอห้วยคต", "office": "สาขาหนองฉาง", "branch_code": "61020000", "name_short": "None", "price_new": 200, "price_old": 150, "width_m": 4, "pt_i": 6 }, "geometry": { "type": "Point", "coordinates": [ 99.59166114902888, 15.367288783716324 ] } },
{ "type": "Feature", "properties": { "road_key": "61020000ST219", "road_name": "ถนนในชุมชนบ้านชายเขา", "road_no": "0", "aumpher": "อำเภอห้วยคต", "office": "สาขาหนองฉาง", "branch_code": "61020000", "name_short": "None", "price_new": 200, "price_old": 150, "width_m": 4, "pt_i": 7 }, "geometry": { "type": "Point", "coordinates": [ 99.591832998939537, 15.366228722223418 ] } },
{ "type": "Feature", "properties": { "road_key": "61020000ST219", "road_name": "ถนนในชุมชนบ้านชายเขา", "road_no": "0", "aumpher": "อำเภอห้วยคต", "office": "สาขาหนองฉาง", "branch_code": "61020000", "name_short": "None", "price_new": 200, "price_old": 150, "width_m": 4, "pt_i": 0 }, "geometry": { "type": "Point", "coordinates": [ 99.581720637588759, 15.383706228460902 ] } },
{ "type": "Feature", "properties": { "road_key": "61020000ST219", "road_name": "ถนนในชุมชนบ้านชายเขา", "road_no": "0", "aumpher": "อำเภอห้วยคต", "office": "สาขาหนองฉาง", "branch_code": "61020000", "name_short": "None", "price_new": 200, "price_old": 150, "width_m": 4, "pt_i": 1 }, "geometry": { "type": "Point", "coordinates": [ 99.580735340137153, 15.383849208352524 ] } },
{ "type": "Feature", "properties": { "road_key": "61020000ST219", "road_name": "ถนนในชุมชนบ้านชายเขา", "road_no": "0", "aumpher": "อำเภอห้วยคต", "office": "สาขาหนองฉาง", "branch_code": "61020000", "name_short": "None", "price_new": 200, "price_old": 150, "width_m": 4, "pt_i": 2 }, "geometry": { "type": "Point", "coordinates": [ 99.58022937661606, 15.383126984134734 ] } },
{ "type": "Feature", "properties": { "road_key": "61020000ST219", "road_name": "ถนนในชุมชนบ้านชายเขา", "road_no": "0", "aumpher": "อำเภอห้วยคต", "office": "สาขาหนองฉาง", "branch_code": "61020000", "name_short": "None", "price_new": 200, "price_old": 150, "width_m": 4, "pt_i": 3 }, "geometry": { "type": "Point", "coordinates": [ 99.579929474454573, 15.382081878788837 ] } },
{ "type": "Feature", "properties": { "road_key": "61020000ST219", "road_name": "ถนนในชุมชนบ้านชายเขา", "road_no": "0", "aumpher": "อำเภอห้วยคต", "office": "สาขาหนองฉาง", "branch_code": "61020000", "name_short": "None", "price_new": 200, "price_old": 150, "width_m": 4, "pt_i": 4 }, "geometry": { "type": "Point", "coordinates": [ 99.57962203481442, 15.381038879948614 ] } },
{ "type": "Feature", "properties": { "road_key": "61020000ST219", "road_name": "ถนนในชุมชนบ้านชายเขา", "road_no": "0", "aumpher": "อำเภอห้วยคต", "office": "สาขาหนองฉาง", "branch_code": "61020000", "name_short": "None", "price_new": 200, "price_old": 150, "width_m": 4, "pt_i": 5 }, "geometry": { "type": "Point", "coordinates": [ 99.579336229809087, 15.379991058163226 ] } },
{ "type": "Feature", "properties": { "road_key": "61020000ST219", "road_name": "ถนนในชุมชนบ้านชายเขา", "road_no": "0", "aumpher": "อำเภอห้วยคต", "office": "สาขาหนองฉาง", "branch_code": "61020000", "name_short": "None", "price_new": 200, "price_old": 150, "width_m": 4, "pt_i": 6 }, "geometry": { "type": "Point", "coordinates": [ 99.579018423865335, 15.378952725442257 ] } },
{ "type": "Feature", "properties": { "road_key": "61020000ST219", "road_name": "ถนนในชุมชนบ้านชายเขา", "road_no": "0", "aumpher": "อำเภอห้วยคต", "office": "สาขาหนองฉาง", "branch_code": "61020000", "name_short": "None", "price_new": 200, "price_old": 150, "width_m": 4, "pt_i": 7 }, "geometry": { "type": "Point", "coordinates": [ 99.5784892663752, 15.378001558827119 ] } },
{ "type": "Feature", "properties": { "road_key": "61020000ST219", "road_name": "ถนนในชุมชนบ้านชายเขา", "road_no": "0", "aumpher": "อำเภอห้วยคต", "office": "สาขาหนองฉาง", "branch_code": "61020000", "name_short": "None", "price_new": 200, "price_old": 150, "width_m": 4, "pt_i": 8 }, "geometry": { "type": "Point", "coordinates": [ 99.57826797908146, 15.376938180723775 ] } },
{ "type": "Feature", "properties": { "road_key": "61020000ST219", "road_name": "ถนนในชุมชนบ้านชายเขา", "road_no": "0", "aumpher": "อำเภอห้วยคต", "office": "สาขาหนองฉาง", "branch_code": "61020000", "name_short": "None", "price_new": 200, "price_old": 150, "width_m": 4, "pt_i": 9 }, "geometry": { "type": "Point", "coordinates": [ 99.577645188881704, 15.376395621963789 ] } },
{ "type": "Feature", "properties": { "road_key": "61020000ST219", "road_name": "ถนนในชุมชนบ้านชายเขา", "road_no": "0", "aumpher": "อำเภอห้วยคต", "office": "สาขาหนองฉาง", "branch_code": "61020000", "name_short": "None", "price_new": 200, "price_old": 150, "width_m": 4, "pt_i": 10 }, "geometry": { "type": "Point", "coordinates": [ 99.576568028046466, 15.376684397597991 ] } },
{ "type": "Feature", "properties": { "road_key": "61020000ST219", "road_name": "ถนนในชุมชนบ้านชายเขา", "road_no": "0", "aumpher": "อำเภอห้วยคต", "office": "สาขาหนองฉาง", "branch_code": "61020000", "name_short": "None", "price_new": 200, "price_old": 150, "width_m": 4, "pt_i": 11 }, "geometry": { "type": "Point", "coordinates": [ 99.575475342181988, 15.376914504565157 ] } },
{ "type": "Feature", "properties": { "road_key": "61020000ST219", "road_name": "ถนนในชุมชนบ้านชายเขา", "road_no": "0", "aumpher": "อำเภอห้วยคต", "office": "สาขาหนองฉาง", "branch_code": "61020000", "name_short": "None", "price_new": 200, "price_old": 150, "width_m": 4, "pt_i": 12 }, "geometry": { "type": "Point", "coordinates": [ 99.574377918255081, 15.377119489191031 ] } },
{ "type": "Feature", "properties": { "road_key": "61020000ST219", "road_name": "ถนนในชุมชนบ้านชายเขา", "road_no": "0", "aumpher": "อำเภอห้วยคต", "office": "สาขาหนองฉาง", "branch_code": "61020000", "name_short": "None", "price_new": 200, "price_old": 150, "width_m": 4, "pt_i": 13 }, "geometry": { "type": "Point", "coordinates": [ 99.573266922989419, 15.377238807364741 ] } },
{ "type": "Feature", "properties": { "road_key": "61020000ST219", "road_name": "ถนนในชุมชนบ้านชายเขา", "road_no": "0", "aumpher": "อำเภอห้วยคต", "office": "สาขาหนองฉาง", "branch_code": "61020000", "name_short": "None", "price_new": 200, "price_old": 150, "width_m": 4, "pt_i": 14 }, "geometry": { "type": "Point", "coordinates": [ 99.572153103283142, 15.377333928762649 ] } },
{ "type": "Feature", "properties": { "road_key": "61020000ST219", "road_name": "ถนนในชุมชนบ้านชายเขา", "road_no": "0", "aumpher": "อำเภอห้วยคต", "office": "สาขาหนองฉาง", "branch_code": "61020000", "name_short": "None", "price_new": 200, "price_old": 150, "width_m": 4, "pt_i": 15 }, "geometry": { "type": "Point", "coordinates": [ 99.571063787959773, 15.377527537622782 ] } },
{ "type": "Feature", "properties": { "road_key": "61020000ST219", "road_name": "ถนนในชุมชนบ้านชายเขา", "road_no": "0", "aumpher": "อำเภอห้วยคต", "office": "สาขาหนองฉาง", "branch_code": "61020000", "name_short": "None", "price_new": 200, "price_old": 150, "width_m": 4, "pt_i": 16 }, "geometry": { "type": "Point", "coordinates": [ 99.57043031902711, 15.378401681671546 ] } },
{ "type": "Feature", "properties": { "road_key": "61020000ST219", "road_name": "ถนนในชุมชนบ้านชายเขา", "road_no": "0", "aumpher": "อำเภอห้วยคต", "office": "สาขาหนองฉาง", "branch_code": "61020000", "name_short": "None", "price_new": 200, "price_old": 150, "width_m": 4, "pt_i": 17 }, "geometry": { "type": "Point", "coordinates": [ 99.569976813062439, 15.379393304886374 ] } },
{ "type": "Feature", "properties": { "road_key": "61020000ST219", "road_name": "ถนนในชุมชนบ้านชายเขา", "road_no": "0", "aumpher": "อำเภอห้วยคต", "office": "สาขาหนองฉาง", "branch_code": "61020000", "name_short": "None", "price_new": 200, "price_old": 150, "width_m": 4, "pt_i": 18 }, "geometry": { "type": "Point", "coordinates": [ 99.569510569273987, 15.380379195000623 ] } },
{ "type": "Feature", "properties": { "road_key": "61020000ST219", "road_name": "ถนนในชุมชนบ้านชายเขา", "road_no": "0", "aumpher": "อำเภอห้วยคต", "office": "สาขาหนองฉาง", "branch_code": "61020000", "name_short": "None", "price_new": 200, "price_old": 150, "width_m": 4, "pt_i": 19 }, "geometry": { "type": "Point", "coordinates": [ 99.568835495929392, 15.381176910781432 ] } },
{ "type": "Feature", "properties": { "road_key": "61020000ST219", "road_name": "ถนนในชุมชนบ้านชายเขา", "road_no": "0", "aumpher": "อำเภอห้วยคต", "office": "สาขาหนองฉาง", "branch_code": "61020000", "name_short": "None", "price_new": 200, "price_old": 150, "width_m": 4, "pt_i": 20 }, "geometry": { "type": "Point", "coordinates": [ 99.567822293310257, 15.38163503656461 ] } },
{ "type": "Feature", "properties": { "road_key": "61020000ST219", "road_name": "ถนนในชุมชนบ้านชายเขา", "road_no": "0", "aumpher": "อำเภอห้วยคต", "office": "สาขาหนองฉาง", "branch_code": "61020000", "name_short": "None", "price_new": 200, "price_old": 150, "width_m": 4, "pt_i": 21 }, "geometry": { "type": "Point", "coordinates": [ 99.566800688001891, 15.382076036582934 ] } },
{ "type": "Feature", "properties": { "road_key": "61020000ST223", "road_name": "ถนนในชุมชนบ้านโป่งข่อย", "road_no": "0", "aumpher": "อำเภอห้วยคต", "office": "สาขาหนองฉาง", "branch_code": "61020000", "name_short": "None", "price_new": 250, "price_old": 150, "width_m": 4, "pt_i": 0 }, "geometry": { "type": "Point", "coordinates": [ 99.579806350141354, 15.345394916875373 ] } },
{ "type": "Feature", "properties": { "road_key": "61020000ST223", "road_name": "ถนนในชุมชนบ้านโป่งข่อย", "road_no": "0", "aumpher": "อำเภอห้วยคต", "office": "สาขาหนองฉาง", "branch_code": "61020000", "name_short": "None", "price_new": 250, "price_old": 150, "width_m": 4, "pt_i": 1 }, "geometry": { "type": "Point", "coordinates": [ 99.580836584499522, 15.344979219267229 ] } },
{ "type": "Feature", "properties": { "road_key": "61020000ST223", "road_name": "ถนนในชุมชนบ้านโป่งข่อย", "road_no": "0", "aumpher": "อำเภอห้วยคต", "office": "สาขาหนองฉาง", "branch_code": "61020000", "name_short": "None", "price_new": 250, "price_old": 150, "width_m": 4, "pt_i": 0 }, "geometry": { "type": "Point", "coordinates": [ 99.577032103150017, 15.346244855290466 ] } },
{ "type": "Feature", "properties": { "road_key": "61020000ST223", "road_name": "ถนนในชุมชนบ้านโป่งข่อย", "road_no": "0", "aumpher": "อำเภอห้วยคต", "office": "สาขาหนองฉาง", "branch_code": "61020000", "name_short": "None", "price_new": 250, "price_old": 150, "width_m": 4, "pt_i": 1 }, "geometry": { "type": "Point", "coordinates": [ 99.578095565887295, 15.345910299103151 ] } },
{ "type": "Feature", "properties": { "road_key": "61020000ST223", "road_name": "ถนนในชุมชนบ้านโป่งข่อย", "road_no": "0", "aumpher": "อำเภอห้วยคต", "office": "สาขาหนองฉาง", "branch_code": "61020000", "name_short": "None", "price_new": 250, "price_old": 150, "width_m": 4, "pt_i": 2 }, "geometry": { "type": "Point", "coordinates": [ 99.579161803490777, 15.345584122572131 ] } },
{ "type": "Feature", "properties": { "road_key": "61020000ST223", "road_name": "ถนนในชุมชนบ้านโป่งข่อย", "road_no": "0", "aumpher": "อำเภอห้วยคต", "office": "สาขาหนองฉาง", "branch_code": "61020000", "name_short": "None", "price_new": 250, "price_old": 150, "width_m": 4, "pt_i": 0 }, "geometry": { "type": "Point", "coordinates": [ 99.575025747888802, 15.347501479342011 ] } },
{ "type": "Feature", "properties": { "road_key": "61020000ST223", "road_name": "ถนนในชุมชนบ้านโป่งข่อย", "road_no": "0", "aumpher": "อำเภอห้วยคต", "office": "สาขาหนองฉาง", "branch_code": "61020000", "name_short": "None", "price_new": 250, "price_old": 150, "width_m": 4, "pt_i": 1 }, "geometry": { "type": "Point", "coordinates": [ 99.576093720493176, 15.347181313234016 ] } },
{ "type": "Feature", "properties": { "road_key": "61020000ST223", "road_name": "ถนนในชุมชนบ้านโป่งข่อย", "road_no": "0", "aumpher": "อำเภอห้วยคต", "office": "สาขาหนองฉาง", "branch_code": "61020000", "name_short": "None", "price_new": 250, "price_old": 150, "width_m": 4, "pt_i": 2 }, "geometry": { "type": "Point", "coordinates": [ 99.577181677709646, 15.346931646774596 ] } },
{ "type": "Feature", "properties": { "road_key": "61020000ST223", "road_name": "ถนนในชุมชนบ้านโป่งข่อย", "road_no": "0", "aumpher": "อำเภอห้วยคต", "office": "สาขาหนองฉาง", "branch_code": "61020000", "name_short": "None", "price_new": 250, "price_old": 150, "width_m": 4, "pt_i": 0 }, "geometry": { "type": "Point", "coordinates": [ 99.572979077452359, 15.348141819746415 ] } },
{ "type": "Feature", "properties": { "road_key": "61020000ST223", "road_name": "ถนนในชุมชนบ้านโป่งข่อย", "road_no": "0", "aumpher": "อำเภอห้วยคต", "office": "สาขาหนองฉาง", "branch_code": "61020000", "name_short": "None", "price_new": 250, "price_old": 150, "width_m": 4, "pt_i": 1 }, "geometry": { "type": "Point", "coordinates": [ 99.574056154042111, 15.347876823776582 ] } },
{ "type": "Feature", "properties": { "road_key": "61020000ST223", "road_name": "ถนนในชุมชนบ้านโป่งข่อย", "road_no": "0", "aumpher": "อำเภอห้วยคต", "office": "สาขาหนองฉาง", "branch_code": "61020000", "name_short": "None", "price_new": 250, "price_old": 150, "width_m": 4, "pt_i": 0 }, "geometry": { "type": "Point", "coordinates": [ 99.577488538057793, 15.348188364901624 ] } },
{ "type": "Feature", "properties": { "road_key": "61020000ST223", "road_name": "ถนนในชุมชนบ้านโป่งข่อย", "road_no": "0", "aumpher": "อำเภอห้วยคต", "office": "สาขาหนองฉาง", "branch_code": "61020000", "name_short": "None", "price_new": 250, "price_old": 150, "width_m": 4, "pt_i": 1 }, "geometry": { "type": "Point", "coordinates": [ 99.578251971387928, 15.3475038974542 ] } },
{ "type": "Feature", "properties": { "road_key": "61020000ST223", "road_name": "ถนนในชุมชนบ้านโป่งข่อย", "road_no": "0", "aumpher": "อำเภอห้วยคต", "office": "สาขาหนองฉาง", "branch_code": "61020000", "name_short": "None", "price_new": 250, "price_old": 150, "width_m": 4, "pt_i": 2 }, "geometry": { "type": "Point", "coordinates": [ 99.578784178104172, 15.346579313052995 ] } },
{ "type": "Feature", "properties": { "road_key": "61020000ST223", "road_name": "ถนนในชุมชนบ้านโป่งข่อย", "road_no": "0", "aumpher": "อำเภอห้วยคต", "office": "สาขาหนองฉาง", "branch_code": "61020000", "name_short": "None", "price_new": 250, "price_old": 150, "width_m": 4, "pt_i": 3 }, "geometry": { "type": "Point", "coordinates": [ 99.579642907763812, 15.345894946348453 ] } },
{ "type": "Feature", "properties": { "road_key": "61020000ST223", "road_name": "ถนนในชุมชนบ้านโป่งข่อย", "road_no": "0", "aumpher": "อำเภอห้วยคต", "office": "สาขาหนองฉาง", "branch_code": "61020000", "name_short": "None", "price_new": 250, "price_old": 150, "width_m": 4, "pt_i": 0 }, "geometry": { "type": "Point", "coordinates": [ 99.575490849108732, 15.34976505855488 ] } },
{ "type": "Feature", "properties": { "road_key": "61020000ST223", "road_name": "ถนนในชุมชนบ้านโป่งข่อย", "road_no": "0", "aumpher": "อำเภอห้วยคต", "office": "สาขาหนองฉาง", "branch_code": "61020000", "name_short": "None", "price_new": 250, "price_old": 150, "width_m": 4, "pt_i": 1 }, "geometry": { "type": "Point", "coordinates": [ 99.574913985072541, 15.348867772093966 ] } },
{ "type": "Feature", "properties": { "road_key": "61020000ST223", "road_name": "ถนนในชุมชนบ้านโป่งข่อย", "road_no": "0", "aumpher": "อำเภอห้วยคต", "office": "สาขาหนองฉาง", "branch_code": "61020000", "name_short": "None", "price_new": 250, "price_old": 150, "width_m": 4, "pt_i": 2 }, "geometry": { "type": "Point", "coordinates": [ 99.57536026426844, 15.348174941820503 ] } },
{ "type": "Feature", "properties": { "road_key": "61020000ST224", "road_name": "ถนนสายบ้านวังข้าวเหนียว-บ้านสมอทอง", "road_no": "0", "aumpher": "อำเภอห้วยคต", "office": "สาขาหนองฉาง", "branch_code": "61020000", "name_short": "None", "price_new": 250, "price_old": 150, "width_m": 4, "pt_i": 0 }, "geometry": { "type": "Point", "coordinates": [ 99.562722565448539, 15.353749282217183 ] } },
{ "type": "Feature", "properties": { "road_key": "61020000ST224", "road_name": "ถนนสายบ้านวังข้าวเหนียว-บ้านสมอทอง", "road_no": "0", "aumpher": "อำเภอห้วยคต", "office": "สาขาหนองฉาง", "branch_code": "61020000", "name_short": "None", "price_new": 250, "price_old": 150, "width_m": 4, "pt_i": 1 }, "geometry": { "type": "Point", "coordinates": [ 99.561936666124282, 15.35297767945984 ] } },
{ "type": "Feature", "properties": { "road_key": "61020000ST224", "road_name": "ถนนสายบ้านวังข้าวเหนียว-บ้านสมอทอง", "road_no": "0", "aumpher": "อำเภอห้วยคต", "office": "สาขาหนองฉาง", "branch_code": "61020000", "name_short": "None", "price_new": 250, "price_old": 150, "width_m": 4, "pt_i": 2 }, "geometry": { "type": "Point", "coordinates": [ 99.5611507725785, 15.352206073685448 ] } },
{ "type": "Feature", "properties": { "road_key": "61020000ST224", "road_name": "ถนนสายบ้านวังข้าวเหนียว-บ้านสมอทอง", "road_no": "0", "aumpher": "อำเภอห้วยคต", "office": "สาขาหนองฉาง", "branch_code": "61020000", "name_short": "None", "price_new": 250, "price_old": 150, "width_m": 4, "pt_i": 3 }, "geometry": { "type": "Point", "coordinates": [ 99.56036205314696, 15.351437191580867 ] } },
{ "type": "Feature", "properties": { "road_key": "61020000ST224", "road_name": "ถนนสายบ้านวังข้าวเหนียว-บ้านสมอทอง", "road_no": "0", "aumpher": "อำเภอห้วยคต", "office": "สาขาหนองฉาง", "branch_code": "61020000", "name_short": "None", "price_new": 250, "price_old": 150, "width_m": 4, "pt_i": 4 }, "geometry": { "type": "Point", "coordinates": [ 99.559572948869615, 15.350668682580139 ] } },
{ "type": "Feature", "properties": { "road_key": "61020000ST224", "road_name": "ถนนสายบ้านวังข้าวเหนียว-บ้านสมอทอง", "road_no": "0", "aumpher": "อำเภอห้วยคต", "office": "สาขาหนองฉาง", "branch_code": "61020000", "name_short": "None", "price_new": 250, "price_old": 150, "width_m": 4, "pt_i": 5 }, "geometry": { "type": "Point", "coordinates": [ 99.558784017010581, 15.349900009470339 ] } },
{ "type": "Feature", "properties": { "road_key": "61020000ST224", "road_name": "ถนนสายบ้านวังข้าวเหนียว-บ้านสมอทอง", "road_no": "0", "aumpher": "อำเภอห้วยคต", "office": "สาขาหนองฉาง", "branch_code": "61020000", "name_short": "None", "price_new": 250, "price_old": 150, "width_m": 4, "pt_i": 6 }, "geometry": { "type": "Point", "coordinates": [ 99.557995144919971, 15.349131281136854 ] } },
{ "type": "Feature", "properties": { "road_key": "61020000ST224", "road_name": "ถนนสายบ้านวังข้าวเหนียว-บ้านสมอทอง", "road_no": "0", "aumpher": "อำเภอห้วยคต", "office": "สาขาหนองฉาง", "branch_code": "61020000", "name_short": "None", "price_new": 250, "price_old": 150, "width_m": 4, "pt_i": 7 }, "geometry": { "type": "Point", "coordinates": [ 99.557206278605008, 15.34836254976771 ] } },
{ "type": "Feature", "properties": { "road_key": "61020000ST224", "road_name": "ถนนสายบ้านวังข้าวเหนียว-บ้านสมอทอง", "road_no": "0", "aumpher": "อำเภอห้วยคต", "office": "สาขาหนองฉาง", "branch_code": "61020000", "name_short": "None", "price_new": 250, "price_old": 150, "width_m": 4, "pt_i": 8 }, "geometry": { "type": "Point", "coordinates": [ 99.556417418065422, 15.347593815363348 ] } },
{ "type": "Feature", "properties": { "road_key": "61020000ST224", "road_name": "ถนนสายบ้านวังข้าวเหนียว-บ้านสมอทอง", "road_no": "0", "aumpher": "อำเภอห้วยคต", "office": "สาขาหนองฉาง", "branch_code": "61020000", "name_short": "None", "price_new": 250, "price_old": 150, "width_m": 4, "pt_i": 9 }, "geometry": { "type": "Point", "coordinates": [ 99.555632613946955, 15.346821189976048 ] } },
{ "type": "Feature", "properties": { "road_key": "61020000ST224", "road_name": "ถนนสายบ้านวังข้าวเหนียว-บ้านสมอทอง", "road_no": "0", "aumpher": "อำเภอห้วยคต", "office": "สาขาหนองฉาง", "branch_code": "61020000", "name_short": "None", "price_new": 250, "price_old": 150, "width_m": 4, "pt_i": 10 }, "geometry": { "type": "Point", "coordinates": [ 99.554849088619463, 15.346047339703963 ] } },
{ "type": "Feature", "properties": { "road_key": "61020000ST224", "road_name": "ถนนสายบ้านวังข้าวเหนียว-บ้านสมอทอง", "road_no": "0", "aumpher": "อำเภอห้วยคต", "office": "สาขาหนองฉาง", "branch_code": "61020000", "name_short": "None", "price_new": 250, "price_old": 150, "width_m": 4, "pt_i": 11 }, "geometry": { "type": "Point", "coordinates": [ 99.554065569068158, 15.345273486434825 ] } },
{ "type": "Feature", "properties": { "road_key": "61020000ST224", "road_name": "ถนนสายบ้านวังข้าวเหนียว-บ้านสมอทอง", "road_no": "0", "aumpher": "อำเภอห้วยคต", "office": "สาขาหนองฉาง", "branch_code": "61020000", "name_short": "None", "price_new": 250, "price_old": 150, "width_m": 4, "pt_i": 12 }, "geometry": { "type": "Point", "coordinates": [ 99.553274075071101, 15.344507325733222 ] } },
{ "type": "Feature", "properties": { "road_key": "61020000ST224", "road_name": "ถนนสายบ้านวังข้าวเหนียว-บ้านสมอทอง", "road_no": "0", "aumpher": "อำเภอห้วยคต", "office": "สาขาหนองฉาง", "branch_code": "61020000", "name_short": "None", "price_new": 250, "price_old": 150, "width_m": 4, "pt_i": 13 }, "geometry": { "type": "Point", "coordinates": [ 99.552484728160536, 15.343739120644575 ] } },
{ "type": "Feature", "properties": { "road_key": "61020000ST224", "road_name": "ถนนสายบ้านวังข้าวเหนียว-บ้านสมอทอง", "road_no": "0", "aumpher": "อำเภอห้วยคต", "office": "สาขาหนองฉาง", "branch_code": "61020000", "name_short": "None", "price_new": 250, "price_old": 150, "width_m": 4, "pt_i": 14 }, "geometry": { "type": "Point", "coordinates": [ 99.55170739411237, 15.342959422698689 ] } },
{ "type": "Feature", "properties": { "road_key": "61020000ST224", "road_name": "ถนนสายบ้านวังข้าวเหนียว-บ้านสมอทอง", "road_no": "0", "aumpher": "อำเภอห้วยคต", "office": "สาขาหนองฉาง", "branch_code": "61020000", "name_short": "None", "price_new": 250, "price_old": 150, "width_m": 4, "pt_i": 15 }, "geometry": { "type": "Point", "coordinates": [ 99.55093006583985, 15.342179721799917 ] } },
{ "type": "Feature", "properties": { "road_key": "61020000ST224", "road_name": "ถนนสายบ้านวังข้าวเหนียว-บ้านสมอทอง", "road_no": "0", "aumpher": "อำเภอห้วยคต", "office": "สาขาหนองฉาง", "branch_code": "61020000", "name_short": "None", "price_new": 250, "price_old": 150, "width_m": 4, "pt_i": 16 }, "geometry": { "type": "Point", "coordinates": [ 99.550152379469395, 15.34140036614364 ] } },
{ "type": "Feature", "properties": { "road_key": "61020000ST224", "road_name": "ถนนสายบ้านวังข้าวเหนียว-บ้านสมอทอง", "road_no": "0", "aumpher": "อำเภอห้วยคต", "office": "สาขาหนองฉาง", "branch_code": "61020000", "name_short": "None", "price_new": 250, "price_old": 150, "width_m": 4, "pt_i": 17 }, "geometry": { "type": "Point", "coordinates": [ 99.549359869049042, 15.340635198329108 ] } },
{ "type": "Feature", "properties": { "road_key": "61020000ST224", "road_name": "ถนนสายบ้านวังข้าวเหนียว-บ้านสมอทอง", "road_no": "0", "aumpher": "อำเภอห้วยคต", "office": "สาขาหนองฉาง", "branch_code": "61020000", "name_short": "None", "price_new": 250, "price_old": 150, "width_m": 4, "pt_i": 18 }, "geometry": { "type": "Point", "coordinates": [ 99.54856736439892, 15.339870027458019 ] } },
{ "type": "Feature", "properties": { "road_key": "61020000ST224", "road_name": "ถนนสายบ้านวังข้าวเหนียว-บ้านสมอทอง", "road_no": "0", "aumpher": "อำเภอห้วยคต", "office": "สาขาหนองฉาง", "branch_code": "61020000", "name_short": "None", "price_new": 250, "price_old": 150, "width_m": 4, "pt_i": 19 }, "geometry": { "type": "Point", "coordinates": [ 99.547773841633884, 15.339105853475267 ] } },
{ "type": "Feature", "properties": { "road_key": "61020000ST224", "road_name": "ถนนสายบ้านวังข้าวเหนียว-บ้านสมอทอง", "road_no": "0", "aumpher": "อำเภอห้วยคต", "office": "สาขาหนองฉาง", "branch_code": "61020000", "name_short": "None", "price_new": 250, "price_old": 150, "width_m": 4, "pt_i": 20 }, "geometry": { "type": "Point", "coordinates": [ 99.546980318483691, 15.338341682439905 ] } },
{ "type": "Feature", "properties": { "road_key": "61020000ST224", "road_name": "ถนนสายบ้านวังข้าวเหนียว-บ้านสมอทอง", "road_no": "0", "aumpher": "อำเภอห้วยคต", "office": "สาขาหนองฉาง", "branch_code": "61020000", "name_short": "None", "price_new": 250, "price_old": 150, "width_m": 4, "pt_i": 21 }, "geometry": { "type": "Point", "coordinates": [ 99.546186801102181, 15.337577508342138 ] } },
{ "type": "Feature", "properties": { "road_key": "61020000ST224", "road_name": "ถนนสายบ้านวังข้าวเหนียว-บ้านสมอทอง", "road_no": "0", "aumpher": "อำเภอห้วยคต", "office": "สาขาหนองฉาง", "branch_code": "61020000", "name_short": "None", "price_new": 250, "price_old": 150, "width_m": 4, "pt_i": 22 }, "geometry": { "type": "Point", "coordinates": [ 99.545384738488977, 15.336821917364416 ] } },
{ "type": "Feature", "properties": { "road_key": "61020000ST224", "road_name": "ถนนสายบ้านวังข้าวเหนียว-บ้านสมอทอง", "road_no": "0", "aumpher": "อำเภอห้วยคต", "office": "สาขาหนองฉาง", "branch_code": "61020000", "name_short": "None", "price_new": 250, "price_old": 150, "width_m": 4, "pt_i": 23 }, "geometry": { "type": "Point", "coordinates": [ 99.544570673937201, 15.336078380318618 ] } },
{ "type": "Feature", "properties": { "road_key": "61020000ST224", "road_name": "ถนนสายบ้านวังข้าวเหนียว-บ้านสมอทอง", "road_no": "0", "aumpher": "อำเภอห้วยคต", "office": "สาขาหนองฉาง", "branch_code": "61020000", "name_short": "None", "price_new": 250, "price_old": 150, "width_m": 4, "pt_i": 24 }, "geometry": { "type": "Point", "coordinates": [ 99.54375376486081, 15.335337793934665 ] } },
{ "type": "Feature", "properties": { "road_key": "61020000ST224", "road_name": "ถนนสายบ้านวังข้าวเหนียว-บ้านสมอทอง", "road_no": "0", "aumpher": "อำเภอห้วยคต", "office": "สาขาหนองฉาง", "branch_code": "61020000", "name_short": "None", "price_new": 250, "price_old": 150, "width_m": 4, "pt_i": 25 }, "geometry": { "type": "Point", "coordinates": [ 99.542935815184222, 15.334598288693387 ] } },
{ "type": "Feature", "properties": { "road_key": "61020000ST224", "road_name": "ถนนสายบ้านวังข้าวเหนียว-บ้านสมอทอง", "road_no": "0", "aumpher": "อำเภอห้วยคต", "office": "สาขาหนองฉาง", "branch_code": "61020000", "name_short": "None", "price_new": 250, "price_old": 150, "width_m": 4, "pt_i": 26 }, "geometry": { "type": "Point", "coordinates": [ 99.542122635636531, 15.333853915014503 ] } },
{ "type": "Feature", "properties": { "road_key": "61020000ST224", "road_name": "ถนนสายบ้านวังข้าวเหนียว-บ้านสมอทอง", "road_no": "0", "aumpher": "อำเภอห้วยคต", "office": "สาขาหนองฉาง", "branch_code": "61020000", "name_short": "None", "price_new": 250, "price_old": 150, "width_m": 4, "pt_i": 27 }, "geometry": { "type": "Point", "coordinates": [ 99.541319966348098, 15.333098811388348 ] } },
{ "type": "Feature", "properties": { "road_key": "61020000ST224", "road_name": "ถนนสายบ้านวังข้าวเหนียว-บ้านสมอทอง", "road_no": "0", "aumpher": "อำเภอห้วยคต", "office": "สาขาหนองฉาง", "branch_code": "61020000", "name_short": "None", "price_new": 250, "price_old": 150, "width_m": 4, "pt_i": 28 }, "geometry": { "type": "Point", "coordinates": [ 99.540514374581278, 15.33234670663734 ] } },
{ "type": "Feature", "properties": { "road_key": "61020000ST224", "road_name": "ถนนสายบ้านวังข้าวเหนียว-บ้านสมอทอง", "road_no": "0", "aumpher": "อำเภอห้วยคต", "office": "สาขาหนองฉาง", "branch_code": "61020000", "name_short": "None", "price_new": 250, "price_old": 150, "width_m": 4, "pt_i": 29 }, "geometry": { "type": "Point", "coordinates": [ 99.539693451538426, 15.331610322042067 ] } },
{ "type": "Feature", "properties": { "road_key": "61020000ST224", "road_name": "ถนนสายบ้านวังข้าวเหนียว-บ้านสมอทอง", "road_no": "0", "aumpher": "อำเภอห้วยคต", "office": "สาขาหนองฉาง", "branch_code": "61020000", "name_short": "None", "price_new": 250, "price_old": 150, "width_m": 4, "pt_i": 30 }, "geometry": { "type": "Point", "coordinates": [ 99.538860906648338, 15.330892786303968 ] } },
{ "type": "Feature", "properties": { "road_key": "61020000ST224", "road_name": "ถนนสายบ้านวังข้าวเหนียว-บ้านสมอทอง", "road_no": "0", "aumpher": "อำเภอห้วยคต", "office": "สาขาหนองฉาง", "branch_code": "61020000", "name_short": "None", "price_new": 250, "price_old": 150, "width_m": 4, "pt_i": 31 }, "geometry": { "type": "Point", "coordinates": [ 99.538253655676783, 15.331765432777326 ] } },
{ "type": "Feature", "properties": { "road_key": "61020000ST224", "road_name": "ถนนสายบ้านวังข้าวเหนียว-บ้านสมอทอง", "road_no": "0", "aumpher": "อำเภอห้วยคต", "office": "สาขาหนองฉาง", "branch_code": "61020000", "name_short": "None", "price_new": 250, "price_old": 150, "width_m": 4, "pt_i": 32 }, "geometry": { "type": "Point", "coordinates": [ 99.537658326671973, 15.332683671146007 ] } },
{ "type": "Feature", "properties": { "road_key": "61020000ST224", "road_name": "ถนนสายบ้านวังข้าวเหนียว-บ้านสมอทอง", "road_no": "0", "aumpher": "อำเภอห้วยคต", "office": "สาขาหนองฉาง", "branch_code": "61020000", "name_short": "None", "price_new": 250, "price_old": 150, "width_m": 4, "pt_i": 33 }, "geometry": { "type": "Point", "coordinates": [ 99.537075427121252, 15.333609336649184 ] } },
{ "type": "Feature", "properties": { "road_key": "61020000ST224", "road_name": "ถนนสายบ้านวังข้าวเหนียว-บ้านสมอทอง", "road_no": "0", "aumpher": "อำเภอห้วยคต", "office": "สาขาหนองฉาง", "branch_code": "61020000", "name_short": "None", "price_new": 250, "price_old": 150, "width_m": 4, "pt_i": 34 }, "geometry": { "type": "Point", "coordinates": [ 99.536498720835652, 15.334538703702169 ] } },
{ "type": "Feature", "properties": { "road_key": "61020000ST224", "road_name": "ถนนสายบ้านวังข้าวเหนียว-บ้านสมอทอง", "road_no": "0", "aumpher": "อำเภอห้วยคต", "office": "สาขาหนองฉาง", "branch_code": "61020000", "name_short": "None", "price_new": 250, "price_old": 150, "width_m": 4, "pt_i": 35 }, "geometry": { "type": "Point", "coordinates": [ 99.535856588155553, 15.33542198097088 ] } },
{ "type": "Feature", "properties": { "road_key": "61020000ST224", "road_name": "ถนนสายบ้านวังข้าวเหนียว-บ้านสมอทอง", "road_no": "0", "aumpher": "อำเภอห้วยคต", "office": "สาขาหนองฉาง", "branch_code": "61020000", "name_short": "None", "price_new": 250, "price_old": 150, "width_m": 4, "pt_i": 36 }, "geometry": { "type": "Point", "coordinates": [ 99.535611260388663, 15.336462534102054 ] } },
{ "type": "Feature", "properties": { "road_key": "61020000ST224", "road_name": "ถนนสายบ้านวังข้าวเหนียว-บ้านสมอทอง", "road_no": "0", "aumpher": "อำเภอห้วยคต", "office": "สาขาหนองฉาง", "branch_code": "61020000", "name_short": "None", "price_new": 250, "price_old": 150, "width_m": 4, "pt_i": 37 }, "geometry": { "type": "Point", "coordinates": [ 99.535102258415975, 15.337403429240867 ] } },
{ "type": "Feature", "properties": { "road_key": "61020000ST224", "road_name": "ถนนสายบ้านวังข้าวเหนียว-บ้านสมอทอง", "road_no": "0", "aumpher": "อำเภอห้วยคต", "office": "สาขาหนองฉาง", "branch_code": "61020000", "name_short": "None", "price_new": 250, "price_old": 150, "width_m": 4, "pt_i": 38 }, "geometry": { "type": "Point", "coordinates": [ 99.53429769911169, 15.338151794695836 ] } },
{ "type": "Feature", "properties": { "road_key": "61020000ST225", "road_name": "ถนนสายบ้านคลองชะนี-บ้านสมอทอง", "road_no": "0", "aumpher": "อำเภอห้วยคต", "office": "สาขาหนองฉาง", "branch_code": "61020000", "name_short": "None", "price_new": 250, "price_old": 150, "width_m": 4, "pt_i": 0 }, "geometry": { "type": "Point", "coordinates": [ 99.524594814094399, 15.390329880350164 ] } },
{ "type": "Feature", "properties": { "road_key": "61020000ST225", "road_name": "ถนนสายบ้านคลองชะนี-บ้านสมอทอง", "road_no": "0", "aumpher": "อำเภอห้วยคต", "office": "สาขาหนองฉาง", "branch_code": "61020000", "name_short": "None", "price_new": 250, "price_old": 150, "width_m": 4, "pt_i": 1 }, "geometry": { "type": "Point", "coordinates": [ 99.525325042949618, 15.389526271602675 ] } },
{ "type": "Feature", "properties": { "road_key": "61020000ST225", "road_name": "ถนนสายบ้านคลองชะนี-บ้านสมอทอง", "road_no": "0", "aumpher": "อำเภอห้วยคต", "office": "สาขาหนองฉาง", "branch_code": "61020000", "name_short": "None", "price_new": 250, "price_old": 150, "width_m": 4, "pt_i": 2 }, "geometry": { "type": "Point", "coordinates": [ 99.525724285123431, 15.388547682795581 ] } },
{ "type": "Feature", "properties": { "road_key": "61020000ST225", "road_name": "ถนนสายบ้านคลองชะนี-บ้านสมอทอง", "road_no": "0", "aumpher": "อำเภอห้วยคต", "office": "สาขาหนองฉาง", "branch_code": "61020000", "name_short": "None", "price_new": 250, "price_old": 150, "width_m": 4, "pt_i": 3 }, "geometry": { "type": "Point", "coordinates": [ 99.525655753310886, 15.38746646251135 ] } },
{ "type": "Feature", "properties": { "road_key": "61020000ST225", "road_name": "ถนนสายบ้านคลองชะนี-บ้านสมอทอง", "road_no": "0", "aumpher": "อำเภอห้วยคต", "office": "สาขาหนองฉาง", "branch_code": "61020000", "name_short": "None", "price_new": 250, "price_old": 150, "width_m": 4, "pt_i": 4 }, "geometry": { "type": "Point", "coordinates": [ 99.525464126380982, 15.38639838265312 ] } },
{ "type": "Feature", "properties": { "road_key": "61020000ST225", "road_name": "ถนนสายบ้านคลองชะนี-บ้านสมอทอง", "road_no": "0", "aumpher": "อำเภอห้วยคต", "office": "สาขาหนองฉาง", "branch_code": "61020000", "name_short": "None", "price_new": 250, "price_old": 150, "width_m": 4, "pt_i": 5 }, "geometry": { "type": "Point", "coordinates": [ 99.524977943833946, 15.385424414266755 ] } },
{ "type": "Feature", "properties": { "road_key": "61020000ST225", "road_name": "ถนนสายบ้านคลองชะนี-บ้านสมอทอง", "road_no": "0", "aumpher": "อำเภอห้วยคต", "office": "สาขาหนองฉาง", "branch_code": "61020000", "name_short": "None", "price_new": 250, "price_old": 150, "width_m": 4, "pt_i": 6 }, "geometry": { "type": "Point", "coordinates": [ 99.524321610950338, 15.384552978451906 ] } },
{ "type": "Feature", "properties": { "road_key": "61020000ST225", "road_name": "ถนนสายบ้านคลองชะนี-บ้านสมอทอง", "road_no": "0", "aumpher": "อำเภอห้วยคต", "office": "สาขาหนองฉาง", "branch_code": "61020000", "name_short": "None", "price_new": 250, "price_old": 150, "width_m": 4, "pt_i": 7 }, "geometry": { "type": "Point", "coordinates": [ 99.52368609555289, 15.383674625462886 ] } },
{ "type": "Feature", "properties": { "road_key": "61020000ST225", "road_name": "ถนนสายบ้านคลองชะนี-บ้านสมอทอง", "road_no": "0", "aumpher": "อำเภอห้วยคต", "office": "สาขาหนองฉาง", "branch_code": "61020000", "name_short": "None", "price_new": 250, "price_old": 150, "width_m": 4, "pt_i": 8 }, "geometry": { "type": "Point", "coordinates": [ 99.523146396535893, 15.38282955570476 ] } },
{ "type": "Feature", "properties": { "road_key": "61020000ST225", "road_name": "ถนนสายบ้านคลองชะนี-บ้านสมอทอง", "road_no": "0", "aumpher": "อำเภอห้วยคต", "office": "สาขาหนองฉาง", "branch_code": "61020000", "name_short": "None", "price_new": 250, "price_old": 150, "width_m": 4, "pt_i": 9 }, "geometry": { "type": "Point", "coordinates": [ 99.523645649815521, 15.381858857760099 ] } },
{ "type": "Feature", "properties": { "road_key": "61020000ST225", "road_name": "ถนนสายบ้านคลองชะนี-บ้านสมอทอง", "road_no": "0", "aumpher": "อำเภอห้วยคต", "office": "สาขาหนองฉาง", "branch_code": "61020000", "name_short": "None", "price_new": 250, "price_old": 150, "width_m": 4, "pt_i": 10 }, "geometry": { "type": "Point", "coordinates": [ 99.524058952411963, 15.380853930161688 ] } },
{ "type": "Feature", "properties": { "road_key": "61020000ST225", "road_name": "ถนนสายบ้านคลองชะนี-บ้านสมอทอง", "road_no": "0", "aumpher": "อำเภอห้วยคต", "office": "สาขาหนองฉาง", "branch_code": "61020000", "name_short": "None", "price_new": 250, "price_old": 150, "width_m": 4, "pt_i": 11 }, "geometry": { "type": "Point", "coordinates": [ 99.524183641937114, 15.379776127484631 ] } },
{ "type": "Feature", "properties": { "road_key": "61020000ST225", "road_name": "ถนนสายบ้านคลองชะนี-บ้านสมอทอง", "road_no": "0", "aumpher": "อำเภอห้วยคต", "office": "สาขาหนองฉาง", "branch_code": "61020000", "name_short": "None", "price_new": 250, "price_old": 150, "width_m": 4, "pt_i": 12 }, "geometry": { "type": "Point", "coordinates": [ 99.524087923845812, 15.378722427415957 ] } },
{ "type": "Feature", "properties": { "road_key": "61020000ST225", "road_name": "ถนนสายบ้านคลองชะนี-บ้านสมอทอง", "road_no": "0", "aumpher": "อำเภอห้วยคต", "office": "สาขาหนองฉาง", "branch_code": "61020000", "name_short": "None", "price_new": 250, "price_old": 150, "width_m": 4, "pt_i": 13 }, "geometry": { "type": "Point", "coordinates": [ 99.523549350371241, 15.377772835743226 ] } },
{ "type": "Feature", "properties": { "road_key": "61020000ST225", "road_name": "ถนนสายบ้านคลองชะนี-บ้านสมอทอง", "road_no": "0", "aumpher": "อำเภอห้วยคต", "office": "สาขาหนองฉาง", "branch_code": "61020000", "name_short": "None", "price_new": 250, "price_old": 150, "width_m": 4, "pt_i": 14 }, "geometry": { "type": "Point", "coordinates": [ 99.523288622468044, 15.376789052487096 ] } },
{ "type": "Feature", "properties": { "road_key": "61020000ST225", "road_name": "ถนนสายบ้านคลองชะนี-บ้านสมอทอง", "road_no": "0", "aumpher": "อำเภอห้วยคต", "office": "สาขาหนองฉาง", "branch_code": "61020000", "name_short": "None", "price_new": 250, "price_old": 150, "width_m": 4, "pt_i": 15 }, "geometry": { "type": "Point", "coordinates": [ 99.523603408331795, 15.375755928558426 ] } },
{ "type": "Feature", "properties": { "road_key": "61020000ST225", "road_name": "ถนนสายบ้านคลองชะนี-บ้านสมอทอง", "road_no": "0", "aumpher": "อำเภอห้วยคต", "office": "สาขาหนองฉาง", "branch_code": "61020000", "name_short": "None", "price_new": 250, "price_old": 150, "width_m": 4, "pt_i": 16 }, "geometry": { "type": "Point", "coordinates": [ 99.523627105096082, 15.374671303260454 ] } },
{ "type": "Feature", "properties": { "road_key": "61020000ST225", "road_name": "ถนนสายบ้านคลองชะนี-บ้านสมอทอง", "road_no": "0", "aumpher": "อำเภอห้วยคต", "office": "สาขาหนองฉาง", "branch_code": "61020000", "name_short": "None", "price_new": 250, "price_old": 150, "width_m": 4, "pt_i": 17 }, "geometry": { "type": "Point", "coordinates": [ 99.523647774821953, 15.373586624530267 ] } },
{ "type": "Feature", "properties": { "road_key": "61020000ST225", "road_name": "ถนนสายบ้านคลองชะนี-บ้านสมอทอง", "road_no": "0", "aumpher": "อำเภอห้วยคต", "office": "สาขาหนองฉาง", "branch_code": "61020000", "name_short": "None", "price_new": 250, "price_old": 150, "width_m": 4, "pt_i": 18 }, "geometry": { "type": "Point", "coordinates": [ 99.523899770006153, 15.372618339347717 ] } },
{ "type": "Feature", "properties": { "road_key": "61020000ST225", "road_name": "ถนนสายบ้านคลองชะนี-บ้านสมอทอง", "road_no": "0", "aumpher": "อำเภอห้วยคต", "office": "สาขาหนองฉาง", "branch_code": "61020000", "name_short": "None", "price_new": 250, "price_old": 150, "width_m": 4, "pt_i": 19 }, "geometry": { "type": "Point", "coordinates": [ 99.523650196761409, 15.37159090593159 ] } },
{ "type": "Feature", "properties": { "road_key": "61020000ST225", "road_name": "ถนนสายบ้านคลองชะนี-บ้านสมอทอง", "road_no": "0", "aumpher": "อำเภอห้วยคต", "office": "สาขาหนองฉาง", "branch_code": "61020000", "name_short": "None", "price_new": 250, "price_old": 150, "width_m": 4, "pt_i": 20 }, "geometry": { "type": "Point", "coordinates": [ 99.52332578015077, 15.370562574696592 ] } },
{ "type": "Feature", "properties": { "road_key": "61020000ST225", "road_name": "ถนนสายบ้านคลองชะนี-บ้านสมอทอง", "road_no": "0", "aumpher": "อำเภอห้วยคต", "office": "สาขาหนองฉาง", "branch_code": "61020000", "name_short": "None", "price_new": 250, "price_old": 150, "width_m": 4, "pt_i": 21 }, "geometry": { "type": "Point", "coordinates": [ 99.523287552874351, 15.369500079320254 ] } },
{ "type": "Feature", "properties": { "road_key": "61020000ST225", "road_name": "ถนนสายบ้านคลองชะนี-บ้านสมอทอง", "road_no": "0", "aumpher": "อำเภอห้วยคต", "office": "สาขาหนองฉาง", "branch_code": "61020000", "name_short": "None", "price_new": 250, "price_old": 150, "width_m": 4, "pt_i": 22 }, "geometry": { "type": "Point", "coordinates": [ 99.523130783374953, 15.368426492361861 ] } },
{ "type": "Feature", "properties": { "road_key": "61020000ST225", "road_name": "ถนนสายบ้านคลองชะนี-บ้านสมอทอง", "road_no": "0", "aumpher": "อำเภอห้วยคต", "office": "สาขาหนองฉาง", "branch_code": "61020000", "name_short": "None", "price_new": 250, "price_old": 150, "width_m": 4, "pt_i": 23 }, "geometry": { "type": "Point", "coordinates": [ 99.523775542662861, 15.367585566832423 ] } },
{ "type": "Feature", "properties": { "road_key": "61020000ST225", "road_name": "ถนนสายบ้านคลองชะนี-บ้านสมอทอง", "road_no": "0", "aumpher": "อำเภอห้วยคต", "office": "สาขาหนองฉาง", "branch_code": "61020000", "name_short": "None", "price_new": 250, "price_old": 150, "width_m": 4, "pt_i": 24 }, "geometry": { "type": "Point", "coordinates": [ 99.52456210427377, 15.366814541879426 ] } },
{ "type": "Feature", "properties": { "road_key": "61020000ST225", "road_name": "ถนนสายบ้านคลองชะนี-บ้านสมอทอง", "road_no": "0", "aumpher": "อำเภอห้วยคต", "office": "สาขาหนองฉาง", "branch_code": "61020000", "name_short": "None", "price_new": 250, "price_old": 150, "width_m": 4, "pt_i": 25 }, "geometry": { "type": "Point", "coordinates": [ 99.524897227997883, 15.365917471769155 ] } },
{ "type": "Feature", "properties": { "road_key": "61020000ST225", "road_name": "ถนนสายบ้านคลองชะนี-บ้านสมอทอง", "road_no": "0", "aumpher": "อำเภอห้วยคต", "office": "สาขาหนองฉาง", "branch_code": "61020000", "name_short": "None", "price_new": 250, "price_old": 150, "width_m": 4, "pt_i": 26 }, "geometry": { "type": "Point", "coordinates": [ 99.524633308364287, 15.364863258790574 ] } },
{ "type": "Feature", "properties": { "road_key": "61020000ST225", "road_name": "ถนนสายบ้านคลองชะนี-บ้านสมอทอง", "road_no": "0", "aumpher": "อำเภอห้วยคต", "office": "สาขาหนองฉาง", "branch_code": "61020000", "name_short": "None", "price_new": 250, "price_old": 150, "width_m": 4, "pt_i": 27 }, "geometry": { "type": "Point", "coordinates": [ 99.524407896587547, 15.363801328847913 ] } },
{ "type": "Feature", "properties": { "road_key": "61020000ST225", "road_name": "ถนนสายบ้านคลองชะนี-บ้านสมอทอง", "road_no": "0", "aumpher": "อำเภอห้วยคต", "office": "สาขาหนองฉาง", "branch_code": "61020000", "name_short": "None", "price_new": 250, "price_old": 150, "width_m": 4, "pt_i": 28 }, "geometry": { "type": "Point", "coordinates": [ 99.52421473482589, 15.362733129744603 ] } },
{ "type": "Feature", "properties": { "road_key": "61020000ST225", "road_name": "ถนนสายบ้านคลองชะนี-บ้านสมอทอง", "road_no": "0", "aumpher": "อำเภอห้วยคต", "office": "สาขาหนองฉาง", "branch_code": "61020000", "name_short": "None", "price_new": 250, "price_old": 150, "width_m": 4, "pt_i": 29 }, "geometry": { "type": "Point", "coordinates": [ 99.523881962213736, 15.361697465164234 ] } },
{ "type": "Feature", "properties": { "road_key": "61020000ST225", "road_name": "ถนนสายบ้านคลองชะนี-บ้านสมอทอง", "road_no": "0", "aumpher": "อำเภอห้วยคต", "office": "สาขาหนองฉาง", "branch_code": "61020000", "name_short": "None", "price_new": 250, "price_old": 150, "width_m": 4, "pt_i": 30 }, "geometry": { "type": "Point", "coordinates": [ 99.523555818092603, 15.360659778092312 ] } },
{ "type": "Feature", "properties": { "road_key": "61020000ST225", "road_name": "ถนนสายบ้านคลองชะนี-บ้านสมอทอง", "road_no": "0", "aumpher": "อำเภอห้วยคต", "office": "สาขาหนองฉาง", "branch_code": "61020000", "name_short": "None", "price_new": 250, "price_old": 150, "width_m": 4, "pt_i": 31 }, "geometry": { "type": "Point", "coordinates": [ 99.523253753835604, 15.359618051048324 ] } },
{ "type": "Feature", "properties": { "road_key": "61020000ST225", "road_name": "ถนนสายบ้านคลองชะนี-บ้านสมอทอง", "road_no": "0", "aumpher": "อำเภอห้วยคต", "office": "สาขาหนองฉาง", "branch_code": "61020000", "name_short": "None", "price_new": 250, "price_old": 150, "width_m": 4, "pt_i": 32 }, "geometry": { "type": "Point", "coordinates": [ 99.523327400000184, 15.358538310944855 ] } },
{ "type": "Feature", "properties": { "road_key": "61020000ST225", "road_name": "ถนนสายบ้านคลองชะนี-บ้านสมอทอง", "road_no": "0", "aumpher": "อำเภอห้วยคต", "office": "สาขาหนองฉาง", "branch_code": "61020000", "name_short": "None", "price_new": 250, "price_old": 150, "width_m": 4, "pt_i": 33 }, "geometry": { "type": "Point", "coordinates": [ 99.523392694107102, 15.35745623515129 ] } },
{ "type": "Feature", "properties": { "road_key": "61020000ST225", "road_name": "ถนนสายบ้านคลองชะนี-บ้านสมอทอง", "road_no": "0", "aumpher": "อำเภอห้วยคต", "office": "สาขาหนองฉาง", "branch_code": "61020000", "name_short": "None", "price_new": 250, "price_old": 150, "width_m": 4, "pt_i": 34 }, "geometry": { "type": "Point", "coordinates": [ 99.523367353223847, 15.356372617246642 ] } },
{ "type": "Feature", "properties": { "road_key": "61020000ST225", "road_name": "ถนนสายบ้านคลองชะนี-บ้านสมอทอง", "road_no": "0", "aumpher": "อำเภอห้วยคต", "office": "สาขาหนองฉาง", "branch_code": "61020000", "name_short": "None", "price_new": 250, "price_old": 150, "width_m": 4, "pt_i": 35 }, "geometry": { "type": "Point", "coordinates": [ 99.523870388014913, 15.355447837278584 ] } },
{ "type": "Feature", "properties": { "road_key": "61020000ST225", "road_name": "ถนนสายบ้านคลองชะนี-บ้านสมอทอง", "road_no": "0", "aumpher": "อำเภอห้วยคต", "office": "สาขาหนองฉาง", "branch_code": "61020000", "name_short": "None", "price_new": 250, "price_old": 150, "width_m": 4, "pt_i": 36 }, "geometry": { "type": "Point", "coordinates": [ 99.524732103304075, 15.354762615376909 ] } },
{ "type": "Feature", "properties": { "road_key": "61020000ST225", "road_name": "ถนนสายบ้านคลองชะนี-บ้านสมอทอง", "road_no": "0", "aumpher": "อำเภอห้วยคต", "office": "สาขาหนองฉาง", "branch_code": "61020000", "name_short": "None", "price_new": 250, "price_old": 150, "width_m": 4, "pt_i": 37 }, "geometry": { "type": "Point", "coordinates": [ 99.52549067402137, 15.353978216729841 ] } },
{ "type": "Feature", "properties": { "road_key": "61020000ST225", "road_name": "ถนนสายบ้านคลองชะนี-บ้านสมอทอง", "road_no": "0", "aumpher": "อำเภอห้วยคต", "office": "สาขาหนองฉาง", "branch_code": "61020000", "name_short": "None", "price_new": 250, "price_old": 150, "width_m": 4, "pt_i": 38 }, "geometry": { "type": "Point", "coordinates": [ 99.52610317213589, 15.353071688896613 ] } },
{ "type": "Feature", "properties": { "road_key": "61020000ST226", "road_name": "ถนนสายวัดป่ามาก-บ้านสุขฤทัย", "road_no": "0", "aumpher": "อำเภอห้วยคต", "office": "สาขาหนองฉาง", "branch_code": "61020000", "name_short": "None", "price_new": 300, "price_old": 150, "width_m": 6, "pt_i": 0 }, "geometry": { "type": "Point", "coordinates": [ 99.613917428163191, 15.288257032374332 ] } },
{ "type": "Feature", "properties": { "road_key": "61020000ST226", "road_name": "ถนนสายวัดป่ามาก-บ้านสุขฤทัย", "road_no": "0", "aumpher": "อำเภอห้วยคต", "office": "สาขาหนองฉาง", "branch_code": "61020000", "name_short": "None", "price_new": 300, "price_old": 150, "width_m": 6, "pt_i": 1 }, "geometry": { "type": "Point", "coordinates": [ 99.614487750771218, 15.287324047095819 ] } },
{ "type": "Feature", "properties": { "road_key": "61020000ST226", "road_name": "ถนนสายวัดป่ามาก-บ้านสุขฤทัย", "road_no": "0", "aumpher": "อำเภอห้วยคต", "office": "สาขาหนองฉาง", "branch_code": "61020000", "name_short": "None", "price_new": 300, "price_old": 150, "width_m": 6, "pt_i": 2 }, "geometry": { "type": "Point", "coordinates": [ 99.615058068438444, 15.286391060473608 ] } },
{ "type": "Feature", "properties": { "road_key": "61020000ST226", "road_name": "ถนนสายวัดป่ามาก-บ้านสุขฤทัย", "road_no": "0", "aumpher": "อำเภอห้วยคต", "office": "สาขาหนองฉาง", "branch_code": "61020000", "name_short": "None", "price_new": 300, "price_old": 150, "width_m": 6, "pt_i": 3 }, "geometry": { "type": "Point", "coordinates": [ 99.615628381165337, 15.28545807250798 ] } },
{ "type": "Feature", "properties": { "road_key": "61020000ST226", "road_name": "ถนนสายวัดป่ามาก-บ้านสุขฤทัย", "road_no": "0", "aumpher": "อำเภอห้วยคต", "office": "สาขาหนองฉาง", "branch_code": "61020000", "name_short": "None", "price_new": 300, "price_old": 150, "width_m": 6, "pt_i": 4 }, "geometry": { "type": "Point", "coordinates": [ 99.6162078562798, 15.284530488713873 ] } },
{ "type": "Feature", "properties": { "road_key": "61020000ST226", "road_name": "ถนนสายวัดป่ามาก-บ้านสุขฤทัย", "road_no": "0", "aumpher": "อำเภอห้วยคต", "office": "สาขาหนองฉาง", "branch_code": "61020000", "name_short": "None", "price_new": 300, "price_old": 150, "width_m": 6, "pt_i": 5 }, "geometry": { "type": "Point", "coordinates": [ 99.616797985210241, 15.283609188492202 ] } },
{ "type": "Feature", "properties": { "road_key": "61020000ST226", "road_name": "ถนนสายวัดป่ามาก-บ้านสุขฤทัย", "road_no": "0", "aumpher": "อำเภอห้วยคต", "office": "สาขาหนองฉาง", "branch_code": "61020000", "name_short": "None", "price_new": 300, "price_old": 150, "width_m": 6, "pt_i": 6 }, "geometry": { "type": "Point", "coordinates": [ 99.617430204508281, 15.282715491580662 ] } },
{ "type": "Feature", "properties": { "road_key": "61020000ST226", "road_name": "ถนนสายวัดป่ามาก-บ้านสุขฤทัย", "road_no": "0", "aumpher": "อำเภอห้วยคต", "office": "สาขาหนองฉาง", "branch_code": "61020000", "name_short": "None", "price_new": 300, "price_old": 150, "width_m": 6, "pt_i": 7 }, "geometry": { "type": "Point", "coordinates": [ 99.618090466332376, 15.281840185770687 ] } },
{ "type": "Feature", "properties": { "road_key": "61020000ST226", "road_name": "ถนนสายวัดป่ามาก-บ้านสุขฤทัย", "road_no": "0", "aumpher": "อำเภอห้วยคต", "office": "สาขาหนองฉาง", "branch_code": "61020000", "name_short": "None", "price_new": 300, "price_old": 150, "width_m": 6, "pt_i": 8 }, "geometry": { "type": "Point", "coordinates": [ 99.618735487939276, 15.280954573402395 ] } },
{ "type": "Feature", "properties": { "road_key": "61020000ST226", "road_name": "ถนนสายวัดป่ามาก-บ้านสุขฤทัย", "road_no": "0", "aumpher": "อำเภอห้วยคต", "office": "สาขาหนองฉาง", "branch_code": "61020000", "name_short": "None", "price_new": 300, "price_old": 150, "width_m": 6, "pt_i": 9 }, "geometry": { "type": "Point", "coordinates": [ 99.619383351271651, 15.280072352427521 ] } },
{ "type": "Feature", "properties": { "road_key": "61020000ST226", "road_name": "ถนนสายวัดป่ามาก-บ้านสุขฤทัย", "road_no": "0", "aumpher": "อำเภอห้วยคต", "office": "สาขาหนองฉาง", "branch_code": "61020000", "name_short": "None", "price_new": 300, "price_old": 150, "width_m": 6, "pt_i": 10 }, "geometry": { "type": "Point", "coordinates": [ 99.620101328928328, 15.279240971249607 ] } },
{ "type": "Feature", "properties": { "road_key": "61020000ST226", "road_name": "ถนนสายวัดป่ามาก-บ้านสุขฤทัย", "road_no": "0", "aumpher": "อำเภอห้วยคต", "office": "สาขาหนองฉาง", "branch_code": "61020000", "name_short": "None", "price_new": 300, "price_old": 150, "width_m": 6, "pt_i": 11 }, "geometry": { "type": "Point", "coordinates": [ 99.620821285609964, 15.278411205677603 ] } },
{ "type": "Feature", "properties": { "road_key": "61020000ST226", "road_name": "ถนนสายวัดป่ามาก-บ้านสุขฤทัย", "road_no": "0", "aumpher": "อำเภอห้วยคต", "office": "สาขาหนองฉาง", "branch_code": "61020000", "name_short": "None", "price_new": 300, "price_old": 150, "width_m": 6, "pt_i": 12 }, "geometry": { "type": "Point", "coordinates": [ 99.621540392980407, 15.277580749915082 ] } },
{ "type": "Feature", "properties": { "road_key": "61020000ST226", "road_name": "ถนนสายวัดป่ามาก-บ้านสุขฤทัย", "road_no": "0", "aumpher": "อำเภอห้วยคต", "office": "สาขาหนองฉาง", "branch_code": "61020000", "name_short": "None", "price_new": 300, "price_old": 150, "width_m": 6, "pt_i": 13 }, "geometry": { "type": "Point", "coordinates": [ 99.622258203368659, 15.276749238892357 ] } },
{ "type": "Feature", "properties": { "road_key": "61020000ST226", "road_name": "ถนนสายวัดป่ามาก-บ้านสุขฤทัย", "road_no": "0", "aumpher": "อำเภอห้วยคต", "office": "สาขาหนองฉาง", "branch_code": "61020000", "name_short": "None", "price_new": 300, "price_old": 150, "width_m": 6, "pt_i": 14 }, "geometry": { "type": "Point", "coordinates": [ 99.622998416931793, 15.275936592659264 ] } },
{ "type": "Feature", "properties": { "road_key": "61020000ST226", "road_name": "ถนนสายวัดป่ามาก-บ้านสุขฤทัย", "road_no": "0", "aumpher": "อำเภอห้วยคต", "office": "สาขาหนองฉาง", "branch_code": "61020000", "name_short": "None", "price_new": 300, "price_old": 150, "width_m": 6, "pt_i": 15 }, "geometry": { "type": "Point", "coordinates": [ 99.623521614216131, 15.274980885461224 ] } },
{ "type": "Feature", "properties": { "road_key": "61020000ST226", "road_name": "ถนนสายวัดป่ามาก-บ้านสุขฤทัย", "road_no": "0", "aumpher": "อำเภอห้วยคต", "office": "สาขาหนองฉาง", "branch_code": "61020000", "name_short": "None", "price_new": 300, "price_old": 150, "width_m": 6, "pt_i": 16 }, "geometry": { "type": "Point", "coordinates": [ 99.624008497035661, 15.274004398761022 ] } },
{ "type": "Feature", "properties": { "road_key": "61020000ST226", "road_name": "ถนนสายวัดป่ามาก-บ้านสุขฤทัย", "road_no": "0", "aumpher": "อำเภอห้วยคต", "office": "สาขาหนองฉาง", "branch_code": "61020000", "name_short": "None", "price_new": 300, "price_old": 150, "width_m": 6, "pt_i": 17 }, "geometry": { "type": "Point", "coordinates": [ 99.624494510605359, 15.273027495743442 ] } },
{ "type": "Feature", "properties": { "road_key": "61020000ST226", "road_name": "ถนนสายวัดป่ามาก-บ้านสุขฤทัย", "road_no": "0", "aumpher": "อำเภอห้วยคต", "office": "สาขาหนองฉาง", "branch_code": "61020000", "name_short": "None", "price_new": 300, "price_old": 150, "width_m": 6, "pt_i": 18 }, "geometry": { "type": "Point", "coordinates": [ 99.62499299886322, 15.272056562115752 ] } },
{ "type": "Feature", "properties": { "road_key": "61020000ST226", "road_name": "ถนนสายวัดป่ามาก-บ้านสุขฤทัย", "road_no": "0", "aumpher": "อำเภอห้วยคต", "office": "สาขาหนองฉาง", "branch_code": "61020000", "name_short": "None", "price_new": 300, "price_old": 150, "width_m": 6, "pt_i": 19 }, "geometry": { "type": "Point", "coordinates": [ 99.625495059449847, 15.271087338707941 ] } },
{ "type": "Feature", "properties": { "road_key": "61020000ST226", "road_name": "ถนนสายวัดป่ามาก-บ้านสุขฤทัย", "road_no": "0", "aumpher": "อำเภอห้วยคต", "office": "สาขาหนองฉาง", "branch_code": "61020000", "name_short": "None", "price_new": 300, "price_old": 150, "width_m": 6, "pt_i": 20 }, "geometry": { "type": "Point", "coordinates": [ 99.625997115560196, 15.270118114265641 ] } },
{ "type": "Feature", "properties": { "road_key": "61020000ST226", "road_name": "ถนนสายวัดป่ามาก-บ้านสุขฤทัย", "road_no": "0", "aumpher": "อำเภอห้วยคต", "office": "สาขาหนองฉาง", "branch_code": "61020000", "name_short": "None", "price_new": 300, "price_old": 150, "width_m": 6, "pt_i": 21 }, "geometry": { "type": "Point", "coordinates": [ 99.626464039152239, 15.269132771659496 ] } },
{ "type": "Feature", "properties": { "road_key": "61020000ST233", "road_name": "ถนนในชุมชนบ้านกกงิ้ว (1)", "road_no": "0", "aumpher": "อำเภอห้วยคต", "office": "สาขาหนองฉาง", "branch_code": "61020000", "name_short": "None", "price_new": 250, "price_old": 150, "width_m": 4, "pt_i": 0 }, "geometry": { "type": "Point", "coordinates": [ 99.645550978805176, 15.30324216054138 ] } },
{ "type": "Feature", "properties": { "road_key": "61020000ST233", "road_name": "ถนนในชุมชนบ้านกกงิ้ว (1)", "road_no": "0", "aumpher": "อำเภอห้วยคต", "office": "สาขาหนองฉาง", "branch_code": "61020000", "name_short": "None", "price_new": 250, "price_old": 150, "width_m": 4, "pt_i": 1 }, "geometry": { "type": "Point", "coordinates": [ 99.644661625156871, 15.302593124759488 ] } },
{ "type": "Feature", "properties": { "road_key": "61020000ST233", "road_name": "ถนนในชุมชนบ้านกกงิ้ว (1)", "road_no": "0", "aumpher": "อำเภอห้วยคต", "office": "สาขาหนองฉาง", "branch_code": "61020000", "name_short": "None", "price_new": 250, "price_old": 150, "width_m": 4, "pt_i": 2 }, "geometry": { "type": "Point", "coordinates": [ 99.644166608178423, 15.301636719548757 ] } },
{ "type": "Feature", "properties": { "road_key": "61020000ST233", "road_name": "ถนนในชุมชนบ้านกกงิ้ว (1)", "road_no": "0", "aumpher": "อำเภอห้วยคต", "office": "สาขาหนองฉาง", "branch_code": "61020000", "name_short": "None", "price_new": 250, "price_old": 150, "width_m": 4, "pt_i": 0 }, "geometry": { "type": "Point", "coordinates": [ 99.645550978805176, 15.30324216054138 ] } },
{ "type": "Feature", "properties": { "road_key": "61020000ST233", "road_name": "ถนนในชุมชนบ้านกกงิ้ว (1)", "road_no": "0", "aumpher": "อำเภอห้วยคต", "office": "สาขาหนองฉาง", "branch_code": "61020000", "name_short": "None", "price_new": 250, "price_old": 150, "width_m": 4, "pt_i": 1 }, "geometry": { "type": "Point", "coordinates": [ 99.644782093807592, 15.304013348343867 ] } },
{ "type": "Feature", "properties": { "road_key": "61020000ST233", "road_name": "ถนนในชุมชนบ้านกกงิ้ว (1)", "road_no": "0", "aumpher": "อำเภอห้วยคต", "office": "สาขาหนองฉาง", "branch_code": "61020000", "name_short": "None", "price_new": 250, "price_old": 150, "width_m": 4, "pt_i": 2 }, "geometry": { "type": "Point", "coordinates": [ 99.643974849410313, 15.304755261868543 ] } },
{ "type": "Feature", "properties": { "road_key": "61020000ST233", "road_name": "ถนนในชุมชนบ้านกกงิ้ว (1)", "road_no": "0", "aumpher": "อำเภอห้วยคต", "office": "สาขาหนองฉาง", "branch_code": "61020000", "name_short": "None", "price_new": 250, "price_old": 150, "width_m": 4, "pt_i": 3 }, "geometry": { "type": "Point", "coordinates": [ 99.642982279028345, 15.304362963847439 ] } },
{ "type": "Feature", "properties": { "road_key": "61020000ST233", "road_name": "ถนนในชุมชนบ้านกกงิ้ว (1)", "road_no": "0", "aumpher": "อำเภอห้วยคต", "office": "สาขาหนองฉาง", "branch_code": "61020000", "name_short": "None", "price_new": 250, "price_old": 150, "width_m": 4, "pt_i": 4 }, "geometry": { "type": "Point", "coordinates": [ 99.642297348592365, 15.303558385002017 ] } },
{ "type": "Feature", "properties": { "road_key": "61020000ST233", "road_name": "ถนนในชุมชนบ้านกกงิ้ว (1)", "road_no": "0", "aumpher": "อำเภอห้วยคต", "office": "สาขาหนองฉาง", "branch_code": "61020000", "name_short": "None", "price_new": 250, "price_old": 150, "width_m": 4, "pt_i": 5 }, "geometry": { "type": "Point", "coordinates": [ 99.641194000408916, 15.303460219928134 ] } },
{ "type": "Feature", "properties": { "road_key": "61020000ST233", "road_name": "ถนนในชุมชนบ้านกกงิ้ว (1)", "road_no": "0", "aumpher": "อำเภอห้วยคต", "office": "สาขาหนองฉาง", "branch_code": "61020000", "name_short": "None", "price_new": 250, "price_old": 150, "width_m": 4, "pt_i": 6 }, "geometry": { "type": "Point", "coordinates": [ 99.6405594645245, 15.302726209991151 ] } },
{ "type": "Feature", "properties": { "road_key": "61020000ST233", "road_name": "ถนนในชุมชนบ้านกกงิ้ว (1)", "road_no": "0", "aumpher": "อำเภอห้วยคต", "office": "สาขาหนองฉาง", "branch_code": "61020000", "name_short": "None", "price_new": 250, "price_old": 150, "width_m": 4, "pt_i": 7 }, "geometry": { "type": "Point", "coordinates": [ 99.639681448653604, 15.302455992743543 ] } },
{ "type": "Feature", "properties": { "road_key": "61020000ST233", "road_name": "ถนนในชุมชนบ้านกกงิ้ว (1)", "road_no": "0", "aumpher": "อำเภอห้วยคต", "office": "สาขาหนองฉาง", "branch_code": "61020000", "name_short": "None", "price_new": 250, "price_old": 150, "width_m": 4, "pt_i": 8 }, "geometry": { "type": "Point", "coordinates": [ 99.638628841255553, 15.302820742304792 ] } },
{ "type": "Feature", "properties": { "road_key": "61020000ST233", "road_name": "ถนนในชุมชนบ้านกกงิ้ว (1)", "road_no": "0", "aumpher": "อำเภอห้วยคต", "office": "สาขาหนองฉาง", "branch_code": "61020000", "name_short": "None", "price_new": 250, "price_old": 150, "width_m": 4, "pt_i": 9 }, "geometry": { "type": "Point", "coordinates": [ 99.637876782356471, 15.303405571242964 ] } },
{ "type": "Feature", "properties": { "road_key": "61020000ST233", "road_name": "ถนนในชุมชนบ้านกกงิ้ว (1)", "road_no": "0", "aumpher": "อำเภอห้วยคต", "office": "สาขาหนองฉาง", "branch_code": "61020000", "name_short": "None", "price_new": 250, "price_old": 150, "width_m": 4, "pt_i": 10 }, "geometry": { "type": "Point", "coordinates": [ 99.637773667486613, 15.304340219370188 ] } },
{ "type": "Feature", "properties": { "road_key": "61020000ST233", "road_name": "ถนนในชุมชนบ้านกกงิ้ว (1)", "road_no": "0", "aumpher": "อำเภอห้วยคต", "office": "สาขาหนองฉาง", "branch_code": "61020000", "name_short": "None", "price_new": 250, "price_old": 150, "width_m": 4, "pt_i": 11 }, "geometry": { "type": "Point", "coordinates": [ 99.636665036799613, 15.304253193830757 ] } },
{ "type": "Feature", "properties": { "road_key": "61020000ST233", "road_name": "ถนนในชุมชนบ้านกกงิ้ว (1)", "road_no": "0", "aumpher": "อำเภอห้วยคต", "office": "สาขาหนองฉาง", "branch_code": "61020000", "name_short": "None", "price_new": 250, "price_old": 150, "width_m": 4, "pt_i": 12 }, "geometry": { "type": "Point", "coordinates": [ 99.635815268967306, 15.304881995961694 ] } },
{ "type": "Feature", "properties": { "road_key": "61020000ST233", "road_name": "ถนนในชุมชนบ้านกกงิ้ว (1)", "road_no": "0", "aumpher": "อำเภอห้วยคต", "office": "สาขาหนองฉาง", "branch_code": "61020000", "name_short": "None", "price_new": 250, "price_old": 150, "width_m": 4, "pt_i": 0 }, "geometry": { "type": "Point", "coordinates": [ 99.653515736691844, 15.30381292163959 ] } },
{ "type": "Feature", "properties": { "road_key": "61020000ST233", "road_name": "ถนนในชุมชนบ้านกกงิ้ว (1)", "road_no": "0", "aumpher": "อำเภอห้วยคต", "office": "สาขาหนองฉาง", "branch_code": "61020000", "name_short": "None", "price_new": 250, "price_old": 150, "width_m": 4, "pt_i": 1 }, "geometry": { "type": "Point", "coordinates": [ 99.652406937709245, 15.303949069854157 ] } },
{ "type": "Feature", "properties": { "road_key": "61020000ST233", "road_name": "ถนนในชุมชนบ้านกกงิ้ว (1)", "road_no": "0", "aumpher": "อำเภอห้วยคต", "office": "สาขาหนองฉาง", "branch_code": "61020000", "name_short": "None", "price_new": 250, "price_old": 150, "width_m": 4, "pt_i": 2 }, "geometry": { "type": "Point", "coordinates": [ 99.651338450390227, 15.304250419118491 ] } },
{ "type": "Feature", "properties": { "road_key": "61020000ST233", "road_name": "ถนนในชุมชนบ้านกกงิ้ว (1)", "road_no": "0", "aumpher": "อำเภอห้วยคต", "office": "สาขาหนองฉาง", "branch_code": "61020000", "name_short": "None", "price_new": 250, "price_old": 150, "width_m": 4, "pt_i": 3 }, "geometry": { "type": "Point", "coordinates": [ 99.650515951662626, 15.304799219039829 ] } },
{ "type": "Feature", "properties": { "road_key": "61020000ST233", "road_name": "ถนนในชุมชนบ้านกกงิ้ว (1)", "road_no": "0", "aumpher": "อำเภอห้วยคต", "office": "สาขาหนองฉาง", "branch_code": "61020000", "name_short": "None", "price_new": 250, "price_old": 150, "width_m": 4, "pt_i": 4 }, "geometry": { "type": "Point", "coordinates": [ 99.649400874774287, 15.30473104356617 ] } },
{ "type": "Feature", "properties": { "road_key": "61020000ST233", "road_name": "ถนนในชุมชนบ้านกกงิ้ว (1)", "road_no": "0", "aumpher": "อำเภอห้วยคต", "office": "สาขาหนองฉาง", "branch_code": "61020000", "name_short": "None", "price_new": 250, "price_old": 150, "width_m": 4, "pt_i": 5 }, "geometry": { "type": "Point", "coordinates": [ 99.6483424568641, 15.304951153731487 ] } },
{ "type": "Feature", "properties": { "road_key": "61020000ST233", "road_name": "ถนนในชุมชนบ้านกกงิ้ว (1)", "road_no": "0", "aumpher": "อำเภอห้วยคต", "office": "สาขาหนองฉาง", "branch_code": "61020000", "name_short": "None", "price_new": 250, "price_old": 150, "width_m": 4, "pt_i": 6 }, "geometry": { "type": "Point", "coordinates": [ 99.647305734633647, 15.304834858439341 ] } },
{ "type": "Feature", "properties": { "road_key": "61020000ST233", "road_name": "ถนนในชุมชนบ้านกกงิ้ว (1)", "road_no": "0", "aumpher": "อำเภอห้วยคต", "office": "สาขาหนองฉาง", "branch_code": "61020000", "name_short": "None", "price_new": 250, "price_old": 150, "width_m": 4, "pt_i": 7 }, "geometry": { "type": "Point", "coordinates": [ 99.646502748049642, 15.304081057465357 ] } },
{ "type": "Feature", "properties": { "road_key": "61020000ST233", "road_name": "ถนนในชุมชนบ้านกกงิ้ว (1)", "road_no": "0", "aumpher": "อำเภอห้วยคต", "office": "สาขาหนองฉาง", "branch_code": "61020000", "name_short": "None", "price_new": 250, "price_old": 150, "width_m": 4, "pt_i": 8 }, "geometry": { "type": "Point", "coordinates": [ 99.645763016954746, 15.303314109007204 ] } },
{ "type": "Feature", "properties": { "road_key": "61020000ST233", "road_name": "ถนนในชุมชนบ้านกกงิ้ว (1)", "road_no": "0", "aumpher": "อำเภอห้วยคต", "office": "สาขาหนองฉาง", "branch_code": "61020000", "name_short": "None", "price_new": 250, "price_old": 150, "width_m": 4, "pt_i": 0 }, "geometry": { "type": "Point", "coordinates": [ 99.631884278371629, 15.30528088257226 ] } },
{ "type": "Feature", "properties": { "road_key": "61020000ST233", "road_name": "ถนนในชุมชนบ้านกกงิ้ว (1)", "road_no": "0", "aumpher": "อำเภอห้วยคต", "office": "สาขาหนองฉาง", "branch_code": "61020000", "name_short": "None", "price_new": 250, "price_old": 150, "width_m": 4, "pt_i": 1 }, "geometry": { "type": "Point", "coordinates": [ 99.630777242305712, 15.305365202565755 ] } },
{ "type": "Feature", "properties": { "road_key": "61020000ST233", "road_name": "ถนนในชุมชนบ้านกกงิ้ว (1)", "road_no": "0", "aumpher": "อำเภอห้วยคต", "office": "สาขาหนองฉาง", "branch_code": "61020000", "name_short": "None", "price_new": 250, "price_old": 150, "width_m": 4, "pt_i": 2 }, "geometry": { "type": "Point", "coordinates": [ 99.630576500217671, 15.304316900232203 ] } },
{ "type": "Feature", "properties": { "road_key": "61020000ST233", "road_name": "ถนนในชุมชนบ้านกกงิ้ว (1)", "road_no": "0", "aumpher": "อำเภอห้วยคต", "office": "สาขาหนองฉาง", "branch_code": "61020000", "name_short": "None", "price_new": 250, "price_old": 150, "width_m": 4, "pt_i": 3 }, "geometry": { "type": "Point", "coordinates": [ 99.630335296752421, 15.303258148882087 ] } },
{ "type": "Feature", "properties": { "road_key": "61020000ST233", "road_name": "ถนนในชุมชนบ้านกกงิ้ว (1)", "road_no": "0", "aumpher": "อำเภอห้วยคต", "office": "สาขาหนองฉาง", "branch_code": "61020000", "name_short": "None", "price_new": 250, "price_old": 150, "width_m": 4, "pt_i": 4 }, "geometry": { "type": "Point", "coordinates": [ 99.629984017353152, 15.302233802008553 ] } },
{ "type": "Feature", "properties": { "road_key": "61020000ST233", "road_name": "ถนนในชุมชนบ้านกกงิ้ว (1)", "road_no": "0", "aumpher": "อำเภอห้วยคต", "office": "สาขาหนองฉาง", "branch_code": "61020000", "name_short": "None", "price_new": 250, "price_old": 150, "width_m": 4, "pt_i": 5 }, "geometry": { "type": "Point", "coordinates": [ 99.629400793240038, 15.301308343543036 ] } },
{ "type": "Feature", "properties": { "road_key": "61020000ST233", "road_name": "ถนนในชุมชนบ้านกกงิ้ว (1)", "road_no": "0", "aumpher": "อำเภอห้วยคต", "office": "สาขาหนองฉาง", "branch_code": "61020000", "name_short": "None", "price_new": 250, "price_old": 150, "width_m": 4, "pt_i": 6 }, "geometry": { "type": "Point", "coordinates": [ 99.628932326800026, 15.300326928244163 ] } },
{ "type": "Feature", "properties": { "road_key": "61020000ST233", "road_name": "ถนนในชุมชนบ้านกกงิ้ว (1)", "road_no": "0", "aumpher": "อำเภอห้วยคต", "office": "สาขาหนองฉาง", "branch_code": "61020000", "name_short": "None", "price_new": 250, "price_old": 150, "width_m": 4, "pt_i": 7 }, "geometry": { "type": "Point", "coordinates": [ 99.628536351056624, 15.299312808109859 ] } },
{ "type": "Feature", "properties": { "road_key": "61020000ST233", "road_name": "ถนนในชุมชนบ้านกกงิ้ว (1)", "road_no": "0", "aumpher": "อำเภอห้วยคต", "office": "สาขาหนองฉาง", "branch_code": "61020000", "name_short": "None", "price_new": 250, "price_old": 150, "width_m": 4, "pt_i": 8 }, "geometry": { "type": "Point", "coordinates": [ 99.628307892247946, 15.298255254522561 ] } },
{ "type": "Feature", "properties": { "road_key": "61020000ST233", "road_name": "ถนนในชุมชนบ้านกกงิ้ว (1)", "road_no": "0", "aumpher": "อำเภอห้วยคต", "office": "สาขาหนองฉาง", "branch_code": "61020000", "name_short": "None", "price_new": 250, "price_old": 150, "width_m": 4, "pt_i": 9 }, "geometry": { "type": "Point", "coordinates": [ 99.628197654102138, 15.297175723667822 ] } },
{ "type": "Feature", "properties": { "road_key": "61020000ST233", "road_name": "ถนนในชุมชนบ้านกกงิ้ว (1)", "road_no": "0", "aumpher": "อำเภอห้วยคต", "office": "สาขาหนองฉาง", "branch_code": "61020000", "name_short": "None", "price_new": 250, "price_old": 150, "width_m": 4, "pt_i": 0 }, "geometry": { "type": "Point", "coordinates": [ 99.631884278371629, 15.30528088257226 ] } },
{ "type": "Feature", "properties": { "road_key": "61020000ST233", "road_name": "ถนนในชุมชนบ้านกกงิ้ว (1)", "road_no": "0", "aumpher": "อำเภอห้วยคต", "office": "สาขาหนองฉาง", "branch_code": "61020000", "name_short": "None", "price_new": 250, "price_old": 150, "width_m": 4, "pt_i": 1 }, "geometry": { "type": "Point", "coordinates": [ 99.63204755625955, 15.306354101654811 ] } },
{ "type": "Feature", "properties": { "road_key": "61020000ST233", "road_name": "ถนนในชุมชนบ้านกกงิ้ว (1)", "road_no": "0", "aumpher": "อำเภอห้วยคต", "office": "สาขาหนองฉาง", "branch_code": "61020000", "name_short": "None", "price_new": 250, "price_old": 150, "width_m": 4, "pt_i": 2 }, "geometry": { "type": "Point", "coordinates": [ 99.632141312418383, 15.307434046430629 ] } },
{ "type": "Feature", "properties": { "road_key": "61020000ST233", "road_name": "ถนนในชุมชนบ้านกกงิ้ว (1)", "road_no": "0", "aumpher": "อำเภอห้วยคต", "office": "สาขาหนองฉาง", "branch_code": "61020000", "name_short": "None", "price_new": 250, "price_old": 150, "width_m": 4, "pt_i": 3 }, "geometry": { "type": "Point", "coordinates": [ 99.632334992021754, 15.308484732803345 ] } },
{ "type": "Feature", "properties": { "road_key": "61020000ST233", "road_name": "ถนนในชุมชนบ้านกกงิ้ว (1)", "road_no": "0", "aumpher": "อำเภอห้วยคต", "office": "สาขาหนองฉาง", "branch_code": "61020000", "name_short": "None", "price_new": 250, "price_old": 150, "width_m": 4, "pt_i": 4 }, "geometry": { "type": "Point", "coordinates": [ 99.633232028313614, 15.308735771162079 ] } },
{ "type": "Feature", "properties": { "road_key": "61020000ST233", "road_name": "ถนนในชุมชนบ้านกกงิ้ว (1)", "road_no": "0", "aumpher": "อำเภอห้วยคต", "office": "สาขาหนองฉาง", "branch_code": "61020000", "name_short": "None", "price_new": 250, "price_old": 150, "width_m": 4, "pt_i": 5 }, "geometry": { "type": "Point", "coordinates": [ 99.63429800659398, 15.308698533228558 ] } },
{ "type": "Feature", "properties": { "road_key": "61020000ST233", "road_name": "ถนนในชุมชนบ้านกกงิ้ว (1)", "road_no": "0", "aumpher": "อำเภอห้วยคต", "office": "สาขาหนองฉาง", "branch_code": "61020000", "name_short": "None", "price_new": 250, "price_old": 150, "width_m": 4, "pt_i": 6 }, "geometry": { "type": "Point", "coordinates": [ 99.634854349202129, 15.309633949169337 ] } },
{ "type": "Feature", "properties": { "road_key": "61020000ST233", "road_name": "ถนนในชุมชนบ้านกกงิ้ว (1)", "road_no": "0", "aumpher": "อำเภอห้วยคต", "office": "สาขาหนองฉาง", "branch_code": "61020000", "name_short": "None", "price_new": 250, "price_old": 150, "width_m": 4, "pt_i": 7 }, "geometry": { "type": "Point", "coordinates": [ 99.635782695356085, 15.30987574915541 ] } },
{ "type": "Feature", "properties": { "road_key": "61020000ST233", "road_name": "ถนนในชุมชนบ้านกกงิ้ว (1)", "road_no": "0", "aumpher": "อำเภอห้วยคต", "office": "สาขาหนองฉาง", "branch_code": "61020000", "name_short": "None", "price_new": 250, "price_old": 150, "width_m": 4, "pt_i": 8 }, "geometry": { "type": "Point", "coordinates": [ 99.63678700345281, 15.309417146476639 ] } },
{ "type": "Feature", "properties": { "road_key": "61020000ST233", "road_name": "ถนนในชุมชนบ้านกกงิ้ว (1)", "road_no": "0", "aumpher": "อำเภอห้วยคต", "office": "สาขาหนองฉาง", "branch_code": "61020000", "name_short": "None", "price_new": 250, "price_old": 150, "width_m": 4, "pt_i": 9 }, "geometry": { "type": "Point", "coordinates": [ 99.637217383924863, 15.310320518495933 ] } },
{ "type": "Feature", "properties": { "road_key": "61020000ST233", "road_name": "ถนนในชุมชนบ้านกกงิ้ว (1)", "road_no": "0", "aumpher": "อำเภอห้วยคต", "office": "สาขาหนองฉาง", "branch_code": "61020000", "name_short": "None", "price_new": 250, "price_old": 150, "width_m": 4, "pt_i": 10 }, "geometry": { "type": "Point", "coordinates": [ 99.637383627662444, 15.311148471994953 ] } },
{ "type": "Feature", "properties": { "road_key": "61020000ST233", "road_name": "ถนนในชุมชนบ้านกกงิ้ว (1)", "road_no": "0", "aumpher": "อำเภอห้วยคต", "office": "สาขาหนองฉาง", "branch_code": "61020000", "name_short": "None", "price_new": 250, "price_old": 150, "width_m": 4, "pt_i": 11 }, "geometry": { "type": "Point", "coordinates": [ 99.638384343713071, 15.310667016672964 ] } },
{ "type": "Feature", "properties": { "road_key": "61020000ST233", "road_name": "ถนนในชุมชนบ้านกกงิ้ว (1)", "road_no": "0", "aumpher": "อำเภอห้วยคต", "office": "สาขาหนองฉาง", "branch_code": "61020000", "name_short": "None", "price_new": 250, "price_old": 150, "width_m": 4, "pt_i": 12 }, "geometry": { "type": "Point", "coordinates": [ 99.639423804651344, 15.310272687485948 ] } },
{ "type": "Feature", "properties": { "road_key": "61020000ST233", "road_name": "ถนนในชุมชนบ้านกกงิ้ว (1)", "road_no": "0", "aumpher": "อำเภอห้วยคต", "office": "สาขาหนองฉาง", "branch_code": "61020000", "name_short": "None", "price_new": 250, "price_old": 150, "width_m": 4, "pt_i": 0 }, "geometry": { "type": "Point", "coordinates": [ 99.635374506445089, 15.30545278490472 ] } },
{ "type": "Feature", "properties": { "road_key": "61020000ST233", "road_name": "ถนนในชุมชนบ้านกกงิ้ว (1)", "road_no": "0", "aumpher": "อำเภอห้วยคต", "office": "สาขาหนองฉาง", "branch_code": "61020000", "name_short": "None", "price_new": 250, "price_old": 150, "width_m": 4, "pt_i": 1 }, "geometry": { "type": "Point", "coordinates": [ 99.634308923448827, 15.305137558858151 ] } },
{ "type": "Feature", "properties": { "road_key": "61020000ST233", "road_name": "ถนนในชุมชนบ้านกกงิ้ว (1)", "road_no": "0", "aumpher": "อำเภอห้วยคต", "office": "สาขาหนองฉาง", "branch_code": "61020000", "name_short": "None", "price_new": 250, "price_old": 150, "width_m": 4, "pt_i": 2 }, "geometry": { "type": "Point", "coordinates": [ 99.633237099167701, 15.304849202849713 ] } },
{ "type": "Feature", "properties": { "road_key": "61020000ST233", "road_name": "ถนนในชุมชนบ้านกกงิ้ว (1)", "road_no": "0", "aumpher": "อำเภอห้วยคต", "office": "สาขาหนองฉาง", "branch_code": "61020000", "name_short": "None", "price_new": 250, "price_old": 150, "width_m": 4, "pt_i": 3 }, "geometry": { "type": "Point", "coordinates": [ 99.632228166747112, 15.305264384236564 ] } },
{ "type": "Feature", "properties": { "road_key": "61020000ST233", "road_name": "ถนนในชุมชนบ้านกกงิ้ว (1)", "road_no": "0", "aumpher": "อำเภอห้วยคต", "office": "สาขาหนองฉาง", "branch_code": "61020000", "name_short": "None", "price_new": 250, "price_old": 150, "width_m": 4, "pt_i": 0 }, "geometry": { "type": "Point", "coordinates": [ 99.635374506445089, 15.30545278490472 ] } },
{ "type": "Feature", "properties": { "road_key": "61020000ST233", "road_name": "ถนนในชุมชนบ้านกกงิ้ว (1)", "road_no": "0", "aumpher": "อำเภอห้วยคต", "office": "สาขาหนองฉาง", "branch_code": "61020000", "name_short": "None", "price_new": 250, "price_old": 150, "width_m": 4, "pt_i": 1 }, "geometry": { "type": "Point", "coordinates": [ 99.636102075291717, 15.306175102020983 ] } },
{ "type": "Feature", "properties": { "road_key": "61020000ST233", "road_name": "ถนนในชุมชนบ้านกกงิ้ว (1)", "road_no": "0", "aumpher": "อำเภอห้วยคต", "office": "สาขาหนองฉาง", "branch_code": "61020000", "name_short": "None", "price_new": 250, "price_old": 150, "width_m": 4, "pt_i": 2 }, "geometry": { "type": "Point", "coordinates": [ 99.636870604793359, 15.306962548783988 ] } },
{ "type": "Feature", "properties": { "road_key": "61020000ST233", "road_name": "ถนนในชุมชนบ้านกกงิ้ว (1)", "road_no": "0", "aumpher": "อำเภอห้วยคต", "office": "สาขาหนองฉาง", "branch_code": "61020000", "name_short": "None", "price_new": 250, "price_old": 150, "width_m": 4, "pt_i": 3 }, "geometry": { "type": "Point", "coordinates": [ 99.637730960805484, 15.307646136172204 ] } },
{ "type": "Feature", "properties": { "road_key": "61020000ST233", "road_name": "ถนนในชุมชนบ้านกกงิ้ว (1)", "road_no": "0", "aumpher": "อำเภอห้วยคต", "office": "สาขาหนองฉาง", "branch_code": "61020000", "name_short": "None", "price_new": 250, "price_old": 150, "width_m": 4, "pt_i": 4 }, "geometry": { "type": "Point", "coordinates": [ 99.638681477206731, 15.308216238376119 ] } },
{ "type": "Feature", "properties": { "road_key": "61020000ST237", "road_name": "ถนนสายบ้านหนองแร่-บ้านกินโหลน", "road_no": "0", "aumpher": "อำเภอห้วยคต", "office": "สาขาหนองฉาง", "branch_code": "61020000", "name_short": "None", "price_new": 250, "price_old": 150, "width_m": 4, "pt_i": 0 }, "geometry": { "type": "Point", "coordinates": [ 99.661450668340933, 15.2634764407515 ] } },
{ "type": "Feature", "properties": { "road_key": "61020000ST237", "road_name": "ถนนสายบ้านหนองแร่-บ้านกินโหลน", "road_no": "0", "aumpher": "อำเภอห้วยคต", "office": "สาขาหนองฉาง", "branch_code": "61020000", "name_short": "None", "price_new": 250, "price_old": 150, "width_m": 4, "pt_i": 1 }, "geometry": { "type": "Point", "coordinates": [ 99.661134895443126, 15.262435797139572 ] } },
{ "type": "Feature", "properties": { "road_key": "61020000ST237", "road_name": "ถนนสายบ้านหนองแร่-บ้านกินโหลน", "road_no": "0", "aumpher": "อำเภอห้วยคต", "office": "สาขาหนองฉาง", "branch_code": "61020000", "name_short": "None", "price_new": 250, "price_old": 150, "width_m": 4, "pt_i": 2 }, "geometry": { "type": "Point", "coordinates": [ 99.660837686413487, 15.26139044067569 ] } },
{ "type": "Feature", "properties": { "road_key": "61020000ST237", "road_name": "ถนนสายบ้านหนองแร่-บ้านกินโหลน", "road_no": "0", "aumpher": "อำเภอห้วยคต", "office": "สาขาหนองฉาง", "branch_code": "61020000", "name_short": "None", "price_new": 250, "price_old": 150, "width_m": 4, "pt_i": 3 }, "geometry": { "type": "Point", "coordinates": [ 99.660647988284396, 15.260326709801397 ] } },
{ "type": "Feature", "properties": { "road_key": "61020000ST237", "road_name": "ถนนสายบ้านหนองแร่-บ้านกินโหลน", "road_no": "0", "aumpher": "อำเภอห้วยคต", "office": "สาขาหนองฉาง", "branch_code": "61020000", "name_short": "None", "price_new": 250, "price_old": 150, "width_m": 4, "pt_i": 4 }, "geometry": { "type": "Point", "coordinates": [ 99.660659697220311, 15.25924191436763 ] } },
{ "type": "Feature", "properties": { "road_key": "61020000ST237", "road_name": "ถนนสายบ้านหนองแร่-บ้านกินโหลน", "road_no": "0", "aumpher": "อำเภอห้วยคต", "office": "สาขาหนองฉาง", "branch_code": "61020000", "name_short": "None", "price_new": 250, "price_old": 150, "width_m": 4, "pt_i": 5 }, "geometry": { "type": "Point", "coordinates": [ 99.660662391031934, 15.258157086259125 ] } },
{ "type": "Feature", "properties": { "road_key": "61020000ST237", "road_name": "ถนนสายบ้านหนองแร่-บ้านกินโหลน", "road_no": "0", "aumpher": "อำเภอห้วยคต", "office": "สาขาหนองฉาง", "branch_code": "61020000", "name_short": "None", "price_new": 250, "price_old": 150, "width_m": 4, "pt_i": 6 }, "geometry": { "type": "Point", "coordinates": [ 99.660645916913197, 15.257072844384357 ] } },
{ "type": "Feature", "properties": { "road_key": "61020000ST237", "road_name": "ถนนสายบ้านหนองแร่-บ้านกินโหลน", "road_no": "0", "aumpher": "อำเภอห้วยคต", "office": "สาขาหนองฉาง", "branch_code": "61020000", "name_short": "None", "price_new": 250, "price_old": 150, "width_m": 4, "pt_i": 7 }, "geometry": { "type": "Point", "coordinates": [ 99.66050490720869, 15.256000462669546 ] } },
{ "type": "Feature", "properties": { "road_key": "61020000ST237", "road_name": "ถนนสายบ้านหนองแร่-บ้านกินโหลน", "road_no": "0", "aumpher": "อำเภอห้วยคต", "office": "สาขาหนองฉาง", "branch_code": "61020000", "name_short": "None", "price_new": 250, "price_old": 150, "width_m": 4, "pt_i": 8 }, "geometry": { "type": "Point", "coordinates": [ 99.660054277482928, 15.255015011632956 ] } },
{ "type": "Feature", "properties": { "road_key": "61020000ST237", "road_name": "ถนนสายบ้านหนองแร่-บ้านกินโหลน", "road_no": "0", "aumpher": "อำเภอห้วยคต", "office": "สาขาหนองฉาง", "branch_code": "61020000", "name_short": "None", "price_new": 250, "price_old": 150, "width_m": 4, "pt_i": 9 }, "geometry": { "type": "Point", "coordinates": [ 99.659463692177567, 15.254094044531294 ] } },
{ "type": "Feature", "properties": { "road_key": "61020000ST237", "road_name": "ถนนสายบ้านหนองแร่-บ้านกินโหลน", "road_no": "0", "aumpher": "อำเภอห้วยคต", "office": "สาขาหนองฉาง", "branch_code": "61020000", "name_short": "None", "price_new": 250, "price_old": 150, "width_m": 4, "pt_i": 10 }, "geometry": { "type": "Point", "coordinates": [ 99.658873112121867, 15.253173075594875 ] } },
{ "type": "Feature", "properties": { "road_key": "61020000ST237", "road_name": "ถนนสายบ้านหนองแร่-บ้านกินโหลน", "road_no": "0", "aumpher": "อำเภอห้วยคต", "office": "สาขาหนองฉาง", "branch_code": "61020000", "name_short": "None", "price_new": 250, "price_old": 150, "width_m": 4, "pt_i": 11 }, "geometry": { "type": "Point", "coordinates": [ 99.658273917982385, 15.252257389518135 ] } },
{ "type": "Feature", "properties": { "road_key": "61020000ST237", "road_name": "ถนนสายบ้านหนองแร่-บ้านกินโหลน", "road_no": "0", "aumpher": "อำเภอห้วยคต", "office": "สาขาหนองฉาง", "branch_code": "61020000", "name_short": "None", "price_new": 250, "price_old": 150, "width_m": 4, "pt_i": 12 }, "geometry": { "type": "Point", "coordinates": [ 99.65761076852786, 15.251393449426825 ] } },
{ "type": "Feature", "properties": { "road_key": "61020000ST237", "road_name": "ถนนสายบ้านหนองแร่-บ้านกินโหลน", "road_no": "0", "aumpher": "อำเภอห้วยคต", "office": "สาขาหนองฉาง", "branch_code": "61020000", "name_short": "None", "price_new": 250, "price_old": 150, "width_m": 4, "pt_i": 13 }, "geometry": { "type": "Point", "coordinates": [ 99.656773829426911, 15.250675064666742 ] } },
{ "type": "Feature", "properties": { "road_key": "61020000ST237", "road_name": "ถนนสายบ้านหนองแร่-บ้านกินโหลน", "road_no": "0", "aumpher": "อำเภอห้วยคต", "office": "สาขาหนองฉาง", "branch_code": "61020000", "name_short": "None", "price_new": 250, "price_old": 150, "width_m": 4, "pt_i": 14 }, "geometry": { "type": "Point", "coordinates": [ 99.655906736788168, 15.249990757771524 ] } },
{ "type": "Feature", "properties": { "road_key": "61020000ST237", "road_name": "ถนนสายบ้านหนองแร่-บ้านกินโหลน", "road_no": "0", "aumpher": "อำเภอห้วยคต", "office": "สาขาหนองฉาง", "branch_code": "61020000", "name_short": "None", "price_new": 250, "price_old": 150, "width_m": 4, "pt_i": 15 }, "geometry": { "type": "Point", "coordinates": [ 99.655039649713956, 15.249306447261514 ] } },
{ "type": "Feature", "properties": { "road_key": "61020000ST237", "road_name": "ถนนสายบ้านหนองแร่-บ้านกินโหลน", "road_no": "0", "aumpher": "อำเภอห้วยคต", "office": "สาขาหนองฉาง", "branch_code": "61020000", "name_short": "None", "price_new": 250, "price_old": 150, "width_m": 4, "pt_i": 16 }, "geometry": { "type": "Point", "coordinates": [ 99.654172568204032, 15.248622133137184 ] } },
{ "type": "Feature", "properties": { "road_key": "61020000ST237", "road_name": "ถนนสายบ้านหนองแร่-บ้านกินโหลน", "road_no": "0", "aumpher": "อำเภอห้วยคต", "office": "สาขาหนองฉาง", "branch_code": "61020000", "name_short": "None", "price_new": 250, "price_old": 150, "width_m": 4, "pt_i": 17 }, "geometry": { "type": "Point", "coordinates": [ 99.653305492258241, 15.247937815398998 ] } },
{ "type": "Feature", "properties": { "road_key": "61020000ST237", "road_name": "ถนนสายบ้านหนองแร่-บ้านกินโหลน", "road_no": "0", "aumpher": "อำเภอห้วยคต", "office": "สาขาหนองฉาง", "branch_code": "61020000", "name_short": "None", "price_new": 250, "price_old": 150, "width_m": 4, "pt_i": 18 }, "geometry": { "type": "Point", "coordinates": [ 99.652449515548597, 15.247240891493954 ] } },
{ "type": "Feature", "properties": { "road_key": "61020000ST237", "road_name": "ถนนสายบ้านหนองแร่-บ้านกินโหลน", "road_no": "0", "aumpher": "อำเภอห้วยคต", "office": "สาขาหนองฉาง", "branch_code": "61020000", "name_short": "None", "price_new": 250, "price_old": 150, "width_m": 4, "pt_i": 19 }, "geometry": { "type": "Point", "coordinates": [ 99.651618149246474, 15.246516012812672 ] } },
{ "type": "Feature", "properties": { "road_key": "61020000ST237", "road_name": "ถนนสายบ้านหนองแร่-บ้านกินโหลน", "road_no": "0", "aumpher": "อำเภอห้วยคต", "office": "สาขาหนองฉาง", "branch_code": "61020000", "name_short": "None", "price_new": 250, "price_old": 150, "width_m": 4, "pt_i": 20 }, "geometry": { "type": "Point", "coordinates": [ 99.650786788618149, 15.245791130780653 ] } },
{ "type": "Feature", "properties": { "road_key": "61020000ST237", "road_name": "ถนนสายบ้านหนองแร่-บ้านกินโหลน", "road_no": "0", "aumpher": "อำเภอห้วยคต", "office": "สาขาหนองฉาง", "branch_code": "61020000", "name_short": "None", "price_new": 250, "price_old": 150, "width_m": 4, "pt_i": 21 }, "geometry": { "type": "Point", "coordinates": [ 99.649955433663393, 15.245066245398345 ] } },
{ "type": "Feature", "properties": { "road_key": "61020000ST237", "road_name": "ถนนสายบ้านหนองแร่-บ้านกินโหลน", "road_no": "0", "aumpher": "อำเภอห้วยคต", "office": "สาขาหนองฉาง", "branch_code": "61020000", "name_short": "None", "price_new": 250, "price_old": 150, "width_m": 4, "pt_i": 22 }, "geometry": { "type": "Point", "coordinates": [ 99.649056300419417, 15.244422826171769 ] } },
{ "type": "Feature", "properties": { "road_key": "61020000ST237", "road_name": "ถนนสายบ้านหนองแร่-บ้านกินโหลน", "road_no": "0", "aumpher": "อำเภอห้วยคต", "office": "สาขาหนองฉาง", "branch_code": "61020000", "name_short": "None", "price_new": 250, "price_old": 150, "width_m": 4, "pt_i": 23 }, "geometry": { "type": "Point", "coordinates": [ 99.648137108867743, 15.243811606321596 ] } },
{ "type": "Feature", "properties": { "road_key": "61020000ST237", "road_name": "ถนนสายบ้านหนองแร่-บ้านกินโหลน", "road_no": "0", "aumpher": "อำเภอห้วยคต", "office": "สาขาหนองฉาง", "branch_code": "61020000", "name_short": "None", "price_new": 250, "price_old": 150, "width_m": 4, "pt_i": 24 }, "geometry": { "type": "Point", "coordinates": [ 99.647099315317007, 15.243409439714245 ] } },
{ "type": "Feature", "properties": { "road_key": "61020000ST237", "road_name": "ถนนสายบ้านหนองแร่-บ้านกินโหลน", "road_no": "0", "aumpher": "อำเภอห้วยคต", "office": "สาขาหนองฉาง", "branch_code": "61020000", "name_short": "None", "price_new": 250, "price_old": 150, "width_m": 4, "pt_i": 25 }, "geometry": { "type": "Point", "coordinates": [ 99.646065584809321, 15.242997859646866 ] } },
{ "type": "Feature", "properties": { "road_key": "61020000ST237", "road_name": "ถนนสายบ้านหนองแร่-บ้านกินโหลน", "road_no": "0", "aumpher": "อำเภอห้วยคต", "office": "สาขาหนองฉาง", "branch_code": "61020000", "name_short": "None", "price_new": 250, "price_old": 150, "width_m": 4, "pt_i": 26 }, "geometry": { "type": "Point", "coordinates": [ 99.645042387056364, 15.242561871230464 ] } },
{ "type": "Feature", "properties": { "road_key": "61020000ST237", "road_name": "ถนนสายบ้านหนองแร่-บ้านกินโหลน", "road_no": "0", "aumpher": "อำเภอห้วยคต", "office": "สาขาหนองฉาง", "branch_code": "61020000", "name_short": "None", "price_new": 250, "price_old": 150, "width_m": 4, "pt_i": 27 }, "geometry": { "type": "Point", "coordinates": [ 99.644019193365111, 15.242125877968475 ] } },
{ "type": "Feature", "properties": { "road_key": "61020000ST237", "road_name": "ถนนสายบ้านหนองแร่-บ้านกินโหลน", "road_no": "0", "aumpher": "อำเภอห้วยคต", "office": "สาขาหนองฉาง", "branch_code": "61020000", "name_short": "None", "price_new": 250, "price_old": 150, "width_m": 4, "pt_i": 28 }, "geometry": { "type": "Point", "coordinates": [ 99.642996003735718, 15.241689879861321 ] } },
{ "type": "Feature", "properties": { "road_key": "61020000ST237", "road_name": "ถนนสายบ้านหนองแร่-บ้านกินโหลน", "road_no": "0", "aumpher": "อำเภอห้วยคต", "office": "สาขาหนองฉาง", "branch_code": "61020000", "name_short": "None", "price_new": 250, "price_old": 150, "width_m": 4, "pt_i": 29 }, "geometry": { "type": "Point", "coordinates": [ 99.641981861101428, 15.241235463872467 ] } },
{ "type": "Feature", "properties": { "road_key": "61020000ST237", "road_name": "ถนนสายบ้านหนองแร่-บ้านกินโหลน", "road_no": "0", "aumpher": "อำเภอห้วยคต", "office": "สาขาหนองฉาง", "branch_code": "61020000", "name_short": "None", "price_new": 250, "price_old": 150, "width_m": 4, "pt_i": 30 }, "geometry": { "type": "Point", "coordinates": [ 99.6409888163966, 15.24073809292338 ] } },
{ "type": "Feature", "properties": { "road_key": "61020000ST237", "road_name": "ถนนสายบ้านหนองแร่-บ้านกินโหลน", "road_no": "0", "aumpher": "อำเภอห้วยคต", "office": "สาขาหนองฉาง", "branch_code": "61020000", "name_short": "None", "price_new": 250, "price_old": 150, "width_m": 4, "pt_i": 31 }, "geometry": { "type": "Point", "coordinates": [ 99.639995776228048, 15.240240717378537 ] } },
{ "type": "Feature", "properties": { "road_key": "61020000ST237", "road_name": "ถนนสายบ้านหนองแร่-บ้านกินโหลน", "road_no": "0", "aumpher": "อำเภอห้วยคต", "office": "สาขาหนองฉาง", "branch_code": "61020000", "name_short": "None", "price_new": 250, "price_old": 150, "width_m": 4, "pt_i": 32 }, "geometry": { "type": "Point", "coordinates": [ 99.639002740595856, 15.2397433372384 ] } },
{ "type": "Feature", "properties": { "road_key": "61020000ST237", "road_name": "ถนนสายบ้านหนองแร่-บ้านกินโหลน", "road_no": "0", "aumpher": "อำเภอห้วยคต", "office": "สาขาหนองฉาง", "branch_code": "61020000", "name_short": "None", "price_new": 250, "price_old": 150, "width_m": 4, "pt_i": 33 }, "geometry": { "type": "Point", "coordinates": [ 99.638009709500068, 15.239245952503412 ] } },
{ "type": "Feature", "properties": { "road_key": "61020000ST237", "road_name": "ถนนสายบ้านหนองแร่-บ้านกินโหลน", "road_no": "0", "aumpher": "อำเภอห้วยคต", "office": "สาขาหนองฉาง", "branch_code": "61020000", "name_short": "None", "price_new": 250, "price_old": 150, "width_m": 4, "pt_i": 34 }, "geometry": { "type": "Point", "coordinates": [ 99.637014395253743, 15.238752974520835 ] } },
{ "type": "Feature", "properties": { "road_key": "61020000ST237", "road_name": "ถนนสายบ้านหนองแร่-บ้านกินโหลน", "road_no": "0", "aumpher": "อำเภอห้วยคต", "office": "สาขาหนองฉาง", "branch_code": "61020000", "name_short": "None", "price_new": 250, "price_old": 150, "width_m": 4, "pt_i": 35 }, "geometry": { "type": "Point", "coordinates": [ 99.636011476486445, 15.238274664271575 ] } },
{ "type": "Feature", "properties": { "road_key": "61020000ST237", "road_name": "ถนนสายบ้านหนองแร่-บ้านกินโหลน", "road_no": "0", "aumpher": "อำเภอห้วยคต", "office": "สาขาหนองฉาง", "branch_code": "61020000", "name_short": "None", "price_new": 250, "price_old": 150, "width_m": 4, "pt_i": 36 }, "geometry": { "type": "Point", "coordinates": [ 99.635008562114223, 15.237796349347619 ] } },
{ "type": "Feature", "properties": { "road_key": "61020000ST237", "road_name": "ถนนสายบ้านหนองแร่-บ้านกินโหลน", "road_no": "0", "aumpher": "อำเภอห้วยคต", "office": "สาขาหนองฉาง", "branch_code": "61020000", "name_short": "None", "price_new": 250, "price_old": 150, "width_m": 4, "pt_i": 37 }, "geometry": { "type": "Point", "coordinates": [ 99.634005652137219, 15.237318029749426 ] } },
{ "type": "Feature", "properties": { "road_key": "61020000ST237", "road_name": "ถนนสายบ้านหนองแร่-บ้านกินโหลน", "road_no": "0", "aumpher": "อำเภอห้วยคต", "office": "สาขาหนองฉาง", "branch_code": "61020000", "name_short": "None", "price_new": 250, "price_old": 150, "width_m": 4, "pt_i": 38 }, "geometry": { "type": "Point", "coordinates": [ 99.633002746555505, 15.236839705477426 ] } },
{ "type": "Feature", "properties": { "road_key": "61020000ST237", "road_name": "ถนนสายบ้านหนองแร่-บ้านกินโหลน", "road_no": "0", "aumpher": "อำเภอห้วยคต", "office": "สาขาหนองฉาง", "branch_code": "61020000", "name_short": "None", "price_new": 250, "price_old": 150, "width_m": 4, "pt_i": 39 }, "geometry": { "type": "Point", "coordinates": [ 99.632004247645995, 15.236352881858071 ] } },
{ "type": "Feature", "properties": { "road_key": "61020000ST237", "road_name": "ถนนสายบ้านหนองแร่-บ้านกินโหลน", "road_no": "0", "aumpher": "อำเภอห้วยคต", "office": "สาขาหนองฉาง", "branch_code": "61020000", "name_short": "None", "price_new": 250, "price_old": 150, "width_m": 4, "pt_i": 40 }, "geometry": { "type": "Point", "coordinates": [ 99.63101197821274, 15.235854121003928 ] } },
{ "type": "Feature", "properties": { "road_key": "61020000ST237", "road_name": "ถนนสายบ้านหนองแร่-บ้านกินโหลน", "road_no": "0", "aumpher": "อำเภอห้วยคต", "office": "สาขาหนองฉาง", "branch_code": "61020000", "name_short": "None", "price_new": 250, "price_old": 150, "width_m": 4, "pt_i": 41 }, "geometry": { "type": "Point", "coordinates": [ 99.630025922969722, 15.235343851347759 ] } },
{ "type": "Feature", "properties": { "road_key": "61020000ST237", "road_name": "ถนนสายบ้านหนองแร่-บ้านกินโหลน", "road_no": "0", "aumpher": "อำเภอห้วยคต", "office": "สาขาหนองฉาง", "branch_code": "61020000", "name_short": "None", "price_new": 250, "price_old": 150, "width_m": 4, "pt_i": 42 }, "geometry": { "type": "Point", "coordinates": [ 99.629039872355804, 15.234833577157477 ] } },
{ "type": "Feature", "properties": { "road_key": "61020000ST237", "road_name": "ถนนสายบ้านหนองแร่-บ้านกินโหลน", "road_no": "0", "aumpher": "อำเภอห้วยคต", "office": "สาขาหนองฉาง", "branch_code": "61020000", "name_short": "None", "price_new": 250, "price_old": 150, "width_m": 4, "pt_i": 43 }, "geometry": { "type": "Point", "coordinates": [ 99.62805382637103, 15.234323298433534 ] } },
{ "type": "Feature", "properties": { "road_key": "61020000ST237", "road_name": "ถนนสายบ้านหนองแร่-บ้านกินโหลน", "road_no": "0", "aumpher": "อำเภอห้วยคต", "office": "สาขาหนองฉาง", "branch_code": "61020000", "name_short": "None", "price_new": 250, "price_old": 150, "width_m": 4, "pt_i": 44 }, "geometry": { "type": "Point", "coordinates": [ 99.627067785015427, 15.233813015176402 ] } },
{ "type": "Feature", "properties": { "road_key": "61020000ST237", "road_name": "ถนนสายบ้านหนองแร่-บ้านกินโหลน", "road_no": "0", "aumpher": "อำเภอห้วยคต", "office": "สาขาหนองฉาง", "branch_code": "61020000", "name_short": "None", "price_new": 250, "price_old": 150, "width_m": 4, "pt_i": 45 }, "geometry": { "type": "Point", "coordinates": [ 99.626081748289053, 15.233302727386514 ] } },
{ "type": "Feature", "properties": { "road_key": "61020000ST241", "road_name": "ถนนในชุมชนบ้านหลังเขา", "road_no": "0", "aumpher": "อำเภอห้วยคต", "office": "สาขาหนองฉาง", "branch_code": "61020000", "name_short": "None", "price_new": 250, "price_old": 150, "width_m": 4, "pt_i": 0 }, "geometry": { "type": "Point", "coordinates": [ 99.603280960580307, 15.276849598871918 ] } },
{ "type": "Feature", "properties": { "road_key": "61020000ST241", "road_name": "ถนนในชุมชนบ้านหลังเขา", "road_no": "0", "aumpher": "อำเภอห้วยคต", "office": "สาขาหนองฉาง", "branch_code": "61020000", "name_short": "None", "price_new": 250, "price_old": 150, "width_m": 4, "pt_i": 1 }, "geometry": { "type": "Point", "coordinates": [ 99.60388450112535, 15.277277863514447 ] } },
{ "type": "Feature", "properties": { "road_key": "61020000ST241", "road_name": "ถนนในชุมชนบ้านหลังเขา", "road_no": "0", "aumpher": "อำเภอห้วยคต", "office": "สาขาหนองฉาง", "branch_code": "61020000", "name_short": "None", "price_new": 250, "price_old": 150, "width_m": 4, "pt_i": 2 }, "geometry": { "type": "Point", "coordinates": [ 99.603512273620282, 15.278300788319831 ] } },
{ "type": "Feature", "properties": { "road_key": "61020000ST241", "road_name": "ถนนในชุมชนบ้านหลังเขา", "road_no": "0", "aumpher": "อำเภอห้วยคต", "office": "สาขาหนองฉาง", "branch_code": "61020000", "name_short": "None", "price_new": 250, "price_old": 150, "width_m": 4, "pt_i": 0 }, "geometry": { "type": "Point", "coordinates": [ 99.601597594878911, 15.277490284319031 ] } },
{ "type": "Feature", "properties": { "road_key": "61020000ST241", "road_name": "ถนนในชุมชนบ้านหลังเขา", "road_no": "0", "aumpher": "อำเภอห้วยคต", "office": "สาขาหนองฉาง", "branch_code": "61020000", "name_short": "None", "price_new": 250, "price_old": 150, "width_m": 4, "pt_i": 1 }, "geometry": { "type": "Point", "coordinates": [ 99.601330978111235, 15.276445217240106 ] } },
{ "type": "Feature", "properties": { "road_key": "61020000ST241", "road_name": "ถนนในชุมชนบ้านหลังเขา", "road_no": "0", "aumpher": "อำเภอห้วยคต", "office": "สาขาหนองฉาง", "branch_code": "61020000", "name_short": "None", "price_new": 250, "price_old": 150, "width_m": 4, "pt_i": 2 }, "geometry": { "type": "Point", "coordinates": [ 99.60114808838749, 15.275374977227147 ] } },
{ "type": "Feature", "properties": { "road_key": "61020000ST241", "road_name": "ถนนในชุมชนบ้านหลังเขา", "road_no": "0", "aumpher": "อำเภอห้วยคต", "office": "สาขาหนองฉาง", "branch_code": "61020000", "name_short": "None", "price_new": 250, "price_old": 150, "width_m": 4, "pt_i": 3 }, "geometry": { "type": "Point", "coordinates": [ 99.600639446746143, 15.27441111259167 ] } },
{ "type": "Feature", "properties": { "road_key": "61020000ST241", "road_name": "ถนนในชุมชนบ้านหลังเขา", "road_no": "0", "aumpher": "อำเภอห้วยคต", "office": "สาขาหนองฉาง", "branch_code": "61020000", "name_short": "None", "price_new": 250, "price_old": 150, "width_m": 4, "pt_i": 0 }, "geometry": { "type": "Point", "coordinates": [ 99.601597594878911, 15.277490284319031 ] } },
{ "type": "Feature", "properties": { "road_key": "61020000ST241", "road_name": "ถนนในชุมชนบ้านหลังเขา", "road_no": "0", "aumpher": "อำเภอห้วยคต", "office": "สาขาหนองฉาง", "branch_code": "61020000", "name_short": "None", "price_new": 250, "price_old": 150, "width_m": 4, "pt_i": 1 }, "geometry": { "type": "Point", "coordinates": [ 99.602375968309332, 15.276844825892645 ] } },
{ "type": "Feature", "properties": { "road_key": "61020000ST241", "road_name": "ถนนในชุมชนบ้านหลังเขา", "road_no": "0", "aumpher": "อำเภอห้วยคต", "office": "สาขาหนองฉาง", "branch_code": "61020000", "name_short": "None", "price_new": 250, "price_old": 150, "width_m": 4, "pt_i": 0 }, "geometry": { "type": "Point", "coordinates": [ 99.600872267054498, 15.278352458769698 ] } },
{ "type": "Feature", "properties": { "road_key": "61020000ST241", "road_name": "ถนนในชุมชนบ้านหลังเขา", "road_no": "0", "aumpher": "อำเภอห้วยคต", "office": "สาขาหนองฉาง", "branch_code": "61020000", "name_short": "None", "price_new": 250, "price_old": 150, "width_m": 4, "pt_i": 1 }, "geometry": { "type": "Point", "coordinates": [ 99.601578235846503, 15.277588837060408 ] } },
{ "type": "Feature", "properties": { "road_key": "61020000ST241", "road_name": "ถนนในชุมชนบ้านหลังเขา", "road_no": "0", "aumpher": "อำเภอห้วยคต", "office": "สาขาหนองฉาง", "branch_code": "61020000", "name_short": "None", "price_new": 250, "price_old": 150, "width_m": 4, "pt_i": 0 }, "geometry": { "type": "Point", "coordinates": [ 99.602398280270705, 15.278906821107066 ] } },
{ "type": "Feature", "properties": { "road_key": "61020000ST241", "road_name": "ถนนในชุมชนบ้านหลังเขา", "road_no": "0", "aumpher": "อำเภอห้วยคต", "office": "สาขาหนองฉาง", "branch_code": "61020000", "name_short": "None", "price_new": 250, "price_old": 150, "width_m": 4, "pt_i": 1 }, "geometry": { "type": "Point", "coordinates": [ 99.602827978899953, 15.277905347582735 ] } },
{ "type": "Feature", "properties": { "road_key": "61020000ST241", "road_name": "ถนนในชุมชนบ้านหลังเขา", "road_no": "0", "aumpher": "อำเภอห้วยคต", "office": "สาขาหนองฉาง", "branch_code": "61020000", "name_short": "None", "price_new": 250, "price_old": 150, "width_m": 4, "pt_i": 2 }, "geometry": { "type": "Point", "coordinates": [ 99.603257673602485, 15.27690387329314 ] } },
{ "type": "Feature", "properties": { "road_key": "61020000ST260", "road_name": "ถนนในชุมชนบ้านตลาดใหม่", "road_no": "0", "aumpher": "อำเภอห้วยคต", "office": "สาขาหนองฉาง", "branch_code": "61020000", "name_short": "None", "price_new": 250, "price_old": 150, "width_m": 4, "pt_i": 0 }, "geometry": { "type": "Point", "coordinates": [ 99.619036948529569, 15.280512914801607 ] } },
{ "type": "Feature", "properties": { "road_key": "61020000ST260", "road_name": "ถนนในชุมชนบ้านตลาดใหม่", "road_no": "0", "aumpher": "อำเภอห้วยคต", "office": "สาขาหนองฉาง", "branch_code": "61020000", "name_short": "None", "price_new": 250, "price_old": 150, "width_m": 4, "pt_i": 1 }, "geometry": { "type": "Point", "coordinates": [ 99.619977846913102, 15.281053730960208 ] } },
{ "type": "Feature", "properties": { "road_key": "61020000ST260", "road_name": "ถนนในชุมชนบ้านตลาดใหม่", "road_no": "0", "aumpher": "อำเภอห้วยคต", "office": "สาขาหนองฉาง", "branch_code": "61020000", "name_short": "None", "price_new": 250, "price_old": 150, "width_m": 4, "pt_i": 2 }, "geometry": { "type": "Point", "coordinates": [ 99.620584758181081, 15.281962825185076 ] } },
{ "type": "Feature", "properties": { "road_key": "61020000ST260", "road_name": "ถนนในชุมชนบ้านตลาดใหม่", "road_no": "0", "aumpher": "อำเภอห้วยคต", "office": "สาขาหนองฉาง", "branch_code": "61020000", "name_short": "None", "price_new": 250, "price_old": 150, "width_m": 4, "pt_i": 3 }, "geometry": { "type": "Point", "coordinates": [ 99.621337878204699, 15.282764383927111 ] } },
{ "type": "Feature", "properties": { "road_key": "61020000ST260", "road_name": "ถนนในชุมชนบ้านตลาดใหม่", "road_no": "0", "aumpher": "อำเภอห้วยคต", "office": "สาขาหนองฉาง", "branch_code": "61020000", "name_short": "None", "price_new": 250, "price_old": 150, "width_m": 4, "pt_i": 4 }, "geometry": { "type": "Point", "coordinates": [ 99.622091003971278, 15.283565939865124 ] } },
{ "type": "Feature", "properties": { "road_key": "61020000ST260", "road_name": "ถนนในชุมชนบ้านตลาดใหม่", "road_no": "0", "aumpher": "อำเภอห้วยคต", "office": "สาขาหนองฉาง", "branch_code": "61020000", "name_short": "None", "price_new": 250, "price_old": 150, "width_m": 4, "pt_i": 5 }, "geometry": { "type": "Point", "coordinates": [ 99.622824456564643, 15.284384332059503 ] } },
{ "type": "Feature", "properties": { "road_key": "61020000ST260", "road_name": "ถนนในชุมชนบ้านตลาดใหม่", "road_no": "0", "aumpher": "อำเภอห้วยคต", "office": "สาขาหนองฉาง", "branch_code": "61020000", "name_short": "None", "price_new": 250, "price_old": 150, "width_m": 4, "pt_i": 6 }, "geometry": { "type": "Point", "coordinates": [ 99.623539187337855, 15.285217884893322 ] } },
{ "type": "Feature", "properties": { "road_key": "61020000ST260", "road_name": "ถนนในชุมชนบ้านตลาดใหม่", "road_no": "0", "aumpher": "อำเภอห้วยคต", "office": "สาขาหนองฉาง", "branch_code": "61020000", "name_short": "None", "price_new": 250, "price_old": 150, "width_m": 4, "pt_i": 7 }, "geometry": { "type": "Point", "coordinates": [ 99.624202701571534, 15.286090876172935 ] } },
{ "type": "Feature", "properties": { "road_key": "61020000ST260", "road_name": "ถนนในชุมชนบ้านตลาดใหม่", "road_no": "0", "aumpher": "อำเภอห้วยคต", "office": "สาขาหนองฉาง", "branch_code": "61020000", "name_short": "None", "price_new": 250, "price_old": 150, "width_m": 4, "pt_i": 8 }, "geometry": { "type": "Point", "coordinates": [ 99.624798647175083, 15.28700539008074 ] } },
{ "type": "Feature", "properties": { "road_key": "61020000ST260", "road_name": "ถนนในชุมชนบ้านตลาดใหม่", "road_no": "0", "aumpher": "อำเภอห้วยคต", "office": "สาขาหนองฉาง", "branch_code": "61020000", "name_short": "None", "price_new": 250, "price_old": 150, "width_m": 4, "pt_i": 9 }, "geometry": { "type": "Point", "coordinates": [ 99.625299508770425, 15.28797421755081 ] } },
{ "type": "Feature", "properties": { "road_key": "61020000ST260", "road_name": "ถนนในชุมชนบ้านตลาดใหม่", "road_no": "0", "aumpher": "อำเภอห้วยคต", "office": "สาขาหนองฉาง", "branch_code": "61020000", "name_short": "None", "price_new": 250, "price_old": 150, "width_m": 4, "pt_i": 10 }, "geometry": { "type": "Point", "coordinates": [ 99.625686502208424, 15.288990844434931 ] } },
{ "type": "Feature", "properties": { "road_key": "61020000ST260", "road_name": "ถนนในชุมชนบ้านตลาดใหม่", "road_no": "0", "aumpher": "อำเภอห้วยคต", "office": "สาขาหนองฉาง", "branch_code": "61020000", "name_short": "None", "price_new": 250, "price_old": 150, "width_m": 4, "pt_i": 11 }, "geometry": { "type": "Point", "coordinates": [ 99.625921616609787, 15.29005124633535 ] } },
{ "type": "Feature", "properties": { "road_key": "61020000ST260", "road_name": "ถนนในชุมชนบ้านตลาดใหม่", "road_no": "0", "aumpher": "อำเภอห้วยคต", "office": "สาขาหนองฉาง", "branch_code": "61020000", "name_short": "None", "price_new": 250, "price_old": 150, "width_m": 4, "pt_i": 12 }, "geometry": { "type": "Point", "coordinates": [ 99.626465186955897, 15.290978154522207 ] } },
{ "type": "Feature", "properties": { "road_key": "61020000ST260", "road_name": "ถนนในชุมชนบ้านตลาดใหม่", "road_no": "0", "aumpher": "อำเภอห้วยคต", "office": "สาขาหนองฉาง", "branch_code": "61020000", "name_short": "None", "price_new": 250, "price_old": 150, "width_m": 4, "pt_i": 13 }, "geometry": { "type": "Point", "coordinates": [ 99.627353806317345, 15.291624563613262 ] } },
{ "type": "Feature", "properties": { "road_key": "61020000ST260", "road_name": "ถนนในชุมชนบ้านตลาดใหม่", "road_no": "0", "aumpher": "อำเภอห้วยคต", "office": "สาขาหนองฉาง", "branch_code": "61020000", "name_short": "None", "price_new": 250, "price_old": 150, "width_m": 4, "pt_i": 14 }, "geometry": { "type": "Point", "coordinates": [ 99.628320935090287, 15.292168193549237 ] } },
{ "type": "Feature", "properties": { "road_key": "61020000ST260", "road_name": "ถนนในชุมชนบ้านตลาดใหม่", "road_no": "0", "aumpher": "อำเภอห้วยคต", "office": "สาขาหนองฉาง", "branch_code": "61020000", "name_short": "None", "price_new": 250, "price_old": 150, "width_m": 4, "pt_i": 15 }, "geometry": { "type": "Point", "coordinates": [ 99.629259841264087, 15.292754018693035 ] } },
{ "type": "Feature", "properties": { "road_key": "61020000ST261", "road_name": "ถนนสายบ้านป่ากล้วย-บ้านบางกุ้ง", "road_no": "0", "aumpher": "อำเภอห้วยคต", "office": "สาขาหนองฉาง", "branch_code": "61020000", "name_short": "None", "price_new": 200, "price_old": 150, "width_m": 4, "pt_i": 0 }, "geometry": { "type": "Point", "coordinates": [ 99.634695338045532, 15.319695358859281 ] } },
{ "type": "Feature", "properties": { "road_key": "61020000ST261", "road_name": "ถนนสายบ้านป่ากล้วย-บ้านบางกุ้ง", "road_no": "0", "aumpher": "อำเภอห้วยคต", "office": "สาขาหนองฉาง", "branch_code": "61020000", "name_short": "None", "price_new": 200, "price_old": 150, "width_m": 4, "pt_i": 1 }, "geometry": { "type": "Point", "coordinates": [ 99.634129061505888, 15.319107540802225 ] } },
{ "type": "Feature", "properties": { "road_key": "61020000ST261", "road_name": "ถนนสายบ้านป่ากล้วย-บ้านบางกุ้ง", "road_no": "0", "aumpher": "อำเภอห้วยคต", "office": "สาขาหนองฉาง", "branch_code": "61020000", "name_short": "None", "price_new": 200, "price_old": 150, "width_m": 4, "pt_i": 2 }, "geometry": { "type": "Point", "coordinates": [ 99.633331688727267, 15.319837184305475 ] } },
{ "type": "Feature", "properties": { "road_key": "61020000ST261", "road_name": "ถนนสายบ้านป่ากล้วย-บ้านบางกุ้ง", "road_no": "0", "aumpher": "อำเภอห้วยคต", "office": "สาขาหนองฉาง", "branch_code": "61020000", "name_short": "None", "price_new": 200, "price_old": 150, "width_m": 4, "pt_i": 3 }, "geometry": { "type": "Point", "coordinates": [ 99.632617630403104, 15.320665766585025 ] } },
{ "type": "Feature", "properties": { "road_key": "61020000ST261", "road_name": "ถนนสายบ้านป่ากล้วย-บ้านบางกุ้ง", "road_no": "0", "aumpher": "อำเภอห้วยคต", "office": "สาขาหนองฉาง", "branch_code": "61020000", "name_short": "None", "price_new": 200, "price_old": 150, "width_m": 4, "pt_i": 4 }, "geometry": { "type": "Point", "coordinates": [ 99.631857262318064, 15.321426577972908 ] } },
{ "type": "Feature", "properties": { "road_key": "61020000ST261", "road_name": "ถนนสายบ้านป่ากล้วย-บ้านบางกุ้ง", "road_no": "0", "aumpher": "อำเภอห้วยคต", "office": "สาขาหนองฉาง", "branch_code": "61020000", "name_short": "None", "price_new": 200, "price_old": 150, "width_m": 4, "pt_i": 5 }, "geometry": { "type": "Point", "coordinates": [ 99.631121902495906, 15.322211934433676 ] } },
{ "type": "Feature", "properties": { "road_key": "61020000ST261", "road_name": "ถนนสายบ้านป่ากล้วย-บ้านบางกุ้ง", "road_no": "0", "aumpher": "อำเภอห้วยคต", "office": "สาขาหนองฉาง", "branch_code": "61020000", "name_short": "None", "price_new": 200, "price_old": 150, "width_m": 4, "pt_i": 6 }, "geometry": { "type": "Point", "coordinates": [ 99.630745953620163, 15.32323271194973 ] } },
{ "type": "Feature", "properties": { "road_key": "61020000ST261", "road_name": "ถนนสายบ้านป่ากล้วย-บ้านบางกุ้ง", "road_no": "0", "aumpher": "อำเภอห้วยคต", "office": "สาขาหนองฉาง", "branch_code": "61020000", "name_short": "None", "price_new": 200, "price_old": 150, "width_m": 4, "pt_i": 7 }, "geometry": { "type": "Point", "coordinates": [ 99.629932478464823, 15.323779863781565 ] } },
{ "type": "Feature", "properties": { "road_key": "61020000ST261", "road_name": "ถนนสายบ้านป่ากล้วย-บ้านบางกุ้ง", "road_no": "0", "aumpher": "อำเภอห้วยคต", "office": "สาขาหนองฉาง", "branch_code": "61020000", "name_short": "None", "price_new": 200, "price_old": 150, "width_m": 4, "pt_i": 8 }, "geometry": { "type": "Point", "coordinates": [ 99.628824748741181, 15.323912942894015 ] } },
{ "type": "Feature", "properties": { "road_key": "61020000ST261", "road_name": "ถนนสายบ้านป่ากล้วย-บ้านบางกุ้ง", "road_no": "0", "aumpher": "อำเภอห้วยคต", "office": "สาขาหนองฉาง", "branch_code": "61020000", "name_short": "None", "price_new": 200, "price_old": 150, "width_m": 4, "pt_i": 9 }, "geometry": { "type": "Point", "coordinates": [ 99.627740458464416, 15.323924991539146 ] } },
{ "type": "Feature", "properties": { "road_key": "61020000ST261", "road_name": "ถนนสายบ้านป่ากล้วย-บ้านบางกุ้ง", "road_no": "0", "aumpher": "อำเภอห้วยคต", "office": "สาขาหนองฉาง", "branch_code": "61020000", "name_short": "None", "price_new": 200, "price_old": 150, "width_m": 4, "pt_i": 10 }, "geometry": { "type": "Point", "coordinates": [ 99.626763208871509, 15.324410759327971 ] } },
{ "type": "Feature", "properties": { "road_key": "61020000ST261", "road_name": "ถนนสายบ้านป่ากล้วย-บ้านบางกุ้ง", "road_no": "0", "aumpher": "อำเภอห้วยคต", "office": "สาขาหนองฉาง", "branch_code": "61020000", "name_short": "None", "price_new": 200, "price_old": 150, "width_m": 4, "pt_i": 11 }, "geometry": { "type": "Point", "coordinates": [ 99.625862332138922, 15.325052499071623 ] } },
{ "type": "Feature", "properties": { "road_key": "61020000ST261", "road_name": "ถนนสายบ้านป่ากล้วย-บ้านบางกุ้ง", "road_no": "0", "aumpher": "อำเภอห้วยคต", "office": "สาขาหนองฉาง", "branch_code": "61020000", "name_short": "None", "price_new": 200, "price_old": 150, "width_m": 4, "pt_i": 12 }, "geometry": { "type": "Point", "coordinates": [ 99.624768425099148, 15.325049333111636 ] } },
{ "type": "Feature", "properties": { "road_key": "61020000ST261", "road_name": "ถนนสายบ้านป่ากล้วย-บ้านบางกุ้ง", "road_no": "0", "aumpher": "อำเภอห้วยคต", "office": "สาขาหนองฉาง", "branch_code": "61020000", "name_short": "None", "price_new": 200, "price_old": 150, "width_m": 4, "pt_i": 13 }, "geometry": { "type": "Point", "coordinates": [ 99.623655888749511, 15.325057435410077 ] } },
{ "type": "Feature", "properties": { "road_key": "61020000ST261", "road_name": "ถนนสายบ้านป่ากล้วย-บ้านบางกุ้ง", "road_no": "0", "aumpher": "อำเภอห้วยคต", "office": "สาขาหนองฉาง", "branch_code": "61020000", "name_short": "None", "price_new": 200, "price_old": 150, "width_m": 4, "pt_i": 14 }, "geometry": { "type": "Point", "coordinates": [ 99.622716327127435, 15.325577900960154 ] } },
{ "type": "Feature", "properties": { "road_key": "61020000ST261", "road_name": "ถนนสายบ้านป่ากล้วย-บ้านบางกุ้ง", "road_no": "0", "aumpher": "อำเภอห้วยคต", "office": "สาขาหนองฉาง", "branch_code": "61020000", "name_short": "None", "price_new": 200, "price_old": 150, "width_m": 4, "pt_i": 15 }, "geometry": { "type": "Point", "coordinates": [ 99.622002889186632, 15.326392334060463 ] } },
{ "type": "Feature", "properties": { "road_key": "61020000ST261", "road_name": "ถนนสายบ้านป่ากล้วย-บ้านบางกุ้ง", "road_no": "0", "aumpher": "อำเภอห้วยคต", "office": "สาขาหนองฉาง", "branch_code": "61020000", "name_short": "None", "price_new": 200, "price_old": 150, "width_m": 4, "pt_i": 16 }, "geometry": { "type": "Point", "coordinates": [ 99.620962418443597, 15.326775297921927 ] } },
{ "type": "Feature", "properties": { "road_key": "61020000ST261", "road_name": "ถนนสายบ้านป่ากล้วย-บ้านบางกุ้ง", "road_no": "0", "aumpher": "อำเภอห้วยคต", "office": "สาขาหนองฉาง", "branch_code": "61020000", "name_short": "None", "price_new": 200, "price_old": 150, "width_m": 4, "pt_i": 17 }, "geometry": { "type": "Point", "coordinates": [ 99.619909070108875, 15.326596128799775 ] } },
{ "type": "Feature", "properties": { "road_key": "61020000ST261", "road_name": "ถนนสายบ้านป่ากล้วย-บ้านบางกุ้ง", "road_no": "0", "aumpher": "อำเภอห้วยคต", "office": "สาขาหนองฉาง", "branch_code": "61020000", "name_short": "None", "price_new": 200, "price_old": 150, "width_m": 4, "pt_i": 18 }, "geometry": { "type": "Point", "coordinates": [ 99.618839687690965, 15.326339151167153 ] } },
{ "type": "Feature", "properties": { "road_key": "61020000ST261", "road_name": "ถนนสายบ้านป่ากล้วย-บ้านบางกุ้ง", "road_no": "0", "aumpher": "อำเภอห้วยคต", "office": "สาขาหนองฉาง", "branch_code": "61020000", "name_short": "None", "price_new": 200, "price_old": 150, "width_m": 4, "pt_i": 19 }, "geometry": { "type": "Point", "coordinates": [ 99.618175456573113, 15.325594115821268 ] } },
{ "type": "Feature", "properties": { "road_key": "61020000ST261", "road_name": "ถนนสายบ้านป่ากล้วย-บ้านบางกุ้ง", "road_no": "0", "aumpher": "อำเภอห้วยคต", "office": "สาขาหนองฉาง", "branch_code": "61020000", "name_short": "None", "price_new": 200, "price_old": 150, "width_m": 4, "pt_i": 20 }, "geometry": { "type": "Point", "coordinates": [ 99.617166694517621, 15.325314455484671 ] } },
{ "type": "Feature", "properties": { "road_key": "61020000ST261", "road_name": "ถนนสายบ้านป่ากล้วย-บ้านบางกุ้ง", "road_no": "0", "aumpher": "อำเภอห้วยคต", "office": "สาขาหนองฉาง", "branch_code": "61020000", "name_short": "None", "price_new": 200, "price_old": 150, "width_m": 4, "pt_i": 21 }, "geometry": { "type": "Point", "coordinates": [ 99.616772876706733, 15.32430196044481 ] } },
{ "type": "Feature", "properties": { "road_key": "61020000ST261", "road_name": "ถนนสายบ้านป่ากล้วย-บ้านบางกุ้ง", "road_no": "0", "aumpher": "อำเภอห้วยคต", "office": "สาขาหนองฉาง", "branch_code": "61020000", "name_short": "None", "price_new": 200, "price_old": 150, "width_m": 4, "pt_i": 22 }, "geometry": { "type": "Point", "coordinates": [ 99.616447185037984, 15.323267906712035 ] } },
{ "type": "Feature", "properties": { "road_key": "61020000ST261", "road_name": "ถนนสายบ้านป่ากล้วย-บ้านบางกุ้ง", "road_no": "0", "aumpher": "อำเภอห้วยคต", "office": "สาขาหนองฉาง", "branch_code": "61020000", "name_short": "None", "price_new": 200, "price_old": 150, "width_m": 4, "pt_i": 23 }, "geometry": { "type": "Point", "coordinates": [ 99.615594871271981, 15.322681596321852 ] } },
{ "type": "Feature", "properties": { "road_key": "61020000ST261", "road_name": "ถนนสายบ้านป่ากล้วย-บ้านบางกุ้ง", "road_no": "0", "aumpher": "อำเภอห้วยคต", "office": "สาขาหนองฉาง", "branch_code": "61020000", "name_short": "None", "price_new": 200, "price_old": 150, "width_m": 4, "pt_i": 24 }, "geometry": { "type": "Point", "coordinates": [ 99.614500556380207, 15.322532360354286 ] } },
{ "type": "Feature", "properties": { "road_key": "61020000ST261", "road_name": "ถนนสายบ้านป่ากล้วย-บ้านบางกุ้ง", "road_no": "0", "aumpher": "อำเภอห้วยคต", "office": "สาขาหนองฉาง", "branch_code": "61020000", "name_short": "None", "price_new": 200, "price_old": 150, "width_m": 4, "pt_i": 25 }, "geometry": { "type": "Point", "coordinates": [ 99.613835729398858, 15.321691396861739 ] } },
{ "type": "Feature", "properties": { "road_key": "61020000ST261", "road_name": "ถนนสายบ้านป่ากล้วย-บ้านบางกุ้ง", "road_no": "0", "aumpher": "อำเภอห้วยคต", "office": "สาขาหนองฉาง", "branch_code": "61020000", "name_short": "None", "price_new": 200, "price_old": 150, "width_m": 4, "pt_i": 26 }, "geometry": { "type": "Point", "coordinates": [ 99.612968332140554, 15.321011227210809 ] } },
{ "type": "Feature", "properties": { "road_key": "61020000ST261", "road_name": "ถนนสายบ้านป่ากล้วย-บ้านบางกุ้ง", "road_no": "0", "aumpher": "อำเภอห้วยคต", "office": "สาขาหนองฉาง", "branch_code": "61020000", "name_short": "None", "price_new": 200, "price_old": 150, "width_m": 4, "pt_i": 27 }, "geometry": { "type": "Point", "coordinates": [ 99.612099839959058, 15.320334633066476 ] } },
{ "type": "Feature", "properties": { "road_key": "61020000ST261", "road_name": "ถนนสายบ้านป่ากล้วย-บ้านบางกุ้ง", "road_no": "0", "aumpher": "อำเภอห้วยคต", "office": "สาขาหนองฉาง", "branch_code": "61020000", "name_short": "None", "price_new": 200, "price_old": 150, "width_m": 4, "pt_i": 28 }, "geometry": { "type": "Point", "coordinates": [ 99.611018466513983, 15.32009529546716 ] } },
{ "type": "Feature", "properties": { "road_key": "61020000ST261", "road_name": "ถนนสายบ้านป่ากล้วย-บ้านบางกุ้ง", "road_no": "0", "aumpher": "อำเภอห้วยคต", "office": "สาขาหนองฉาง", "branch_code": "61020000", "name_short": "None", "price_new": 200, "price_old": 150, "width_m": 4, "pt_i": 29 }, "geometry": { "type": "Point", "coordinates": [ 99.609910498311706, 15.319951565941714 ] } },
{ "type": "Feature", "properties": { "road_key": "61020000ST261", "road_name": "ถนนสายบ้านป่ากล้วย-บ้านบางกุ้ง", "road_no": "0", "aumpher": "อำเภอห้วยคต", "office": "สาขาหนองฉาง", "branch_code": "61020000", "name_short": "None", "price_new": 200, "price_old": 150, "width_m": 4, "pt_i": 30 }, "geometry": { "type": "Point", "coordinates": [ 99.608800234282285, 15.319827087933753 ] } },
{ "type": "Feature", "properties": { "road_key": "61020000ST261", "road_name": "ถนนสายบ้านป่ากล้วย-บ้านบางกุ้ง", "road_no": "0", "aumpher": "อำเภอห้วยคต", "office": "สาขาหนองฉาง", "branch_code": "61020000", "name_short": "None", "price_new": 200, "price_old": 150, "width_m": 4, "pt_i": 31 }, "geometry": { "type": "Point", "coordinates": [ 99.607687300050557, 15.319725809797401 ] } },
{ "type": "Feature", "properties": { "road_key": "61020000ST262", "road_name": "ถนนสายบ้านบางกุ้ง-บ้านป่าฝาก", "road_no": "0", "aumpher": "อำเภอห้วยคต", "office": "สาขาหนองฉาง", "branch_code": "61020000", "name_short": "None", "price_new": 200, "price_old": 150, "width_m": 4, "pt_i": 0 }, "geometry": { "type": "Point", "coordinates": [ 99.609474415233805, 15.31989499414469 ] } },
{ "type": "Feature", "properties": { "road_key": "61020000ST262", "road_name": "ถนนสายบ้านบางกุ้ง-บ้านป่าฝาก", "road_no": "0", "aumpher": "อำเภอห้วยคต", "office": "สาขาหนองฉาง", "branch_code": "61020000", "name_short": "None", "price_new": 200, "price_old": 150, "width_m": 4, "pt_i": 1 }, "geometry": { "type": "Point", "coordinates": [ 99.609185649662805, 15.318852412168448 ] } },
{ "type": "Feature", "properties": { "road_key": "61020000ST262", "road_name": "ถนนสายบ้านบางกุ้ง-บ้านป่าฝาก", "road_no": "0", "aumpher": "อำเภอห้วยคต", "office": "สาขาหนองฉาง", "branch_code": "61020000", "name_short": "None", "price_new": 200, "price_old": 150, "width_m": 4, "pt_i": 2 }, "geometry": { "type": "Point", "coordinates": [ 99.609245924577593, 15.31776913102185 ] } },
{ "type": "Feature", "properties": { "road_key": "61020000ST262", "road_name": "ถนนสายบ้านบางกุ้ง-บ้านป่าฝาก", "road_no": "0", "aumpher": "อำเภอห้วยคต", "office": "สาขาหนองฉาง", "branch_code": "61020000", "name_short": "None", "price_new": 200, "price_old": 150, "width_m": 4, "pt_i": 3 }, "geometry": { "type": "Point", "coordinates": [ 99.609319151004769, 15.316686670786623 ] } },
{ "type": "Feature", "properties": { "road_key": "61020000ST262", "road_name": "ถนนสายบ้านบางกุ้ง-บ้านป่าฝาก", "road_no": "0", "aumpher": "อำเภอห้วยคต", "office": "สาขาหนองฉาง", "branch_code": "61020000", "name_short": "None", "price_new": 200, "price_old": 150, "width_m": 4, "pt_i": 4 }, "geometry": { "type": "Point", "coordinates": [ 99.609444339304062, 15.315611910179205 ] } },
{ "type": "Feature", "properties": { "road_key": "61020000ST262", "road_name": "ถนนสายบ้านบางกุ้ง-บ้านป่าฝาก", "road_no": "0", "aumpher": "อำเภอห้วยคต", "office": "สาขาหนองฉาง", "branch_code": "61020000", "name_short": "None", "price_new": 200, "price_old": 150, "width_m": 4, "pt_i": 5 }, "geometry": { "type": "Point", "coordinates": [ 99.609772125296843, 15.314575030240361 ] } },
{ "type": "Feature", "properties": { "road_key": "61020000ST262", "road_name": "ถนนสายบ้านบางกุ้ง-บ้านป่าฝาก", "road_no": "0", "aumpher": "อำเภอห้วยคต", "office": "สาขาหนองฉาง", "branch_code": "61020000", "name_short": "None", "price_new": 200, "price_old": 150, "width_m": 4, "pt_i": 6 }, "geometry": { "type": "Point", "coordinates": [ 99.61010195880408, 15.313539050233206 ] } },
{ "type": "Feature", "properties": { "road_key": "61020000ST262", "road_name": "ถนนสายบ้านบางกุ้ง-บ้านป่าฝาก", "road_no": "0", "aumpher": "อำเภอห้วยคต", "office": "สาขาหนองฉาง", "branch_code": "61020000", "name_short": "None", "price_new": 200, "price_old": 150, "width_m": 4, "pt_i": 7 }, "geometry": { "type": "Point", "coordinates": [ 99.610408152278836, 15.312495828500515 ] } },
{ "type": "Feature", "properties": { "road_key": "61020000ST262", "road_name": "ถนนสายบ้านบางกุ้ง-บ้านป่าฝาก", "road_no": "0", "aumpher": "อำเภอห้วยคต", "office": "สาขาหนองฉาง", "branch_code": "61020000", "name_short": "None", "price_new": 200, "price_old": 150, "width_m": 4, "pt_i": 8 }, "geometry": { "type": "Point", "coordinates": [ 99.610681359540195, 15.3114441470504 ] } },
{ "type": "Feature", "properties": { "road_key": "61020000ST262", "road_name": "ถนนสายบ้านบางกุ้ง-บ้านป่าฝาก", "road_no": "0", "aumpher": "อำเภอห้วยคต", "office": "สาขาหนองฉาง", "branch_code": "61020000", "name_short": "None", "price_new": 200, "price_old": 150, "width_m": 4, "pt_i": 9 }, "geometry": { "type": "Point", "coordinates": [ 99.610763347512446, 15.310366491781839 ] } },
{ "type": "Feature", "properties": { "road_key": "61020000ST262", "road_name": "ถนนสายบ้านบางกุ้ง-บ้านป่าฝาก", "road_no": "0", "aumpher": "อำเภอห้วยคต", "office": "สาขาหนองฉาง", "branch_code": "61020000", "name_short": "None", "price_new": 200, "price_old": 150, "width_m": 4, "pt_i": 10 }, "geometry": { "type": "Point", "coordinates": [ 99.611115903528244, 15.309352351872022 ] } },
{ "type": "Feature", "properties": { "road_key": "61020000ST262", "road_name": "ถนนสายบ้านบางกุ้ง-บ้านป่าฝาก", "road_no": "0", "aumpher": "อำเภอห้วยคต", "office": "สาขาหนองฉาง", "branch_code": "61020000", "name_short": "None", "price_new": 200, "price_old": 150, "width_m": 4, "pt_i": 11 }, "geometry": { "type": "Point", "coordinates": [ 99.611588881471974, 15.308381711752341 ] } },
{ "type": "Feature", "properties": { "road_key": "61020000ST262", "road_name": "ถนนสายบ้านบางกุ้ง-บ้านป่าฝาก", "road_no": "0", "aumpher": "อำเภอห้วยคต", "office": "สาขาหนองฉาง", "branch_code": "61020000", "name_short": "None", "price_new": 200, "price_old": 150, "width_m": 4, "pt_i": 12 }, "geometry": { "type": "Point", "coordinates": [ 99.611851092606159, 15.307327695474095 ] } },
{ "type": "Feature", "properties": { "road_key": "61020000ST262", "road_name": "ถนนสายบ้านบางกุ้ง-บ้านป่าฝาก", "road_no": "0", "aumpher": "อำเภอห้วยคต", "office": "สาขาหนองฉาง", "branch_code": "61020000", "name_short": "None", "price_new": 200, "price_old": 150, "width_m": 4, "pt_i": 13 }, "geometry": { "type": "Point", "coordinates": [ 99.612024001293392, 15.306256548755355 ] } },
{ "type": "Feature", "properties": { "road_key": "61020000ST262", "road_name": "ถนนสายบ้านบางกุ้ง-บ้านป่าฝาก", "road_no": "0", "aumpher": "อำเภอห้วยคต", "office": "สาขาหนองฉาง", "branch_code": "61020000", "name_short": "None", "price_new": 200, "price_old": 150, "width_m": 4, "pt_i": 14 }, "geometry": { "type": "Point", "coordinates": [ 99.612181458513433, 15.305182532686361 ] } },
{ "type": "Feature", "properties": { "road_key": "61020000ST262", "road_name": "ถนนสายบ้านบางกุ้ง-บ้านป่าฝาก", "road_no": "0", "aumpher": "อำเภอห้วยคต", "office": "สาขาหนองฉาง", "branch_code": "61020000", "name_short": "None", "price_new": 200, "price_old": 150, "width_m": 4, "pt_i": 15 }, "geometry": { "type": "Point", "coordinates": [ 99.612337990144141, 15.304108376838908 ] } },
{ "type": "Feature", "properties": { "road_key": "61020000ST262", "road_name": "ถนนสายบ้านบางกุ้ง-บ้านป่าฝาก", "road_no": "0", "aumpher": "อำเภอห้วยคต", "office": "สาขาหนองฉาง", "branch_code": "61020000", "name_short": "None", "price_new": 200, "price_old": 150, "width_m": 4, "pt_i": 16 }, "geometry": { "type": "Point", "coordinates": [ 99.61241119331163, 15.303029016585185 ] } },
{ "type": "Feature", "properties": { "road_key": "61020000ST262", "road_name": "ถนนสายบ้านบางกุ้ง-บ้านป่าฝาก", "road_no": "0", "aumpher": "อำเภอห้วยคต", "office": "สาขาหนองฉาง", "branch_code": "61020000", "name_short": "None", "price_new": 200, "price_old": 150, "width_m": 4, "pt_i": 17 }, "geometry": { "type": "Point", "coordinates": [ 99.612397832647119, 15.30194429132675 ] } },
{ "type": "Feature", "properties": { "road_key": "61020000ST262", "road_name": "ถนนสายบ้านบางกุ้ง-บ้านป่าฝาก", "road_no": "0", "aumpher": "อำเภอห้วยคต", "office": "สาขาหนองฉาง", "branch_code": "61020000", "name_short": "None", "price_new": 200, "price_old": 150, "width_m": 4, "pt_i": 18 }, "geometry": { "type": "Point", "coordinates": [ 99.612412744563528, 15.300859527389068 ] } },
{ "type": "Feature", "properties": { "road_key": "61020000ST263", "road_name": "ถนนในชุมชนบ้านป่าบัว", "road_no": "0", "aumpher": "อำเภอห้วยคต", "office": "สาขาหนองฉาง", "branch_code": "61020000", "name_short": "None", "price_new": 200, "price_old": 150, "width_m": 4, "pt_i": 0 }, "geometry": { "type": "Point", "coordinates": [ 99.585709527268378, 15.331049883439844 ] } },
{ "type": "Feature", "properties": { "road_key": "61020000ST263", "road_name": "ถนนในชุมชนบ้านป่าบัว", "road_no": "0", "aumpher": "อำเภอห้วยคต", "office": "สาขาหนองฉาง", "branch_code": "61020000", "name_short": "None", "price_new": 200, "price_old": 150, "width_m": 4, "pt_i": 1 }, "geometry": { "type": "Point", "coordinates": [ 99.586151408130931, 15.332046304415007 ] } },
{ "type": "Feature", "properties": { "road_key": "61020000ST263", "road_name": "ถนนในชุมชนบ้านป่าบัว", "road_no": "0", "aumpher": "อำเภอห้วยคต", "office": "สาขาหนองฉาง", "branch_code": "61020000", "name_short": "None", "price_new": 200, "price_old": 150, "width_m": 4, "pt_i": 2 }, "geometry": { "type": "Point", "coordinates": [ 99.586755593443371, 15.332957890198262 ] } },
{ "type": "Feature", "properties": { "road_key": "61020000ST263", "road_name": "ถนนในชุมชนบ้านป่าบัว", "road_no": "0", "aumpher": "อำเภอห้วยคต", "office": "สาขาหนองฉาง", "branch_code": "61020000", "name_short": "None", "price_new": 200, "price_old": 150, "width_m": 4, "pt_i": 3 }, "geometry": { "type": "Point", "coordinates": [ 99.587480195582117, 15.333783062207493 ] } },
{ "type": "Feature", "properties": { "road_key": "61020000ST263", "road_name": "ถนนในชุมชนบ้านป่าบัว", "road_no": "0", "aumpher": "อำเภอห้วยคต", "office": "สาขาหนองฉาง", "branch_code": "61020000", "name_short": "None", "price_new": 200, "price_old": 150, "width_m": 4, "pt_i": 4 }, "geometry": { "type": "Point", "coordinates": [ 99.587994752474259, 15.334741918628515 ] } },
{ "type": "Feature", "properties": { "road_key": "61020000ST263", "road_name": "ถนนในชุมชนบ้านป่าบัว", "road_no": "0", "aumpher": "อำเภอห้วยคต", "office": "สาขาหนองฉาง", "branch_code": "61020000", "name_short": "None", "price_new": 200, "price_old": 150, "width_m": 4, "pt_i": 5 }, "geometry": { "type": "Point", "coordinates": [ 99.588398654452746, 15.335753373848421 ] } },
{ "type": "Feature", "properties": { "road_key": "61020000ST263", "road_name": "ถนนในชุมชนบ้านป่าบัว", "road_no": "0", "aumpher": "อำเภอห้วยคต", "office": "สาขาหนองฉาง", "branch_code": "61020000", "name_short": "None", "price_new": 200, "price_old": 150, "width_m": 4, "pt_i": 6 }, "geometry": { "type": "Point", "coordinates": [ 99.588715931312834, 15.336791743151599 ] } },
{ "type": "Feature", "properties": { "road_key": "61020000ST263", "road_name": "ถนนในชุมชนบ้านป่าบัว", "road_no": "0", "aumpher": "อำเภอห้วยคต", "office": "สาขาหนองฉาง", "branch_code": "61020000", "name_short": "None", "price_new": 200, "price_old": 150, "width_m": 4, "pt_i": 7 }, "geometry": { "type": "Point", "coordinates": [ 99.589103912475196, 15.337648483879819 ] } },
{ "type": "Feature", "properties": { "road_key": "61020000ST263", "road_name": "ถนนในชุมชนบ้านป่าบัว", "road_no": "0", "aumpher": "อำเภอห้วยคต", "office": "สาขาหนองฉาง", "branch_code": "61020000", "name_short": "None", "price_new": 200, "price_old": 150, "width_m": 4, "pt_i": 8 }, "geometry": { "type": "Point", "coordinates": [ 99.590219536332242, 15.337578994770034 ] } },
{ "type": "Feature", "properties": { "road_key": "61020000ST263", "road_name": "ถนนในชุมชนบ้านป่าบัว", "road_no": "0", "aumpher": "อำเภอห้วยคต", "office": "สาขาหนองฉาง", "branch_code": "61020000", "name_short": "None", "price_new": 200, "price_old": 150, "width_m": 4, "pt_i": 9 }, "geometry": { "type": "Point", "coordinates": [ 99.59133633443507, 15.33761438328915 ] } },
{ "type": "Feature", "properties": { "road_key": "61020000ST263", "road_name": "ถนนในชุมชนบ้านป่าบัว", "road_no": "0", "aumpher": "อำเภอห้วยคต", "office": "สาขาหนองฉาง", "branch_code": "61020000", "name_short": "None", "price_new": 200, "price_old": 150, "width_m": 4, "pt_i": 10 }, "geometry": { "type": "Point", "coordinates": [ 99.592452983304739, 15.337594453624433 ] } },
{ "type": "Feature", "properties": { "road_key": "61020000ST263", "road_name": "ถนนในชุมชนบ้านป่าบัว", "road_no": "0", "aumpher": "อำเภอห้วยคต", "office": "สาขาหนองฉาง", "branch_code": "61020000", "name_short": "None", "price_new": 200, "price_old": 150, "width_m": 4, "pt_i": 11 }, "geometry": { "type": "Point", "coordinates": [ 99.593569925523994, 15.337619715426248 ] } },
{ "type": "Feature", "properties": { "road_key": "61020000ST263", "road_name": "ถนนในชุมชนบ้านป่าบัว", "road_no": "0", "aumpher": "อำเภอห้วยคต", "office": "สาขาหนองฉาง", "branch_code": "61020000", "name_short": "None", "price_new": 200, "price_old": 150, "width_m": 4, "pt_i": 12 }, "geometry": { "type": "Point", "coordinates": [ 99.594651085364049, 15.337368973818057 ] } },
{ "type": "Feature", "properties": { "road_key": "61020000ST263", "road_name": "ถนนในชุมชนบ้านป่าบัว", "road_no": "0", "aumpher": "อำเภอห้วยคต", "office": "สาขาหนองฉาง", "branch_code": "61020000", "name_short": "None", "price_new": 200, "price_old": 150, "width_m": 4, "pt_i": 13 }, "geometry": { "type": "Point", "coordinates": [ 99.595710812636497, 15.337023567991423 ] } },
{ "type": "Feature", "properties": { "road_key": "61020000ST263", "road_name": "ถนนในชุมชนบ้านป่าบัว", "road_no": "0", "aumpher": "อำเภอห้วยคต", "office": "สาขาหนองฉาง", "branch_code": "61020000", "name_short": "None", "price_new": 200, "price_old": 150, "width_m": 4, "pt_i": 14 }, "geometry": { "type": "Point", "coordinates": [ 99.596779695221443, 15.336706619230347 ] } },
{ "type": "Feature", "properties": { "road_key": "61020000ST263", "road_name": "ถนนในชุมชนบ้านป่าบัว", "road_no": "0", "aumpher": "อำเภอห้วยคต", "office": "สาขาหนองฉาง", "branch_code": "61020000", "name_short": "None", "price_new": 200, "price_old": 150, "width_m": 4, "pt_i": 15 }, "geometry": { "type": "Point", "coordinates": [ 99.597847811970723, 15.336387440964517 ] } },
{ "type": "Feature", "properties": { "road_key": "61020000ST263", "road_name": "ถนนในชุมชนบ้านป่าบัว", "road_no": "0", "aumpher": "อำเภอห้วยคต", "office": "สาขาหนองฉาง", "branch_code": "61020000", "name_short": "None", "price_new": 200, "price_old": 150, "width_m": 4, "pt_i": 16 }, "geometry": { "type": "Point", "coordinates": [ 99.598905154071431, 15.336035196453002 ] } },
{ "type": "Feature", "properties": { "road_key": "61020000ST263", "road_name": "ถนนในชุมชนบ้านป่าบัว", "road_no": "0", "aumpher": "อำเภอห้วยคต", "office": "สาขาหนองฉาง", "branch_code": "61020000", "name_short": "None", "price_new": 200, "price_old": 150, "width_m": 4, "pt_i": 17 }, "geometry": { "type": "Point", "coordinates": [ 99.59998931605665, 15.335771685782488 ] } },
{ "type": "Feature", "properties": { "road_key": "61020000ST263", "road_name": "ถนนในชุมชนบ้านป่าบัว", "road_no": "0", "aumpher": "อำเภอห้วยคต", "office": "สาขาหนองฉาง", "branch_code": "61020000", "name_short": "None", "price_new": 200, "price_old": 150, "width_m": 4, "pt_i": 18 }, "geometry": { "type": "Point", "coordinates": [ 99.601066349767976, 15.335481044398833 ] } },
{ "type": "Feature", "properties": { "road_key": "61020000ST263", "road_name": "ถนนในชุมชนบ้านป่าบัว", "road_no": "0", "aumpher": "อำเภอห้วยคต", "office": "สาขาหนองฉาง", "branch_code": "61020000", "name_short": "None", "price_new": 200, "price_old": 150, "width_m": 4, "pt_i": 19 }, "geometry": { "type": "Point", "coordinates": [ 99.602144764773797, 15.335195290050851 ] } },
{ "type": "Feature", "properties": { "road_key": "61020000ST263", "road_name": "ถนนในชุมชนบ้านป่าบัว", "road_no": "0", "aumpher": "อำเภอห้วยคต", "office": "สาขาหนองฉาง", "branch_code": "61020000", "name_short": "None", "price_new": 200, "price_old": 150, "width_m": 4, "pt_i": 20 }, "geometry": { "type": "Point", "coordinates": [ 99.603238046552846, 15.335021718271681 ] } },
{ "type": "Feature", "properties": { "road_key": "61020000ST263", "road_name": "ถนนในชุมชนบ้านป่าบัว", "road_no": "0", "aumpher": "อำเภอห้วยคต", "office": "สาขาหนองฉาง", "branch_code": "61020000", "name_short": "None", "price_new": 200, "price_old": 150, "width_m": 4, "pt_i": 21 }, "geometry": { "type": "Point", "coordinates": [ 99.603892375616283, 15.334630970340763 ] } },
{ "type": "Feature", "properties": { "road_key": "61020000ST309", "road_name": "ถนนสายบ้านกกงิ้ว-บ้านหนองยาง (1)", "road_no": "0", "aumpher": "อำเภอห้วยคต", "office": "สาขาหนองฉาง", "branch_code": "61020000", "name_short": "None", "price_new": 250, "price_old": 150, "width_m": 4, "pt_i": 0 }, "geometry": { "type": "Point", "coordinates": [ 99.652074985495915, 15.297963212793416 ] } },
{ "type": "Feature", "properties": { "road_key": "61020000ST309", "road_name": "ถนนสายบ้านกกงิ้ว-บ้านหนองยาง (1)", "road_no": "0", "aumpher": "อำเภอห้วยคต", "office": "สาขาหนองฉาง", "branch_code": "61020000", "name_short": "None", "price_new": 250, "price_old": 150, "width_m": 4, "pt_i": 1 }, "geometry": { "type": "Point", "coordinates": [ 99.652072256212705, 15.297933154471023 ] } },
{ "type": "Feature", "properties": { "road_key": "61020000ST309", "road_name": "ถนนสายบ้านกกงิ้ว-บ้านหนองยาง (1)", "road_no": "0", "aumpher": "อำเภอห้วยคต", "office": "สาขาหนองฉาง", "branch_code": "61020000", "name_short": "None", "price_new": 250, "price_old": 150, "width_m": 4, "pt_i": 0 }, "geometry": { "type": "Point", "coordinates": [ 99.652074985495915, 15.297963212793416 ] } },
{ "type": "Feature", "properties": { "road_key": "61020000ST309", "road_name": "ถนนสายบ้านกกงิ้ว-บ้านหนองยาง (1)", "road_no": "0", "aumpher": "อำเภอห้วยคต", "office": "สาขาหนองฉาง", "branch_code": "61020000", "name_short": "None", "price_new": 250, "price_old": 150, "width_m": 4, "pt_i": 1 }, "geometry": { "type": "Point", "coordinates": [ 99.652103940490591, 15.296878723778697 ] } },
{ "type": "Feature", "properties": { "road_key": "61020000ST309", "road_name": "ถนนสายบ้านกกงิ้ว-บ้านหนองยาง (1)", "road_no": "0", "aumpher": "อำเภอห้วยคต", "office": "สาขาหนองฉาง", "branch_code": "61020000", "name_short": "None", "price_new": 250, "price_old": 150, "width_m": 4, "pt_i": 2 }, "geometry": { "type": "Point", "coordinates": [ 99.652140219595665, 15.29579451798352 ] } },
{ "type": "Feature", "properties": { "road_key": "61020000ST309", "road_name": "ถนนสายบ้านกกงิ้ว-บ้านหนองยาง (1)", "road_no": "0", "aumpher": "อำเภอห้วยคต", "office": "สาขาหนองฉาง", "branch_code": "61020000", "name_short": "None", "price_new": 250, "price_old": 150, "width_m": 4, "pt_i": 3 }, "geometry": { "type": "Point", "coordinates": [ 99.652200271331836, 15.294711231682095 ] } },
{ "type": "Feature", "properties": { "road_key": "61020000ST309", "road_name": "ถนนสายบ้านกกงิ้ว-บ้านหนองยาง (1)", "road_no": "0", "aumpher": "อำเภอห้วยคต", "office": "สาขาหนองฉาง", "branch_code": "61020000", "name_short": "None", "price_new": 250, "price_old": 150, "width_m": 4, "pt_i": 4 }, "geometry": { "type": "Point", "coordinates": [ 99.652342277872364, 15.293636566081659 ] } },
{ "type": "Feature", "properties": { "road_key": "61020000ST309", "road_name": "ถนนสายบ้านกกงิ้ว-บ้านหนองยาง (1)", "road_no": "0", "aumpher": "อำเภอห้วยคต", "office": "สาขาหนองฉาง", "branch_code": "61020000", "name_short": "None", "price_new": 250, "price_old": 150, "width_m": 4, "pt_i": 5 }, "geometry": { "type": "Point", "coordinates": [ 99.652313297464687, 15.292559698662656 ] } },
{ "type": "Feature", "properties": { "road_key": "61020000ST309", "road_name": "ถนนสายบ้านกกงิ้ว-บ้านหนองยาง (1)", "road_no": "0", "aumpher": "อำเภอห้วยคต", "office": "สาขาหนองฉาง", "branch_code": "61020000", "name_short": "None", "price_new": 250, "price_old": 150, "width_m": 4, "pt_i": 6 }, "geometry": { "type": "Point", "coordinates": [ 99.652200906303534, 15.291480344073092 ] } },
{ "type": "Feature", "properties": { "road_key": "61020000ST309", "road_name": "ถนนสายบ้านกกงิ้ว-บ้านหนองยาง (1)", "road_no": "0", "aumpher": "อำเภอห้วยคต", "office": "สาขาหนองฉาง", "branch_code": "61020000", "name_short": "None", "price_new": 250, "price_old": 150, "width_m": 4, "pt_i": 7 }, "geometry": { "type": "Point", "coordinates": [ 99.652228618783099, 15.290396709964288 ] } },
{ "type": "Feature", "properties": { "road_key": "61020000ST309", "road_name": "ถนนสายบ้านกกงิ้ว-บ้านหนองยาง (1)", "road_no": "0", "aumpher": "อำเภอห้วยคต", "office": "สาขาหนองฉาง", "branch_code": "61020000", "name_short": "None", "price_new": 250, "price_old": 150, "width_m": 4, "pt_i": 8 }, "geometry": { "type": "Point", "coordinates": [ 99.652232949096089, 15.289312314539272 ] } },
{ "type": "Feature", "properties": { "road_key": "61020000ST309", "road_name": "ถนนสายบ้านกกงิ้ว-บ้านหนองยาง (1)", "road_no": "0", "aumpher": "อำเภอห้วยคต", "office": "สาขาหนองฉาง", "branch_code": "61020000", "name_short": "None", "price_new": 250, "price_old": 150, "width_m": 4, "pt_i": 9 }, "geometry": { "type": "Point", "coordinates": [ 99.652120254726185, 15.288238795220854 ] } },
{ "type": "Feature", "properties": { "road_key": "61020000ST309", "road_name": "ถนนสายบ้านกกงิ้ว-บ้านหนองยาง (1)", "road_no": "0", "aumpher": "อำเภอห้วยคต", "office": "สาขาหนองฉาง", "branch_code": "61020000", "name_short": "None", "price_new": 250, "price_old": 150, "width_m": 4, "pt_i": 10 }, "geometry": { "type": "Point", "coordinates": [ 99.651867948589413, 15.287181946012987 ] } },
{ "type": "Feature", "properties": { "road_key": "61020000ST309", "road_name": "ถนนสายบ้านกกงิ้ว-บ้านหนองยาง (1)", "road_no": "0", "aumpher": "อำเภอห้วยคต", "office": "สาขาหนองฉาง", "branch_code": "61020000", "name_short": "None", "price_new": 250, "price_old": 150, "width_m": 4, "pt_i": 11 }, "geometry": { "type": "Point", "coordinates": [ 99.651467917503211, 15.28618063288609 ] } },
{ "type": "Feature", "properties": { "road_key": "61020000ST309", "road_name": "ถนนสายบ้านกกงิ้ว-บ้านหนองยาง (1)", "road_no": "0", "aumpher": "อำเภอห้วยคต", "office": "สาขาหนองฉาง", "branch_code": "61020000", "name_short": "None", "price_new": 250, "price_old": 150, "width_m": 4, "pt_i": 12 }, "geometry": { "type": "Point", "coordinates": [ 99.650915485657762, 15.285237788977156 ] } },
{ "type": "Feature", "properties": { "road_key": "61020000ST309", "road_name": "ถนนสายบ้านกกงิ้ว-บ้านหนองยาง (1)", "road_no": "0", "aumpher": "อำเภอห้วยคต", "office": "สาขาหนองฉาง", "branch_code": "61020000", "name_short": "None", "price_new": 250, "price_old": 150, "width_m": 4, "pt_i": 13 }, "geometry": { "type": "Point", "coordinates": [ 99.650280265723012, 15.284346041531165 ] } },
{ "type": "Feature", "properties": { "road_key": "61020000ST309", "road_name": "ถนนสายบ้านกกงิ้ว-บ้านหนองยาง (1)", "road_no": "0", "aumpher": "อำเภอห้วยคต", "office": "สาขาหนองฉาง", "branch_code": "61020000", "name_short": "None", "price_new": 250, "price_old": 150, "width_m": 4, "pt_i": 14 }, "geometry": { "type": "Point", "coordinates": [ 99.649924175297997, 15.283349554838873 ] } },
{ "type": "Feature", "properties": { "road_key": "61020000ST309", "road_name": "ถนนสายบ้านกกงิ้ว-บ้านหนองยาง (1)", "road_no": "0", "aumpher": "อำเภอห้วยคต", "office": "สาขาหนองฉาง", "branch_code": "61020000", "name_short": "None", "price_new": 250, "price_old": 150, "width_m": 4, "pt_i": 15 }, "geometry": { "type": "Point", "coordinates": [ 99.650054154095571, 15.282310607151194 ] } },
{ "type": "Feature", "properties": { "road_key": "61020000ST309", "road_name": "ถนนสายบ้านกกงิ้ว-บ้านหนองยาง (1)", "road_no": "0", "aumpher": "อำเภอห้วยคต", "office": "สาขาหนองฉาง", "branch_code": "61020000", "name_short": "None", "price_new": 250, "price_old": 150, "width_m": 4, "pt_i": 16 }, "geometry": { "type": "Point", "coordinates": [ 99.65039962274227, 15.281298439435055 ] } },
{ "type": "Feature", "properties": { "road_key": "61020000ST309", "road_name": "ถนนสายบ้านกกงิ้ว-บ้านหนองยาง (1)", "road_no": "0", "aumpher": "อำเภอห้วยคต", "office": "สาขาหนองฉาง", "branch_code": "61020000", "name_short": "None", "price_new": 250, "price_old": 150, "width_m": 4, "pt_i": 17 }, "geometry": { "type": "Point", "coordinates": [ 99.649764188441935, 15.280409218057374 ] } },
{ "type": "Feature", "properties": { "road_key": "61020000ST309", "road_name": "ถนนสายบ้านกกงิ้ว-บ้านหนองยาง (1)", "road_no": "0", "aumpher": "อำเภอห้วยคต", "office": "สาขาหนองฉาง", "branch_code": "61020000", "name_short": "None", "price_new": 250, "price_old": 150, "width_m": 4, "pt_i": 18 }, "geometry": { "type": "Point", "coordinates": [ 99.649485773765576, 15.279419743468546 ] } },
{ "type": "Feature", "properties": { "road_key": "61020000ST309", "road_name": "ถนนสายบ้านกกงิ้ว-บ้านหนองยาง (1)", "road_no": "0", "aumpher": "อำเภอห้วยคต", "office": "สาขาหนองฉาง", "branch_code": "61020000", "name_short": "None", "price_new": 250, "price_old": 150, "width_m": 4, "pt_i": 0 }, "geometry": { "type": "Point", "coordinates": [ 99.652074212661859, 15.302481196974318 ] } },
{ "type": "Feature", "properties": { "road_key": "61020000ST309", "road_name": "ถนนสายบ้านกกงิ้ว-บ้านหนองยาง (1)", "road_no": "0", "aumpher": "อำเภอห้วยคต", "office": "สาขาหนองฉาง", "branch_code": "61020000", "name_short": "None", "price_new": 250, "price_old": 150, "width_m": 4, "pt_i": 1 }, "geometry": { "type": "Point", "coordinates": [ 99.652578101740687, 15.301517933471638 ] } },
{ "type": "Feature", "properties": { "road_key": "61020000ST309", "road_name": "ถนนสายบ้านกกงิ้ว-บ้านหนองยาง (1)", "road_no": "0", "aumpher": "อำเภอห้วยคต", "office": "สาขาหนองฉาง", "branch_code": "61020000", "name_short": "None", "price_new": 250, "price_old": 150, "width_m": 4, "pt_i": 2 }, "geometry": { "type": "Point", "coordinates": [ 99.652189892836518, 15.30054306300743 ] } },
{ "type": "Feature", "properties": { "road_key": "61020000ST309", "road_name": "ถนนสายบ้านกกงิ้ว-บ้านหนองยาง (1)", "road_no": "0", "aumpher": "อำเภอห้วยคต", "office": "สาขาหนองฉาง", "branch_code": "61020000", "name_short": "None", "price_new": 250, "price_old": 150, "width_m": 4, "pt_i": 3 }, "geometry": { "type": "Point", "coordinates": [ 99.652172180110114, 15.299459045880793 ] } },
{ "type": "Feature", "properties": { "road_key": "61020000ST309", "road_name": "ถนนสายบ้านกกงิ้ว-บ้านหนองยาง (1)", "road_no": "0", "aumpher": "อำเภอห้วยคต", "office": "สาขาหนองฉาง", "branch_code": "61020000", "name_short": "None", "price_new": 250, "price_old": 150, "width_m": 4, "pt_i": 4 }, "geometry": { "type": "Point", "coordinates": [ 99.652120285346129, 15.298379666846174 ] } },
{ "type": "Feature", "properties": { "road_key": "61020000ST310", "road_name": "ถนนในชุมชนบ้านกกงิ้ว (2)", "road_no": "0", "aumpher": "อำเภอห้วยคต", "office": "สาขาหนองฉาง", "branch_code": "61020000", "name_short": "None", "price_new": 150, "price_old": 150, "width_m": 4, "pt_i": 0 }, "geometry": { "type": "Point", "coordinates": [ 99.652584944564737, 15.301496115075812 ] } },
{ "type": "Feature", "properties": { "road_key": "61020000ST310", "road_name": "ถนนในชุมชนบ้านกกงิ้ว (2)", "road_no": "0", "aumpher": "อำเภอห้วยคต", "office": "สาขาหนองฉาง", "branch_code": "61020000", "name_short": "None", "price_new": 150, "price_old": 150, "width_m": 4, "pt_i": 1 }, "geometry": { "type": "Point", "coordinates": [ 99.653586638258034, 15.30103530686721 ] } },
{ "type": "Feature", "properties": { "road_key": "61020000ST310", "road_name": "ถนนในชุมชนบ้านกกงิ้ว (2)", "road_no": "0", "aumpher": "อำเภอห้วยคต", "office": "สาขาหนองฉาง", "branch_code": "61020000", "name_short": "None", "price_new": 150, "price_old": 150, "width_m": 4, "pt_i": 2 }, "geometry": { "type": "Point", "coordinates": [ 99.654584190688695, 15.300563458288121 ] } },
{ "type": "Feature", "properties": { "road_key": "61020000ST310", "road_name": "ถนนในชุมชนบ้านกกงิ้ว (2)", "road_no": "0", "aumpher": "อำเภอห้วยคต", "office": "สาขาหนองฉาง", "branch_code": "61020000", "name_short": "None", "price_new": 150, "price_old": 150, "width_m": 4, "pt_i": 3 }, "geometry": { "type": "Point", "coordinates": [ 99.655532226997209, 15.300002913950264 ] } },
{ "type": "Feature", "properties": { "road_key": "61020000ST310", "road_name": "ถนนในชุมชนบ้านกกงิ้ว (2)", "road_no": "0", "aumpher": "อำเภอห้วยคต", "office": "สาขาหนองฉาง", "branch_code": "61020000", "name_short": "None", "price_new": 150, "price_old": 150, "width_m": 4, "pt_i": 4 }, "geometry": { "type": "Point", "coordinates": [ 99.656531032563549, 15.29951714810792 ] } },
{ "type": "Feature", "properties": { "road_key": "61020000ST310", "road_name": "ถนนในชุมชนบ้านกกงิ้ว (2)", "road_no": "0", "aumpher": "อำเภอห้วยคต", "office": "สาขาหนองฉาง", "branch_code": "61020000", "name_short": "None", "price_new": 150, "price_old": 150, "width_m": 4, "pt_i": 5 }, "geometry": { "type": "Point", "coordinates": [ 99.657629001080323, 15.299323207846214 ] } },
{ "type": "Feature", "properties": { "road_key": "61020000ST310", "road_name": "ถนนในชุมชนบ้านกกงิ้ว (2)", "road_no": "0", "aumpher": "อำเภอห้วยคต", "office": "สาขาหนองฉาง", "branch_code": "61020000", "name_short": "None", "price_new": 150, "price_old": 150, "width_m": 4, "pt_i": 6 }, "geometry": { "type": "Point", "coordinates": [ 99.658723155725411, 15.299101783745005 ] } },
{ "type": "Feature", "properties": { "road_key": "61020000ST310", "road_name": "ถนนในชุมชนบ้านกกงิ้ว (2)", "road_no": "0", "aumpher": "อำเภอห้วยคต", "office": "สาขาหนองฉาง", "branch_code": "61020000", "name_short": "None", "price_new": 150, "price_old": 150, "width_m": 4, "pt_i": 7 }, "geometry": { "type": "Point", "coordinates": [ 99.659812041724308, 15.298860129135351 ] } },
{ "type": "Feature", "properties": { "road_key": "61020000ST311", "road_name": "ถนนสายบ้านกกงิ้ว-บ้านหนองยาง (2)", "road_no": "0", "aumpher": "อำเภอห้วยคต", "office": "สาขาหนองฉาง", "branch_code": "61020000", "name_short": "None", "price_new": 250, "price_old": 150, "width_m": 4, "pt_i": 0 }, "geometry": { "type": "Point", "coordinates": [ 99.643887657667435, 15.301106772551611 ] } },
{ "type": "Feature", "properties": { "road_key": "61020000ST311", "road_name": "ถนนสายบ้านกกงิ้ว-บ้านหนองยาง (2)", "road_no": "0", "aumpher": "อำเภอห้วยคต", "office": "สาขาหนองฉาง", "branch_code": "61020000", "name_short": "None", "price_new": 250, "price_old": 150, "width_m": 4, "pt_i": 1 }, "geometry": { "type": "Point", "coordinates": [ 99.643892768321862, 15.300021929440684 ] } },
{ "type": "Feature", "properties": { "road_key": "61020000ST311", "road_name": "ถนนสายบ้านกกงิ้ว-บ้านหนองยาง (2)", "road_no": "0", "aumpher": "อำเภอห้วยคต", "office": "สาขาหนองฉาง", "branch_code": "61020000", "name_short": "None", "price_new": 250, "price_old": 150, "width_m": 4, "pt_i": 2 }, "geometry": { "type": "Point", "coordinates": [ 99.643897879153073, 15.298937086227307 ] } },
{ "type": "Feature", "properties": { "road_key": "61020000ST311", "road_name": "ถนนสายบ้านกกงิ้ว-บ้านหนองยาง (2)", "road_no": "0", "aumpher": "อำเภอห้วยคต", "office": "สาขาหนองฉาง", "branch_code": "61020000", "name_short": "None", "price_new": 250, "price_old": 150, "width_m": 4, "pt_i": 3 }, "geometry": { "type": "Point", "coordinates": [ 99.643708502620214, 15.297876378824766 ] } },
{ "type": "Feature", "properties": { "road_key": "61020000ST311", "road_name": "ถนนสายบ้านกกงิ้ว-บ้านหนองยาง (2)", "road_no": "0", "aumpher": "อำเภอห้วยคต", "office": "สาขาหนองฉาง", "branch_code": "61020000", "name_short": "None", "price_new": 250, "price_old": 150, "width_m": 4, "pt_i": 4 }, "geometry": { "type": "Point", "coordinates": [ 99.643279157760077, 15.296879654778435 ] } },
{ "type": "Feature", "properties": { "road_key": "61020000ST311", "road_name": "ถนนสายบ้านกกงิ้ว-บ้านหนองยาง (2)", "road_no": "0", "aumpher": "อำเภอห้วยคต", "office": "สาขาหนองฉาง", "branch_code": "61020000", "name_short": "None", "price_new": 250, "price_old": 150, "width_m": 4, "pt_i": 5 }, "geometry": { "type": "Point", "coordinates": [ 99.64280218427993, 15.295898704230794 ] } },
{ "type": "Feature", "properties": { "road_key": "61020000ST311", "road_name": "ถนนสายบ้านกกงิ้ว-บ้านหนองยาง (2)", "road_no": "0", "aumpher": "อำเภอห้วยคต", "office": "สาขาหนองฉาง", "branch_code": "61020000", "name_short": "None", "price_new": 250, "price_old": 150, "width_m": 4, "pt_i": 6 }, "geometry": { "type": "Point", "coordinates": [ 99.642366969398438, 15.294900348034819 ] } },
{ "type": "Feature", "properties": { "road_key": "61020000ST311", "road_name": "ถนนสายบ้านกกงิ้ว-บ้านหนองยาง (2)", "road_no": "0", "aumpher": "อำเภอห้วยคต", "office": "สาขาหนองฉาง", "branch_code": "61020000", "name_short": "None", "price_new": 250, "price_old": 150, "width_m": 4, "pt_i": 7 }, "geometry": { "type": "Point", "coordinates": [ 99.641997636879168, 15.293876437464901 ] } },
{ "type": "Feature", "properties": { "road_key": "61020000ST311", "road_name": "ถนนสายบ้านกกงิ้ว-บ้านหนองยาง (2)", "road_no": "0", "aumpher": "อำเภอห้วยคต", "office": "สาขาหนองฉาง", "branch_code": "61020000", "name_short": "None", "price_new": 250, "price_old": 150, "width_m": 4, "pt_i": 8 }, "geometry": { "type": "Point", "coordinates": [ 99.641574673975484, 15.292873946350156 ] } },
{ "type": "Feature", "properties": { "road_key": "61020000ST311", "road_name": "ถนนสายบ้านกกงิ้ว-บ้านหนองยาง (2)", "road_no": "0", "aumpher": "อำเภอห้วยคต", "office": "สาขาหนองฉาง", "branch_code": "61020000", "name_short": "None", "price_new": 250, "price_old": 150, "width_m": 4, "pt_i": 9 }, "geometry": { "type": "Point", "coordinates": [ 99.641098735948717, 15.291892365839546 ] } },
{ "type": "Feature", "properties": { "road_key": "61020000ST311", "road_name": "ถนนสายบ้านกกงิ้ว-บ้านหนองยาง (2)", "road_no": "0", "aumpher": "อำเภอห้วยคต", "office": "สาขาหนองฉาง", "branch_code": "61020000", "name_short": "None", "price_new": 250, "price_old": 150, "width_m": 4, "pt_i": 10 }, "geometry": { "type": "Point", "coordinates": [ 99.640654454896421, 15.290897091825899 ] } },
{ "type": "Feature", "properties": { "road_key": "61020000ST311", "road_name": "ถนนสายบ้านกกงิ้ว-บ้านหนองยาง (2)", "road_no": "0", "aumpher": "อำเภอห้วยคต", "office": "สาขาหนองฉาง", "branch_code": "61020000", "name_short": "None", "price_new": 250, "price_old": 150, "width_m": 4, "pt_i": 11 }, "geometry": { "type": "Point", "coordinates": [ 99.640220655276948, 15.289897284495122 ] } },
{ "type": "Feature", "properties": { "road_key": "61020000ST311", "road_name": "ถนนสายบ้านกกงิ้ว-บ้านหนองยาง (2)", "road_no": "0", "aumpher": "อำเภอห้วยคต", "office": "สาขาหนองฉาง", "branch_code": "61020000", "name_short": "None", "price_new": 250, "price_old": 150, "width_m": 4, "pt_i": 12 }, "geometry": { "type": "Point", "coordinates": [ 99.639786859930368, 15.288897476076569 ] } },
{ "type": "Feature", "properties": { "road_key": "61020000ST311", "road_name": "ถนนสายบ้านกกงิ้ว-บ้านหนองยาง (2)", "road_no": "0", "aumpher": "อำเภอห้วยคต", "office": "สาขาหนองฉาง", "branch_code": "61020000", "name_short": "None", "price_new": 250, "price_old": 150, "width_m": 4, "pt_i": 13 }, "geometry": { "type": "Point", "coordinates": [ 99.639324149745264, 15.287910256310209 ] } },
{ "type": "Feature", "properties": { "road_key": "61020000ST311", "road_name": "ถนนสายบ้านกกงิ้ว-บ้านหนองยาง (2)", "road_no": "0", "aumpher": "อำเภอห้วยคต", "office": "สาขาหนองฉาง", "branch_code": "61020000", "name_short": "None", "price_new": 250, "price_old": 150, "width_m": 4, "pt_i": 14 }, "geometry": { "type": "Point", "coordinates": [ 99.638843440922059, 15.286930872857157 ] } },
{ "type": "Feature", "properties": { "road_key": "61020000ST311", "road_name": "ถนนสายบ้านกกงิ้ว-บ้านหนองยาง (2)", "road_no": "0", "aumpher": "อำเภอห้วยคต", "office": "สาขาหนองฉาง", "branch_code": "61020000", "name_short": "None", "price_new": 250, "price_old": 150, "width_m": 4, "pt_i": 15 }, "geometry": { "type": "Point", "coordinates": [ 99.63839772885936, 15.285936968889493 ] } },
{ "type": "Feature", "properties": { "road_key": "61020000ST311", "road_name": "ถนนสายบ้านกกงิ้ว-บ้านหนองยาง (2)", "road_no": "0", "aumpher": "อำเภอห้วยคต", "office": "สาขาหนองฉาง", "branch_code": "61020000", "name_short": "None", "price_new": 250, "price_old": 150, "width_m": 4, "pt_i": 16 }, "geometry": { "type": "Point", "coordinates": [ 99.637859705340745, 15.284986726335365 ] } },
{ "type": "Feature", "properties": { "road_key": "61020000ST311", "road_name": "ถนนสายบ้านกกงิ้ว-บ้านหนองยาง (2)", "road_no": "0", "aumpher": "อำเภอห้วยคต", "office": "สาขาหนองฉาง", "branch_code": "61020000", "name_short": "None", "price_new": 250, "price_old": 150, "width_m": 4, "pt_i": 17 }, "geometry": { "type": "Point", "coordinates": [ 99.637305540438703, 15.284048034179644 ] } },
{ "type": "Feature", "properties": { "road_key": "61020000ST311", "road_name": "ถนนสายบ้านกกงิ้ว-บ้านหนองยาง (2)", "road_no": "0", "aumpher": "อำเภอห้วยคต", "office": "สาขาหนองฉาง", "branch_code": "61020000", "name_short": "None", "price_new": 250, "price_old": 150, "width_m": 4, "pt_i": 18 }, "geometry": { "type": "Point", "coordinates": [ 99.637305917038461, 15.282973183717385 ] } },
{ "type": "Feature", "properties": { "road_key": "61020000ST311", "road_name": "ถนนสายบ้านกกงิ้ว-บ้านหนองยาง (2)", "road_no": "0", "aumpher": "อำเภอห้วยคต", "office": "สาขาหนองฉาง", "branch_code": "61020000", "name_short": "None", "price_new": 250, "price_old": 150, "width_m": 4, "pt_i": 19 }, "geometry": { "type": "Point", "coordinates": [ 99.637325899309133, 15.28188850767665 ] } },
{ "type": "Feature", "properties": { "road_key": "61020000ST311", "road_name": "ถนนสายบ้านกกงิ้ว-บ้านหนองยาง (2)", "road_no": "0", "aumpher": "อำเภอห้วยคต", "office": "สาขาหนองฉาง", "branch_code": "61020000", "name_short": "None", "price_new": 250, "price_old": 150, "width_m": 4, "pt_i": 20 }, "geometry": { "type": "Point", "coordinates": [ 99.637317207220235, 15.280803847731118 ] } },
{ "type": "Feature", "properties": { "road_key": "61020000ST311", "road_name": "ถนนสายบ้านกกงิ้ว-บ้านหนองยาง (2)", "road_no": "0", "aumpher": "อำเภอห้วยคต", "office": "สาขาหนองฉาง", "branch_code": "61020000", "name_short": "None", "price_new": 250, "price_old": 150, "width_m": 4, "pt_i": 21 }, "geometry": { "type": "Point", "coordinates": [ 99.637294992081266, 15.279719204363669 ] } },
{ "type": "Feature", "properties": { "road_key": "61020000ST311", "road_name": "ถนนสายบ้านกกงิ้ว-บ้านหนองยาง (2)", "road_no": "0", "aumpher": "อำเภอห้วยคต", "office": "สาขาหนองฉาง", "branch_code": "61020000", "name_short": "None", "price_new": 250, "price_old": 150, "width_m": 4, "pt_i": 22 }, "geometry": { "type": "Point", "coordinates": [ 99.637234684498097, 15.278636361188848 ] } },
{ "type": "Feature", "properties": { "road_key": "61020000ST311", "road_name": "ถนนสายบ้านกกงิ้ว-บ้านหนองยาง (2)", "road_no": "0", "aumpher": "อำเภอห้วยคต", "office": "สาขาหนองฉาง", "branch_code": "61020000", "name_short": "None", "price_new": 250, "price_old": 150, "width_m": 4, "pt_i": 23 }, "geometry": { "type": "Point", "coordinates": [ 99.637135791708531, 15.277555857767636 ] } },
{ "type": "Feature", "properties": { "road_key": "61020000ST311", "road_name": "ถนนสายบ้านกกงิ้ว-บ้านหนองยาง (2)", "road_no": "0", "aumpher": "อำเภอห้วยคต", "office": "สาขาหนองฉาง", "branch_code": "61020000", "name_short": "None", "price_new": 250, "price_old": 150, "width_m": 4, "pt_i": 24 }, "geometry": { "type": "Point", "coordinates": [ 99.636924618813268, 15.276500792456543 ] } },
{ "type": "Feature", "properties": { "road_key": "61020000ST311", "road_name": "ถนนสายบ้านกกงิ้ว-บ้านหนองยาง (2)", "road_no": "0", "aumpher": "อำเภอห้วยคต", "office": "สาขาหนองฉาง", "branch_code": "61020000", "name_short": "None", "price_new": 250, "price_old": 150, "width_m": 4, "pt_i": 25 }, "geometry": { "type": "Point", "coordinates": [ 99.636531712582538, 15.275559747051267 ] } },
{ "type": "Feature", "properties": { "road_key": "61020000ST311", "road_name": "ถนนสายบ้านกกงิ้ว-บ้านหนองยาง (2)", "road_no": "0", "aumpher": "อำเภอห้วยคต", "office": "สาขาหนองฉาง", "branch_code": "61020000", "name_short": "None", "price_new": 250, "price_old": 150, "width_m": 4, "pt_i": 26 }, "geometry": { "type": "Point", "coordinates": [ 99.636715138401044, 15.274489644229028 ] } },
{ "type": "Feature", "properties": { "road_key": "61020000ST311", "road_name": "ถนนสายบ้านกกงิ้ว-บ้านหนองยาง (2)", "road_no": "0", "aumpher": "อำเภอห้วยคต", "office": "สาขาหนองฉาง", "branch_code": "61020000", "name_short": "None", "price_new": 250, "price_old": 150, "width_m": 4, "pt_i": 27 }, "geometry": { "type": "Point", "coordinates": [ 99.636860679524929, 15.273414918558039 ] } },
{ "type": "Feature", "properties": { "road_key": "61020000ST312", "road_name": "ถนนในชุมชนบ้านหนองสัน", "road_no": "0", "aumpher": "อำเภอห้วยคต", "office": "สาขาหนองฉาง", "branch_code": "61020000", "name_short": "None", "price_new": 250, "price_old": 150, "width_m": 4, "pt_i": 0 }, "geometry": { "type": "Point", "coordinates": [ 99.635595858418711, 15.245346959436418 ] } },
{ "type": "Feature", "properties": { "road_key": "61020000ST312", "road_name": "ถนนในชุมชนบ้านหนองสัน", "road_no": "0", "aumpher": "อำเภอห้วยคต", "office": "สาขาหนองฉาง", "branch_code": "61020000", "name_short": "None", "price_new": 250, "price_old": 150, "width_m": 4, "pt_i": 1 }, "geometry": { "type": "Point", "coordinates": [ 99.636616270139029, 15.244952687202922 ] } },
{ "type": "Feature", "properties": { "road_key": "61020000ST312", "road_name": "ถนนในชุมชนบ้านหนองสัน", "road_no": "0", "aumpher": "อำเภอห้วยคต", "office": "สาขาหนองฉาง", "branch_code": "61020000", "name_short": "None", "price_new": 250, "price_old": 150, "width_m": 4, "pt_i": 2 }, "geometry": { "type": "Point", "coordinates": [ 99.6376930875428, 15.244664318904823 ] } },
{ "type": "Feature", "properties": { "road_key": "61020000ST312", "road_name": "ถนนในชุมชนบ้านหนองสัน", "road_no": "0", "aumpher": "อำเภอห้วยคต", "office": "สาขาหนองฉาง", "branch_code": "61020000", "name_short": "None", "price_new": 250, "price_old": 150, "width_m": 4, "pt_i": 3 }, "geometry": { "type": "Point", "coordinates": [ 99.638785544068085, 15.244436302151275 ] } },
{ "type": "Feature", "properties": { "road_key": "61020000ST312", "road_name": "ถนนในชุมชนบ้านหนองสัน", "road_no": "0", "aumpher": "อำเภอห้วยคต", "office": "สาขาหนองฉาง", "branch_code": "61020000", "name_short": "None", "price_new": 250, "price_old": 150, "width_m": 4, "pt_i": 4 }, "geometry": { "type": "Point", "coordinates": [ 99.639869904224923, 15.244455318513786 ] } },
{ "type": "Feature", "properties": { "road_key": "61020000ST312", "road_name": "ถนนในชุมชนบ้านหนองสัน", "road_no": "0", "aumpher": "อำเภอห้วยคต", "office": "สาขาหนองฉาง", "branch_code": "61020000", "name_short": "None", "price_new": 250, "price_old": 150, "width_m": 4, "pt_i": 5 }, "geometry": { "type": "Point", "coordinates": [ 99.640227831976787, 15.243475961599707 ] } },
{ "type": "Feature", "properties": { "road_key": "61020000ST312", "road_name": "ถนนในชุมชนบ้านหนองสัน", "road_no": "0", "aumpher": "อำเภอห้วยคต", "office": "สาขาหนองฉาง", "branch_code": "61020000", "name_short": "None", "price_new": 250, "price_old": 150, "width_m": 4, "pt_i": 6 }, "geometry": { "type": "Point", "coordinates": [ 99.640516715399173, 15.242431985529635 ] } },
{ "type": "Feature", "properties": { "road_key": "61020000ST312", "road_name": "ถนนในชุมชนบ้านหนองสัน", "road_no": "0", "aumpher": "อำเภอห้วยคต", "office": "สาขาหนองฉาง", "branch_code": "61020000", "name_short": "None", "price_new": 250, "price_old": 150, "width_m": 4, "pt_i": 7 }, "geometry": { "type": "Point", "coordinates": [ 99.641030216217942, 15.241494174705045 ] } },
{ "type": "Feature", "properties": { "road_key": "61020000ST312", "road_name": "ถนนในชุมชนบ้านหนองสัน", "road_no": "0", "aumpher": "อำเภอห้วยคต", "office": "สาขาหนองฉาง", "branch_code": "61020000", "name_short": "None", "price_new": 250, "price_old": 150, "width_m": 4, "pt_i": 0 }, "geometry": { "type": "Point", "coordinates": [ 99.617793950246053, 15.246910891805385 ] } },
{ "type": "Feature", "properties": { "road_key": "61020000ST312", "road_name": "ถนนในชุมชนบ้านหนองสัน", "road_no": "0", "aumpher": "อำเภอห้วยคต", "office": "สาขาหนองฉาง", "branch_code": "61020000", "name_short": "None", "price_new": 250, "price_old": 150, "width_m": 4, "pt_i": 1 }, "geometry": { "type": "Point", "coordinates": [ 99.618840926014755, 15.246531765209811 ] } },
{ "type": "Feature", "properties": { "road_key": "61020000ST312", "road_name": "ถนนในชุมชนบ้านหนองสัน", "road_no": "0", "aumpher": "อำเภอห้วยคต", "office": "สาขาหนองฉาง", "branch_code": "61020000", "name_short": "None", "price_new": 250, "price_old": 150, "width_m": 4, "pt_i": 2 }, "geometry": { "type": "Point", "coordinates": [ 99.61988338447, 15.246141209546076 ] } },
{ "type": "Feature", "properties": { "road_key": "61020000ST312", "road_name": "ถนนในชุมชนบ้านหนองสัน", "road_no": "0", "aumpher": "อำเภอห้วยคต", "office": "สาขาหนองฉาง", "branch_code": "61020000", "name_short": "None", "price_new": 250, "price_old": 150, "width_m": 4, "pt_i": 3 }, "geometry": { "type": "Point", "coordinates": [ 99.620897357102294, 15.245693112562426 ] } },
{ "type": "Feature", "properties": { "road_key": "61020000ST312", "road_name": "ถนนในชุมชนบ้านหนองสัน", "road_no": "0", "aumpher": "อำเภอห้วยคต", "office": "สาขาหนองฉาง", "branch_code": "61020000", "name_short": "None", "price_new": 250, "price_old": 150, "width_m": 4, "pt_i": 4 }, "geometry": { "type": "Point", "coordinates": [ 99.621843061527201, 15.245115869716653 ] } },
{ "type": "Feature", "properties": { "road_key": "61020000ST312", "road_name": "ถนนในชุมชนบ้านหนองสัน", "road_no": "0", "aumpher": "อำเภอห้วยคต", "office": "สาขาหนองฉาง", "branch_code": "61020000", "name_short": "None", "price_new": 250, "price_old": 150, "width_m": 4, "pt_i": 5 }, "geometry": { "type": "Point", "coordinates": [ 99.622706323636862, 15.245236741473875 ] } },
{ "type": "Feature", "properties": { "road_key": "61020000ST312", "road_name": "ถนนในชุมชนบ้านหนองสัน", "road_no": "0", "aumpher": "อำเภอห้วยคต", "office": "สาขาหนองฉาง", "branch_code": "61020000", "name_short": "None", "price_new": 250, "price_old": 150, "width_m": 4, "pt_i": 6 }, "geometry": { "type": "Point", "coordinates": [ 99.623427795730223, 15.246064596080073 ] } },
{ "type": "Feature", "properties": { "road_key": "61020000ST312", "road_name": "ถนนในชุมชนบ้านหนองสัน", "road_no": "0", "aumpher": "อำเภอห้วยคต", "office": "สาขาหนองฉาง", "branch_code": "61020000", "name_short": "None", "price_new": 250, "price_old": 150, "width_m": 4, "pt_i": 7 }, "geometry": { "type": "Point", "coordinates": [ 99.62410636985669, 15.246926358225263 ] } },
{ "type": "Feature", "properties": { "road_key": "61020000ST312", "road_name": "ถนนในชุมชนบ้านหนองสัน", "road_no": "0", "aumpher": "อำเภอห้วยคต", "office": "สาขาหนองฉาง", "branch_code": "61020000", "name_short": "None", "price_new": 250, "price_old": 150, "width_m": 4, "pt_i": 8 }, "geometry": { "type": "Point", "coordinates": [ 99.624775205175325, 15.24779542719101 ] } },
{ "type": "Feature", "properties": { "road_key": "61020000ST312", "road_name": "ถนนในชุมชนบ้านหนองสัน", "road_no": "0", "aumpher": "อำเภอห้วยคต", "office": "สาขาหนองฉาง", "branch_code": "61020000", "name_short": "None", "price_new": 250, "price_old": 150, "width_m": 4, "pt_i": 9 }, "geometry": { "type": "Point", "coordinates": [ 99.625698178668927, 15.248229526684735 ] } },
{ "type": "Feature", "properties": { "road_key": "61020000ST312", "road_name": "ถนนในชุมชนบ้านหนองสัน", "road_no": "0", "aumpher": "อำเภอห้วยคต", "office": "สาขาหนองฉาง", "branch_code": "61020000", "name_short": "None", "price_new": 250, "price_old": 150, "width_m": 4, "pt_i": 10 }, "geometry": { "type": "Point", "coordinates": [ 99.626792095708538, 15.248390142188695 ] } },
{ "type": "Feature", "properties": { "road_key": "61020000ST312", "road_name": "ถนนในชุมชนบ้านหนองสัน", "road_no": "0", "aumpher": "อำเภอห้วยคต", "office": "สาขาหนองฉาง", "branch_code": "61020000", "name_short": "None", "price_new": 250, "price_old": 150, "width_m": 4, "pt_i": 11 }, "geometry": { "type": "Point", "coordinates": [ 99.627907206483556, 15.248446953115593 ] } },
{ "type": "Feature", "properties": { "road_key": "61020000ST312", "road_name": "ถนนในชุมชนบ้านหนองสัน", "road_no": "0", "aumpher": "อำเภอห้วยคต", "office": "สาขาหนองฉาง", "branch_code": "61020000", "name_short": "None", "price_new": 250, "price_old": 150, "width_m": 4, "pt_i": 12 }, "geometry": { "type": "Point", "coordinates": [ 99.629020706049957, 15.248389786831815 ] } },
{ "type": "Feature", "properties": { "road_key": "61020000ST312", "road_name": "ถนนในชุมชนบ้านหนองสัน", "road_no": "0", "aumpher": "อำเภอห้วยคต", "office": "สาขาหนองฉาง", "branch_code": "61020000", "name_short": "None", "price_new": 250, "price_old": 150, "width_m": 4, "pt_i": 0 }, "geometry": { "type": "Point", "coordinates": [ 99.629949037066908, 15.248007138613682 ] } },
{ "type": "Feature", "properties": { "road_key": "61020000ST312", "road_name": "ถนนในชุมชนบ้านหนองสัน", "road_no": "0", "aumpher": "อำเภอห้วยคต", "office": "สาขาหนองฉาง", "branch_code": "61020000", "name_short": "None", "price_new": 250, "price_old": 150, "width_m": 4, "pt_i": 1 }, "geometry": { "type": "Point", "coordinates": [ 99.6298268717063, 15.246941920131819 ] } },
{ "type": "Feature", "properties": { "road_key": "61020000ST312", "road_name": "ถนนในชุมชนบ้านหนองสัน", "road_no": "0", "aumpher": "อำเภอห้วยคต", "office": "สาขาหนองฉาง", "branch_code": "61020000", "name_short": "None", "price_new": 250, "price_old": 150, "width_m": 4, "pt_i": 2 }, "geometry": { "type": "Point", "coordinates": [ 99.629723707555783, 15.245861991349068 ] } },
{ "type": "Feature", "properties": { "road_key": "61020000ST312", "road_name": "ถนนในชุมชนบ้านหนองสัน", "road_no": "0", "aumpher": "อำเภอห้วยคต", "office": "สาขาหนองฉาง", "branch_code": "61020000", "name_short": "None", "price_new": 250, "price_old": 150, "width_m": 4, "pt_i": 3 }, "geometry": { "type": "Point", "coordinates": [ 99.629619725991262, 15.244781842424604 ] } },
{ "type": "Feature", "properties": { "road_key": "61020000ST312", "road_name": "ถนนในชุมชนบ้านหนองสัน", "road_no": "0", "aumpher": "อำเภอห้วยคต", "office": "สาขาหนองฉาง", "branch_code": "61020000", "name_short": "None", "price_new": 250, "price_old": 150, "width_m": 4, "pt_i": 4 }, "geometry": { "type": "Point", "coordinates": [ 99.630051541923223, 15.244098286253008 ] } },
{ "type": "Feature", "properties": { "road_key": "61020000ST312", "road_name": "ถนนในชุมชนบ้านหนองสัน", "road_no": "0", "aumpher": "อำเภอห้วยคต", "office": "สาขาหนองฉาง", "branch_code": "61020000", "name_short": "None", "price_new": 250, "price_old": 150, "width_m": 4, "pt_i": 5 }, "geometry": { "type": "Point", "coordinates": [ 99.630646687906562, 15.243430806842527 ] } },
{ "type": "Feature", "properties": { "road_key": "61020000ST312", "road_name": "ถนนในชุมชนบ้านหนองสัน", "road_no": "0", "aumpher": "อำเภอห้วยคต", "office": "สาขาหนองฉาง", "branch_code": "61020000", "name_short": "None", "price_new": 250, "price_old": 150, "width_m": 4, "pt_i": 6 }, "geometry": { "type": "Point", "coordinates": [ 99.630773794057276, 15.242353716794002 ] } },
{ "type": "Feature", "properties": { "road_key": "61020000ST312", "road_name": "ถนนในชุมชนบ้านหนองสัน", "road_no": "0", "aumpher": "อำเภอห้วยคต", "office": "สาขาหนองฉาง", "branch_code": "61020000", "name_short": "None", "price_new": 250, "price_old": 150, "width_m": 4, "pt_i": 7 }, "geometry": { "type": "Point", "coordinates": [ 99.63080665960392, 15.241269564613303 ] } },
{ "type": "Feature", "properties": { "road_key": "61020000ST312", "road_name": "ถนนในชุมชนบ้านหนองสัน", "road_no": "0", "aumpher": "อำเภอห้วยคต", "office": "สาขาหนองฉาง", "branch_code": "61020000", "name_short": "None", "price_new": 250, "price_old": 150, "width_m": 4, "pt_i": 8 }, "geometry": { "type": "Point", "coordinates": [ 99.630911337974169, 15.240189472727977 ] } },
{ "type": "Feature", "properties": { "road_key": "61020000ST312", "road_name": "ถนนในชุมชนบ้านหนองสัน", "road_no": "0", "aumpher": "อำเภอห้วยคต", "office": "สาขาหนองฉาง", "branch_code": "61020000", "name_short": "None", "price_new": 250, "price_old": 150, "width_m": 4, "pt_i": 9 }, "geometry": { "type": "Point", "coordinates": [ 99.631058799311688, 15.239114179211517 ] } },
{ "type": "Feature", "properties": { "road_key": "61020000ST312", "road_name": "ถนนในชุมชนบ้านหนองสัน", "road_no": "0", "aumpher": "อำเภอห้วยคต", "office": "สาขาหนองฉาง", "branch_code": "61020000", "name_short": "None", "price_new": 250, "price_old": 150, "width_m": 4, "pt_i": 10 }, "geometry": { "type": "Point", "coordinates": [ 99.631208640026429, 15.23803911604403 ] } },
{ "type": "Feature", "properties": { "road_key": "61020000ST312", "road_name": "ถนนในชุมชนบ้านหนองสัน", "road_no": "0", "aumpher": "อำเภอห้วยคต", "office": "สาขาหนองฉาง", "branch_code": "61020000", "name_short": "None", "price_new": 250, "price_old": 150, "width_m": 4, "pt_i": 11 }, "geometry": { "type": "Point", "coordinates": [ 99.631186484470149, 15.236955512560138 ] } },
{ "type": "Feature", "properties": { "road_key": "61020000ST312", "road_name": "ถนนในชุมชนบ้านหนองสัน", "road_no": "0", "aumpher": "อำเภอห้วยคต", "office": "สาขาหนองฉาง", "branch_code": "61020000", "name_short": "None", "price_new": 250, "price_old": 150, "width_m": 4, "pt_i": 0 }, "geometry": { "type": "Point", "coordinates": [ 99.629949037066908, 15.248007138613682 ] } },
{ "type": "Feature", "properties": { "road_key": "61020000ST312", "road_name": "ถนนในชุมชนบ้านหนองสัน", "road_no": "0", "aumpher": "อำเภอห้วยคต", "office": "สาขาหนองฉาง", "branch_code": "61020000", "name_short": "None", "price_new": 250, "price_old": 150, "width_m": 4, "pt_i": 1 }, "geometry": { "type": "Point", "coordinates": [ 99.631061469794403, 15.248023876118944 ] } },
{ "type": "Feature", "properties": { "road_key": "61020000ST312", "road_name": "ถนนในชุมชนบ้านหนองสัน", "road_no": "0", "aumpher": "อำเภอห้วยคต", "office": "สาขาหนองฉาง", "branch_code": "61020000", "name_short": "None", "price_new": 250, "price_old": 150, "width_m": 4, "pt_i": 2 }, "geometry": { "type": "Point", "coordinates": [ 99.632014096993458, 15.248019276187339 ] } },
{ "type": "Feature", "properties": { "road_key": "61020000ST312", "road_name": "ถนนในชุมชนบ้านหนองสัน", "road_no": "0", "aumpher": "อำเภอห้วยคต", "office": "สาขาหนองฉาง", "branch_code": "61020000", "name_short": "None", "price_new": 250, "price_old": 150, "width_m": 4, "pt_i": 3 }, "geometry": { "type": "Point", "coordinates": [ 99.632800456500433, 15.247371410039044 ] } },
{ "type": "Feature", "properties": { "road_key": "61020000ST312", "road_name": "ถนนในชุมชนบ้านหนองสัน", "road_no": "0", "aumpher": "อำเภอห้วยคต", "office": "สาขาหนองฉาง", "branch_code": "61020000", "name_short": "None", "price_new": 250, "price_old": 150, "width_m": 4, "pt_i": 4 }, "geometry": { "type": "Point", "coordinates": [ 99.633512699338553, 15.246690331660107 ] } },
{ "type": "Feature", "properties": { "road_key": "61020000ST312", "road_name": "ถนนในชุมชนบ้านหนองสัน", "road_no": "0", "aumpher": "อำเภอห้วยคต", "office": "สาขาหนองฉาง", "branch_code": "61020000", "name_short": "None", "price_new": 250, "price_old": 150, "width_m": 4, "pt_i": 5 }, "geometry": { "type": "Point", "coordinates": [ 99.634029946730024, 15.245882479250557 ] } },
{ "type": "Feature", "properties": { "road_key": "61020000ST312", "road_name": "ถนนในชุมชนบ้านหนองสัน", "road_no": "0", "aumpher": "อำเภอห้วยคต", "office": "สาขาหนองฉาง", "branch_code": "61020000", "name_short": "None", "price_new": 250, "price_old": 150, "width_m": 4, "pt_i": 6 }, "geometry": { "type": "Point", "coordinates": [ 99.635068796038112, 15.245482858279809 ] } },
{ "type": "Feature", "properties": { "road_key": "61020000ST312", "road_name": "ถนนในชุมชนบ้านหนองสัน", "road_no": "0", "aumpher": "อำเภอห้วยคต", "office": "สาขาหนองฉาง", "branch_code": "61020000", "name_short": "None", "price_new": 250, "price_old": 150, "width_m": 4, "pt_i": 0 }, "geometry": { "type": "Point", "coordinates": [ 99.629949037066908, 15.248007138613682 ] } },
{ "type": "Feature", "properties": { "road_key": "61020000ST312", "road_name": "ถนนในชุมชนบ้านหนองสัน", "road_no": "0", "aumpher": "อำเภอห้วยคต", "office": "สาขาหนองฉาง", "branch_code": "61020000", "name_short": "None", "price_new": 250, "price_old": 150, "width_m": 4, "pt_i": 1 }, "geometry": { "type": "Point", "coordinates": [ 99.630201326361117, 15.249056658531732 ] } },
{ "type": "Feature", "properties": { "road_key": "61020000ST312", "road_name": "ถนนในชุมชนบ้านหนองสัน", "road_no": "0", "aumpher": "อำเภอห้วยคต", "office": "สาขาหนองฉาง", "branch_code": "61020000", "name_short": "None", "price_new": 250, "price_old": 150, "width_m": 4, "pt_i": 2 }, "geometry": { "type": "Point", "coordinates": [ 99.630317978049945, 15.250135593194191 ] } },
{ "type": "Feature", "properties": { "road_key": "61020000ST312", "road_name": "ถนนในชุมชนบ้านหนองสัน", "road_no": "0", "aumpher": "อำเภอห้วยคต", "office": "สาขาหนองฉาง", "branch_code": "61020000", "name_short": "None", "price_new": 250, "price_old": 150, "width_m": 4, "pt_i": 3 }, "geometry": { "type": "Point", "coordinates": [ 99.630434631148887, 15.251214527647759 ] } },
{ "type": "Feature", "properties": { "road_key": "61020000ST312", "road_name": "ถนนในชุมชนบ้านหนองสัน", "road_no": "0", "aumpher": "อำเภอห้วยคต", "office": "สาขาหนองฉาง", "branch_code": "61020000", "name_short": "None", "price_new": 250, "price_old": 150, "width_m": 4, "pt_i": 4 }, "geometry": { "type": "Point", "coordinates": [ 99.631363856520935, 15.251407549584512 ] } },
{ "type": "Feature", "properties": { "road_key": "61020000ST312", "road_name": "ถนนในชุมชนบ้านหนองสัน", "road_no": "0", "aumpher": "อำเภอห้วยคต", "office": "สาขาหนองฉาง", "branch_code": "61020000", "name_short": "None", "price_new": 250, "price_old": 150, "width_m": 4, "pt_i": 5 }, "geometry": { "type": "Point", "coordinates": [ 99.632455177879748, 15.251205203925506 ] } },
{ "type": "Feature", "properties": { "road_key": "61020000ST312", "road_name": "ถนนในชุมชนบ้านหนองสัน", "road_no": "0", "aumpher": "อำเภอห้วยคต", "office": "สาขาหนองฉาง", "branch_code": "61020000", "name_short": "None", "price_new": 250, "price_old": 150, "width_m": 4, "pt_i": 6 }, "geometry": { "type": "Point", "coordinates": [ 99.632985340432924, 15.250522536275165 ] } },
{ "type": "Feature", "properties": { "road_key": "61020000ST312", "road_name": "ถนนในชุมชนบ้านหนองสัน", "road_no": "0", "aumpher": "อำเภอห้วยคต", "office": "สาขาหนองฉาง", "branch_code": "61020000", "name_short": "None", "price_new": 250, "price_old": 150, "width_m": 4, "pt_i": 7 }, "geometry": { "type": "Point", "coordinates": [ 99.633699159005587, 15.249782328583015 ] } },
{ "type": "Feature", "properties": { "road_key": "61020000ST312", "road_name": "ถนนในชุมชนบ้านหนองสัน", "road_no": "0", "aumpher": "อำเภอห้วยคต", "office": "สาขาหนองฉาง", "branch_code": "61020000", "name_short": "None", "price_new": 250, "price_old": 150, "width_m": 4, "pt_i": 8 }, "geometry": { "type": "Point", "coordinates": [ 99.634765455179561, 15.249803191615255 ] } },
{ "type": "Feature", "properties": { "road_key": "61020000ST312", "road_name": "ถนนในชุมชนบ้านหนองสัน", "road_no": "0", "aumpher": "อำเภอห้วยคต", "office": "สาขาหนองฉาง", "branch_code": "61020000", "name_short": "None", "price_new": 250, "price_old": 150, "width_m": 4, "pt_i": 0 }, "geometry": { "type": "Point", "coordinates": [ 99.635226249702058, 15.249554233588746 ] } },
{ "type": "Feature", "properties": { "road_key": "61020000ST312", "road_name": "ถนนในชุมชนบ้านหนองสัน", "road_no": "0", "aumpher": "อำเภอห้วยคต", "office": "สาขาหนองฉาง", "branch_code": "61020000", "name_short": "None", "price_new": 250, "price_old": 150, "width_m": 4, "pt_i": 1 }, "geometry": { "type": "Point", "coordinates": [ 99.635255016698267, 15.248470725183957 ] } },
{ "type": "Feature", "properties": { "road_key": "61020000ST312", "road_name": "ถนนในชุมชนบ้านหนองสัน", "road_no": "0", "aumpher": "อำเภอห้วยคต", "office": "สาขาหนองฉาง", "branch_code": "61020000", "name_short": "None", "price_new": 250, "price_old": 150, "width_m": 4, "pt_i": 2 }, "geometry": { "type": "Point", "coordinates": [ 99.635314913293413, 15.247387423582367 ] } },
{ "type": "Feature", "properties": { "road_key": "61020000ST312", "road_name": "ถนนในชุมชนบ้านหนองสัน", "road_no": "0", "aumpher": "อำเภอห้วยคต", "office": "สาขาหนองฉาง", "branch_code": "61020000", "name_short": "None", "price_new": 250, "price_old": 150, "width_m": 4, "pt_i": 3 }, "geometry": { "type": "Point", "coordinates": [ 99.635383561454802, 15.246304670621161 ] } },
{ "type": "Feature", "properties": { "road_key": "61020000ST312", "road_name": "ถนนในชุมชนบ้านหนองสัน", "road_no": "0", "aumpher": "อำเภอห้วยคต", "office": "สาขาหนองฉาง", "branch_code": "61020000", "name_short": "None", "price_new": 250, "price_old": 150, "width_m": 4, "pt_i": 0 }, "geometry": { "type": "Point", "coordinates": [ 99.636320971194777, 15.273035727926061 ] } },
{ "type": "Feature", "properties": { "road_key": "61020000ST312", "road_name": "ถนนในชุมชนบ้านหนองสัน", "road_no": "0", "aumpher": "อำเภอห้วยคต", "office": "สาขาหนองฉาง", "branch_code": "61020000", "name_short": "None", "price_new": 250, "price_old": 150, "width_m": 4, "pt_i": 1 }, "geometry": { "type": "Point", "coordinates": [ 99.636705423557586, 15.272018399772668 ] } },
{ "type": "Feature", "properties": { "road_key": "61020000ST312", "road_name": "ถนนในชุมชนบ้านหนองสัน", "road_no": "0", "aumpher": "อำเภอห้วยคต", "office": "สาขาหนองฉาง", "branch_code": "61020000", "name_short": "None", "price_new": 250, "price_old": 150, "width_m": 4, "pt_i": 2 }, "geometry": { "type": "Point", "coordinates": [ 99.636990776073546, 15.270979036313728 ] } },
{ "type": "Feature", "properties": { "road_key": "61020000ST312", "road_name": "ถนนในชุมชนบ้านหนองสัน", "road_no": "0", "aumpher": "อำเภอห้วยคต", "office": "สาขาหนองฉาง", "branch_code": "61020000", "name_short": "None", "price_new": 250, "price_old": 150, "width_m": 4, "pt_i": 3 }, "geometry": { "type": "Point", "coordinates": [ 99.637113816966433, 15.269900781429179 ] } },
{ "type": "Feature", "properties": { "road_key": "61020000ST312", "road_name": "ถนนในชุมชนบ้านหนองสัน", "road_no": "0", "aumpher": "อำเภอห้วยคต", "office": "สาขาหนองฉาง", "branch_code": "61020000", "name_short": "None", "price_new": 250, "price_old": 150, "width_m": 4, "pt_i": 4 }, "geometry": { "type": "Point", "coordinates": [ 99.637531056790735, 15.269036536148501 ] } },
{ "type": "Feature", "properties": { "road_key": "61020000ST312", "road_name": "ถนนในชุมชนบ้านหนองสัน", "road_no": "0", "aumpher": "อำเภอห้วยคต", "office": "สาขาหนองฉาง", "branch_code": "61020000", "name_short": "None", "price_new": 250, "price_old": 150, "width_m": 4, "pt_i": 5 }, "geometry": { "type": "Point", "coordinates": [ 99.637548898098558, 15.267989884416718 ] } },
{ "type": "Feature", "properties": { "road_key": "61020000ST312", "road_name": "ถนนในชุมชนบ้านหนองสัน", "road_no": "0", "aumpher": "อำเภอห้วยคต", "office": "สาขาหนองฉาง", "branch_code": "61020000", "name_short": "None", "price_new": 250, "price_old": 150, "width_m": 4, "pt_i": 6 }, "geometry": { "type": "Point", "coordinates": [ 99.636675602210772, 15.267320743488305 ] } },
{ "type": "Feature", "properties": { "road_key": "61020000ST312", "road_name": "ถนนในชุมชนบ้านหนองสัน", "road_no": "0", "aumpher": "อำเภอห้วยคต", "office": "สาขาหนองฉาง", "branch_code": "61020000", "name_short": "None", "price_new": 250, "price_old": 150, "width_m": 4, "pt_i": 7 }, "geometry": { "type": "Point", "coordinates": [ 99.636453984906552, 15.266332276535143 ] } },
{ "type": "Feature", "properties": { "road_key": "61020000ST312", "road_name": "ถนนในชุมชนบ้านหนองสัน", "road_no": "0", "aumpher": "อำเภอห้วยคต", "office": "สาขาหนองฉาง", "branch_code": "61020000", "name_short": "None", "price_new": 250, "price_old": 150, "width_m": 4, "pt_i": 8 }, "geometry": { "type": "Point", "coordinates": [ 99.636423181410251, 15.265247829464853 ] } },
{ "type": "Feature", "properties": { "road_key": "61020000ST312", "road_name": "ถนนในชุมชนบ้านหนองสัน", "road_no": "0", "aumpher": "อำเภอห้วยคต", "office": "สาขาหนองฉาง", "branch_code": "61020000", "name_short": "None", "price_new": 250, "price_old": 150, "width_m": 4, "pt_i": 9 }, "geometry": { "type": "Point", "coordinates": [ 99.636395513061743, 15.264163313980324 ] } },
{ "type": "Feature", "properties": { "road_key": "61020000ST312", "road_name": "ถนนในชุมชนบ้านหนองสัน", "road_no": "0", "aumpher": "อำเภอห้วยคต", "office": "สาขาหนองฉาง", "branch_code": "61020000", "name_short": "None", "price_new": 250, "price_old": 150, "width_m": 4, "pt_i": 10 }, "geometry": { "type": "Point", "coordinates": [ 99.636373490148756, 15.263078727707791 ] } },
{ "type": "Feature", "properties": { "road_key": "61020000ST312", "road_name": "ถนนในชุมชนบ้านหนองสัน", "road_no": "0", "aumpher": "อำเภอห้วยคต", "office": "สาขาหนองฉาง", "branch_code": "61020000", "name_short": "None", "price_new": 250, "price_old": 150, "width_m": 4, "pt_i": 11 }, "geometry": { "type": "Point", "coordinates": [ 99.63629781713216, 15.261996358222101 ] } },
{ "type": "Feature", "properties": { "road_key": "61020000ST312", "road_name": "ถนนในชุมชนบ้านหนองสัน", "road_no": "0", "aumpher": "อำเภอห้วยคต", "office": "สาขาหนองฉาง", "branch_code": "61020000", "name_short": "None", "price_new": 250, "price_old": 150, "width_m": 4, "pt_i": 12 }, "geometry": { "type": "Point", "coordinates": [ 99.636279749885404, 15.260913320862297 ] } },
{ "type": "Feature", "properties": { "road_key": "61020000ST312", "road_name": "ถนนในชุมชนบ้านหนองสัน", "road_no": "0", "aumpher": "อำเภอห้วยคต", "office": "สาขาหนองฉาง", "branch_code": "61020000", "name_short": "None", "price_new": 250, "price_old": 150, "width_m": 4, "pt_i": 13 }, "geometry": { "type": "Point", "coordinates": [ 99.636403668315268, 15.259835151590638 ] } },
{ "type": "Feature", "properties": { "road_key": "61020000ST312", "road_name": "ถนนในชุมชนบ้านหนองสัน", "road_no": "0", "aumpher": "อำเภอห้วยคต", "office": "สาขาหนองฉาง", "branch_code": "61020000", "name_short": "None", "price_new": 250, "price_old": 150, "width_m": 4, "pt_i": 14 }, "geometry": { "type": "Point", "coordinates": [ 99.636526145235251, 15.258756833534521 ] } },
{ "type": "Feature", "properties": { "road_key": "61020000ST312", "road_name": "ถนนในชุมชนบ้านหนองสัน", "road_no": "0", "aumpher": "อำเภอห้วยคต", "office": "สาขาหนองฉาง", "branch_code": "61020000", "name_short": "None", "price_new": 250, "price_old": 150, "width_m": 4, "pt_i": 15 }, "geometry": { "type": "Point", "coordinates": [ 99.636636328699211, 15.257677384666927 ] } },
{ "type": "Feature", "properties": { "road_key": "61020000ST312", "road_name": "ถนนในชุมชนบ้านหนองสัน", "road_no": "0", "aumpher": "อำเภอห้วยคต", "office": "สาขาหนองฉาง", "branch_code": "61020000", "name_short": "None", "price_new": 250, "price_old": 150, "width_m": 4, "pt_i": 16 }, "geometry": { "type": "Point", "coordinates": [ 99.636573307271576, 15.256597736955797 ] } },
{ "type": "Feature", "properties": { "road_key": "61020000ST312", "road_name": "ถนนในชุมชนบ้านหนองสัน", "road_no": "0", "aumpher": "อำเภอห้วยคต", "office": "สาขาหนองฉาง", "branch_code": "61020000", "name_short": "None", "price_new": 250, "price_old": 150, "width_m": 4, "pt_i": 17 }, "geometry": { "type": "Point", "coordinates": [ 99.636572405539908, 15.255514161347671 ] } },
{ "type": "Feature", "properties": { "road_key": "61020000ST312", "road_name": "ถนนในชุมชนบ้านหนองสัน", "road_no": "0", "aumpher": "อำเภอห้วยคต", "office": "สาขาหนองฉาง", "branch_code": "61020000", "name_short": "None", "price_new": 250, "price_old": 150, "width_m": 4, "pt_i": 18 }, "geometry": { "type": "Point", "coordinates": [ 99.636965886462633, 15.254601065745547 ] } },
{ "type": "Feature", "properties": { "road_key": "61020000ST312", "road_name": "ถนนในชุมชนบ้านหนองสัน", "road_no": "0", "aumpher": "อำเภอห้วยคต", "office": "สาขาหนองฉาง", "branch_code": "61020000", "name_short": "None", "price_new": 250, "price_old": 150, "width_m": 4, "pt_i": 19 }, "geometry": { "type": "Point", "coordinates": [ 99.636827728964079, 15.253524528677612 ] } },
{ "type": "Feature", "properties": { "road_key": "61020000ST312", "road_name": "ถนนในชุมชนบ้านหนองสัน", "road_no": "0", "aumpher": "อำเภอห้วยคต", "office": "สาขาหนองฉาง", "branch_code": "61020000", "name_short": "None", "price_new": 250, "price_old": 150, "width_m": 4, "pt_i": 20 }, "geometry": { "type": "Point", "coordinates": [ 99.636496531388289, 15.252504217634751 ] } },
{ "type": "Feature", "properties": { "road_key": "61020000ST312", "road_name": "ถนนในชุมชนบ้านหนองสัน", "road_no": "0", "aumpher": "อำเภอห้วยคต", "office": "สาขาหนองฉาง", "branch_code": "61020000", "name_short": "None", "price_new": 250, "price_old": 150, "width_m": 4, "pt_i": 21 }, "geometry": { "type": "Point", "coordinates": [ 99.636192361954713, 15.251462637553093 ] } },
{ "type": "Feature", "properties": { "road_key": "61020000ST312", "road_name": "ถนนในชุมชนบ้านหนองสัน", "road_no": "0", "aumpher": "อำเภอห้วยคต", "office": "สาขาหนองฉาง", "branch_code": "61020000", "name_short": "None", "price_new": 250, "price_old": 150, "width_m": 4, "pt_i": 22 }, "geometry": { "type": "Point", "coordinates": [ 99.63591178598503, 15.250412530451994 ] } },
{ "type": "Feature", "properties": { "road_key": "61020000ST312", "road_name": "ถนนในชุมชนบ้านหนองสัน", "road_no": "0", "aumpher": "อำเภอห้วยคต", "office": "สาขาหนองฉาง", "branch_code": "61020000", "name_short": "None", "price_new": 250, "price_old": 150, "width_m": 4, "pt_i": 23 }, "geometry": { "type": "Point", "coordinates": [ 99.635535201567947, 15.249393975654961 ] } },
{ "type": "Feature", "properties": { "road_key": "61020000ST312", "road_name": "ถนนในชุมชนบ้านหนองสัน", "road_no": "0", "aumpher": "อำเภอห้วยคต", "office": "สาขาหนองฉาง", "branch_code": "61020000", "name_short": "None", "price_new": 250, "price_old": 150, "width_m": 4, "pt_i": 0 }, "geometry": { "type": "Point", "coordinates": [ 99.636889847800092, 15.276438546146739 ] } },
{ "type": "Feature", "properties": { "road_key": "61020000ST312", "road_name": "ถนนในชุมชนบ้านหนองสัน", "road_no": "0", "aumpher": "อำเภอห้วยคต", "office": "สาขาหนองฉาง", "branch_code": "61020000", "name_short": "None", "price_new": 250, "price_old": 150, "width_m": 4, "pt_i": 1 }, "geometry": { "type": "Point", "coordinates": [ 99.635884509328065, 15.276909374078135 ] } },
{ "type": "Feature", "properties": { "road_key": "61020000ST312", "road_name": "ถนนในชุมชนบ้านหนองสัน", "road_no": "0", "aumpher": "อำเภอห้วยคต", "office": "สาขาหนองฉาง", "branch_code": "61020000", "name_short": "None", "price_new": 250, "price_old": 150, "width_m": 4, "pt_i": 2 }, "geometry": { "type": "Point", "coordinates": [ 99.634906232358432, 15.277410078450441 ] } },
{ "type": "Feature", "properties": { "road_key": "61020000ST312", "road_name": "ถนนในชุมชนบ้านหนองสัน", "road_no": "0", "aumpher": "อำเภอห้วยคต", "office": "สาขาหนองฉาง", "branch_code": "61020000", "name_short": "None", "price_new": 250, "price_old": 150, "width_m": 4, "pt_i": 3 }, "geometry": { "type": "Point", "coordinates": [ 99.63379454250213, 15.277298740886463 ] } },
{ "type": "Feature", "properties": { "road_key": "61020000ST312", "road_name": "ถนนในชุมชนบ้านหนองสัน", "road_no": "0", "aumpher": "อำเภอห้วยคต", "office": "สาขาหนองฉาง", "branch_code": "61020000", "name_short": "None", "price_new": 250, "price_old": 150, "width_m": 4, "pt_i": 4 }, "geometry": { "type": "Point", "coordinates": [ 99.632689549951721, 15.277144864285894 ] } },
{ "type": "Feature", "properties": { "road_key": "61020000ST312", "road_name": "ถนนในชุมชนบ้านหนองสัน", "road_no": "0", "aumpher": "อำเภอห้วยคต", "office": "สาขาหนองฉาง", "branch_code": "61020000", "name_short": "None", "price_new": 250, "price_old": 150, "width_m": 4, "pt_i": 5 }, "geometry": { "type": "Point", "coordinates": [ 99.631587058559447, 15.27700019105666 ] } },
{ "type": "Feature", "properties": { "road_key": "61020000ST312", "road_name": "ถนนในชุมชนบ้านหนองสัน", "road_no": "0", "aumpher": "อำเภอห้วยคต", "office": "สาขาหนองฉาง", "branch_code": "61020000", "name_short": "None", "price_new": 250, "price_old": 150, "width_m": 4, "pt_i": 6 }, "geometry": { "type": "Point", "coordinates": [ 99.630470198265144, 15.276969647213082 ] } },
{ "type": "Feature", "properties": { "road_key": "61020000ST312", "road_name": "ถนนในชุมชนบ้านหนองสัน", "road_no": "0", "aumpher": "อำเภอห้วยคต", "office": "สาขาหนองฉาง", "branch_code": "61020000", "name_short": "None", "price_new": 250, "price_old": 150, "width_m": 4, "pt_i": 7 }, "geometry": { "type": "Point", "coordinates": [ 99.629352746703006, 15.276952582103331 ] } }
]
}
