{
"type": "FeatureCollection",
"name": "roads_ar_points_อำเภอทัพทัน",
"crs": { "type": "name", "properties": { "name": "urn:ogc:def:crs:OGC:1.3:CRS84" } },
"features": [
{ "type": "Feature", "properties": { "road_key": "61000000ST003.1", "road_name": "ทางหลวงแผ่นดินหมายเลข 3013 (สายทัพทัน-คลองแบ่ง) ช่วงที่ 1", "road_no": "3013", "aumpher": "อำเภอทัพทัน", "office": "สาขาเมือง", "branch_code": "61000000", "name_short": "ทล.", "price_new": 2500, "price_old": 2000, "width_m": 12, "pt_i": 0 }, "geometry": { "type": "Point", "coordinates": [ 99.888834759233589, 15.464342198193647 ] } },
{ "type": "Feature", "properties": { "road_key": "61000000ST003.1", "road_name": "ทางหลวงแผ่นดินหมายเลข 3013 (สายทัพทัน-คลองแบ่ง) ช่วงที่ 1", "road_no": "3013", "aumpher": "อำเภอทัพทัน", "office": "สาขาเมือง", "branch_code": "61000000", "name_short": "ทล.", "price_new": 2500, "price_old": 2000, "width_m": 12, "pt_i": 1 }, "geometry": { "type": "Point", "coordinates": [ 99.888503733314906, 15.465378369631503 ] } },
{ "type": "Feature", "properties": { "road_key": "61000000ST003.1", "road_name": "ทางหลวงแผ่นดินหมายเลข 3013 (สายทัพทัน-คลองแบ่ง) ช่วงที่ 1", "road_no": "3013", "aumpher": "อำเภอทัพทัน", "office": "สาขาเมือง", "branch_code": "61000000", "name_short": "ทล.", "price_new": 2500, "price_old": 2000, "width_m": 12, "pt_i": 2 }, "geometry": { "type": "Point", "coordinates": [ 99.888113630314933, 15.466395038103938 ] } },
{ "type": "Feature", "properties": { "road_key": "61000000ST003.1", "road_name": "ทางหลวงแผ่นดินหมายเลข 3013 (สายทัพทัน-คลองแบ่ง) ช่วงที่ 1", "road_no": "3013", "aumpher": "อำเภอทัพทัน", "office": "สาขาเมือง", "branch_code": "61000000", "name_short": "ทล.", "price_new": 2500, "price_old": 2000, "width_m": 12, "pt_i": 3 }, "geometry": { "type": "Point", "coordinates": [ 99.887723523746772, 15.467411705997849 ] } },
{ "type": "Feature", "properties": { "road_key": "61000000ST003.1", "road_name": "ทางหลวงแผ่นดินหมายเลข 3013 (สายทัพทัน-คลองแบ่ง) ช่วงที่ 1", "road_no": "3013", "aumpher": "อำเภอทัพทัน", "office": "สาขาเมือง", "branch_code": "61000000", "name_short": "ทล.", "price_new": 2500, "price_old": 2000, "width_m": 12, "pt_i": 4 }, "geometry": { "type": "Point", "coordinates": [ 99.887329838537838, 15.468427050936446 ] } },
{ "type": "Feature", "properties": { "road_key": "61000000ST003.1", "road_name": "ทางหลวงแผ่นดินหมายเลข 3013 (สายทัพทัน-คลองแบ่ง) ช่วงที่ 1", "road_no": "3013", "aumpher": "อำเภอทัพทัน", "office": "สาขาเมือง", "branch_code": "61000000", "name_short": "ทล.", "price_new": 2500, "price_old": 2000, "width_m": 12, "pt_i": 5 }, "geometry": { "type": "Point", "coordinates": [ 99.886922757534279, 15.469437441672657 ] } },
{ "type": "Feature", "properties": { "road_key": "61000000ST003.2", "road_name": "ทางหลวงแผ่นดินหมายเลข 3013 (สายทัพทัน-คลองแบ่ง) ช่วงที่ 2", "road_no": "3013", "aumpher": "อำเภอทัพทัน", "office": "สาขาเมือง", "branch_code": "61000000", "name_short": "ทล.", "price_new": 1500, "price_old": 1000, "width_m": 12, "pt_i": 0 }, "geometry": { "type": "Point", "coordinates": [ 99.886617769120008, 15.47019442082237 ] } },
{ "type": "Feature", "properties": { "road_key": "61000000ST003.2", "road_name": "ทางหลวงแผ่นดินหมายเลข 3013 (สายทัพทัน-คลองแบ่ง) ช่วงที่ 2", "road_no": "3013", "aumpher": "อำเภอทัพทัน", "office": "สาขาเมือง", "branch_code": "61000000", "name_short": "ทล.", "price_new": 1500, "price_old": 1000, "width_m": 12, "pt_i": 1 }, "geometry": { "type": "Point", "coordinates": [ 99.886210681616078, 15.471204810454735 ] } },
{ "type": "Feature", "properties": { "road_key": "61000000ST003.2", "road_name": "ทางหลวงแผ่นดินหมายเลข 3013 (สายทัพทัน-คลองแบ่ง) ช่วงที่ 2", "road_no": "3013", "aumpher": "อำเภอทัพทัน", "office": "สาขาเมือง", "branch_code": "61000000", "name_short": "ทล.", "price_new": 1500, "price_old": 1000, "width_m": 12, "pt_i": 2 }, "geometry": { "type": "Point", "coordinates": [ 99.885804911281141, 15.472215696560486 ] } },
{ "type": "Feature", "properties": { "road_key": "61000000ST003.2", "road_name": "ทางหลวงแผ่นดินหมายเลข 3013 (สายทัพทัน-คลองแบ่ง) ช่วงที่ 2", "road_no": "3013", "aumpher": "อำเภอทัพทัน", "office": "สาขาเมือง", "branch_code": "61000000", "name_short": "ทล.", "price_new": 1500, "price_old": 1000, "width_m": 12, "pt_i": 3 }, "geometry": { "type": "Point", "coordinates": [ 99.885402656371483, 15.473227906435257 ] } },
{ "type": "Feature", "properties": { "road_key": "61000000ST003.2", "road_name": "ทางหลวงแผ่นดินหมายเลข 3013 (สายทัพทัน-คลองแบ่ง) ช่วงที่ 2", "road_no": "3013", "aumpher": "อำเภอทัพทัน", "office": "สาขาเมือง", "branch_code": "61000000", "name_short": "ทล.", "price_new": 1500, "price_old": 1000, "width_m": 12, "pt_i": 4 }, "geometry": { "type": "Point", "coordinates": [ 99.88500039778485, 15.474240115693206 ] } },
{ "type": "Feature", "properties": { "road_key": "61000000ST003.2", "road_name": "ทางหลวงแผ่นดินหมายเลข 3013 (สายทัพทัน-คลองแบ่ง) ช่วงที่ 2", "road_no": "3013", "aumpher": "อำเภอทัพทัน", "office": "สาขาเมือง", "branch_code": "61000000", "name_short": "ทล.", "price_new": 1500, "price_old": 1000, "width_m": 12, "pt_i": 5 }, "geometry": { "type": "Point", "coordinates": [ 99.884598135520804, 15.47525232433418 ] } },
{ "type": "Feature", "properties": { "road_key": "61000000ST003.2", "road_name": "ทางหลวงแผ่นดินหมายเลข 3013 (สายทัพทัน-คลองแบ่ง) ช่วงที่ 2", "road_no": "3013", "aumpher": "อำเภอทัพทัน", "office": "สาขาเมือง", "branch_code": "61000000", "name_short": "ทล.", "price_new": 1500, "price_old": 1000, "width_m": 12, "pt_i": 6 }, "geometry": { "type": "Point", "coordinates": [ 99.884195785694388, 15.476264500953583 ] } },
{ "type": "Feature", "properties": { "road_key": "61000000ST003.2", "road_name": "ทางหลวงแผ่นดินหมายเลข 3013 (สายทัพทัน-คลองแบ่ง) ช่วงที่ 2", "road_no": "3013", "aumpher": "อำเภอทัพทัน", "office": "สาขาเมือง", "branch_code": "61000000", "name_short": "ทล.", "price_new": 1500, "price_old": 1000, "width_m": 12, "pt_i": 7 }, "geometry": { "type": "Point", "coordinates": [ 99.883792350312561, 15.477276271926057 ] } },
{ "type": "Feature", "properties": { "road_key": "61000000ST003.2", "road_name": "ทางหลวงแผ่นดินหมายเลข 3013 (สายทัพทัน-คลองแบ่ง) ช่วงที่ 2", "road_no": "3013", "aumpher": "อำเภอทัพทัน", "office": "สาขาเมือง", "branch_code": "61000000", "name_short": "ทล.", "price_new": 1500, "price_old": 1000, "width_m": 12, "pt_i": 8 }, "geometry": { "type": "Point", "coordinates": [ 99.883388911241994, 15.478288042277418 ] } },
{ "type": "Feature", "properties": { "road_key": "61000000ST003.2", "road_name": "ทางหลวงแผ่นดินหมายเลข 3013 (สายทัพทัน-คลองแบ่ง) ช่วงที่ 2", "road_no": "3013", "aumpher": "อำเภอทัพทัน", "office": "สาขาเมือง", "branch_code": "61000000", "name_short": "ทล.", "price_new": 1500, "price_old": 1000, "width_m": 12, "pt_i": 9 }, "geometry": { "type": "Point", "coordinates": [ 99.882985468482275, 15.479299812007515 ] } },
{ "type": "Feature", "properties": { "road_key": "61000000ST003.2", "road_name": "ทางหลวงแผ่นดินหมายเลข 3013 (สายทัพทัน-คลองแบ่ง) ช่วงที่ 2", "road_no": "3013", "aumpher": "อำเภอทัพทัน", "office": "สาขาเมือง", "branch_code": "61000000", "name_short": "ทล.", "price_new": 1500, "price_old": 1000, "width_m": 12, "pt_i": 10 }, "geometry": { "type": "Point", "coordinates": [ 99.882582022032992, 15.480311581116188 ] } },
{ "type": "Feature", "properties": { "road_key": "61000000ST003.2", "road_name": "ทางหลวงแผ่นดินหมายเลข 3013 (สายทัพทัน-คลองแบ่ง) ช่วงที่ 2", "road_no": "3013", "aumpher": "อำเภอทัพทัน", "office": "สาขาเมือง", "branch_code": "61000000", "name_short": "ทล.", "price_new": 1500, "price_old": 1000, "width_m": 12, "pt_i": 11 }, "geometry": { "type": "Point", "coordinates": [ 99.882181775080966, 15.481324544898538 ] } },
{ "type": "Feature", "properties": { "road_key": "61000000ST003.2", "road_name": "ทางหลวงแผ่นดินหมายเลข 3013 (สายทัพทัน-คลองแบ่ง) ช่วงที่ 2", "road_no": "3013", "aumpher": "อำเภอทัพทัน", "office": "สาขาเมือง", "branch_code": "61000000", "name_short": "ทล.", "price_new": 1500, "price_old": 1000, "width_m": 12, "pt_i": 12 }, "geometry": { "type": "Point", "coordinates": [ 99.881781771637606, 15.482337600303106 ] } },
{ "type": "Feature", "properties": { "road_key": "61000000ST003.2", "road_name": "ทางหลวงแผ่นดินหมายเลข 3013 (สายทัพทัน-คลองแบ่ง) ช่วงที่ 2", "road_no": "3013", "aumpher": "อำเภอทัพทัน", "office": "สาขาเมือง", "branch_code": "61000000", "name_short": "ทล.", "price_new": 1500, "price_old": 1000, "width_m": 12, "pt_i": 13 }, "geometry": { "type": "Point", "coordinates": [ 99.881381764533444, 15.483350655096576 ] } },
{ "type": "Feature", "properties": { "road_key": "61000000ST003.2", "road_name": "ทางหลวงแผ่นดินหมายเลข 3013 (สายทัพทัน-คลองแบ่ง) ช่วงที่ 2", "road_no": "3013", "aumpher": "อำเภอทัพทัน", "office": "สาขาเมือง", "branch_code": "61000000", "name_short": "ทล.", "price_new": 1500, "price_old": 1000, "width_m": 12, "pt_i": 14 }, "geometry": { "type": "Point", "coordinates": [ 99.880981751104343, 15.484363708289688 ] } },
{ "type": "Feature", "properties": { "road_key": "61000000ST003.2", "road_name": "ทางหลวงแผ่นดินหมายเลข 3013 (สายทัพทัน-คลองแบ่ง) ช่วงที่ 2", "road_no": "3013", "aumpher": "อำเภอทัพทัน", "office": "สาขาเมือง", "branch_code": "61000000", "name_short": "ทล.", "price_new": 1500, "price_old": 1000, "width_m": 12, "pt_i": 15 }, "geometry": { "type": "Point", "coordinates": [ 99.880581727754048, 15.485376758547062 ] } },
{ "type": "Feature", "properties": { "road_key": "61000000ST003.2", "road_name": "ทางหลวงแผ่นดินหมายเลข 3013 (สายทัพทัน-คลองแบ่ง) ช่วงที่ 2", "road_no": "3013", "aumpher": "อำเภอทัพทัน", "office": "สาขาเมือง", "branch_code": "61000000", "name_short": "ทล.", "price_new": 1500, "price_old": 1000, "width_m": 12, "pt_i": 16 }, "geometry": { "type": "Point", "coordinates": [ 99.880181700741645, 15.486389808192856 ] } },
{ "type": "Feature", "properties": { "road_key": "61000000ST003.2", "road_name": "ทางหลวงแผ่นดินหมายเลข 3013 (สายทัพทัน-คลองแบ่ง) ช่วงที่ 2", "road_no": "3013", "aumpher": "อำเภอทัพทัน", "office": "สาขาเมือง", "branch_code": "61000000", "name_short": "ทล.", "price_new": 1500, "price_old": 1000, "width_m": 12, "pt_i": 17 }, "geometry": { "type": "Point", "coordinates": [ 99.879781670066762, 15.487402857226918 ] } },
{ "type": "Feature", "properties": { "road_key": "61000000ST003.2", "road_name": "ทางหลวงแผ่นดินหมายเลข 3013 (สายทัพทัน-คลองแบ่ง) ช่วงที่ 2", "road_no": "3013", "aumpher": "อำเภอทัพทัน", "office": "สาขาเมือง", "branch_code": "61000000", "name_short": "ทล.", "price_new": 1500, "price_old": 1000, "width_m": 12, "pt_i": 18 }, "geometry": { "type": "Point", "coordinates": [ 99.879379199038823, 15.488414992479049 ] } },
{ "type": "Feature", "properties": { "road_key": "61000000ST003.2", "road_name": "ทางหลวงแผ่นดินหมายเลข 3013 (สายทัพทัน-คลองแบ่ง) ช่วงที่ 2", "road_no": "3013", "aumpher": "อำเภอทัพทัน", "office": "สาขาเมือง", "branch_code": "61000000", "name_short": "ทล.", "price_new": 1500, "price_old": 1000, "width_m": 12, "pt_i": 19 }, "geometry": { "type": "Point", "coordinates": [ 99.878972731363703, 15.489425630715454 ] } },
{ "type": "Feature", "properties": { "road_key": "61000000ST003.2", "road_name": "ทางหลวงแผ่นดินหมายเลข 3013 (สายทัพทัน-คลองแบ่ง) ช่วงที่ 2", "road_no": "3013", "aumpher": "อำเภอทัพทัน", "office": "สาขาเมือง", "branch_code": "61000000", "name_short": "ทล.", "price_new": 1500, "price_old": 1000, "width_m": 12, "pt_i": 20 }, "geometry": { "type": "Point", "coordinates": [ 99.878548621948426, 15.490428205541283 ] } },
{ "type": "Feature", "properties": { "road_key": "61000000ST003.2", "road_name": "ทางหลวงแผ่นดินหมายเลข 3013 (สายทัพทัน-คลองแบ่ง) ช่วงที่ 2", "road_no": "3013", "aumpher": "อำเภอทัพทัน", "office": "สาขาเมือง", "branch_code": "61000000", "name_short": "ทล.", "price_new": 1500, "price_old": 1000, "width_m": 12, "pt_i": 21 }, "geometry": { "type": "Point", "coordinates": [ 99.877984827702804, 15.491364838817933 ] } },
{ "type": "Feature", "properties": { "road_key": "61000000ST003.2", "road_name": "ทางหลวงแผ่นดินหมายเลข 3013 (สายทัพทัน-คลองแบ่ง) ช่วงที่ 2", "road_no": "3013", "aumpher": "อำเภอทัพทัน", "office": "สาขาเมือง", "branch_code": "61000000", "name_short": "ทล.", "price_new": 1500, "price_old": 1000, "width_m": 12, "pt_i": 22 }, "geometry": { "type": "Point", "coordinates": [ 99.877396706431014, 15.492287609391937 ] } },
{ "type": "Feature", "properties": { "road_key": "61000000ST003.2", "road_name": "ทางหลวงแผ่นดินหมายเลข 3013 (สายทัพทัน-คลองแบ่ง) ช่วงที่ 2", "road_no": "3013", "aumpher": "อำเภอทัพทัน", "office": "สาขาเมือง", "branch_code": "61000000", "name_short": "ทล.", "price_new": 1500, "price_old": 1000, "width_m": 12, "pt_i": 23 }, "geometry": { "type": "Point", "coordinates": [ 99.876815618015172, 15.493214562270722 ] } },
{ "type": "Feature", "properties": { "road_key": "61000000ST003.2", "road_name": "ทางหลวงแผ่นดินหมายเลข 3013 (สายทัพทัน-คลองแบ่ง) ช่วงที่ 2", "road_no": "3013", "aumpher": "อำเภอทัพทัน", "office": "สาขาเมือง", "branch_code": "61000000", "name_short": "ทล.", "price_new": 1500, "price_old": 1000, "width_m": 12, "pt_i": 24 }, "geometry": { "type": "Point", "coordinates": [ 99.876184077503012, 15.494109871277315 ] } },
{ "type": "Feature", "properties": { "road_key": "61000000ST003.2", "road_name": "ทางหลวงแผ่นดินหมายเลข 3013 (สายทัพทัน-คลองแบ่ง) ช่วงที่ 2", "road_no": "3013", "aumpher": "อำเภอทัพทัน", "office": "สาขาเมือง", "branch_code": "61000000", "name_short": "ทล.", "price_new": 1500, "price_old": 1000, "width_m": 12, "pt_i": 25 }, "geometry": { "type": "Point", "coordinates": [ 99.875535053907711, 15.494993090649606 ] } },
{ "type": "Feature", "properties": { "road_key": "61000000ST003.2", "road_name": "ทางหลวงแผ่นดินหมายเลข 3013 (สายทัพทัน-คลองแบ่ง) ช่วงที่ 2", "road_no": "3013", "aumpher": "อำเภอทัพทัน", "office": "สาขาเมือง", "branch_code": "61000000", "name_short": "ทล.", "price_new": 1500, "price_old": 1000, "width_m": 12, "pt_i": 26 }, "geometry": { "type": "Point", "coordinates": [ 99.874859133276203, 15.495857477095061 ] } },
{ "type": "Feature", "properties": { "road_key": "61000000ST003.2", "road_name": "ทางหลวงแผ่นดินหมายเลข 3013 (สายทัพทัน-คลองแบ่ง) ช่วงที่ 2", "road_no": "3013", "aumpher": "อำเภอทัพทัน", "office": "สาขาเมือง", "branch_code": "61000000", "name_short": "ทล.", "price_new": 1500, "price_old": 1000, "width_m": 12, "pt_i": 27 }, "geometry": { "type": "Point", "coordinates": [ 99.874201707932855, 15.496734869176674 ] } },
{ "type": "Feature", "properties": { "road_key": "61000000ST003.2", "road_name": "ทางหลวงแผ่นดินหมายเลข 3013 (สายทัพทัน-คลองแบ่ง) ช่วงที่ 2", "road_no": "3013", "aumpher": "อำเภอทัพทัน", "office": "สาขาเมือง", "branch_code": "61000000", "name_short": "ทล.", "price_new": 1500, "price_old": 1000, "width_m": 12, "pt_i": 28 }, "geometry": { "type": "Point", "coordinates": [ 99.873588676464195, 15.497640858683539 ] } },
{ "type": "Feature", "properties": { "road_key": "61000000ST003.2", "road_name": "ทางหลวงแผ่นดินหมายเลข 3013 (สายทัพทัน-คลองแบ่ง) ช่วงที่ 2", "road_no": "3013", "aumpher": "อำเภอทัพทัน", "office": "สาขาเมือง", "branch_code": "61000000", "name_short": "ทล.", "price_new": 1500, "price_old": 1000, "width_m": 12, "pt_i": 29 }, "geometry": { "type": "Point", "coordinates": [ 99.873078946353601, 15.498605089850653 ] } },
{ "type": "Feature", "properties": { "road_key": "61000000ST003.2", "road_name": "ทางหลวงแผ่นดินหมายเลข 3013 (สายทัพทัน-คลองแบ่ง) ช่วงที่ 2", "road_no": "3013", "aumpher": "อำเภอทัพทัน", "office": "สาขาเมือง", "branch_code": "61000000", "name_short": "ทล.", "price_new": 1500, "price_old": 1000, "width_m": 12, "pt_i": 30 }, "geometry": { "type": "Point", "coordinates": [ 99.872684090617867, 15.499620055696345 ] } },
{ "type": "Feature", "properties": { "road_key": "61000000ST003.2", "road_name": "ทางหลวงแผ่นดินหมายเลข 3013 (สายทัพทัน-คลองแบ่ง) ช่วงที่ 2", "road_no": "3013", "aumpher": "อำเภอทัพทัน", "office": "สาขาเมือง", "branch_code": "61000000", "name_short": "ทล.", "price_new": 1500, "price_old": 1000, "width_m": 12, "pt_i": 31 }, "geometry": { "type": "Point", "coordinates": [ 99.872311422345092, 15.500642744666823 ] } },
{ "type": "Feature", "properties": { "road_key": "61000000ST003.2", "road_name": "ทางหลวงแผ่นดินหมายเลข 3013 (สายทัพทัน-คลองแบ่ง) ช่วงที่ 2", "road_no": "3013", "aumpher": "อำเภอทัพทัน", "office": "สาขาเมือง", "branch_code": "61000000", "name_short": "ทล.", "price_new": 1500, "price_old": 1000, "width_m": 12, "pt_i": 32 }, "geometry": { "type": "Point", "coordinates": [ 99.871950475960972, 15.501669514159007 ] } },
{ "type": "Feature", "properties": { "road_key": "61000000ST003.2", "road_name": "ทางหลวงแผ่นดินหมายเลข 3013 (สายทัพทัน-คลองแบ่ง) ช่วงที่ 2", "road_no": "3013", "aumpher": "อำเภอทัพทัน", "office": "สาขาเมือง", "branch_code": "61000000", "name_short": "ทล.", "price_new": 1500, "price_old": 1000, "width_m": 12, "pt_i": 33 }, "geometry": { "type": "Point", "coordinates": [ 99.871589526256258, 15.502696283151636 ] } },
{ "type": "Feature", "properties": { "road_key": "61000000ST003.2", "road_name": "ทางหลวงแผ่นดินหมายเลข 3013 (สายทัพทัน-คลองแบ่ง) ช่วงที่ 2", "road_no": "3013", "aumpher": "อำเภอทัพทัน", "office": "สาขาเมือง", "branch_code": "61000000", "name_short": "ทล.", "price_new": 1500, "price_old": 1000, "width_m": 12, "pt_i": 34 }, "geometry": { "type": "Point", "coordinates": [ 99.871256482549398, 15.503731847401045 ] } },
{ "type": "Feature", "properties": { "road_key": "61000000ST003.2", "road_name": "ทางหลวงแผ่นดินหมายเลข 3013 (สายทัพทัน-คลองแบ่ง) ช่วงที่ 2", "road_no": "3013", "aumpher": "อำเภอทัพทัน", "office": "สาขาเมือง", "branch_code": "61000000", "name_short": "ทล.", "price_new": 1500, "price_old": 1000, "width_m": 12, "pt_i": 35 }, "geometry": { "type": "Point", "coordinates": [ 99.870925889232836, 15.504768184441177 ] } },
{ "type": "Feature", "properties": { "road_key": "61000000ST003.2", "road_name": "ทางหลวงแผ่นดินหมายเลข 3013 (สายทัพทัน-คลองแบ่ง) ช่วงที่ 2", "road_no": "3013", "aumpher": "อำเภอทัพทัน", "office": "สาขาเมือง", "branch_code": "61000000", "name_short": "ทล.", "price_new": 1500, "price_old": 1000, "width_m": 12, "pt_i": 36 }, "geometry": { "type": "Point", "coordinates": [ 99.870601321096444, 15.505806301562014 ] } },
{ "type": "Feature", "properties": { "road_key": "61000000ST003.2", "road_name": "ทางหลวงแผ่นดินหมายเลข 3013 (สายทัพทัน-คลองแบ่ง) ช่วงที่ 2", "road_no": "3013", "aumpher": "อำเภอทัพทัน", "office": "สาขาเมือง", "branch_code": "61000000", "name_short": "ทล.", "price_new": 1500, "price_old": 1000, "width_m": 12, "pt_i": 37 }, "geometry": { "type": "Point", "coordinates": [ 99.870279931534171, 15.506845357984695 ] } },
{ "type": "Feature", "properties": { "road_key": "61000000ST003.2", "road_name": "ทางหลวงแผ่นดินหมายเลข 3013 (สายทัพทัน-คลองแบ่ง) ช่วงที่ 2", "road_no": "3013", "aumpher": "อำเภอทัพทัน", "office": "สาขาเมือง", "branch_code": "61000000", "name_short": "ทล.", "price_new": 1500, "price_old": 1000, "width_m": 12, "pt_i": 38 }, "geometry": { "type": "Point", "coordinates": [ 99.869958539015954, 15.507884414008981 ] } },
{ "type": "Feature", "properties": { "road_key": "61000000ST003.2", "road_name": "ทางหลวงแผ่นดินหมายเลข 3013 (สายทัพทัน-คลองแบ่ง) ช่วงที่ 2", "road_no": "3013", "aumpher": "อำเภอทัพทัน", "office": "สาขาเมือง", "branch_code": "61000000", "name_short": "ทล.", "price_new": 1500, "price_old": 1000, "width_m": 12, "pt_i": 39 }, "geometry": { "type": "Point", "coordinates": [ 99.869640403910523, 15.508924392797969 ] } },
{ "type": "Feature", "properties": { "road_key": "61000000ST003.2", "road_name": "ทางหลวงแผ่นดินหมายเลข 3013 (สายทัพทัน-คลองแบ่ง) ช่วงที่ 2", "road_no": "3013", "aumpher": "อำเภอทัพทัน", "office": "สาขาเมือง", "branch_code": "61000000", "name_short": "ทล.", "price_new": 1500, "price_old": 1000, "width_m": 12, "pt_i": 40 }, "geometry": { "type": "Point", "coordinates": [ 99.869334607089044, 15.509967865568198 ] } },
{ "type": "Feature", "properties": { "road_key": "61000000ST003.2", "road_name": "ทางหลวงแผ่นดินหมายเลข 3013 (สายทัพทัน-คลองแบ่ง) ช่วงที่ 2", "road_no": "3013", "aumpher": "อำเภอทัพทัน", "office": "สาขาเมือง", "branch_code": "61000000", "name_short": "ทล.", "price_new": 1500, "price_old": 1000, "width_m": 12, "pt_i": 41 }, "geometry": { "type": "Point", "coordinates": [ 99.869028807458506, 15.511011337975834 ] } },
{ "type": "Feature", "properties": { "road_key": "61000000ST003.2", "road_name": "ทางหลวงแผ่นดินหมายเลข 3013 (สายทัพทัน-คลองแบ่ง) ช่วงที่ 2", "road_no": "3013", "aumpher": "อำเภอทัพทัน", "office": "สาขาเมือง", "branch_code": "61000000", "name_short": "ทล.", "price_new": 1500, "price_old": 1000, "width_m": 12, "pt_i": 42 }, "geometry": { "type": "Point", "coordinates": [ 99.868723005018566, 15.51205481002077 ] } },
{ "type": "Feature", "properties": { "road_key": "61000000ST003.2", "road_name": "ทางหลวงแผ่นดินหมายเลข 3013 (สายทัพทัน-คลองแบ่ง) ช่วงที่ 2", "road_no": "3013", "aumpher": "อำเภอทัพทัน", "office": "สาขาเมือง", "branch_code": "61000000", "name_short": "ทล.", "price_new": 1500, "price_old": 1000, "width_m": 12, "pt_i": 43 }, "geometry": { "type": "Point", "coordinates": [ 99.868416180007202, 15.513097997422282 ] } },
{ "type": "Feature", "properties": { "road_key": "61000000ST003.2", "road_name": "ทางหลวงแผ่นดินหมายเลข 3013 (สายทัพทัน-คลองแบ่ง) ช่วงที่ 2", "road_no": "3013", "aumpher": "อำเภอทัพทัน", "office": "สาขาเมือง", "branch_code": "61000000", "name_short": "ทล.", "price_new": 1500, "price_old": 1000, "width_m": 12, "pt_i": 44 }, "geometry": { "type": "Point", "coordinates": [ 99.868103701376143, 15.51413960917696 ] } },
{ "type": "Feature", "properties": { "road_key": "61000000ST003.2", "road_name": "ทางหลวงแผ่นดินหมายเลข 3013 (สายทัพทัน-คลองแบ่ง) ช่วงที่ 2", "road_no": "3013", "aumpher": "อำเภอทัพทัน", "office": "สาขาเมือง", "branch_code": "61000000", "name_short": "ทล.", "price_new": 1500, "price_old": 1000, "width_m": 12, "pt_i": 45 }, "geometry": { "type": "Point", "coordinates": [ 99.867791219871194, 15.515181220553487 ] } },
{ "type": "Feature", "properties": { "road_key": "61000000ST003.2", "road_name": "ทางหลวงแผ่นดินหมายเลข 3013 (สายทัพทัน-คลองแบ่ง) ช่วงที่ 2", "road_no": "3013", "aumpher": "อำเภอทัพทัน", "office": "สาขาเมือง", "branch_code": "61000000", "name_short": "ทล.", "price_new": 1500, "price_old": 1000, "width_m": 12, "pt_i": 46 }, "geometry": { "type": "Point", "coordinates": [ 99.867475376761249, 15.516221860513616 ] } },
{ "type": "Feature", "properties": { "road_key": "61000000ST003.2", "road_name": "ทางหลวงแผ่นดินหมายเลข 3013 (สายทัพทัน-คลองแบ่ง) ช่วงที่ 2", "road_no": "3013", "aumpher": "อำเภอทัพทัน", "office": "สาขาเมือง", "branch_code": "61000000", "name_short": "ทล.", "price_new": 1500, "price_old": 1000, "width_m": 12, "pt_i": 47 }, "geometry": { "type": "Point", "coordinates": [ 99.867189145324204, 15.51726815691792 ] } },
{ "type": "Feature", "properties": { "road_key": "61000000ST003.2", "road_name": "ทางหลวงแผ่นดินหมายเลข 3013 (สายทัพทัน-คลองแบ่ง) ช่วงที่ 2", "road_no": "3013", "aumpher": "อำเภอทัพทัน", "office": "สาขาเมือง", "branch_code": "61000000", "name_short": "ทล.", "price_new": 1500, "price_old": 1000, "width_m": 12, "pt_i": 48 }, "geometry": { "type": "Point", "coordinates": [ 99.867106581769448, 15.518345751054058 ] } },
{ "type": "Feature", "properties": { "road_key": "61000000ST003.2", "road_name": "ทางหลวงแผ่นดินหมายเลข 3013 (สายทัพทัน-คลองแบ่ง) ช่วงที่ 2", "road_no": "3013", "aumpher": "อำเภอทัพทัน", "office": "สาขาเมือง", "branch_code": "61000000", "name_short": "ทล.", "price_new": 1500, "price_old": 1000, "width_m": 12, "pt_i": 49 }, "geometry": { "type": "Point", "coordinates": [ 99.867146201865097, 15.519429851910273 ] } },
{ "type": "Feature", "properties": { "road_key": "61000000ST003.2", "road_name": "ทางหลวงแผ่นดินหมายเลข 3013 (สายทัพทัน-คลองแบ่ง) ช่วงที่ 2", "road_no": "3013", "aumpher": "อำเภอทัพทัน", "office": "สาขาเมือง", "branch_code": "61000000", "name_short": "ทล.", "price_new": 1500, "price_old": 1000, "width_m": 12, "pt_i": 50 }, "geometry": { "type": "Point", "coordinates": [ 99.867185822682742, 15.520513952633152 ] } },
{ "type": "Feature", "properties": { "road_key": "61000000ST003.2", "road_name": "ทางหลวงแผ่นดินหมายเลข 3013 (สายทัพทัน-คลองแบ่ง) ช่วงที่ 2", "road_no": "3013", "aumpher": "อำเภอทัพทัน", "office": "สาขาเมือง", "branch_code": "61000000", "name_short": "ทล.", "price_new": 1500, "price_old": 1000, "width_m": 12, "pt_i": 51 }, "geometry": { "type": "Point", "coordinates": [ 99.867219166800894, 15.521598246314809 ] } },
{ "type": "Feature", "properties": { "road_key": "61000000ST003.2", "road_name": "ทางหลวงแผ่นดินหมายเลข 3013 (สายทัพทัน-คลองแบ่ง) ช่วงที่ 2", "road_no": "3013", "aumpher": "อำเภอทัพทัน", "office": "สาขาเมือง", "branch_code": "61000000", "name_short": "ทล.", "price_new": 1500, "price_old": 1000, "width_m": 12, "pt_i": 52 }, "geometry": { "type": "Point", "coordinates": [ 99.867250500709986, 15.522682601722787 ] } },
{ "type": "Feature", "properties": { "road_key": "61000000ST003.2", "road_name": "ทางหลวงแผ่นดินหมายเลข 3013 (สายทัพทัน-คลองแบ่ง) ช่วงที่ 2", "road_no": "3013", "aumpher": "อำเภอทัพทัน", "office": "สาขาเมือง", "branch_code": "61000000", "name_short": "ทล.", "price_new": 1500, "price_old": 1000, "width_m": 12, "pt_i": 53 }, "geometry": { "type": "Point", "coordinates": [ 99.867294283905579, 15.523766524062298 ] } },
{ "type": "Feature", "properties": { "road_key": "61000000ST003.2", "road_name": "ทางหลวงแผ่นดินหมายเลข 3013 (สายทัพทัน-คลองแบ่ง) ช่วงที่ 2", "road_no": "3013", "aumpher": "อำเภอทัพทัน", "office": "สาขาเมือง", "branch_code": "61000000", "name_short": "ทล.", "price_new": 1500, "price_old": 1000, "width_m": 12, "pt_i": 54 }, "geometry": { "type": "Point", "coordinates": [ 99.867337411577921, 15.524850465821141 ] } },
{ "type": "Feature", "properties": { "road_key": "61000000ST003.2", "road_name": "ทางหลวงแผ่นดินหมายเลข 3013 (สายทัพทัน-คลองแบ่ง) ช่วงที่ 2", "road_no": "3013", "aumpher": "อำเภอทัพทัน", "office": "สาขาเมือง", "branch_code": "61000000", "name_short": "ทล.", "price_new": 1500, "price_old": 1000, "width_m": 12, "pt_i": 55 }, "geometry": { "type": "Point", "coordinates": [ 99.867367438138771, 15.525934855665604 ] } },
{ "type": "Feature", "properties": { "road_key": "61000000ST003.2", "road_name": "ทางหลวงแผ่นดินหมายเลข 3013 (สายทัพทัน-คลองแบ่ง) ช่วงที่ 2", "road_no": "3013", "aumpher": "อำเภอทัพทัน", "office": "สาขาเมือง", "branch_code": "61000000", "name_short": "ทล.", "price_new": 1500, "price_old": 1000, "width_m": 12, "pt_i": 56 }, "geometry": { "type": "Point", "coordinates": [ 99.867329509515329, 15.527015584845921 ] } },
{ "type": "Feature", "properties": { "road_key": "61000000ST003.2", "road_name": "ทางหลวงแผ่นดินหมายเลข 3013 (สายทัพทัน-คลองแบ่ง) ช่วงที่ 2", "road_no": "3013", "aumpher": "อำเภอทัพทัน", "office": "สาขาเมือง", "branch_code": "61000000", "name_short": "ทล.", "price_new": 1500, "price_old": 1000, "width_m": 12, "pt_i": 57 }, "geometry": { "type": "Point", "coordinates": [ 99.867104716673552, 15.528077615003216 ] } },
{ "type": "Feature", "properties": { "road_key": "61000000ST003.2", "road_name": "ทางหลวงแผ่นดินหมายเลข 3013 (สายทัพทัน-คลองแบ่ง) ช่วงที่ 2", "road_no": "3013", "aumpher": "อำเภอทัพทัน", "office": "สาขาเมือง", "branch_code": "61000000", "name_short": "ทล.", "price_new": 1500, "price_old": 1000, "width_m": 12, "pt_i": 58 }, "geometry": { "type": "Point", "coordinates": [ 99.866859212347748, 15.529135957490787 ] } },
{ "type": "Feature", "properties": { "road_key": "61000000ST003.2", "road_name": "ทางหลวงแผ่นดินหมายเลข 3013 (สายทัพทัน-คลองแบ่ง) ช่วงที่ 2", "road_no": "3013", "aumpher": "อำเภอทัพทัน", "office": "สาขาเมือง", "branch_code": "61000000", "name_short": "ทล.", "price_new": 1500, "price_old": 1000, "width_m": 12, "pt_i": 59 }, "geometry": { "type": "Point", "coordinates": [ 99.866609856245574, 15.530193455706295 ] } },
{ "type": "Feature", "properties": { "road_key": "61000000ST003.2", "road_name": "ทางหลวงแผ่นดินหมายเลข 3013 (สายทัพทัน-คลองแบ่ง) ช่วงที่ 2", "road_no": "3013", "aumpher": "อำเภอทัพทัน", "office": "สาขาเมือง", "branch_code": "61000000", "name_short": "ทล.", "price_new": 1500, "price_old": 1000, "width_m": 12, "pt_i": 60 }, "geometry": { "type": "Point", "coordinates": [ 99.866360497878901, 15.531250953670089 ] } },
{ "type": "Feature", "properties": { "road_key": "61000000ST003.2", "road_name": "ทางหลวงแผ่นดินหมายเลข 3013 (สายทัพทัน-คลองแบ่ง) ช่วงที่ 2", "road_no": "3013", "aumpher": "อำเภอทัพทัน", "office": "สาขาเมือง", "branch_code": "61000000", "name_short": "ทล.", "price_new": 1500, "price_old": 1000, "width_m": 12, "pt_i": 61 }, "geometry": { "type": "Point", "coordinates": [ 99.866111137247444, 15.532308451382102 ] } },
{ "type": "Feature", "properties": { "road_key": "61000000ST003.2", "road_name": "ทางหลวงแผ่นดินหมายเลข 3013 (สายทัพทัน-คลองแบ่ง) ช่วงที่ 2", "road_no": "3013", "aumpher": "อำเภอทัพทัน", "office": "สาขาเมือง", "branch_code": "61000000", "name_short": "ทล.", "price_new": 1500, "price_old": 1000, "width_m": 12, "pt_i": 62 }, "geometry": { "type": "Point", "coordinates": [ 99.86586068120009, 15.533365705497102 ] } },
{ "type": "Feature", "properties": { "road_key": "61000000ST003.2", "road_name": "ทางหลวงแผ่นดินหมายเลข 3013 (สายทัพทัน-คลองแบ่ง) ช่วงที่ 2", "road_no": "3013", "aumpher": "อำเภอทัพทัน", "office": "สาขาเมือง", "branch_code": "61000000", "name_short": "ทล.", "price_new": 1500, "price_old": 1000, "width_m": 12, "pt_i": 63 }, "geometry": { "type": "Point", "coordinates": [ 99.86560924939414, 15.53442274265263 ] } },
{ "type": "Feature", "properties": { "road_key": "61000000ST003.2", "road_name": "ทางหลวงแผ่นดินหมายเลข 3013 (สายทัพทัน-คลองแบ่ง) ช่วงที่ 2", "road_no": "3013", "aumpher": "อำเภอทัพทัน", "office": "สาขาเมือง", "branch_code": "61000000", "name_short": "ทล.", "price_new": 1500, "price_old": 1000, "width_m": 12, "pt_i": 64 }, "geometry": { "type": "Point", "coordinates": [ 99.86535781530209, 15.535479779552587 ] } },
{ "type": "Feature", "properties": { "road_key": "61000000ST003.2", "road_name": "ทางหลวงแผ่นดินหมายเลข 3013 (สายทัพทัน-คลองแบ่ง) ช่วงที่ 2", "road_no": "3013", "aumpher": "อำเภอทัพทัน", "office": "สาขาเมือง", "branch_code": "61000000", "name_short": "ทล.", "price_new": 1500, "price_old": 1000, "width_m": 12, "pt_i": 65 }, "geometry": { "type": "Point", "coordinates": [ 99.865110240308368, 15.536537659423626 ] } },
{ "type": "Feature", "properties": { "road_key": "61000000ST003.2", "road_name": "ทางหลวงแผ่นดินหมายเลข 3013 (สายทัพทัน-คลองแบ่ง) ช่วงที่ 2", "road_no": "3013", "aumpher": "อำเภอทัพทัน", "office": "สาขาเมือง", "branch_code": "61000000", "name_short": "ทล.", "price_new": 1500, "price_old": 1000, "width_m": 12, "pt_i": 66 }, "geometry": { "type": "Point", "coordinates": [ 99.864875184694071, 15.537597901283862 ] } },
{ "type": "Feature", "properties": { "road_key": "61000000ST003.2", "road_name": "ทางหลวงแผ่นดินหมายเลข 3013 (สายทัพทัน-คลองแบ่ง) ช่วงที่ 2", "road_no": "3013", "aumpher": "อำเภอทัพทัน", "office": "สาขาเมือง", "branch_code": "61000000", "name_short": "ทล.", "price_new": 1500, "price_old": 1000, "width_m": 12, "pt_i": 67 }, "geometry": { "type": "Point", "coordinates": [ 99.864779676712047, 15.538678722338393 ] } },
{ "type": "Feature", "properties": { "road_key": "61000000ST003.2", "road_name": "ทางหลวงแผ่นดินหมายเลข 3013 (สายทัพทัน-คลองแบ่ง) ช่วงที่ 2", "road_no": "3013", "aumpher": "อำเภอทัพทัน", "office": "สาขาเมือง", "branch_code": "61000000", "name_short": "ทล.", "price_new": 1500, "price_old": 1000, "width_m": 12, "pt_i": 68 }, "geometry": { "type": "Point", "coordinates": [ 99.864736778032835, 15.539762284476543 ] } },
{ "type": "Feature", "properties": { "road_key": "61000000ST003.2", "road_name": "ทางหลวงแผ่นดินหมายเลข 3013 (สายทัพทัน-คลองแบ่ง) ช่วงที่ 2", "road_no": "3013", "aumpher": "อำเภอทัพทัน", "office": "สาขาเมือง", "branch_code": "61000000", "name_short": "ทล.", "price_new": 1500, "price_old": 1000, "width_m": 12, "pt_i": 69 }, "geometry": { "type": "Point", "coordinates": [ 99.864710702862624, 15.540846769572621 ] } },
{ "type": "Feature", "properties": { "road_key": "61000000ST003.2", "road_name": "ทางหลวงแผ่นดินหมายเลข 3013 (สายทัพทัน-คลองแบ่ง) ช่วงที่ 2", "road_no": "3013", "aumpher": "อำเภอทัพทัน", "office": "สาขาเมือง", "branch_code": "61000000", "name_short": "ทล.", "price_new": 1500, "price_old": 1000, "width_m": 12, "pt_i": 70 }, "geometry": { "type": "Point", "coordinates": [ 99.864684440818607, 15.541931250460589 ] } },
{ "type": "Feature", "properties": { "road_key": "61000000ST003.2", "road_name": "ทางหลวงแผ่นดินหมายเลข 3013 (สายทัพทัน-คลองแบ่ง) ช่วงที่ 2", "road_no": "3013", "aumpher": "อำเภอทัพทัน", "office": "สาขาเมือง", "branch_code": "61000000", "name_short": "ทล.", "price_new": 1500, "price_old": 1000, "width_m": 12, "pt_i": 71 }, "geometry": { "type": "Point", "coordinates": [ 99.864658178807474, 15.543015731254199 ] } },
{ "type": "Feature", "properties": { "road_key": "61000000ST003.2", "road_name": "ทางหลวงแผ่นดินหมายเลข 3013 (สายทัพทัน-คลองแบ่ง) ช่วงที่ 2", "road_no": "3013", "aumpher": "อำเภอทัพทัน", "office": "สาขาเมือง", "branch_code": "61000000", "name_short": "ทล.", "price_new": 1500, "price_old": 1000, "width_m": 12, "pt_i": 72 }, "geometry": { "type": "Point", "coordinates": [ 99.864626407033427, 15.544100071710538 ] } },
{ "type": "Feature", "properties": { "road_key": "61000000ST003.2", "road_name": "ทางหลวงแผ่นดินหมายเลข 3013 (สายทัพทัน-คลองแบ่ง) ช่วงที่ 2", "road_no": "3013", "aumpher": "อำเภอทัพทัน", "office": "สาขาเมือง", "branch_code": "61000000", "name_short": "ทล.", "price_new": 1500, "price_old": 1000, "width_m": 12, "pt_i": 73 }, "geometry": { "type": "Point", "coordinates": [ 99.864593931724471, 15.54518439416748 ] } },
{ "type": "Feature", "properties": { "road_key": "61000000ST003.2", "road_name": "ทางหลวงแผ่นดินหมายเลข 3013 (สายทัพทัน-คลองแบ่ง) ช่วงที่ 2", "road_no": "3013", "aumpher": "อำเภอทัพทัน", "office": "สาขาเมือง", "branch_code": "61000000", "name_short": "ทล.", "price_new": 1500, "price_old": 1000, "width_m": 12, "pt_i": 74 }, "geometry": { "type": "Point", "coordinates": [ 99.864561456383143, 15.546268716531728 ] } },
{ "type": "Feature", "properties": { "road_key": "61000000ST003.2", "road_name": "ทางหลวงแผ่นดินหมายเลข 3013 (สายทัพทัน-คลองแบ่ง) ช่วงที่ 2", "road_no": "3013", "aumpher": "อำเภอทัพทัน", "office": "สาขาเมือง", "branch_code": "61000000", "name_short": "ทล.", "price_new": 1500, "price_old": 1000, "width_m": 12, "pt_i": 75 }, "geometry": { "type": "Point", "coordinates": [ 99.86453218631523, 15.547353108698239 ] } },
{ "type": "Feature", "properties": { "road_key": "61000000ST003.2", "road_name": "ทางหลวงแผ่นดินหมายเลข 3013 (สายทัพทัน-คลองแบ่ง) ช่วงที่ 2", "road_no": "3013", "aumpher": "อำเภอทัพทัน", "office": "สาขาเมือง", "branch_code": "61000000", "name_short": "ทล.", "price_new": 1500, "price_old": 1000, "width_m": 12, "pt_i": 76 }, "geometry": { "type": "Point", "coordinates": [ 99.864514335973055, 15.548437749786723 ] } },
{ "type": "Feature", "properties": { "road_key": "61000000ST003.2", "road_name": "ทางหลวงแผ่นดินหมายเลข 3013 (สายทัพทัน-คลองแบ่ง) ช่วงที่ 2", "road_no": "3013", "aumpher": "อำเภอทัพทัน", "office": "สาขาเมือง", "branch_code": "61000000", "name_short": "ทล.", "price_new": 1500, "price_old": 1000, "width_m": 12, "pt_i": 77 }, "geometry": { "type": "Point", "coordinates": [ 99.864496485751786, 15.549522390777966 ] } },
{ "type": "Feature", "properties": { "road_key": "61000000ST003.2", "road_name": "ทางหลวงแผ่นดินหมายเลข 3013 (สายทัพทัน-คลองแบ่ง) ช่วงที่ 2", "road_no": "3013", "aumpher": "อำเภอทัพทัน", "office": "สาขาเมือง", "branch_code": "61000000", "name_short": "ทล.", "price_new": 1500, "price_old": 1000, "width_m": 12, "pt_i": 78 }, "geometry": { "type": "Point", "coordinates": [ 99.864478635651423, 15.550607031671966 ] } },
{ "type": "Feature", "properties": { "road_key": "61000000ST003.2", "road_name": "ทางหลวงแผ่นดินหมายเลข 3013 (สายทัพทัน-คลองแบ่ง) ช่วงที่ 2", "road_no": "3013", "aumpher": "อำเภอทัพทัน", "office": "สาขาเมือง", "branch_code": "61000000", "name_short": "ทล.", "price_new": 1500, "price_old": 1000, "width_m": 12, "pt_i": 79 }, "geometry": { "type": "Point", "coordinates": [ 99.864472708751066, 15.551691759957219 ] } },
{ "type": "Feature", "properties": { "road_key": "61000000ST003.2", "road_name": "ทางหลวงแผ่นดินหมายเลข 3013 (สายทัพทัน-คลองแบ่ง) ช่วงที่ 2", "road_no": "3013", "aumpher": "อำเภอทัพทัน", "office": "สาขาเมือง", "branch_code": "61000000", "name_short": "ทล.", "price_new": 1500, "price_old": 1000, "width_m": 12, "pt_i": 80 }, "geometry": { "type": "Point", "coordinates": [ 99.864473619874374, 15.552776538311793 ] } },
{ "type": "Feature", "properties": { "road_key": "61000000ST003.2", "road_name": "ทางหลวงแผ่นดินหมายเลข 3013 (สายทัพทัน-คลองแบ่ง) ช่วงที่ 2", "road_no": "3013", "aumpher": "อำเภอทัพทัน", "office": "สาขาเมือง", "branch_code": "61000000", "name_short": "ทล.", "price_new": 1500, "price_old": 1000, "width_m": 12, "pt_i": 81 }, "geometry": { "type": "Point", "coordinates": [ 99.864474531315167, 15.553861316560502 ] } },
{ "type": "Feature", "properties": { "road_key": "61000000ST003.2", "road_name": "ทางหลวงแผ่นดินหมายเลข 3013 (สายทัพทัน-คลองแบ่ง) ช่วงที่ 2", "road_no": "3013", "aumpher": "อำเภอทัพทัน", "office": "สาขาเมือง", "branch_code": "61000000", "name_short": "ทล.", "price_new": 1500, "price_old": 1000, "width_m": 12, "pt_i": 82 }, "geometry": { "type": "Point", "coordinates": [ 99.864477940626017, 15.554946080639445 ] } },
{ "type": "Feature", "properties": { "road_key": "61000000ST003.2", "road_name": "ทางหลวงแผ่นดินหมายเลข 3013 (สายทัพทัน-คลองแบ่ง) ช่วงที่ 2", "road_no": "3013", "aumpher": "อำเภอทัพทัน", "office": "สาขาเมือง", "branch_code": "61000000", "name_short": "ทล.", "price_new": 1500, "price_old": 1000, "width_m": 12, "pt_i": 83 }, "geometry": { "type": "Point", "coordinates": [ 99.864490028940565, 15.556030795738556 ] } },
{ "type": "Feature", "properties": { "road_key": "61000000ST003.2", "road_name": "ทางหลวงแผ่นดินหมายเลข 3013 (สายทัพทัน-คลองแบ่ง) ช่วงที่ 2", "road_no": "3013", "aumpher": "อำเภอทัพทัน", "office": "สาขาเมือง", "branch_code": "61000000", "name_short": "ทล.", "price_new": 1500, "price_old": 1000, "width_m": 12, "pt_i": 84 }, "geometry": { "type": "Point", "coordinates": [ 99.864502117689682, 15.557115510725179 ] } },
{ "type": "Feature", "properties": { "road_key": "61000000ST003.2", "road_name": "ทางหลวงแผ่นดินหมายเลข 3013 (สายทัพทัน-คลองแบ่ง) ช่วงที่ 2", "road_no": "3013", "aumpher": "อำเภอทัพทัน", "office": "สาขาเมือง", "branch_code": "61000000", "name_short": "ทล.", "price_new": 1500, "price_old": 1000, "width_m": 12, "pt_i": 85 }, "geometry": { "type": "Point", "coordinates": [ 99.864509784573471, 15.558200260997955 ] } },
{ "type": "Feature", "properties": { "road_key": "61000000ST004.1", "road_name": "ทางหลวงแผ่นดินหมายเลข 3013 (สายหนองฉาง-ทัพทัน) ช่วงที่ 1", "road_no": "3013", "aumpher": "อำเภอทัพทัน", "office": "สาขาเมือง", "branch_code": "61000000", "name_short": "ทล.", "price_new": 8000, "price_old": 6000, "width_m": 30, "pt_i": 0 }, "geometry": { "type": "Point", "coordinates": [ 99.888429171312424, 15.455961122839776 ] } },
{ "type": "Feature", "properties": { "road_key": "61000000ST004.1", "road_name": "ทางหลวงแผ่นดินหมายเลข 3013 (สายหนองฉาง-ทัพทัน) ช่วงที่ 1", "road_no": "3013", "aumpher": "อำเภอทัพทัน", "office": "สาขาเมือง", "branch_code": "61000000", "name_short": "ทล.", "price_new": 8000, "price_old": 6000, "width_m": 30, "pt_i": 1 }, "geometry": { "type": "Point", "coordinates": [ 99.888671927042537, 15.457019874887735 ] } },
{ "type": "Feature", "properties": { "road_key": "61000000ST004.1", "road_name": "ทางหลวงแผ่นดินหมายเลข 3013 (สายหนองฉาง-ทัพทัน) ช่วงที่ 1", "road_no": "3013", "aumpher": "อำเภอทัพทัน", "office": "สาขาเมือง", "branch_code": "61000000", "name_short": "ทล.", "price_new": 8000, "price_old": 6000, "width_m": 30, "pt_i": 2 }, "geometry": { "type": "Point", "coordinates": [ 99.889013102247915, 15.458048167742549 ] } },
{ "type": "Feature", "properties": { "road_key": "61000000ST004.1", "road_name": "ทางหลวงแผ่นดินหมายเลข 3013 (สายหนองฉาง-ทัพทัน) ช่วงที่ 1", "road_no": "3013", "aumpher": "อำเภอทัพทัน", "office": "สาขาเมือง", "branch_code": "61000000", "name_short": "ทล.", "price_new": 8000, "price_old": 6000, "width_m": 30, "pt_i": 3 }, "geometry": { "type": "Point", "coordinates": [ 99.889591779540339, 15.458973578898069 ] } },
{ "type": "Feature", "properties": { "road_key": "61000000ST004.1", "road_name": "ทางหลวงแผ่นดินหมายเลข 3013 (สายหนองฉาง-ทัพทัน) ช่วงที่ 1", "road_no": "3013", "aumpher": "อำเภอทัพทัน", "office": "สาขาเมือง", "branch_code": "61000000", "name_short": "ทล.", "price_new": 8000, "price_old": 6000, "width_m": 30, "pt_i": 4 }, "geometry": { "type": "Point", "coordinates": [ 99.89019363204666, 15.459887927551451 ] } },
{ "type": "Feature", "properties": { "road_key": "61000000ST004.1", "road_name": "ทางหลวงแผ่นดินหมายเลข 3013 (สายหนองฉาง-ทัพทัน) ช่วงที่ 1", "road_no": "3013", "aumpher": "อำเภอทัพทัน", "office": "สาขาเมือง", "branch_code": "61000000", "name_short": "ทล.", "price_new": 8000, "price_old": 6000, "width_m": 30, "pt_i": 5 }, "geometry": { "type": "Point", "coordinates": [ 99.890628143003596, 15.460856209380399 ] } },
{ "type": "Feature", "properties": { "road_key": "61000000ST004.1", "road_name": "ทางหลวงแผ่นดินหมายเลข 3013 (สายหนองฉาง-ทัพทัน) ช่วงที่ 1", "road_no": "3013", "aumpher": "อำเภอทัพทัน", "office": "สาขาเมือง", "branch_code": "61000000", "name_short": "ทล.", "price_new": 8000, "price_old": 6000, "width_m": 30, "pt_i": 6 }, "geometry": { "type": "Point", "coordinates": [ 99.890075930078467, 15.461795341745846 ] } },
{ "type": "Feature", "properties": { "road_key": "61000000ST004.1", "road_name": "ทางหลวงแผ่นดินหมายเลข 3013 (สายหนองฉาง-ทัพทัน) ช่วงที่ 1", "road_no": "3013", "aumpher": "อำเภอทัพทัน", "office": "สาขาเมือง", "branch_code": "61000000", "name_short": "ทล.", "price_new": 8000, "price_old": 6000, "width_m": 30, "pt_i": 7 }, "geometry": { "type": "Point", "coordinates": [ 99.88948734144401, 15.462717167881481 ] } },
{ "type": "Feature", "properties": { "road_key": "61000000ST004.1", "road_name": "ทางหลวงแผ่นดินหมายเลข 3013 (สายหนองฉาง-ทัพทัน) ช่วงที่ 1", "road_no": "3013", "aumpher": "อำเภอทัพทัน", "office": "สาขาเมือง", "branch_code": "61000000", "name_short": "ทล.", "price_new": 8000, "price_old": 6000, "width_m": 30, "pt_i": 8 }, "geometry": { "type": "Point", "coordinates": [ 99.88906483108687, 15.463719296349232 ] } },
{ "type": "Feature", "properties": { "road_key": "61000000ST004.2", "road_name": "ทางหลวงแผ่นดินหมายเลข 3013 (สายหนองฉาง-ทัพทัน) ช่วงที่ 2", "road_no": "3013", "aumpher": "อำเภอทัพทัน", "office": "สาขาเมือง", "branch_code": "61000000", "name_short": "ทล.", "price_new": 6000, "price_old": 6000, "width_m": 30, "pt_i": 0 }, "geometry": { "type": "Point", "coordinates": [ 99.884823401908491, 15.451979045273495 ] } },
{ "type": "Feature", "properties": { "road_key": "61000000ST004.2", "road_name": "ทางหลวงแผ่นดินหมายเลข 3013 (สายหนองฉาง-ทัพทัน) ช่วงที่ 2", "road_no": "3013", "aumpher": "อำเภอทัพทัน", "office": "สาขาเมือง", "branch_code": "61000000", "name_short": "ทล.", "price_new": 6000, "price_old": 6000, "width_m": 30, "pt_i": 1 }, "geometry": { "type": "Point", "coordinates": [ 99.885581696106371, 15.452776449034062 ] } },
{ "type": "Feature", "properties": { "road_key": "61000000ST004.2", "road_name": "ทางหลวงแผ่นดินหมายเลข 3013 (สายหนองฉาง-ทัพทัน) ช่วงที่ 2", "road_no": "3013", "aumpher": "อำเภอทัพทัน", "office": "สาขาเมือง", "branch_code": "61000000", "name_short": "ทล.", "price_new": 6000, "price_old": 6000, "width_m": 30, "pt_i": 2 }, "geometry": { "type": "Point", "coordinates": [ 99.88633999612945, 15.453573849839 ] } },
{ "type": "Feature", "properties": { "road_key": "61000000ST004.2", "road_name": "ทางหลวงแผ่นดินหมายเลข 3013 (สายหนองฉาง-ทัพทัน) ช่วงที่ 2", "road_no": "3013", "aumpher": "อำเภอทัพทัน", "office": "สาขาเมือง", "branch_code": "61000000", "name_short": "ทล.", "price_new": 6000, "price_old": 6000, "width_m": 30, "pt_i": 3 }, "geometry": { "type": "Point", "coordinates": [ 99.887099928845217, 15.454369740826394 ] } },
{ "type": "Feature", "properties": { "road_key": "61000000ST004.2", "road_name": "ทางหลวงแผ่นดินหมายเลข 3013 (สายหนองฉาง-ทัพทัน) ช่วงที่ 2", "road_no": "3013", "aumpher": "อำเภอทัพทัน", "office": "สาขาเมือง", "branch_code": "61000000", "name_short": "ทล.", "price_new": 6000, "price_old": 6000, "width_m": 30, "pt_i": 4 }, "geometry": { "type": "Point", "coordinates": [ 99.887886333829357, 15.455141114604876 ] } },
{ "type": "Feature", "properties": { "road_key": "61000000ST004.3", "road_name": "ทางหลวงแผ่นดินหมายเลข 3013 (สายหนองฉาง-ทัพทัน) ช่วงที่ 3", "road_no": "3013", "aumpher": "อำเภอทัพทัน", "office": "สาขาเมือง", "branch_code": "61000000", "name_short": "ทล.", "price_new": 800, "price_old": 500, "width_m": 12, "pt_i": 0 }, "geometry": { "type": "Point", "coordinates": [ 99.875269376283015, 15.438878794762708 ] } },
{ "type": "Feature", "properties": { "road_key": "61000000ST004.3", "road_name": "ทางหลวงแผ่นดินหมายเลข 3013 (สายหนองฉาง-ทัพทัน) ช่วงที่ 3", "road_no": "3013", "aumpher": "อำเภอทัพทัน", "office": "สาขาเมือง", "branch_code": "61000000", "name_short": "ทล.", "price_new": 800, "price_old": 500, "width_m": 12, "pt_i": 1 }, "geometry": { "type": "Point", "coordinates": [ 99.87580925589063, 15.43982881951554 ] } },
{ "type": "Feature", "properties": { "road_key": "61000000ST004.3", "road_name": "ทางหลวงแผ่นดินหมายเลข 3013 (สายหนองฉาง-ทัพทัน) ช่วงที่ 3", "road_no": "3013", "aumpher": "อำเภอทัพทัน", "office": "สาขาเมือง", "branch_code": "61000000", "name_short": "ทล.", "price_new": 800, "price_old": 500, "width_m": 12, "pt_i": 2 }, "geometry": { "type": "Point", "coordinates": [ 99.876349140579677, 15.440778842618478 ] } },
{ "type": "Feature", "properties": { "road_key": "61000000ST004.3", "road_name": "ทางหลวงแผ่นดินหมายเลข 3013 (สายหนองฉาง-ทัพทัน) ช่วงที่ 3", "road_no": "3013", "aumpher": "อำเภอทัพทัน", "office": "สาขาเมือง", "branch_code": "61000000", "name_short": "ทล.", "price_new": 800, "price_old": 500, "width_m": 12, "pt_i": 3 }, "geometry": { "type": "Point", "coordinates": [ 99.876889030350895, 15.441728864071134 ] } },
{ "type": "Feature", "properties": { "road_key": "61000000ST004.3", "road_name": "ทางหลวงแผ่นดินหมายเลข 3013 (สายหนองฉาง-ทัพทัน) ช่วงที่ 3", "road_no": "3013", "aumpher": "อำเภอทัพทัน", "office": "สาขาเมือง", "branch_code": "61000000", "name_short": "ทล.", "price_new": 800, "price_old": 500, "width_m": 12, "pt_i": 4 }, "geometry": { "type": "Point", "coordinates": [ 99.877444266530986, 15.442670019030286 ] } },
{ "type": "Feature", "properties": { "road_key": "61000000ST004.3", "road_name": "ทางหลวงแผ่นดินหมายเลข 3013 (สายหนองฉาง-ทัพทัน) ช่วงที่ 3", "road_no": "3013", "aumpher": "อำเภอทัพทัน", "office": "สาขาเมือง", "branch_code": "61000000", "name_short": "ทล.", "price_new": 800, "price_old": 500, "width_m": 12, "pt_i": 5 }, "geometry": { "type": "Point", "coordinates": [ 99.878048560438486, 15.443582827629134 ] } },
{ "type": "Feature", "properties": { "road_key": "61000000ST004.3", "road_name": "ทางหลวงแผ่นดินหมายเลข 3013 (สายหนองฉาง-ทัพทัน) ช่วงที่ 3", "road_no": "3013", "aumpher": "อำเภอทัพทัน", "office": "สาขาเมือง", "branch_code": "61000000", "name_short": "ทล.", "price_new": 800, "price_old": 500, "width_m": 12, "pt_i": 6 }, "geometry": { "type": "Point", "coordinates": [ 99.878652859763193, 15.444495634231725 ] } },
{ "type": "Feature", "properties": { "road_key": "61000000ST004.3", "road_name": "ทางหลวงแผ่นดินหมายเลข 3013 (สายหนองฉาง-ทัพทัน) ช่วงที่ 3", "road_no": "3013", "aumpher": "อำเภอทัพทัน", "office": "สาขาเมือง", "branch_code": "61000000", "name_short": "ทล.", "price_new": 800, "price_old": 500, "width_m": 12, "pt_i": 7 }, "geometry": { "type": "Point", "coordinates": [ 99.87925716450593, 15.445408438837516 ] } },
{ "type": "Feature", "properties": { "road_key": "61000000ST004.3", "road_name": "ทางหลวงแผ่นดินหมายเลข 3013 (สายหนองฉาง-ทัพทัน) ช่วงที่ 3", "road_no": "3013", "aumpher": "อำเภอทัพทัน", "office": "สาขาเมือง", "branch_code": "61000000", "name_short": "ทล.", "price_new": 800, "price_old": 500, "width_m": 12, "pt_i": 8 }, "geometry": { "type": "Point", "coordinates": [ 99.87986955298129, 15.446315981749411 ] } },
{ "type": "Feature", "properties": { "road_key": "61000000ST004.3", "road_name": "ทางหลวงแผ่นดินหมายเลข 3013 (สายหนองฉาง-ทัพทัน) ช่วงที่ 3", "road_no": "3013", "aumpher": "อำเภอทัพทัน", "office": "สาขาเมือง", "branch_code": "61000000", "name_short": "ทล.", "price_new": 800, "price_old": 500, "width_m": 12, "pt_i": 9 }, "geometry": { "type": "Point", "coordinates": [ 99.880511703060279, 15.447204148685804 ] } },
{ "type": "Feature", "properties": { "road_key": "61000000ST004.3", "road_name": "ทางหลวงแผ่นดินหมายเลข 3013 (สายหนองฉาง-ทัพทัน) ช่วงที่ 3", "road_no": "3013", "aumpher": "อำเภอทัพทัน", "office": "สาขาเมือง", "branch_code": "61000000", "name_short": "ทล.", "price_new": 800, "price_old": 500, "width_m": 12, "pt_i": 10 }, "geometry": { "type": "Point", "coordinates": [ 99.88119203176845, 15.448063293705999 ] } },
{ "type": "Feature", "properties": { "road_key": "61000000ST004.3", "road_name": "ทางหลวงแผ่นดินหมายเลข 3013 (สายหนองฉาง-ทัพทัน) ช่วงที่ 3", "road_no": "3013", "aumpher": "อำเภอทัพทัน", "office": "สาขาเมือง", "branch_code": "61000000", "name_short": "ทล.", "price_new": 800, "price_old": 500, "width_m": 12, "pt_i": 11 }, "geometry": { "type": "Point", "coordinates": [ 99.881927833307046, 15.448880269221805 ] } },
{ "type": "Feature", "properties": { "road_key": "61000000ST004.3", "road_name": "ทางหลวงแผ่นดินหมายเลข 3013 (สายหนองฉาง-ทัพทัน) ช่วงที่ 3", "road_no": "3013", "aumpher": "อำเภอทัพทัน", "office": "สาขาเมือง", "branch_code": "61000000", "name_short": "ทล.", "price_new": 800, "price_old": 500, "width_m": 12, "pt_i": 12 }, "geometry": { "type": "Point", "coordinates": [ 99.882676085720632, 15.449686527209611 ] } },
{ "type": "Feature", "properties": { "road_key": "61000000ST004.3", "road_name": "ทางหลวงแผ่นดินหมายเลข 3013 (สายหนองฉาง-ทัพทัน) ช่วงที่ 3", "road_no": "3013", "aumpher": "อำเภอทัพทัน", "office": "สาขาเมือง", "branch_code": "61000000", "name_short": "ทล.", "price_new": 800, "price_old": 500, "width_m": 12, "pt_i": 13 }, "geometry": { "type": "Point", "coordinates": [ 99.883425216818054, 15.450492030804536 ] } },
{ "type": "Feature", "properties": { "road_key": "61000000ST004.3", "road_name": "ทางหลวงแผ่นดินหมายเลข 3013 (สายหนองฉาง-ทัพทัน) ช่วงที่ 3", "road_no": "3013", "aumpher": "อำเภอทัพทัน", "office": "สาขาเมือง", "branch_code": "61000000", "name_short": "ทล.", "price_new": 800, "price_old": 500, "width_m": 12, "pt_i": 14 }, "geometry": { "type": "Point", "coordinates": [ 99.884174878842941, 15.451297066966452 ] } },
{ "type": "Feature", "properties": { "road_key": "61000000ST007.4", "road_name": "ทางหลวงแผ่นดินหมายเลข 3221 (สายอุทัยธานี-ทัพทัน) ช่วงที่ 4", "road_no": "3221", "aumpher": "อำเภอทัพทัน", "office": "สาขาเมือง", "branch_code": "61000000", "name_short": "ทล.", "price_new": 3000, "price_old": 3000, "width_m": 16, "pt_i": 0 }, "geometry": { "type": "Point", "coordinates": [ 99.894349399595669, 15.457563502871238 ] } },
{ "type": "Feature", "properties": { "road_key": "61000000ST007.4", "road_name": "ทางหลวงแผ่นดินหมายเลข 3221 (สายอุทัยธานี-ทัพทัน) ช่วงที่ 4", "road_no": "3221", "aumpher": "อำเภอทัพทัน", "office": "สาขาเมือง", "branch_code": "61000000", "name_short": "ทล.", "price_new": 3000, "price_old": 3000, "width_m": 16, "pt_i": 1 }, "geometry": { "type": "Point", "coordinates": [ 99.893462625165554, 15.458224541524283 ] } },
{ "type": "Feature", "properties": { "road_key": "61000000ST007.4", "road_name": "ทางหลวงแผ่นดินหมายเลข 3221 (สายอุทัยธานี-ทัพทัน) ช่วงที่ 4", "road_no": "3221", "aumpher": "อำเภอทัพทัน", "office": "สาขาเมือง", "branch_code": "61000000", "name_short": "ทล.", "price_new": 3000, "price_old": 3000, "width_m": 16, "pt_i": 2 }, "geometry": { "type": "Point", "coordinates": [ 99.893024305027623, 15.459188134003897 ] } },
{ "type": "Feature", "properties": { "road_key": "61000000ST007.4", "road_name": "ทางหลวงแผ่นดินหมายเลข 3221 (สายอุทัยธานี-ทัพทัน) ช่วงที่ 4", "road_no": "3221", "aumpher": "อำเภอทัพทัน", "office": "สาขาเมือง", "branch_code": "61000000", "name_short": "ทล.", "price_new": 3000, "price_old": 3000, "width_m": 16, "pt_i": 3 }, "geometry": { "type": "Point", "coordinates": [ 99.892377403853047, 15.46006053085444 ] } },
{ "type": "Feature", "properties": { "road_key": "61000000ST007.4", "road_name": "ทางหลวงแผ่นดินหมายเลข 3221 (สายอุทัยธานี-ทัพทัน) ช่วงที่ 4", "road_no": "3221", "aumpher": "อำเภอทัพทัน", "office": "สาขาเมือง", "branch_code": "61000000", "name_short": "ทล.", "price_new": 3000, "price_old": 3000, "width_m": 16, "pt_i": 4 }, "geometry": { "type": "Point", "coordinates": [ 99.892016116164939, 15.461087162099533 ] } },
{ "type": "Feature", "properties": { "road_key": "61000000ST015.1", "road_name": "ทางหลวงชนบท อน 4003 (สายแยก ทล.3013-บ้านประดู่ยืน) ช่วงที่ 1", "road_no": "4003", "aumpher": "อำเภอทัพทัน", "office": "สาขาเมือง", "branch_code": "61000000", "name_short": "อน.", "price_new": 7000, "price_old": 5000, "width_m": 12, "pt_i": 0 }, "geometry": { "type": "Point", "coordinates": [ 99.890638804309219, 15.460661002485544 ] } },
{ "type": "Feature", "properties": { "road_key": "61000000ST015.1", "road_name": "ทางหลวงชนบท อน 4003 (สายแยก ทล.3013-บ้านประดู่ยืน) ช่วงที่ 1", "road_no": "4003", "aumpher": "อำเภอทัพทัน", "office": "สาขาเมือง", "branch_code": "61000000", "name_short": "อน.", "price_new": 7000, "price_old": 5000, "width_m": 12, "pt_i": 1 }, "geometry": { "type": "Point", "coordinates": [ 99.88960629857786, 15.460243871262955 ] } },
{ "type": "Feature", "properties": { "road_key": "61000000ST015.1", "road_name": "ทางหลวงชนบท อน 4003 (สายแยก ทล.3013-บ้านประดู่ยืน) ช่วงที่ 1", "road_no": "4003", "aumpher": "อำเภอทัพทัน", "office": "สาขาเมือง", "branch_code": "61000000", "name_short": "อน.", "price_new": 7000, "price_old": 5000, "width_m": 12, "pt_i": 2 }, "geometry": { "type": "Point", "coordinates": [ 99.888575042377767, 15.459823900931509 ] } },
{ "type": "Feature", "properties": { "road_key": "61000000ST015.1", "road_name": "ทางหลวงชนบท อน 4003 (สายแยก ทล.3013-บ้านประดู่ยืน) ช่วงที่ 1", "road_no": "4003", "aumpher": "อำเภอทัพทัน", "office": "สาขาเมือง", "branch_code": "61000000", "name_short": "อน.", "price_new": 7000, "price_old": 5000, "width_m": 12, "pt_i": 3 }, "geometry": { "type": "Point", "coordinates": [ 99.887549769759502, 15.459390320702918 ] } },
{ "type": "Feature", "properties": { "road_key": "61000000ST015.2", "road_name": "ทางหลวงชนบท อน 4003 (สายแยก ทล.3013-บ้านประดู่ยืน) ช่วงที่ 2", "road_no": "4003", "aumpher": "อำเภอทัพทัน", "office": "สาขาเมือง", "branch_code": "61000000", "name_short": "อน.", "price_new": 5000, "price_old": 5000, "width_m": 12, "pt_i": 0 }, "geometry": { "type": "Point", "coordinates": [ 99.88723609333131, 15.459257654664846 ] } },
{ "type": "Feature", "properties": { "road_key": "61000000ST015.2", "road_name": "ทางหลวงชนบท อน 4003 (สายแยก ทล.3013-บ้านประดู่ยืน) ช่วงที่ 2", "road_no": "4003", "aumpher": "อำเภอทัพทัน", "office": "สาขาเมือง", "branch_code": "61000000", "name_short": "อน.", "price_new": 5000, "price_old": 5000, "width_m": 12, "pt_i": 1 }, "geometry": { "type": "Point", "coordinates": [ 99.886212938614563, 15.458819431028457 ] } },
{ "type": "Feature", "properties": { "road_key": "61000000ST015.2", "road_name": "ทางหลวงชนบท อน 4003 (สายแยก ทล.3013-บ้านประดู่ยืน) ช่วงที่ 2", "road_no": "4003", "aumpher": "อำเภอทัพทัน", "office": "สาขาเมือง", "branch_code": "61000000", "name_short": "อน.", "price_new": 5000, "price_old": 5000, "width_m": 12, "pt_i": 2 }, "geometry": { "type": "Point", "coordinates": [ 99.885192092437421, 15.458376144523497 ] } },
{ "type": "Feature", "properties": { "road_key": "61000000ST015.2", "road_name": "ทางหลวงชนบท อน 4003 (สายแยก ทล.3013-บ้านประดู่ยืน) ช่วงที่ 2", "road_no": "4003", "aumpher": "อำเภอทัพทัน", "office": "สาขาเมือง", "branch_code": "61000000", "name_short": "อน.", "price_new": 5000, "price_old": 5000, "width_m": 12, "pt_i": 3 }, "geometry": { "type": "Point", "coordinates": [ 99.884164859639611, 15.457947164747168 ] } },
{ "type": "Feature", "properties": { "road_key": "61000000ST015.2", "road_name": "ทางหลวงชนบท อน 4003 (สายแยก ทล.3013-บ้านประดู่ยืน) ช่วงที่ 2", "road_no": "4003", "aumpher": "อำเภอทัพทัน", "office": "สาขาเมือง", "branch_code": "61000000", "name_short": "อน.", "price_new": 5000, "price_old": 5000, "width_m": 12, "pt_i": 4 }, "geometry": { "type": "Point", "coordinates": [ 99.88313310908606, 15.457528306060594 ] } },
{ "type": "Feature", "properties": { "road_key": "61000000ST015.2", "road_name": "ทางหลวงชนบท อน 4003 (สายแยก ทล.3013-บ้านประดู่ยืน) ช่วงที่ 2", "road_no": "4003", "aumpher": "อำเภอทัพทัน", "office": "สาขาเมือง", "branch_code": "61000000", "name_short": "อน.", "price_new": 5000, "price_old": 5000, "width_m": 12, "pt_i": 5 }, "geometry": { "type": "Point", "coordinates": [ 99.882101916629708, 15.457108163343335 ] } },
{ "type": "Feature", "properties": { "road_key": "61000000ST015.3", "road_name": "ทางหลวงชนบท อน 4003 (สายแยก ทล.3013-บ้านประดู่ยืน) ช่วงที่ 3", "road_no": "4003", "aumpher": "อำเภอทัพทัน", "office": "สาขาเมือง", "branch_code": "61000000", "name_short": "อน.", "price_new": 2000, "price_old": 2000, "width_m": 12, "pt_i": 0 }, "geometry": { "type": "Point", "coordinates": [ 99.881639744441998, 15.456919062531261 ] } },
{ "type": "Feature", "properties": { "road_key": "61000000ST015.3", "road_name": "ทางหลวงชนบท อน 4003 (สายแยก ทล.3013-บ้านประดู่ยืน) ช่วงที่ 3", "road_no": "4003", "aumpher": "อำเภอทัพทัน", "office": "สาขาเมือง", "branch_code": "61000000", "name_short": "อน.", "price_new": 2000, "price_old": 2000, "width_m": 12, "pt_i": 1 }, "geometry": { "type": "Point", "coordinates": [ 99.880609209755249, 15.456497407628055 ] } },
{ "type": "Feature", "properties": { "road_key": "61000000ST015.3", "road_name": "ทางหลวงชนบท อน 4003 (สายแยก ทล.3013-บ้านประดู่ยืน) ช่วงที่ 3", "road_no": "4003", "aumpher": "อำเภอทัพทัน", "office": "สาขาเมือง", "branch_code": "61000000", "name_short": "อน.", "price_new": 2000, "price_old": 2000, "width_m": 12, "pt_i": 2 }, "geometry": { "type": "Point", "coordinates": [ 99.879578679018479, 15.456075747699069 ] } },
{ "type": "Feature", "properties": { "road_key": "61000000ST015.3", "road_name": "ทางหลวงชนบท อน 4003 (สายแยก ทล.3013-บ้านประดู่ยืน) ช่วงที่ 3", "road_no": "4003", "aumpher": "อำเภอทัพทัน", "office": "สาขาเมือง", "branch_code": "61000000", "name_short": "อน.", "price_new": 2000, "price_old": 2000, "width_m": 12, "pt_i": 3 }, "geometry": { "type": "Point", "coordinates": [ 99.878544469079486, 15.455662655969618 ] } },
{ "type": "Feature", "properties": { "road_key": "61000000ST015.3", "road_name": "ทางหลวงชนบท อน 4003 (สายแยก ทล.3013-บ้านประดู่ยืน) ช่วงที่ 3", "road_no": "4003", "aumpher": "อำเภอทัพทัน", "office": "สาขาเมือง", "branch_code": "61000000", "name_short": "อน.", "price_new": 2000, "price_old": 2000, "width_m": 12, "pt_i": 4 }, "geometry": { "type": "Point", "coordinates": [ 99.87751012594488, 15.455249878241988 ] } },
{ "type": "Feature", "properties": { "road_key": "61000000ST015.3", "road_name": "ทางหลวงชนบท อน 4003 (สายแยก ทล.3013-บ้านประดู่ยืน) ช่วงที่ 3", "road_no": "4003", "aumpher": "อำเภอทัพทัน", "office": "สาขาเมือง", "branch_code": "61000000", "name_short": "อน.", "price_new": 2000, "price_old": 2000, "width_m": 12, "pt_i": 5 }, "geometry": { "type": "Point", "coordinates": [ 99.876472942324611, 15.454844757470521 ] } },
{ "type": "Feature", "properties": { "road_key": "61000000ST015.3", "road_name": "ทางหลวงชนบท อน 4003 (สายแยก ทล.3013-บ้านประดู่ยืน) ช่วงที่ 3", "road_no": "4003", "aumpher": "อำเภอทัพทัน", "office": "สาขาเมือง", "branch_code": "61000000", "name_short": "อน.", "price_new": 2000, "price_old": 2000, "width_m": 12, "pt_i": 6 }, "geometry": { "type": "Point", "coordinates": [ 99.875401794370347, 15.454533364176823 ] } },
{ "type": "Feature", "properties": { "road_key": "61000000ST015.3", "road_name": "ทางหลวงชนบท อน 4003 (สายแยก ทล.3013-บ้านประดู่ยืน) ช่วงที่ 3", "road_no": "4003", "aumpher": "อำเภอทัพทัน", "office": "สาขาเมือง", "branch_code": "61000000", "name_short": "อน.", "price_new": 2000, "price_old": 2000, "width_m": 12, "pt_i": 7 }, "geometry": { "type": "Point", "coordinates": [ 99.874316796828111, 15.454269937965883 ] } },
{ "type": "Feature", "properties": { "road_key": "61000000ST015.3", "road_name": "ทางหลวงชนบท อน 4003 (สายแยก ทล.3013-บ้านประดู่ยืน) ช่วงที่ 3", "road_no": "4003", "aumpher": "อำเภอทัพทัน", "office": "สาขาเมือง", "branch_code": "61000000", "name_short": "อน.", "price_new": 2000, "price_old": 2000, "width_m": 12, "pt_i": 8 }, "geometry": { "type": "Point", "coordinates": [ 99.873231951940042, 15.454005925390787 ] } },
{ "type": "Feature", "properties": { "road_key": "61000000ST015.3", "road_name": "ทางหลวงชนบท อน 4003 (สายแยก ทล.3013-บ้านประดู่ยืน) ช่วงที่ 3", "road_no": "4003", "aumpher": "อำเภอทัพทัน", "office": "สาขาเมือง", "branch_code": "61000000", "name_short": "อน.", "price_new": 2000, "price_old": 2000, "width_m": 12, "pt_i": 9 }, "geometry": { "type": "Point", "coordinates": [ 99.872147171500515, 15.453741667649659 ] } },
{ "type": "Feature", "properties": { "road_key": "61000000ST015.3", "road_name": "ทางหลวงชนบท อน 4003 (สายแยก ทล.3013-บ้านประดู่ยืน) ช่วงที่ 3", "road_no": "4003", "aumpher": "อำเภอทัพทัน", "office": "สาขาเมือง", "branch_code": "61000000", "name_short": "อน.", "price_new": 2000, "price_old": 2000, "width_m": 12, "pt_i": 10 }, "geometry": { "type": "Point", "coordinates": [ 99.871062849691455, 15.453475657457222 ] } },
{ "type": "Feature", "properties": { "road_key": "61000000ST015.3", "road_name": "ทางหลวงชนบท อน 4003 (สายแยก ทล.3013-บ้านประดู่ยืน) ช่วงที่ 3", "road_no": "4003", "aumpher": "อำเภอทัพทัน", "office": "สาขาเมือง", "branch_code": "61000000", "name_short": "อน.", "price_new": 2000, "price_old": 2000, "width_m": 12, "pt_i": 11 }, "geometry": { "type": "Point", "coordinates": [ 99.869979140905258, 15.453207303636336 ] } },
{ "type": "Feature", "properties": { "road_key": "61000000ST015.3", "road_name": "ทางหลวงชนบท อน 4003 (สายแยก ทล.3013-บ้านประดู่ยืน) ช่วงที่ 3", "road_no": "4003", "aumpher": "อำเภอทัพทัน", "office": "สาขาเมือง", "branch_code": "61000000", "name_short": "อน.", "price_new": 2000, "price_old": 2000, "width_m": 12, "pt_i": 12 }, "geometry": { "type": "Point", "coordinates": [ 99.868895434636556, 15.452938944366672 ] } },
{ "type": "Feature", "properties": { "road_key": "61000000ST015.3", "road_name": "ทางหลวงชนบท อน 4003 (สายแยก ทล.3013-บ้านประดู่ยืน) ช่วงที่ 3", "road_no": "4003", "aumpher": "อำเภอทัพทัน", "office": "สาขาเมือง", "branch_code": "61000000", "name_short": "อน.", "price_new": 2000, "price_old": 2000, "width_m": 12, "pt_i": 13 }, "geometry": { "type": "Point", "coordinates": [ 99.867809991137918, 15.452677315142022 ] } },
{ "type": "Feature", "properties": { "road_key": "61000000ST015.3", "road_name": "ทางหลวงชนบท อน 4003 (สายแยก ทล.3013-บ้านประดู่ยืน) ช่วงที่ 3", "road_no": "4003", "aumpher": "อำเภอทัพทัน", "office": "สาขาเมือง", "branch_code": "61000000", "name_short": "อน.", "price_new": 2000, "price_old": 2000, "width_m": 12, "pt_i": 14 }, "geometry": { "type": "Point", "coordinates": [ 99.866713114187945, 15.452470761466614 ] } },
{ "type": "Feature", "properties": { "road_key": "61000000ST015.3", "road_name": "ทางหลวงชนบท อน 4003 (สายแยก ทล.3013-บ้านประดู่ยืน) ช่วงที่ 3", "road_no": "4003", "aumpher": "อำเภอทัพทัน", "office": "สาขาเมือง", "branch_code": "61000000", "name_short": "อน.", "price_new": 2000, "price_old": 2000, "width_m": 12, "pt_i": 15 }, "geometry": { "type": "Point", "coordinates": [ 99.865603777314888, 15.452332631443392 ] } },
{ "type": "Feature", "properties": { "road_key": "61000000ST015.3", "road_name": "ทางหลวงชนบท อน 4003 (สายแยก ทล.3013-บ้านประดู่ยืน) ช่วงที่ 3", "road_no": "4003", "aumpher": "อำเภอทัพทัน", "office": "สาขาเมือง", "branch_code": "61000000", "name_short": "อน.", "price_new": 2000, "price_old": 2000, "width_m": 12, "pt_i": 16 }, "geometry": { "type": "Point", "coordinates": [ 99.864492428775023, 15.452210428015279 ] } },
{ "type": "Feature", "properties": { "road_key": "61000000ST015.3", "road_name": "ทางหลวงชนบท อน 4003 (สายแยก ทล.3013-บ้านประดู่ยืน) ช่วงที่ 3", "road_no": "4003", "aumpher": "อำเภอทัพทัน", "office": "สาขาเมือง", "branch_code": "61000000", "name_short": "อน.", "price_new": 2000, "price_old": 2000, "width_m": 12, "pt_i": 17 }, "geometry": { "type": "Point", "coordinates": [ 99.863381264376699, 15.452086664021682 ] } },
{ "type": "Feature", "properties": { "road_key": "61000000ST015.3", "road_name": "ทางหลวงชนบท อน 4003 (สายแยก ทล.3013-บ้านประดู่ยืน) ช่วงที่ 3", "road_no": "4003", "aumpher": "อำเภอทัพทัน", "office": "สาขาเมือง", "branch_code": "61000000", "name_short": "อน.", "price_new": 2000, "price_old": 2000, "width_m": 12, "pt_i": 18 }, "geometry": { "type": "Point", "coordinates": [ 99.862270131393075, 15.451962636332809 ] } },
{ "type": "Feature", "properties": { "road_key": "61000000ST015.3", "road_name": "ทางหลวงชนบท อน 4003 (สายแยก ทล.3013-บ้านประดู่ยืน) ช่วงที่ 3", "road_no": "4003", "aumpher": "อำเภอทัพทัน", "office": "สาขาเมือง", "branch_code": "61000000", "name_short": "อน.", "price_new": 2000, "price_old": 2000, "width_m": 12, "pt_i": 19 }, "geometry": { "type": "Point", "coordinates": [ 99.861158999432064, 15.451838603005497 ] } },
{ "type": "Feature", "properties": { "road_key": "61000000ST015.3", "road_name": "ทางหลวงชนบท อน 4003 (สายแยก ทล.3013-บ้านประดู่ยืน) ช่วงที่ 3", "road_no": "4003", "aumpher": "อำเภอทัพทัน", "office": "สาขาเมือง", "branch_code": "61000000", "name_short": "อน.", "price_new": 2000, "price_old": 2000, "width_m": 12, "pt_i": 20 }, "geometry": { "type": "Point", "coordinates": [ 99.860048614625214, 15.451708444433832 ] } },
{ "type": "Feature", "properties": { "road_key": "61000000ST015.3", "road_name": "ทางหลวงชนบท อน 4003 (สายแยก ทล.3013-บ้านประดู่ยืน) ช่วงที่ 3", "road_no": "4003", "aumpher": "อำเภอทัพทัน", "office": "สาขาเมือง", "branch_code": "61000000", "name_short": "อน.", "price_new": 2000, "price_old": 2000, "width_m": 12, "pt_i": 21 }, "geometry": { "type": "Point", "coordinates": [ 99.858938301724834, 15.451577699420547 ] } },
{ "type": "Feature", "properties": { "road_key": "61000000ST015.3", "road_name": "ทางหลวงชนบท อน 4003 (สายแยก ทล.3013-บ้านประดู่ยืน) ช่วงที่ 3", "road_no": "4003", "aumpher": "อำเภอทัพทัน", "office": "สาขาเมือง", "branch_code": "61000000", "name_short": "อน.", "price_new": 2000, "price_old": 2000, "width_m": 12, "pt_i": 22 }, "geometry": { "type": "Point", "coordinates": [ 99.857827600545804, 15.45145013184168 ] } },
{ "type": "Feature", "properties": { "road_key": "61000000ST015.3", "road_name": "ทางหลวงชนบท อน 4003 (สายแยก ทล.3013-บ้านประดู่ยืน) ช่วงที่ 3", "road_no": "4003", "aumpher": "อำเภอทัพทัน", "office": "สาขาเมือง", "branch_code": "61000000", "name_short": "อน.", "price_new": 2000, "price_old": 2000, "width_m": 12, "pt_i": 23 }, "geometry": { "type": "Point", "coordinates": [ 99.856716568792237, 15.451325269581449 ] } },
{ "type": "Feature", "properties": { "road_key": "61000000ST015.3", "road_name": "ทางหลวงชนบท อน 4003 (สายแยก ทล.3013-บ้านประดู่ยืน) ช่วงที่ 3", "road_no": "4003", "aumpher": "อำเภอทัพทัน", "office": "สาขาเมือง", "branch_code": "61000000", "name_short": "อน.", "price_new": 2000, "price_old": 2000, "width_m": 12, "pt_i": 24 }, "geometry": { "type": "Point", "coordinates": [ 99.855603158081152, 15.451225997426546 ] } },
{ "type": "Feature", "properties": { "road_key": "61000000ST015.3", "road_name": "ทางหลวงชนบท อน 4003 (สายแยก ทล.3013-บ้านประดู่ยืน) ช่วงที่ 3", "road_no": "4003", "aumpher": "อำเภอทัพทัน", "office": "สาขาเมือง", "branch_code": "61000000", "name_short": "อน.", "price_new": 2000, "price_old": 2000, "width_m": 12, "pt_i": 25 }, "geometry": { "type": "Point", "coordinates": [ 99.854487020084377, 15.451156056850433 ] } },
{ "type": "Feature", "properties": { "road_key": "61000000ST015.3", "road_name": "ทางหลวงชนบท อน 4003 (สายแยก ทล.3013-บ้านประดู่ยืน) ช่วงที่ 3", "road_no": "4003", "aumpher": "อำเภอทัพทัน", "office": "สาขาเมือง", "branch_code": "61000000", "name_short": "อน.", "price_new": 2000, "price_old": 2000, "width_m": 12, "pt_i": 26 }, "geometry": { "type": "Point", "coordinates": [ 99.853369755821603, 15.45110696497018 ] } },
{ "type": "Feature", "properties": { "road_key": "61000000ST015.3", "road_name": "ทางหลวงชนบท อน 4003 (สายแยก ทล.3013-บ้านประดู่ยืน) ช่วงที่ 3", "road_no": "4003", "aumpher": "อำเภอทัพทัน", "office": "สาขาเมือง", "branch_code": "61000000", "name_short": "อน.", "price_new": 2000, "price_old": 2000, "width_m": 12, "pt_i": 27 }, "geometry": { "type": "Point", "coordinates": [ 99.852252193550157, 15.451063386865437 ] } },
{ "type": "Feature", "properties": { "road_key": "61000000ST015.4", "road_name": "ทางหลวงชนบท อน 4003 (สายแยก ทล.3013-บ้านประดู่ยืน) ช่วงที่ 4", "road_no": "4003", "aumpher": "อำเภอทัพทัน", "office": "สาขาเมือง", "branch_code": "61000000", "name_short": "อน.", "price_new": 1000, "price_old": 1000, "width_m": 12, "pt_i": 0 }, "geometry": { "type": "Point", "coordinates": [ 99.851521488108659, 15.451042051703041 ] } },
{ "type": "Feature", "properties": { "road_key": "61000000ST015.4", "road_name": "ทางหลวงชนบท อน 4003 (สายแยก ทล.3013-บ้านประดู่ยืน) ช่วงที่ 4", "road_no": "4003", "aumpher": "อำเภอทัพทัน", "office": "สาขาเมือง", "branch_code": "61000000", "name_short": "อน.", "price_new": 1000, "price_old": 1000, "width_m": 12, "pt_i": 1 }, "geometry": { "type": "Point", "coordinates": [ 99.850403123217859, 15.451027513043787 ] } },
{ "type": "Feature", "properties": { "road_key": "61000000ST015.4", "road_name": "ทางหลวงชนบท อน 4003 (สายแยก ทล.3013-บ้านประดู่ยืน) ช่วงที่ 4", "road_no": "4003", "aumpher": "อำเภอทัพทัน", "office": "สาขาเมือง", "branch_code": "61000000", "name_short": "อน.", "price_new": 1000, "price_old": 1000, "width_m": 12, "pt_i": 2 }, "geometry": { "type": "Point", "coordinates": [ 99.849286995765482, 15.451096269252997 ] } },
{ "type": "Feature", "properties": { "road_key": "61000000ST015.4", "road_name": "ทางหลวงชนบท อน 4003 (สายแยก ทล.3013-บ้านประดู่ยืน) ช่วงที่ 4", "road_no": "4003", "aumpher": "อำเภอทัพทัน", "office": "สาขาเมือง", "branch_code": "61000000", "name_short": "อน.", "price_new": 1000, "price_old": 1000, "width_m": 12, "pt_i": 3 }, "geometry": { "type": "Point", "coordinates": [ 99.848172736890234, 15.451190276538318 ] } },
{ "type": "Feature", "properties": { "road_key": "61000000ST015.4", "road_name": "ทางหลวงชนบท อน 4003 (สายแยก ทล.3013-บ้านประดู่ยืน) ช่วงที่ 4", "road_no": "4003", "aumpher": "อำเภอทัพทัน", "office": "สาขาเมือง", "branch_code": "61000000", "name_short": "อน.", "price_new": 1000, "price_old": 1000, "width_m": 12, "pt_i": 4 }, "geometry": { "type": "Point", "coordinates": [ 99.847058476712803, 15.451284278272951 ] } },
{ "type": "Feature", "properties": { "road_key": "61000000ST015.4", "road_name": "ทางหลวงชนบท อน 4003 (สายแยก ทล.3013-บ้านประดู่ยืน) ช่วงที่ 4", "road_no": "4003", "aumpher": "อำเภอทัพทัน", "office": "สาขาเมือง", "branch_code": "61000000", "name_short": "อน.", "price_new": 1000, "price_old": 1000, "width_m": 12, "pt_i": 5 }, "geometry": { "type": "Point", "coordinates": [ 99.845942327450587, 15.451290514271678 ] } },
{ "type": "Feature", "properties": { "road_key": "61000000ST015.4", "road_name": "ทางหลวงชนบท อน 4003 (สายแยก ทล.3013-บ้านประดู่ยืน) ช่วงที่ 4", "road_no": "4003", "aumpher": "อำเภอทัพทัน", "office": "สาขาเมือง", "branch_code": "61000000", "name_short": "อน.", "price_new": 1000, "price_old": 1000, "width_m": 12, "pt_i": 6 }, "geometry": { "type": "Point", "coordinates": [ 99.844830466103176, 15.451172821423203 ] } },
{ "type": "Feature", "properties": { "road_key": "61000000ST015.4", "road_name": "ทางหลวงชนบท อน 4003 (สายแยก ทล.3013-บ้านประดู่ยืน) ช่วงที่ 4", "road_no": "4003", "aumpher": "อำเภอทัพทัน", "office": "สาขาเมือง", "branch_code": "61000000", "name_short": "อน.", "price_new": 1000, "price_old": 1000, "width_m": 12, "pt_i": 7 }, "geometry": { "type": "Point", "coordinates": [ 99.843718388630251, 15.451057028134295 ] } },
{ "type": "Feature", "properties": { "road_key": "61000000ST015.4", "road_name": "ทางหลวงชนบท อน 4003 (สายแยก ทล.3013-บ้านประดู่ยืน) ช่วงที่ 4", "road_no": "4003", "aumpher": "อำเภอทัพทัน", "office": "สาขาเมือง", "branch_code": "61000000", "name_short": "อน.", "price_new": 1000, "price_old": 1000, "width_m": 12, "pt_i": 8 }, "geometry": { "type": "Point", "coordinates": [ 99.842606512262392, 15.45093945198945 ] } },
{ "type": "Feature", "properties": { "road_key": "61000000ST015.4", "road_name": "ทางหลวงชนบท อน 4003 (สายแยก ทล.3013-บ้านประดู่ยืน) ช่วงที่ 4", "road_no": "4003", "aumpher": "อำเภอทัพทัน", "office": "สาขาเมือง", "branch_code": "61000000", "name_short": "อน.", "price_new": 1000, "price_old": 1000, "width_m": 12, "pt_i": 9 }, "geometry": { "type": "Point", "coordinates": [ 99.841505376169394, 15.450766096551561 ] } },
{ "type": "Feature", "properties": { "road_key": "61000000ST015.4", "road_name": "ทางหลวงชนบท อน 4003 (สายแยก ทล.3013-บ้านประดู่ยืน) ช่วงที่ 4", "road_no": "4003", "aumpher": "อำเภอทัพทัน", "office": "สาขาเมือง", "branch_code": "61000000", "name_short": "อน.", "price_new": 1000, "price_old": 1000, "width_m": 12, "pt_i": 10 }, "geometry": { "type": "Point", "coordinates": [ 99.840427258739936, 15.450477372316259 ] } },
{ "type": "Feature", "properties": { "road_key": "61000000ST015.4", "road_name": "ทางหลวงชนบท อน 4003 (สายแยก ทล.3013-บ้านประดู่ยืน) ช่วงที่ 4", "road_no": "4003", "aumpher": "อำเภอทัพทัน", "office": "สาขาเมือง", "branch_code": "61000000", "name_short": "อน.", "price_new": 1000, "price_old": 1000, "width_m": 12, "pt_i": 11 }, "geometry": { "type": "Point", "coordinates": [ 99.839350166462253, 15.450185058293584 ] } },
{ "type": "Feature", "properties": { "road_key": "61000000ST015.4", "road_name": "ทางหลวงชนบท อน 4003 (สายแยก ทล.3013-บ้านประดู่ยืน) ช่วงที่ 4", "road_no": "4003", "aumpher": "อำเภอทัพทัน", "office": "สาขาเมือง", "branch_code": "61000000", "name_short": "อน.", "price_new": 1000, "price_old": 1000, "width_m": 12, "pt_i": 12 }, "geometry": { "type": "Point", "coordinates": [ 99.838237219011944, 15.450105168273019 ] } },
{ "type": "Feature", "properties": { "road_key": "61000000ST015.4", "road_name": "ทางหลวงชนบท อน 4003 (สายแยก ทล.3013-บ้านประดู่ยืน) ช่วงที่ 4", "road_no": "4003", "aumpher": "อำเภอทัพทัน", "office": "สาขาเมือง", "branch_code": "61000000", "name_short": "อน.", "price_new": 1000, "price_old": 1000, "width_m": 12, "pt_i": 13 }, "geometry": { "type": "Point", "coordinates": [ 99.837118872515646, 15.450120889787735 ] } },
{ "type": "Feature", "properties": { "road_key": "61000000ST015.4", "road_name": "ทางหลวงชนบท อน 4003 (สายแยก ทล.3013-บ้านประดู่ยืน) ช่วงที่ 4", "road_no": "4003", "aumpher": "อำเภอทัพทัน", "office": "สาขาเมือง", "branch_code": "61000000", "name_short": "อน.", "price_new": 1000, "price_old": 1000, "width_m": 12, "pt_i": 14 }, "geometry": { "type": "Point", "coordinates": [ 99.836000528520628, 15.450136804005004 ] } },
{ "type": "Feature", "properties": { "road_key": "61000000ST015.4", "road_name": "ทางหลวงชนบท อน 4003 (สายแยก ทล.3013-บ้านประดู่ยืน) ช่วงที่ 4", "road_no": "4003", "aumpher": "อำเภอทัพทัน", "office": "สาขาเมือง", "branch_code": "61000000", "name_short": "อน.", "price_new": 1000, "price_old": 1000, "width_m": 12, "pt_i": 15 }, "geometry": { "type": "Point", "coordinates": [ 99.834882279930568, 15.450157943411117 ] } },
{ "type": "Feature", "properties": { "road_key": "61000000ST015.4", "road_name": "ทางหลวงชนบท อน 4003 (สายแยก ทล.3013-บ้านประดู่ยืน) ช่วงที่ 4", "road_no": "4003", "aumpher": "อำเภอทัพทัน", "office": "สาขาเมือง", "branch_code": "61000000", "name_short": "อน.", "price_new": 1000, "price_old": 1000, "width_m": 12, "pt_i": 16 }, "geometry": { "type": "Point", "coordinates": [ 99.833764058663789, 15.450180596965826 ] } },
{ "type": "Feature", "properties": { "road_key": "61000000ST015.4", "road_name": "ทางหลวงชนบท อน 4003 (สายแยก ทล.3013-บ้านประดู่ยืน) ช่วงที่ 4", "road_no": "4003", "aumpher": "อำเภอทัพทัน", "office": "สาขาเมือง", "branch_code": "61000000", "name_short": "อน.", "price_new": 1000, "price_old": 1000, "width_m": 12, "pt_i": 17 }, "geometry": { "type": "Point", "coordinates": [ 99.832645827001258, 15.45020275824503 ] } },
{ "type": "Feature", "properties": { "road_key": "61000000ST015.4", "road_name": "ทางหลวงชนบท อน 4003 (สายแยก ทล.3013-บ้านประดู่ยืน) ช่วงที่ 4", "road_no": "4003", "aumpher": "อำเภอทัพทัน", "office": "สาขาเมือง", "branch_code": "61000000", "name_short": "อน.", "price_new": 1000, "price_old": 1000, "width_m": 12, "pt_i": 18 }, "geometry": { "type": "Point", "coordinates": [ 99.831527550387463, 15.450222720199239 ] } },
{ "type": "Feature", "properties": { "road_key": "61000000ST015.4", "road_name": "ทางหลวงชนบท อน 4003 (สายแยก ทล.3013-บ้านประดู่ยืน) ช่วงที่ 4", "road_no": "4003", "aumpher": "อำเภอทัพทัน", "office": "สาขาเมือง", "branch_code": "61000000", "name_short": "อน.", "price_new": 1000, "price_old": 1000, "width_m": 12, "pt_i": 19 }, "geometry": { "type": "Point", "coordinates": [ 99.830416734683624, 15.45032866883381 ] } },
{ "type": "Feature", "properties": { "road_key": "61000000ST015.4", "road_name": "ทางหลวงชนบท อน 4003 (สายแยก ทล.3013-บ้านประดู่ยืน) ช่วงที่ 4", "road_no": "4003", "aumpher": "อำเภอทัพทัน", "office": "สาขาเมือง", "branch_code": "61000000", "name_short": "อน.", "price_new": 1000, "price_old": 1000, "width_m": 12, "pt_i": 20 }, "geometry": { "type": "Point", "coordinates": [ 99.829316643553028, 15.450524505192112 ] } },
{ "type": "Feature", "properties": { "road_key": "61000000ST015.4", "road_name": "ทางหลวงชนบท อน 4003 (สายแยก ทล.3013-บ้านประดู่ยืน) ช่วงที่ 4", "road_no": "4003", "aumpher": "อำเภอทัพทัน", "office": "สาขาเมือง", "branch_code": "61000000", "name_short": "อน.", "price_new": 1000, "price_old": 1000, "width_m": 12, "pt_i": 21 }, "geometry": { "type": "Point", "coordinates": [ 99.828217296437046, 15.450724219656259 ] } },
{ "type": "Feature", "properties": { "road_key": "61000000ST015.4", "road_name": "ทางหลวงชนบท อน 4003 (สายแยก ทล.3013-บ้านประดู่ยืน) ช่วงที่ 4", "road_no": "4003", "aumpher": "อำเภอทัพทัน", "office": "สาขาเมือง", "branch_code": "61000000", "name_short": "อน.", "price_new": 1000, "price_old": 1000, "width_m": 12, "pt_i": 22 }, "geometry": { "type": "Point", "coordinates": [ 99.827118177004465, 15.450924862265373 ] } },
{ "type": "Feature", "properties": { "road_key": "61000000ST015.4", "road_name": "ทางหลวงชนบท อน 4003 (สายแยก ทล.3013-บ้านประดู่ยืน) ช่วงที่ 4", "road_no": "4003", "aumpher": "อำเภอทัพทัน", "office": "สาขาเมือง", "branch_code": "61000000", "name_short": "อน.", "price_new": 1000, "price_old": 1000, "width_m": 12, "pt_i": 23 }, "geometry": { "type": "Point", "coordinates": [ 99.826004655250472, 15.451026806836659 ] } },
{ "type": "Feature", "properties": { "road_key": "61000000ST015.4", "road_name": "ทางหลวงชนบท อน 4003 (สายแยก ทล.3013-บ้านประดู่ยืน) ช่วงที่ 4", "road_no": "4003", "aumpher": "อำเภอทัพทัน", "office": "สาขาเมือง", "branch_code": "61000000", "name_short": "อน.", "price_new": 1000, "price_old": 1000, "width_m": 12, "pt_i": 24 }, "geometry": { "type": "Point", "coordinates": [ 99.824886263808295, 15.451027921578307 ] } },
{ "type": "Feature", "properties": { "road_key": "61000000ST015.4", "road_name": "ทางหลวงชนบท อน 4003 (สายแยก ทล.3013-บ้านประดู่ยืน) ช่วงที่ 4", "road_no": "4003", "aumpher": "อำเภอทัพทัน", "office": "สาขาเมือง", "branch_code": "61000000", "name_short": "อน.", "price_new": 1000, "price_old": 1000, "width_m": 12, "pt_i": 25 }, "geometry": { "type": "Point", "coordinates": [ 99.823773645607972, 15.450918771364931 ] } },
{ "type": "Feature", "properties": { "road_key": "61000000ST015.4", "road_name": "ทางหลวงชนบท อน 4003 (สายแยก ทล.3013-บ้านประดู่ยืน) ช่วงที่ 4", "road_no": "4003", "aumpher": "อำเภอทัพทัน", "office": "สาขาเมือง", "branch_code": "61000000", "name_short": "อน.", "price_new": 1000, "price_old": 1000, "width_m": 12, "pt_i": 26 }, "geometry": { "type": "Point", "coordinates": [ 99.822666969208584, 15.450763320999245 ] } },
{ "type": "Feature", "properties": { "road_key": "61000000ST015.4", "road_name": "ทางหลวงชนบท อน 4003 (สายแยก ทล.3013-บ้านประดู่ยืน) ช่วงที่ 4", "road_no": "4003", "aumpher": "อำเภอทัพทัน", "office": "สาขาเมือง", "branch_code": "61000000", "name_short": "อน.", "price_new": 1000, "price_old": 1000, "width_m": 12, "pt_i": 27 }, "geometry": { "type": "Point", "coordinates": [ 99.82156191065738, 15.450595825829817 ] } },
{ "type": "Feature", "properties": { "road_key": "61000000ST015.4", "road_name": "ทางหลวงชนบท อน 4003 (สายแยก ทล.3013-บ้านประดู่ยืน) ช่วงที่ 4", "road_no": "4003", "aumpher": "อำเภอทัพทัน", "office": "สาขาเมือง", "branch_code": "61000000", "name_short": "อน.", "price_new": 1000, "price_old": 1000, "width_m": 12, "pt_i": 28 }, "geometry": { "type": "Point", "coordinates": [ 99.820446731952316, 15.450541679494162 ] } },
{ "type": "Feature", "properties": { "road_key": "61000000ST015.4", "road_name": "ทางหลวงชนบท อน 4003 (สายแยก ทล.3013-บ้านประดู่ยืน) ช่วงที่ 4", "road_no": "4003", "aumpher": "อำเภอทัพทัน", "office": "สาขาเมือง", "branch_code": "61000000", "name_short": "อน.", "price_new": 1000, "price_old": 1000, "width_m": 12, "pt_i": 29 }, "geometry": { "type": "Point", "coordinates": [ 99.81933619455755, 15.45065988431026 ] } },
{ "type": "Feature", "properties": { "road_key": "61000000ST015.4", "road_name": "ทางหลวงชนบท อน 4003 (สายแยก ทล.3013-บ้านประดู่ยืน) ช่วงที่ 4", "road_no": "4003", "aumpher": "อำเภอทัพทัน", "office": "สาขาเมือง", "branch_code": "61000000", "name_short": "อน.", "price_new": 1000, "price_old": 1000, "width_m": 12, "pt_i": 30 }, "geometry": { "type": "Point", "coordinates": [ 99.818236788233705, 15.450858224380546 ] } },
{ "type": "Feature", "properties": { "road_key": "61000000ST015.4", "road_name": "ทางหลวงชนบท อน 4003 (สายแยก ทล.3013-บ้านประดู่ยืน) ช่วงที่ 4", "road_no": "4003", "aumpher": "อำเภอทัพทัน", "office": "สาขาเมือง", "branch_code": "61000000", "name_short": "อน.", "price_new": 1000, "price_old": 1000, "width_m": 12, "pt_i": 31 }, "geometry": { "type": "Point", "coordinates": [ 99.817142994242261, 15.451084813219016 ] } },
{ "type": "Feature", "properties": { "road_key": "61000000ST015.4", "road_name": "ทางหลวงชนบท อน 4003 (สายแยก ทล.3013-บ้านประดู่ยืน) ช่วงที่ 4", "road_no": "4003", "aumpher": "อำเภอทัพทัน", "office": "สาขาเมือง", "branch_code": "61000000", "name_short": "อน.", "price_new": 1000, "price_old": 1000, "width_m": 12, "pt_i": 32 }, "geometry": { "type": "Point", "coordinates": [ 99.816045920047998, 15.451296007695117 ] } },
{ "type": "Feature", "properties": { "road_key": "61000000ST015.4", "road_name": "ทางหลวงชนบท อน 4003 (สายแยก ทล.3013-บ้านประดู่ยืน) ช่วงที่ 4", "road_no": "4003", "aumpher": "อำเภอทัพทัน", "office": "สาขาเมือง", "branch_code": "61000000", "name_short": "อน.", "price_new": 1000, "price_old": 1000, "width_m": 12, "pt_i": 33 }, "geometry": { "type": "Point", "coordinates": [ 99.814936263348471, 15.45142281875769 ] } },
{ "type": "Feature", "properties": { "road_key": "61000000ST015.4", "road_name": "ทางหลวงชนบท อน 4003 (สายแยก ทล.3013-บ้านประดู่ยืน) ช่วงที่ 4", "road_no": "4003", "aumpher": "อำเภอทัพทัน", "office": "สาขาเมือง", "branch_code": "61000000", "name_short": "อน.", "price_new": 1000, "price_old": 1000, "width_m": 12, "pt_i": 34 }, "geometry": { "type": "Point", "coordinates": [ 99.8138180377548, 15.451408320329355 ] } },
{ "type": "Feature", "properties": { "road_key": "61000000ST015.4", "road_name": "ทางหลวงชนบท อน 4003 (สายแยก ทล.3013-บ้านประดู่ยืน) ช่วงที่ 4", "road_no": "4003", "aumpher": "อำเภอทัพทัน", "office": "สาขาเมือง", "branch_code": "61000000", "name_short": "อน.", "price_new": 1000, "price_old": 1000, "width_m": 12, "pt_i": 35 }, "geometry": { "type": "Point", "coordinates": [ 99.812759872934848, 15.451129351699313 ] } },
{ "type": "Feature", "properties": { "road_key": "61000000ST015.4", "road_name": "ทางหลวงชนบท อน 4003 (สายแยก ทล.3013-บ้านประดู่ยืน) ช่วงที่ 4", "road_no": "4003", "aumpher": "อำเภอทัพทัน", "office": "สาขาเมือง", "branch_code": "61000000", "name_short": "อน.", "price_new": 1000, "price_old": 1000, "width_m": 12, "pt_i": 36 }, "geometry": { "type": "Point", "coordinates": [ 99.811700346786097, 15.450815744944379 ] } },
{ "type": "Feature", "properties": { "road_key": "61000000ST015.4", "road_name": "ทางหลวงชนบท อน 4003 (สายแยก ทล.3013-บ้านประดู่ยืน) ช่วงที่ 4", "road_no": "4003", "aumpher": "อำเภอทัพทัน", "office": "สาขาเมือง", "branch_code": "61000000", "name_short": "อน.", "price_new": 1000, "price_old": 1000, "width_m": 12, "pt_i": 37 }, "geometry": { "type": "Point", "coordinates": [ 99.810663878938314, 15.451149739631679 ] } },
{ "type": "Feature", "properties": { "road_key": "61000000ST015.4", "road_name": "ทางหลวงชนบท อน 4003 (สายแยก ทล.3013-บ้านประดู่ยืน) ช่วงที่ 4", "road_no": "4003", "aumpher": "อำเภอทัพทัน", "office": "สาขาเมือง", "branch_code": "61000000", "name_short": "อน.", "price_new": 1000, "price_old": 1000, "width_m": 12, "pt_i": 38 }, "geometry": { "type": "Point", "coordinates": [ 99.809658866747327, 15.45149429231321 ] } },
{ "type": "Feature", "properties": { "road_key": "61000000ST015.4", "road_name": "ทางหลวงชนบท อน 4003 (สายแยก ทล.3013-บ้านประดู่ยืน) ช่วงที่ 4", "road_no": "4003", "aumpher": "อำเภอทัพทัน", "office": "สาขาเมือง", "branch_code": "61000000", "name_short": "อน.", "price_new": 1000, "price_old": 1000, "width_m": 12, "pt_i": 39 }, "geometry": { "type": "Point", "coordinates": [ 99.808816503714937, 15.450814970201339 ] } },
{ "type": "Feature", "properties": { "road_key": "61000000ST015.4", "road_name": "ทางหลวงชนบท อน 4003 (สายแยก ทล.3013-บ้านประดู่ยืน) ช่วงที่ 4", "road_no": "4003", "aumpher": "อำเภอทัพทัน", "office": "สาขาเมือง", "branch_code": "61000000", "name_short": "อน.", "price_new": 1000, "price_old": 1000, "width_m": 12, "pt_i": 40 }, "geometry": { "type": "Point", "coordinates": [ 99.807920575166591, 15.450193987612803 ] } },
{ "type": "Feature", "properties": { "road_key": "61000000ST015.4", "road_name": "ทางหลวงชนบท อน 4003 (สายแยก ทล.3013-บ้านประดู่ยืน) ช่วงที่ 4", "road_no": "4003", "aumpher": "อำเภอทัพทัน", "office": "สาขาเมือง", "branch_code": "61000000", "name_short": "อน.", "price_new": 1000, "price_old": 1000, "width_m": 12, "pt_i": 41 }, "geometry": { "type": "Point", "coordinates": [ 99.806816075859686, 15.450076739593026 ] } },
{ "type": "Feature", "properties": { "road_key": "61000000ST015.4", "road_name": "ทางหลวงชนบท อน 4003 (สายแยก ทล.3013-บ้านประดู่ยืน) ช่วงที่ 4", "road_no": "4003", "aumpher": "อำเภอทัพทัน", "office": "สาขาเมือง", "branch_code": "61000000", "name_short": "อน.", "price_new": 1000, "price_old": 1000, "width_m": 12, "pt_i": 42 }, "geometry": { "type": "Point", "coordinates": [ 99.805697634292073, 15.450074607860257 ] } },
{ "type": "Feature", "properties": { "road_key": "61000000ST015.4", "road_name": "ทางหลวงชนบท อน 4003 (สายแยก ทล.3013-บ้านประดู่ยืน) ช่วงที่ 4", "road_no": "4003", "aumpher": "อำเภอทัพทัน", "office": "สาขาเมือง", "branch_code": "61000000", "name_short": "อน.", "price_new": 1000, "price_old": 1000, "width_m": 12, "pt_i": 43 }, "geometry": { "type": "Point", "coordinates": [ 99.804586738597251, 15.449985369967866 ] } },
{ "type": "Feature", "properties": { "road_key": "61000000ST015.4", "road_name": "ทางหลวงชนบท อน 4003 (สายแยก ทล.3013-บ้านประดู่ยืน) ช่วงที่ 4", "road_no": "4003", "aumpher": "อำเภอทัพทัน", "office": "สาขาเมือง", "branch_code": "61000000", "name_short": "อน.", "price_new": 1000, "price_old": 1000, "width_m": 12, "pt_i": 44 }, "geometry": { "type": "Point", "coordinates": [ 99.80351521042364, 15.449678552613378 ] } },
{ "type": "Feature", "properties": { "road_key": "61000000ST015.4", "road_name": "ทางหลวงชนบท อน 4003 (สายแยก ทล.3013-บ้านประดู่ยืน) ช่วงที่ 4", "road_no": "4003", "aumpher": "อำเภอทัพทัน", "office": "สาขาเมือง", "branch_code": "61000000", "name_short": "อน.", "price_new": 1000, "price_old": 1000, "width_m": 12, "pt_i": 45 }, "geometry": { "type": "Point", "coordinates": [ 99.802456974869457, 15.44932741105721 ] } },
{ "type": "Feature", "properties": { "road_key": "61000000ST015.4", "road_name": "ทางหลวงชนบท อน 4003 (สายแยก ทล.3013-บ้านประดู่ยืน) ช่วงที่ 4", "road_no": "4003", "aumpher": "อำเภอทัพทัน", "office": "สาขาเมือง", "branch_code": "61000000", "name_short": "อน.", "price_new": 1000, "price_old": 1000, "width_m": 12, "pt_i": 46 }, "geometry": { "type": "Point", "coordinates": [ 99.801400030989441, 15.448972579992676 ] } },
{ "type": "Feature", "properties": { "road_key": "61000000ST015.4", "road_name": "ทางหลวงชนบท อน 4003 (สายแยก ทล.3013-บ้านประดู่ยืน) ช่วงที่ 4", "road_no": "4003", "aumpher": "อำเภอทัพทัน", "office": "สาขาเมือง", "branch_code": "61000000", "name_short": "อน.", "price_new": 1000, "price_old": 1000, "width_m": 12, "pt_i": 47 }, "geometry": { "type": "Point", "coordinates": [ 99.800342524079554, 15.448619334524164 ] } },
{ "type": "Feature", "properties": { "road_key": "61000000ST015.4", "road_name": "ทางหลวงชนบท อน 4003 (สายแยก ทล.3013-บ้านประดู่ยืน) ช่วงที่ 4", "road_no": "4003", "aumpher": "อำเภอทัพทัน", "office": "สาขาเมือง", "branch_code": "61000000", "name_short": "อน.", "price_new": 1000, "price_old": 1000, "width_m": 12, "pt_i": 48 }, "geometry": { "type": "Point", "coordinates": [ 99.799293827374072, 15.44824325040916 ] } },
{ "type": "Feature", "properties": { "road_key": "61000000ST015.4", "road_name": "ทางหลวงชนบท อน 4003 (สายแยก ทล.3013-บ้านประดู่ยืน) ช่วงที่ 4", "road_no": "4003", "aumpher": "อำเภอทัพทัน", "office": "สาขาเมือง", "branch_code": "61000000", "name_short": "อน.", "price_new": 1000, "price_old": 1000, "width_m": 12, "pt_i": 49 }, "geometry": { "type": "Point", "coordinates": [ 99.798287420846876, 15.44777072818936 ] } },
{ "type": "Feature", "properties": { "road_key": "61000000ST015.4", "road_name": "ทางหลวงชนบท อน 4003 (สายแยก ทล.3013-บ้านประดู่ยืน) ช่วงที่ 4", "road_no": "4003", "aumpher": "อำเภอทัพทัน", "office": "สาขาเมือง", "branch_code": "61000000", "name_short": "อน.", "price_new": 1000, "price_old": 1000, "width_m": 12, "pt_i": 50 }, "geometry": { "type": "Point", "coordinates": [ 99.797255744695164, 15.447356353225485 ] } },
{ "type": "Feature", "properties": { "road_key": "61000000ST015.4", "road_name": "ทางหลวงชนบท อน 4003 (สายแยก ทล.3013-บ้านประดู่ยืน) ช่วงที่ 4", "road_no": "4003", "aumpher": "อำเภอทัพทัน", "office": "สาขาเมือง", "branch_code": "61000000", "name_short": "อน.", "price_new": 1000, "price_old": 1000, "width_m": 12, "pt_i": 51 }, "geometry": { "type": "Point", "coordinates": [ 99.796187534274495, 15.447035174081527 ] } },
{ "type": "Feature", "properties": { "road_key": "61000000ST015.4", "road_name": "ทางหลวงชนบท อน 4003 (สายแยก ทล.3013-บ้านประดู่ยืน) ช่วงที่ 4", "road_no": "4003", "aumpher": "อำเภอทัพทัน", "office": "สาขาเมือง", "branch_code": "61000000", "name_short": "อน.", "price_new": 1000, "price_old": 1000, "width_m": 12, "pt_i": 52 }, "geometry": { "type": "Point", "coordinates": [ 99.795113778248762, 15.446731565773595 ] } },
{ "type": "Feature", "properties": { "road_key": "61000000ST015.4", "road_name": "ทางหลวงชนบท อน 4003 (สายแยก ทล.3013-บ้านประดู่ยืน) ช่วงที่ 4", "road_no": "4003", "aumpher": "อำเภอทัพทัน", "office": "สาขาเมือง", "branch_code": "61000000", "name_short": "อน.", "price_new": 1000, "price_old": 1000, "width_m": 12, "pt_i": 53 }, "geometry": { "type": "Point", "coordinates": [ 99.7940422866087, 15.446420511974518 ] } },
{ "type": "Feature", "properties": { "road_key": "61000000ST015.4", "road_name": "ทางหลวงชนบท อน 4003 (สายแยก ทล.3013-บ้านประดู่ยืน) ช่วงที่ 4", "road_no": "4003", "aumpher": "อำเภอทัพทัน", "office": "สาขาเมือง", "branch_code": "61000000", "name_short": "อน.", "price_new": 1000, "price_old": 1000, "width_m": 12, "pt_i": 54 }, "geometry": { "type": "Point", "coordinates": [ 99.792972801756363, 15.446103055100826 ] } },
{ "type": "Feature", "properties": { "road_key": "61000000ST015.4", "road_name": "ทางหลวงชนบท อน 4003 (สายแยก ทล.3013-บ้านประดู่ยืน) ช่วงที่ 4", "road_no": "4003", "aumpher": "อำเภอทัพทัน", "office": "สาขาเมือง", "branch_code": "61000000", "name_short": "อน.", "price_new": 1000, "price_old": 1000, "width_m": 12, "pt_i": 55 }, "geometry": { "type": "Point", "coordinates": [ 99.79190463482054, 15.445781458011805 ] } },
{ "type": "Feature", "properties": { "road_key": "61000000ST015.4", "road_name": "ทางหลวงชนบท อน 4003 (สายแยก ทล.3013-บ้านประดู่ยืน) ช่วงที่ 4", "road_no": "4003", "aumpher": "อำเภอทัพทัน", "office": "สาขาเมือง", "branch_code": "61000000", "name_short": "อน.", "price_new": 1000, "price_old": 1000, "width_m": 12, "pt_i": 56 }, "geometry": { "type": "Point", "coordinates": [ 99.790838879511298, 15.445452399169564 ] } },
{ "type": "Feature", "properties": { "road_key": "61000000ST015.4", "road_name": "ทางหลวงชนบท อน 4003 (สายแยก ทล.3013-บ้านประดู่ยืน) ช่วงที่ 4", "road_no": "4003", "aumpher": "อำเภอทัพทัน", "office": "สาขาเมือง", "branch_code": "61000000", "name_short": "อน.", "price_new": 1000, "price_old": 1000, "width_m": 12, "pt_i": 57 }, "geometry": { "type": "Point", "coordinates": [ 99.789768599563729, 15.44513764536042 ] } },
{ "type": "Feature", "properties": { "road_key": "61000000ST015.4", "road_name": "ทางหลวงชนบท อน 4003 (สายแยก ทล.3013-บ้านประดู่ยืน) ช่วงที่ 4", "road_no": "4003", "aumpher": "อำเภอทัพทัน", "office": "สาขาเมือง", "branch_code": "61000000", "name_short": "อน.", "price_new": 1000, "price_old": 1000, "width_m": 12, "pt_i": 58 }, "geometry": { "type": "Point", "coordinates": [ 99.78869600024268, 15.444830226107008 ] } },
{ "type": "Feature", "properties": { "road_key": "61000000ST015.4", "road_name": "ทางหลวงชนบท อน 4003 (สายแยก ทล.3013-บ้านประดู่ยืน) ช่วงที่ 4", "road_no": "4003", "aumpher": "อำเภอทัพทัน", "office": "สาขาเมือง", "branch_code": "61000000", "name_short": "อน.", "price_new": 1000, "price_old": 1000, "width_m": 12, "pt_i": 59 }, "geometry": { "type": "Point", "coordinates": [ 99.787627356023378, 15.44451016431106 ] } },
{ "type": "Feature", "properties": { "road_key": "61000000ST015.4", "road_name": "ทางหลวงชนบท อน 4003 (สายแยก ทล.3013-บ้านประดู่ยืน) ช่วงที่ 4", "road_no": "4003", "aumpher": "อำเภอทัพทัน", "office": "สาขาเมือง", "branch_code": "61000000", "name_short": "อน.", "price_new": 1000, "price_old": 1000, "width_m": 12, "pt_i": 60 }, "geometry": { "type": "Point", "coordinates": [ 99.78655942717279, 15.444187819571598 ] } },
{ "type": "Feature", "properties": { "road_key": "61000000ST015.4", "road_name": "ทางหลวงชนบท อน 4003 (สายแยก ทล.3013-บ้านประดู่ยืน) ช่วงที่ 4", "road_no": "4003", "aumpher": "อำเภอทัพทัน", "office": "สาขาเมือง", "branch_code": "61000000", "name_short": "อน.", "price_new": 1000, "price_old": 1000, "width_m": 12, "pt_i": 61 }, "geometry": { "type": "Point", "coordinates": [ 99.785494097121216, 15.443857528957501 ] } },
{ "type": "Feature", "properties": { "road_key": "61000000ST015.4", "road_name": "ทางหลวงชนบท อน 4003 (สายแยก ทล.3013-บ้านประดู่ยืน) ช่วงที่ 4", "road_no": "4003", "aumpher": "อำเภอทัพทัน", "office": "สาขาเมือง", "branch_code": "61000000", "name_short": "อน.", "price_new": 1000, "price_old": 1000, "width_m": 12, "pt_i": 62 }, "geometry": { "type": "Point", "coordinates": [ 99.784429752569025, 15.443524227138631 ] } },
{ "type": "Feature", "properties": { "road_key": "61000000ST015.4", "road_name": "ทางหลวงชนบท อน 4003 (สายแยก ทล.3013-บ้านประดู่ยืน) ช่วงที่ 4", "road_no": "4003", "aumpher": "อำเภอทัพทัน", "office": "สาขาเมือง", "branch_code": "61000000", "name_short": "อน.", "price_new": 1000, "price_old": 1000, "width_m": 12, "pt_i": 63 }, "geometry": { "type": "Point", "coordinates": [ 99.783380524359103, 15.44315888407869 ] } },
{ "type": "Feature", "properties": { "road_key": "61000000ST015.4", "road_name": "ทางหลวงชนบท อน 4003 (สายแยก ทล.3013-บ้านประดู่ยืน) ช่วงที่ 4", "road_no": "4003", "aumpher": "อำเภอทัพทัน", "office": "สาขาเมือง", "branch_code": "61000000", "name_short": "อน.", "price_new": 1000, "price_old": 1000, "width_m": 12, "pt_i": 64 }, "geometry": { "type": "Point", "coordinates": [ 99.782510910640383, 15.442485294788545 ] } },
{ "type": "Feature", "properties": { "road_key": "61000000ST015.4", "road_name": "ทางหลวงชนบท อน 4003 (สายแยก ทล.3013-บ้านประดู่ยืน) ช่วงที่ 4", "road_no": "4003", "aumpher": "อำเภอทัพทัน", "office": "สาขาเมือง", "branch_code": "61000000", "name_short": "อน.", "price_new": 1000, "price_old": 1000, "width_m": 12, "pt_i": 65 }, "geometry": { "type": "Point", "coordinates": [ 99.781722368880594, 15.441715982615035 ] } },
{ "type": "Feature", "properties": { "road_key": "61000000ST015.4", "road_name": "ทางหลวงชนบท อน 4003 (สายแยก ทล.3013-บ้านประดู่ยืน) ช่วงที่ 4", "road_no": "4003", "aumpher": "อำเภอทัพทัน", "office": "สาขาเมือง", "branch_code": "61000000", "name_short": "อน.", "price_new": 1000, "price_old": 1000, "width_m": 12, "pt_i": 66 }, "geometry": { "type": "Point", "coordinates": [ 99.78093383293637, 15.440946667315492 ] } },
{ "type": "Feature", "properties": { "road_key": "61000000ST015.4", "road_name": "ทางหลวงชนบท อน 4003 (สายแยก ทล.3013-บ้านประดู่ยืน) ช่วงที่ 4", "road_no": "4003", "aumpher": "อำเภอทัพทัน", "office": "สาขาเมือง", "branch_code": "61000000", "name_short": "อน.", "price_new": 1000, "price_old": 1000, "width_m": 12, "pt_i": 67 }, "geometry": { "type": "Point", "coordinates": [ 99.780134112649677, 15.440188298133732 ] } },
{ "type": "Feature", "properties": { "road_key": "61000000ST015.4", "road_name": "ทางหลวงชนบท อน 4003 (สายแยก ทล.3013-บ้านประดู่ยืน) ช่วงที่ 4", "road_no": "4003", "aumpher": "อำเภอทัพทัน", "office": "สาขาเมือง", "branch_code": "61000000", "name_short": "อน.", "price_new": 1000, "price_old": 1000, "width_m": 12, "pt_i": 68 }, "geometry": { "type": "Point", "coordinates": [ 99.779334086371222, 15.439430230831617 ] } },
{ "type": "Feature", "properties": { "road_key": "61000000ST015.5", "road_name": "ทางหลวงชนบท อน 4003 (สายแยก ทล.3013-บ้านประดู่ยืน) ช่วงที่ 5", "road_no": "4003", "aumpher": "อำเภอทัพทัน", "office": "สาขาเมือง", "branch_code": "61000000", "name_short": "อน.", "price_new": 2000, "price_old": 2000, "width_m": 12, "pt_i": 0 }, "geometry": { "type": "Point", "coordinates": [ 99.778744567570953, 15.438871624951163 ] } },
{ "type": "Feature", "properties": { "road_key": "61000000ST015.5", "road_name": "ทางหลวงชนบท อน 4003 (สายแยก ทล.3013-บ้านประดู่ยืน) ช่วงที่ 5", "road_no": "4003", "aumpher": "อำเภอทัพทัน", "office": "สาขาเมือง", "branch_code": "61000000", "name_short": "อน.", "price_new": 2000, "price_old": 2000, "width_m": 12, "pt_i": 1 }, "geometry": { "type": "Point", "coordinates": [ 99.777939244669213, 15.438118856934123 ] } },
{ "type": "Feature", "properties": { "road_key": "61000000ST015.5", "road_name": "ทางหลวงชนบท อน 4003 (สายแยก ทล.3013-บ้านประดู่ยืน) ช่วงที่ 5", "road_no": "4003", "aumpher": "อำเภอทัพทัน", "office": "สาขาเมือง", "branch_code": "61000000", "name_short": "อน.", "price_new": 2000, "price_old": 2000, "width_m": 12, "pt_i": 2 }, "geometry": { "type": "Point", "coordinates": [ 99.777065049882154, 15.437466565270238 ] } },
{ "type": "Feature", "properties": { "road_key": "61000000ST015.5", "road_name": "ทางหลวงชนบท อน 4003 (สายแยก ทล.3013-บ้านประดู่ยืน) ช่วงที่ 5", "road_no": "4003", "aumpher": "อำเภอทัพทัน", "office": "สาขาเมือง", "branch_code": "61000000", "name_short": "อน.", "price_new": 2000, "price_old": 2000, "width_m": 12, "pt_i": 3 }, "geometry": { "type": "Point", "coordinates": [ 99.775953722638363, 15.437377182487815 ] } },
{ "type": "Feature", "properties": { "road_key": "61000000ST015.5", "road_name": "ทางหลวงชนบท อน 4003 (สายแยก ทล.3013-บ้านประดู่ยืน) ช่วงที่ 5", "road_no": "4003", "aumpher": "อำเภอทัพทัน", "office": "สาขาเมือง", "branch_code": "61000000", "name_short": "อน.", "price_new": 2000, "price_old": 2000, "width_m": 12, "pt_i": 4 }, "geometry": { "type": "Point", "coordinates": [ 99.77487785915126, 15.437094610307801 ] } },
{ "type": "Feature", "properties": { "road_key": "61000000ST015.5", "road_name": "ทางหลวงชนบท อน 4003 (สายแยก ทล.3013-บ้านประดู่ยืน) ช่วงที่ 5", "road_no": "4003", "aumpher": "อำเภอทัพทัน", "office": "สาขาเมือง", "branch_code": "61000000", "name_short": "อน.", "price_new": 2000, "price_old": 2000, "width_m": 12, "pt_i": 5 }, "geometry": { "type": "Point", "coordinates": [ 99.773782694431304, 15.436881242919592 ] } },
{ "type": "Feature", "properties": { "road_key": "61000000ST015.5", "road_name": "ทางหลวงชนบท อน 4003 (สายแยก ทล.3013-บ้านประดู่ยืน) ช่วงที่ 5", "road_no": "4003", "aumpher": "อำเภอทัพทัน", "office": "สาขาเมือง", "branch_code": "61000000", "name_short": "อน.", "price_new": 2000, "price_old": 2000, "width_m": 12, "pt_i": 6 }, "geometry": { "type": "Point", "coordinates": [ 99.772680458385054, 15.436708560830407 ] } },
{ "type": "Feature", "properties": { "road_key": "61000000ST015.5", "road_name": "ทางหลวงชนบท อน 4003 (สายแยก ทล.3013-บ้านประดู่ยืน) ช่วงที่ 5", "road_no": "4003", "aumpher": "อำเภอทัพทัน", "office": "สาขาเมือง", "branch_code": "61000000", "name_short": "อน.", "price_new": 2000, "price_old": 2000, "width_m": 12, "pt_i": 7 }, "geometry": { "type": "Point", "coordinates": [ 99.771563433007657, 15.436654620849596 ] } },
{ "type": "Feature", "properties": { "road_key": "61000000ST015.5", "road_name": "ทางหลวงชนบท อน 4003 (สายแยก ทล.3013-บ้านประดู่ยืน) ช่วงที่ 5", "road_no": "4003", "aumpher": "อำเภอทัพทัน", "office": "สาขาเมือง", "branch_code": "61000000", "name_short": "อน.", "price_new": 2000, "price_old": 2000, "width_m": 12, "pt_i": 8 }, "geometry": { "type": "Point", "coordinates": [ 99.770445342829916, 15.436630993471177 ] } },
{ "type": "Feature", "properties": { "road_key": "61000000ST015.5", "road_name": "ทางหลวงชนบท อน 4003 (สายแยก ทล.3013-บ้านประดู่ยืน) ช่วงที่ 5", "road_no": "4003", "aumpher": "อำเภอทัพทัน", "office": "สาขาเมือง", "branch_code": "61000000", "name_short": "อน.", "price_new": 2000, "price_old": 2000, "width_m": 12, "pt_i": 9 }, "geometry": { "type": "Point", "coordinates": [ 99.76932712264616, 15.436611059911609 ] } },
{ "type": "Feature", "properties": { "road_key": "61000000ST015.5", "road_name": "ทางหลวงชนบท อน 4003 (สายแยก ทล.3013-บ้านประดู่ยืน) ช่วงที่ 5", "road_no": "4003", "aumpher": "อำเภอทัพทัน", "office": "สาขาเมือง", "branch_code": "61000000", "name_short": "อน.", "price_new": 2000, "price_old": 2000, "width_m": 12, "pt_i": 10 }, "geometry": { "type": "Point", "coordinates": [ 99.76820883477113, 15.436595345495345 ] } },
{ "type": "Feature", "properties": { "road_key": "61000000ST015.5", "road_name": "ทางหลวงชนบท อน 4003 (สายแยก ทล.3013-บ้านประดู่ยืน) ช่วงที่ 5", "road_no": "4003", "aumpher": "อำเภอทัพทัน", "office": "สาขาเมือง", "branch_code": "61000000", "name_short": "อน.", "price_new": 2000, "price_old": 2000, "width_m": 12, "pt_i": 11 }, "geometry": { "type": "Point", "coordinates": [ 99.767090515163218, 15.436581600504406 ] } },
{ "type": "Feature", "properties": { "road_key": "61000000ST015.5", "road_name": "ทางหลวงชนบท อน 4003 (สายแยก ทล.3013-บ้านประดู่ยืน) ช่วงที่ 5", "road_no": "4003", "aumpher": "อำเภอทัพทัน", "office": "สาขาเมือง", "branch_code": "61000000", "name_short": "อน.", "price_new": 2000, "price_old": 2000, "width_m": 12, "pt_i": 12 }, "geometry": { "type": "Point", "coordinates": [ 99.765972195429384, 15.436567849870363 ] } },
{ "type": "Feature", "properties": { "road_key": "61000000ST015.5", "road_name": "ทางหลวงชนบท อน 4003 (สายแยก ทล.3013-บ้านประดู่ยืน) ช่วงที่ 5", "road_no": "4003", "aumpher": "อำเภอทัพทัน", "office": "สาขาเมือง", "branch_code": "61000000", "name_short": "อน.", "price_new": 2000, "price_old": 2000, "width_m": 12, "pt_i": 13 }, "geometry": { "type": "Point", "coordinates": [ 99.764853880867221, 15.43655370174565 ] } },
{ "type": "Feature", "properties": { "road_key": "61000000ST015.5", "road_name": "ทางหลวงชนบท อน 4003 (สายแยก ทล.3013-บ้านประดู่ยืน) ช่วงที่ 5", "road_no": "4003", "aumpher": "อำเภอทัพทัน", "office": "สาขาเมือง", "branch_code": "61000000", "name_short": "อน.", "price_new": 2000, "price_old": 2000, "width_m": 12, "pt_i": 14 }, "geometry": { "type": "Point", "coordinates": [ 99.763735573436492, 15.436539011717468 ] } },
{ "type": "Feature", "properties": { "road_key": "61000000ST015.5", "road_name": "ทางหลวงชนบท อน 4003 (สายแยก ทล.3013-บ้านประดู่ยืน) ช่วงที่ 5", "road_no": "4003", "aumpher": "อำเภอทัพทัน", "office": "สาขาเมือง", "branch_code": "61000000", "name_short": "อน.", "price_new": 2000, "price_old": 2000, "width_m": 12, "pt_i": 15 }, "geometry": { "type": "Point", "coordinates": [ 99.76261726589118, 15.436524316045904 ] } },
{ "type": "Feature", "properties": { "road_key": "61000000ST015.6", "road_name": "ทางหลวงชนบท อน 4003 (สายแยก ทล.3013-บ้านประดู่ยืน) ช่วงที่ 6", "road_no": "4003", "aumpher": "อำเภอทัพทัน", "office": "สาขาเมือง", "branch_code": "61000000", "name_short": "อน.", "price_new": 1000, "price_old": 800, "width_m": 12, "pt_i": 0 }, "geometry": { "type": "Point", "coordinates": [ 99.762130243636278, 15.436504246235748 ] } },
{ "type": "Feature", "properties": { "road_key": "61000000ST015.6", "road_name": "ทางหลวงชนบท อน 4003 (สายแยก ทล.3013-บ้านประดู่ยืน) ช่วงที่ 6", "road_no": "4003", "aumpher": "อำเภอทัพทัน", "office": "สาขาเมือง", "branch_code": "61000000", "name_short": "อน.", "price_new": 1000, "price_old": 800, "width_m": 12, "pt_i": 1 }, "geometry": { "type": "Point", "coordinates": [ 99.761016246138027, 15.43658188203233 ] } },
{ "type": "Feature", "properties": { "road_key": "61000000ST015.6", "road_name": "ทางหลวงชนบท อน 4003 (สายแยก ทล.3013-บ้านประดู่ยืน) ช่วงที่ 6", "road_no": "4003", "aumpher": "อำเภอทัพทัน", "office": "สาขาเมือง", "branch_code": "61000000", "name_short": "อน.", "price_new": 1000, "price_old": 800, "width_m": 12, "pt_i": 2 }, "geometry": { "type": "Point", "coordinates": [ 99.759947052430618, 15.436889747947641 ] } },
{ "type": "Feature", "properties": { "road_key": "61000000ST015.6", "road_name": "ทางหลวงชนบท อน 4003 (สายแยก ทล.3013-บ้านประดู่ยืน) ช่วงที่ 6", "road_no": "4003", "aumpher": "อำเภอทัพทัน", "office": "สาขาเมือง", "branch_code": "61000000", "name_short": "อน.", "price_new": 1000, "price_old": 800, "width_m": 12, "pt_i": 3 }, "geometry": { "type": "Point", "coordinates": [ 99.758958806692689, 15.437392627599419 ] } },
{ "type": "Feature", "properties": { "road_key": "61000000ST015.6", "road_name": "ทางหลวงชนบท อน 4003 (สายแยก ทล.3013-บ้านประดู่ยืน) ช่วงที่ 6", "road_no": "4003", "aumpher": "อำเภอทัพทัน", "office": "สาขาเมือง", "branch_code": "61000000", "name_short": "อน.", "price_new": 1000, "price_old": 800, "width_m": 12, "pt_i": 4 }, "geometry": { "type": "Point", "coordinates": [ 99.758013606484994, 15.437972540139786 ] } },
{ "type": "Feature", "properties": { "road_key": "61000000ST015.6", "road_name": "ทางหลวงชนบท อน 4003 (สายแยก ทล.3013-บ้านประดู่ยืน) ช่วงที่ 6", "road_no": "4003", "aumpher": "อำเภอทัพทัน", "office": "สาขาเมือง", "branch_code": "61000000", "name_short": "อน.", "price_new": 1000, "price_old": 800, "width_m": 12, "pt_i": 5 }, "geometry": { "type": "Point", "coordinates": [ 99.756959666027839, 15.438314257333069 ] } },
{ "type": "Feature", "properties": { "road_key": "61000000ST015.6", "road_name": "ทางหลวงชนบท อน 4003 (สายแยก ทล.3013-บ้านประดู่ยืน) ช่วงที่ 6", "road_no": "4003", "aumpher": "อำเภอทัพทัน", "office": "สาขาเมือง", "branch_code": "61000000", "name_short": "อน.", "price_new": 1000, "price_old": 800, "width_m": 12, "pt_i": 6 }, "geometry": { "type": "Point", "coordinates": [ 99.755843894017218, 15.438304699742893 ] } },
{ "type": "Feature", "properties": { "road_key": "61000000ST015.6", "road_name": "ทางหลวงชนบท อน 4003 (สายแยก ทล.3013-บ้านประดู่ยืน) ช่วงที่ 6", "road_no": "4003", "aumpher": "อำเภอทัพทัน", "office": "สาขาเมือง", "branch_code": "61000000", "name_short": "อน.", "price_new": 1000, "price_old": 800, "width_m": 12, "pt_i": 7 }, "geometry": { "type": "Point", "coordinates": [ 99.754728249298736, 15.438228346110709 ] } },
{ "type": "Feature", "properties": { "road_key": "61000000ST015.6", "road_name": "ทางหลวงชนบท อน 4003 (สายแยก ทล.3013-บ้านประดู่ยืน) ช่วงที่ 6", "road_no": "4003", "aumpher": "อำเภอทัพทัน", "office": "สาขาเมือง", "branch_code": "61000000", "name_short": "อน.", "price_new": 1000, "price_old": 800, "width_m": 12, "pt_i": 8 }, "geometry": { "type": "Point", "coordinates": [ 99.75361276102258, 15.438149834032366 ] } },
{ "type": "Feature", "properties": { "road_key": "61000000ST015.6", "road_name": "ทางหลวงชนบท อน 4003 (สายแยก ทล.3013-บ้านประดู่ยืน) ช่วงที่ 6", "road_no": "4003", "aumpher": "อำเภอทัพทัน", "office": "สาขาเมือง", "branch_code": "61000000", "name_short": "อน.", "price_new": 1000, "price_old": 800, "width_m": 12, "pt_i": 9 }, "geometry": { "type": "Point", "coordinates": [ 99.752512587562549, 15.437959182815732 ] } },
{ "type": "Feature", "properties": { "road_key": "61000000ST015.6", "road_name": "ทางหลวงชนบท อน 4003 (สายแยก ทล.3013-บ้านประดู่ยืน) ช่วงที่ 6", "road_no": "4003", "aumpher": "อำเภอทัพทัน", "office": "สาขาเมือง", "branch_code": "61000000", "name_short": "อน.", "price_new": 1000, "price_old": 800, "width_m": 12, "pt_i": 10 }, "geometry": { "type": "Point", "coordinates": [ 99.751395863841651, 15.437908957962751 ] } },
{ "type": "Feature", "properties": { "road_key": "61000000ST015.7", "road_name": "ทางหลวงชนบท อน 4003 (สายแยก ทล.3013-บ้านประดู่ยืน) ช่วงที่ 7", "road_no": "4003", "aumpher": "อำเภอทัพทัน", "office": "สาขาเมือง", "branch_code": "61000000", "name_short": "อน.", "price_new": 800, "price_old": 800, "width_m": 12, "pt_i": 0 }, "geometry": { "type": "Point", "coordinates": [ 99.750572053621227, 15.437796127925939 ] } },
{ "type": "Feature", "properties": { "road_key": "61000000ST015.7", "road_name": "ทางหลวงชนบท อน 4003 (สายแยก ทล.3013-บ้านประดู่ยืน) ช่วงที่ 7", "road_no": "4003", "aumpher": "อำเภอทัพทัน", "office": "สาขาเมือง", "branch_code": "61000000", "name_short": "อน.", "price_new": 800, "price_old": 800, "width_m": 12, "pt_i": 1 }, "geometry": { "type": "Point", "coordinates": [ 99.749494576295461, 15.437508669072001 ] } },
{ "type": "Feature", "properties": { "road_key": "61000000ST015.7", "road_name": "ทางหลวงชนบท อน 4003 (สายแยก ทล.3013-บ้านประดู่ยืน) ช่วงที่ 7", "road_no": "4003", "aumpher": "อำเภอทัพทัน", "office": "สาขาเมือง", "branch_code": "61000000", "name_short": "อน.", "price_new": 800, "price_old": 800, "width_m": 12, "pt_i": 2 }, "geometry": { "type": "Point", "coordinates": [ 99.748426693077249, 15.437186263247007 ] } },
{ "type": "Feature", "properties": { "road_key": "61000000ST015.7", "road_name": "ทางหลวงชนบท อน 4003 (สายแยก ทล.3013-บ้านประดู่ยืน) ช่วงที่ 7", "road_no": "4003", "aumpher": "อำเภอทัพทัน", "office": "สาขาเมือง", "branch_code": "61000000", "name_short": "อน.", "price_new": 800, "price_old": 800, "width_m": 12, "pt_i": 3 }, "geometry": { "type": "Point", "coordinates": [ 99.747368914460253, 15.436835993489836 ] } },
{ "type": "Feature", "properties": { "road_key": "61000000ST015.7", "road_name": "ทางหลวงชนบท อน 4003 (สายแยก ทล.3013-บ้านประดู่ยืน) ช่วงที่ 7", "road_no": "4003", "aumpher": "อำเภอทัพทัน", "office": "สาขาเมือง", "branch_code": "61000000", "name_short": "อน.", "price_new": 800, "price_old": 800, "width_m": 12, "pt_i": 4 }, "geometry": { "type": "Point", "coordinates": [ 99.746388439644662, 15.436324417536428 ] } },
{ "type": "Feature", "properties": { "road_key": "61000000ST015.7", "road_name": "ทางหลวงชนบท อน 4003 (สายแยก ทล.3013-บ้านประดู่ยืน) ช่วงที่ 7", "road_no": "4003", "aumpher": "อำเภอทัพทัน", "office": "สาขาเมือง", "branch_code": "61000000", "name_short": "อน.", "price_new": 800, "price_old": 800, "width_m": 12, "pt_i": 5 }, "geometry": { "type": "Point", "coordinates": [ 99.74545022362976, 15.435733936800412 ] } },
{ "type": "Feature", "properties": { "road_key": "61000000ST015.7", "road_name": "ทางหลวงชนบท อน 4003 (สายแยก ทล.3013-บ้านประดู่ยืน) ช่วงที่ 7", "road_no": "4003", "aumpher": "อำเภอทัพทัน", "office": "สาขาเมือง", "branch_code": "61000000", "name_short": "อน.", "price_new": 800, "price_old": 800, "width_m": 12, "pt_i": 6 }, "geometry": { "type": "Point", "coordinates": [ 99.744512012813871, 15.435143451831198 ] } },
{ "type": "Feature", "properties": { "road_key": "61000000ST015.7", "road_name": "ทางหลวงชนบท อน 4003 (สายแยก ทล.3013-บ้านประดู่ยืน) ช่วงที่ 7", "road_no": "4003", "aumpher": "อำเภอทัพทัน", "office": "สาขาเมือง", "branch_code": "61000000", "name_short": "อน.", "price_new": 800, "price_old": 800, "width_m": 12, "pt_i": 7 }, "geometry": { "type": "Point", "coordinates": [ 99.743573807196967, 15.434552962629269 ] } },
{ "type": "Feature", "properties": { "road_key": "61000000ST015.7", "road_name": "ทางหลวงชนบท อน 4003 (สายแยก ทล.3013-บ้านประดู่ยืน) ช่วงที่ 7", "road_no": "4003", "aumpher": "อำเภอทัพทัน", "office": "สาขาเมือง", "branch_code": "61000000", "name_short": "อน.", "price_new": 800, "price_old": 800, "width_m": 12, "pt_i": 8 }, "geometry": { "type": "Point", "coordinates": [ 99.742637461954871, 15.433959715559013 ] } },
{ "type": "Feature", "properties": { "road_key": "61000000ST015.7", "road_name": "ทางหลวงชนบท อน 4003 (สายแยก ทล.3013-บ้านประดู่ยืน) ช่วงที่ 7", "road_no": "4003", "aumpher": "อำเภอทัพทัน", "office": "สาขาเมือง", "branch_code": "61000000", "name_short": "อน.", "price_new": 800, "price_old": 800, "width_m": 12, "pt_i": 9 }, "geometry": { "type": "Point", "coordinates": [ 99.74170323069967, 15.433363334244117 ] } },
{ "type": "Feature", "properties": { "road_key": "61000000ST015.7", "road_name": "ทางหลวงชนบท อน 4003 (สายแยก ทล.3013-บ้านประดู่ยืน) ช่วงที่ 7", "road_no": "4003", "aumpher": "อำเภอทัพทัน", "office": "สาขาเมือง", "branch_code": "61000000", "name_short": "อน.", "price_new": 800, "price_old": 800, "width_m": 12, "pt_i": 10 }, "geometry": { "type": "Point", "coordinates": [ 99.740769004676579, 15.432766948729427 ] } },
{ "type": "Feature", "properties": { "road_key": "61000000ST015.7", "road_name": "ทางหลวงชนบท อน 4003 (สายแยก ทล.3013-บ้านประดู่ยืน) ช่วงที่ 7", "road_no": "4003", "aumpher": "อำเภอทัพทัน", "office": "สาขาเมือง", "branch_code": "61000000", "name_short": "อน.", "price_new": 800, "price_old": 800, "width_m": 12, "pt_i": 11 }, "geometry": { "type": "Point", "coordinates": [ 99.739834920671029, 15.432170359093867 ] } },
{ "type": "Feature", "properties": { "road_key": "61000000ST015.7", "road_name": "ทางหลวงชนบท อน 4003 (สายแยก ทล.3013-บ้านประดู่ยืน) ช่วงที่ 7", "road_no": "4003", "aumpher": "อำเภอทัพทัน", "office": "สาขาเมือง", "branch_code": "61000000", "name_short": "อน.", "price_new": 800, "price_old": 800, "width_m": 12, "pt_i": 12 }, "geometry": { "type": "Point", "coordinates": [ 99.738905454064081, 15.431567024305508 ] } },
{ "type": "Feature", "properties": { "road_key": "61000000ST015.7", "road_name": "ทางหลวงชนบท อน 4003 (สายแยก ทล.3013-บ้านประดู่ยืน) ช่วงที่ 7", "road_no": "4003", "aumpher": "อำเภอทัพทัน", "office": "สาขาเมือง", "branch_code": "61000000", "name_short": "อน.", "price_new": 800, "price_old": 800, "width_m": 12, "pt_i": 13 }, "geometry": { "type": "Point", "coordinates": [ 99.737975992727399, 15.430963685356389 ] } },
{ "type": "Feature", "properties": { "road_key": "61000000ST015.7", "road_name": "ทางหลวงชนบท อน 4003 (สายแยก ทล.3013-บ้านประดู่ยืน) ช่วงที่ 7", "road_no": "4003", "aumpher": "อำเภอทัพทัน", "office": "สาขาเมือง", "branch_code": "61000000", "name_short": "อน.", "price_new": 800, "price_old": 800, "width_m": 12, "pt_i": 14 }, "geometry": { "type": "Point", "coordinates": [ 99.73704653666087, 15.430360342246983 ] } },
{ "type": "Feature", "properties": { "road_key": "61000000ST015.7", "road_name": "ทางหลวงชนบท อน 4003 (สายแยก ทล.3013-บ้านประดู่ยืน) ช่วงที่ 7", "road_no": "4003", "aumpher": "อำเภอทัพทัน", "office": "สาขาเมือง", "branch_code": "61000000", "name_short": "อน.", "price_new": 800, "price_old": 800, "width_m": 12, "pt_i": 15 }, "geometry": { "type": "Point", "coordinates": [ 99.736118959788698, 15.42975431258283 ] } },
{ "type": "Feature", "properties": { "road_key": "61000000ST015.7", "road_name": "ทางหลวงชนบท อน 4003 (สายแยก ทล.3013-บ้านประดู่ยืน) ช่วงที่ 7", "road_no": "4003", "aumpher": "อำเภอทัพทัน", "office": "สาขาเมือง", "branch_code": "61000000", "name_short": "อน.", "price_new": 800, "price_old": 800, "width_m": 12, "pt_i": 16 }, "geometry": { "type": "Point", "coordinates": [ 99.735196774512147, 15.429140568687044 ] } },
{ "type": "Feature", "properties": { "road_key": "61000000ST015.8", "road_name": "ทางหลวงชนบท อน 4003 (สายแยก ทล.3013-บ้านประดู่ยืน) ช่วงที่ 8", "road_no": "4003", "aumpher": "อำเภอทัพทัน", "office": "สาขาเมือง", "branch_code": "61000000", "name_short": "อน.", "price_new": 800, "price_old": 800, "width_m": 12, "pt_i": 0 }, "geometry": { "type": "Point", "coordinates": [ 99.734413258699433, 15.428619107761811 ] } },
{ "type": "Feature", "properties": { "road_key": "61000000ST015.8", "road_name": "ทางหลวงชนบท อน 4003 (สายแยก ทล.3013-บ้านประดู่ยืน) ช่วงที่ 8", "road_no": "4003", "aumpher": "อำเภอทัพทัน", "office": "สาขาเมือง", "branch_code": "61000000", "name_short": "อน.", "price_new": 800, "price_old": 800, "width_m": 12, "pt_i": 1 }, "geometry": { "type": "Point", "coordinates": [ 99.733491083272298, 15.428005356280583 ] } },
{ "type": "Feature", "properties": { "road_key": "61000000ST015.8", "road_name": "ทางหลวงชนบท อน 4003 (สายแยก ทล.3013-บ้านประดู่ยืน) ช่วงที่ 8", "road_no": "4003", "aumpher": "อำเภอทัพทัน", "office": "สาขาเมือง", "branch_code": "61000000", "name_short": "อน.", "price_new": 800, "price_old": 800, "width_m": 12, "pt_i": 2 }, "geometry": { "type": "Point", "coordinates": [ 99.732567192379847, 15.427394046823284 ] } },
{ "type": "Feature", "properties": { "road_key": "61000000ST015.8", "road_name": "ทางหลวงชนบท อน 4003 (สายแยก ทล.3013-บ้านประดู่ยืน) ช่วงที่ 8", "road_no": "4003", "aumpher": "อำเภอทัพทัน", "office": "สาขาเมือง", "branch_code": "61000000", "name_short": "อน.", "price_new": 800, "price_old": 800, "width_m": 12, "pt_i": 3 }, "geometry": { "type": "Point", "coordinates": [ 99.731641794738024, 15.42678488265212 ] } },
{ "type": "Feature", "properties": { "road_key": "61000000ST015.8", "road_name": "ทางหลวงชนบท อน 4003 (สายแยก ทล.3013-บ้านประดู่ยืน) ช่วงที่ 8", "road_no": "4003", "aumpher": "อำเภอทัพทัน", "office": "สาขาเมือง", "branch_code": "61000000", "name_short": "อน.", "price_new": 800, "price_old": 800, "width_m": 12, "pt_i": 4 }, "geometry": { "type": "Point", "coordinates": [ 99.730675235042668, 15.426313391440797 ] } },
{ "type": "Feature", "properties": { "road_key": "61000000ST015.8", "road_name": "ทางหลวงชนบท อน 4003 (สายแยก ทล.3013-บ้านประดู่ยืน) ช่วงที่ 8", "road_no": "4003", "aumpher": "อำเภอทัพทัน", "office": "สาขาเมือง", "branch_code": "61000000", "name_short": "อน.", "price_new": 800, "price_old": 800, "width_m": 12, "pt_i": 5 }, "geometry": { "type": "Point", "coordinates": [ 99.729569610669813, 15.426270421310194 ] } },
{ "type": "Feature", "properties": { "road_key": "61000000ST015.8", "road_name": "ทางหลวงชนบท อน 4003 (สายแยก ทล.3013-บ้านประดู่ยืน) ช่วงที่ 8", "road_no": "4003", "aumpher": "อำเภอทัพทัน", "office": "สาขาเมือง", "branch_code": "61000000", "name_short": "อน.", "price_new": 800, "price_old": 800, "width_m": 12, "pt_i": 6 }, "geometry": { "type": "Point", "coordinates": [ 99.728524573909311, 15.425890981823429 ] } },
{ "type": "Feature", "properties": { "road_key": "61000000ST015.8", "road_name": "ทางหลวงชนบท อน 4003 (สายแยก ทล.3013-บ้านประดู่ยืน) ช่วงที่ 8", "road_no": "4003", "aumpher": "อำเภอทัพทัน", "office": "สาขาเมือง", "branch_code": "61000000", "name_short": "อน.", "price_new": 800, "price_old": 800, "width_m": 12, "pt_i": 7 }, "geometry": { "type": "Point", "coordinates": [ 99.72748677000844, 15.425487933056582 ] } },
{ "type": "Feature", "properties": { "road_key": "61000000ST015.8", "road_name": "ทางหลวงชนบท อน 4003 (สายแยก ทล.3013-บ้านประดู่ยืน) ช่วงที่ 8", "road_no": "4003", "aumpher": "อำเภอทัพทัน", "office": "สาขาเมือง", "branch_code": "61000000", "name_short": "อน.", "price_new": 800, "price_old": 800, "width_m": 12, "pt_i": 8 }, "geometry": { "type": "Point", "coordinates": [ 99.726401556002713, 15.425481394791557 ] } },
{ "type": "Feature", "properties": { "road_key": "61000000ST015.8", "road_name": "ทางหลวงชนบท อน 4003 (สายแยก ทล.3013-บ้านประดู่ยืน) ช่วงที่ 8", "road_no": "4003", "aumpher": "อำเภอทัพทัน", "office": "สาขาเมือง", "branch_code": "61000000", "name_short": "อน.", "price_new": 800, "price_old": 800, "width_m": 12, "pt_i": 9 }, "geometry": { "type": "Point", "coordinates": [ 99.72563668260274, 15.426255902118861 ] } },
{ "type": "Feature", "properties": { "road_key": "61000000ST015.8", "road_name": "ทางหลวงชนบท อน 4003 (สายแยก ทล.3013-บ้านประดู่ยืน) ช่วงที่ 8", "road_no": "4003", "aumpher": "อำเภอทัพทัน", "office": "สาขาเมือง", "branch_code": "61000000", "name_short": "อน.", "price_new": 800, "price_old": 800, "width_m": 12, "pt_i": 10 }, "geometry": { "type": "Point", "coordinates": [ 99.725006229744011, 15.427151761526055 ] } },
{ "type": "Feature", "properties": { "road_key": "61000000ST015.8", "road_name": "ทางหลวงชนบท อน 4003 (สายแยก ทล.3013-บ้านประดู่ยืน) ช่วงที่ 8", "road_no": "4003", "aumpher": "อำเภอทัพทัน", "office": "สาขาเมือง", "branch_code": "61000000", "name_short": "อน.", "price_new": 800, "price_old": 800, "width_m": 12, "pt_i": 11 }, "geometry": { "type": "Point", "coordinates": [ 99.724192004944101, 15.427863437904909 ] } },
{ "type": "Feature", "properties": { "road_key": "61000000ST015.8", "road_name": "ทางหลวงชนบท อน 4003 (สายแยก ทล.3013-บ้านประดู่ยืน) ช่วงที่ 8", "road_no": "4003", "aumpher": "อำเภอทัพทัน", "office": "สาขาเมือง", "branch_code": "61000000", "name_short": "อน.", "price_new": 800, "price_old": 800, "width_m": 12, "pt_i": 12 }, "geometry": { "type": "Point", "coordinates": [ 99.723183144257732, 15.428331619668274 ] } },
{ "type": "Feature", "properties": { "road_key": "61000000ST015.8", "road_name": "ทางหลวงชนบท อน 4003 (สายแยก ทล.3013-บ้านประดู่ยืน) ช่วงที่ 8", "road_no": "4003", "aumpher": "อำเภอทัพทัน", "office": "สาขาเมือง", "branch_code": "61000000", "name_short": "อน.", "price_new": 800, "price_old": 800, "width_m": 12, "pt_i": 13 }, "geometry": { "type": "Point", "coordinates": [ 99.722174278887167, 15.428799797021947 ] } },
{ "type": "Feature", "properties": { "road_key": "61000000ST015.9", "road_name": "ทางหลวงชนบท อน 4003 (สายแยก ทล.3013-บ้านประดู่ยืน) ช่วงที่ 9", "road_no": "4003", "aumpher": "อำเภอทัพทัน", "office": "สาขาเมือง", "branch_code": "61000000", "name_short": "อน.", "price_new": 800, "price_old": 800, "width_m": 12, "pt_i": 0 }, "geometry": { "type": "Point", "coordinates": [ 99.722048445268811, 15.42886205462298 ] } },
{ "type": "Feature", "properties": { "road_key": "61000000ST015.9", "road_name": "ทางหลวงชนบท อน 4003 (สายแยก ทล.3013-บ้านประดู่ยืน) ช่วงที่ 9", "road_no": "4003", "aumpher": "อำเภอทัพทัน", "office": "สาขาเมือง", "branch_code": "61000000", "name_short": "อน.", "price_new": 800, "price_old": 800, "width_m": 12, "pt_i": 1 }, "geometry": { "type": "Point", "coordinates": [ 99.721055306888672, 15.429360873316345 ] } },
{ "type": "Feature", "properties": { "road_key": "61000000ST015.9", "road_name": "ทางหลวงชนบท อน 4003 (สายแยก ทล.3013-บ้านประดู่ยืน) ช่วงที่ 9", "road_no": "4003", "aumpher": "อำเภอทัพทัน", "office": "สาขาเมือง", "branch_code": "61000000", "name_short": "อน.", "price_new": 800, "price_old": 800, "width_m": 12, "pt_i": 2 }, "geometry": { "type": "Point", "coordinates": [ 99.720062163616561, 15.429859687747783 ] } },
{ "type": "Feature", "properties": { "road_key": "61000000ST015.9", "road_name": "ทางหลวงชนบท อน 4003 (สายแยก ทล.3013-บ้านประดู่ยืน) ช่วงที่ 9", "road_no": "4003", "aumpher": "อำเภอทัพทัน", "office": "สาขาเมือง", "branch_code": "61000000", "name_short": "อน.", "price_new": 800, "price_old": 800, "width_m": 12, "pt_i": 3 }, "geometry": { "type": "Point", "coordinates": [ 99.719068043642608, 15.430356653079039 ] } },
{ "type": "Feature", "properties": { "road_key": "61000000ST015.9", "road_name": "ทางหลวงชนบท อน 4003 (สายแยก ทล.3013-บ้านประดู่ยืน) ช่วงที่ 9", "road_no": "4003", "aumpher": "อำเภอทัพทัน", "office": "สาขาเมือง", "branch_code": "61000000", "name_short": "อน.", "price_new": 800, "price_old": 800, "width_m": 12, "pt_i": 4 }, "geometry": { "type": "Point", "coordinates": [ 99.718069400645149, 15.430845037033716 ] } },
{ "type": "Feature", "properties": { "road_key": "61000000ST015.9", "road_name": "ทางหลวงชนบท อน 4003 (สายแยก ทล.3013-บ้านประดู่ยืน) ช่วงที่ 9", "road_no": "4003", "aumpher": "อำเภอทัพทัน", "office": "สาขาเมือง", "branch_code": "61000000", "name_short": "อน.", "price_new": 800, "price_old": 800, "width_m": 12, "pt_i": 5 }, "geometry": { "type": "Point", "coordinates": [ 99.717019380314355, 15.431214764992838 ] } },
{ "type": "Feature", "properties": { "road_key": "61000000ST015.9", "road_name": "ทางหลวงชนบท อน 4003 (สายแยก ทล.3013-บ้านประดู่ยืน) ช่วงที่ 9", "road_no": "4003", "aumpher": "อำเภอทัพทัน", "office": "สาขาเมือง", "branch_code": "61000000", "name_short": "อน.", "price_new": 800, "price_old": 800, "width_m": 12, "pt_i": 6 }, "geometry": { "type": "Point", "coordinates": [ 99.715951065742942, 15.431535711351252 ] } },
{ "type": "Feature", "properties": { "road_key": "61000000ST015.9", "road_name": "ทางหลวงชนบท อน 4003 (สายแยก ทล.3013-บ้านประดู่ยืน) ช่วงที่ 9", "road_no": "4003", "aumpher": "อำเภอทัพทัน", "office": "สาขาเมือง", "branch_code": "61000000", "name_short": "อน.", "price_new": 800, "price_old": 800, "width_m": 12, "pt_i": 7 }, "geometry": { "type": "Point", "coordinates": [ 99.714882466270453, 15.431855811802338 ] } },
{ "type": "Feature", "properties": { "road_key": "61000000ST015.9", "road_name": "ทางหลวงชนบท อน 4003 (สายแยก ทล.3013-บ้านประดู่ยืน) ช่วงที่ 9", "road_no": "4003", "aumpher": "อำเภอทัพทัน", "office": "สาขาเมือง", "branch_code": "61000000", "name_short": "อน.", "price_new": 800, "price_old": 800, "width_m": 12, "pt_i": 8 }, "geometry": { "type": "Point", "coordinates": [ 99.713813863311657, 15.432175907238777 ] } },
{ "type": "Feature", "properties": { "road_key": "61000000ST015.9", "road_name": "ทางหลวงชนบท อน 4003 (สายแยก ทล.3013-บ้านประดู่ยืน) ช่วงที่ 9", "road_no": "4003", "aumpher": "อำเภอทัพทัน", "office": "สาขาเมือง", "branch_code": "61000000", "name_short": "อน.", "price_new": 800, "price_old": 800, "width_m": 12, "pt_i": 9 }, "geometry": { "type": "Point", "coordinates": [ 99.712740809959271, 15.432481620169314 ] } },
{ "type": "Feature", "properties": { "road_key": "61000000ST015.9", "road_name": "ทางหลวงชนบท อน 4003 (สายแยก ทล.3013-บ้านประดู่ยืน) ช่วงที่ 9", "road_no": "4003", "aumpher": "อำเภอทัพทัน", "office": "สาขาเมือง", "branch_code": "61000000", "name_short": "อน.", "price_new": 800, "price_old": 800, "width_m": 12, "pt_i": 10 }, "geometry": { "type": "Point", "coordinates": [ 99.711642844053785, 15.432683532484081 ] } },
{ "type": "Feature", "properties": { "road_key": "61000000ST015.9", "road_name": "ทางหลวงชนบท อน 4003 (สายแยก ทล.3013-บ้านประดู่ยืน) ช่วงที่ 9", "road_no": "4003", "aumpher": "อำเภอทัพทัน", "office": "สาขาเมือง", "branch_code": "61000000", "name_short": "อน.", "price_new": 800, "price_old": 800, "width_m": 12, "pt_i": 11 }, "geometry": { "type": "Point", "coordinates": [ 99.710543961795707, 15.43288450663958 ] } },
{ "type": "Feature", "properties": { "road_key": "61000000ST015.9", "road_name": "ทางหลวงชนบท อน 4003 (สายแยก ทล.3013-บ้านประดู่ยืน) ช่วงที่ 9", "road_no": "4003", "aumpher": "อำเภอทัพทัน", "office": "สาขาเมือง", "branch_code": "61000000", "name_short": "อน.", "price_new": 800, "price_old": 800, "width_m": 12, "pt_i": 12 }, "geometry": { "type": "Point", "coordinates": [ 99.709448915437363, 15.433105057535796 ] } },
{ "type": "Feature", "properties": { "road_key": "61000000ST015.9", "road_name": "ทางหลวงชนบท อน 4003 (สายแยก ทล.3013-บ้านประดู่ยืน) ช่วงที่ 9", "road_no": "4003", "aumpher": "อำเภอทัพทัน", "office": "สาขาเมือง", "branch_code": "61000000", "name_short": "อน.", "price_new": 800, "price_old": 800, "width_m": 12, "pt_i": 13 }, "geometry": { "type": "Point", "coordinates": [ 99.708352356133133, 15.433318419691709 ] } },
{ "type": "Feature", "properties": { "road_key": "61000000ST015.9", "road_name": "ทางหลวงชนบท อน 4003 (สายแยก ทล.3013-บ้านประดู่ยืน) ช่วงที่ 9", "road_no": "4003", "aumpher": "อำเภอทัพทัน", "office": "สาขาเมือง", "branch_code": "61000000", "name_short": "อน.", "price_new": 800, "price_old": 800, "width_m": 12, "pt_i": 14 }, "geometry": { "type": "Point", "coordinates": [ 99.707264977662277, 15.43357142315898 ] } },
{ "type": "Feature", "properties": { "road_key": "61000000ST015.9", "road_name": "ทางหลวงชนบท อน 4003 (สายแยก ทล.3013-บ้านประดู่ยืน) ช่วงที่ 9", "road_no": "4003", "aumpher": "อำเภอทัพทัน", "office": "สาขาเมือง", "branch_code": "61000000", "name_short": "อน.", "price_new": 800, "price_old": 800, "width_m": 12, "pt_i": 15 }, "geometry": { "type": "Point", "coordinates": [ 99.706185232247023, 15.43385256121236 ] } },
{ "type": "Feature", "properties": { "road_key": "61000000ST015.9", "road_name": "ทางหลวงชนบท อน 4003 (สายแยก ทล.3013-บ้านประดู่ยืน) ช่วงที่ 9", "road_no": "4003", "aumpher": "อำเภอทัพทัน", "office": "สาขาเมือง", "branch_code": "61000000", "name_short": "อน.", "price_new": 800, "price_old": 800, "width_m": 12, "pt_i": 16 }, "geometry": { "type": "Point", "coordinates": [ 99.705156638076119, 15.434265610485809 ] } },
{ "type": "Feature", "properties": { "road_key": "61000000ST015.9", "road_name": "ทางหลวงชนบท อน 4003 (สายแยก ทล.3013-บ้านประดู่ยืน) ช่วงที่ 9", "road_no": "4003", "aumpher": "อำเภอทัพทัน", "office": "สาขาเมือง", "branch_code": "61000000", "name_short": "อน.", "price_new": 800, "price_old": 800, "width_m": 12, "pt_i": 17 }, "geometry": { "type": "Point", "coordinates": [ 99.704193080013539, 15.434816091155458 ] } },
{ "type": "Feature", "properties": { "road_key": "61000000ST017.1", "road_name": "ทางหลวงชนบท อน 4018 (สายแยก ทล. 3220-บ้านทัพทัน) ช่วงที่ 1", "road_no": "4018", "aumpher": "อำเภอทัพทัน", "office": "สาขาเมือง", "branch_code": "61000000", "name_short": "อน.", "price_new": 2000, "price_old": 2000, "width_m": 6, "pt_i": 0 }, "geometry": { "type": "Point", "coordinates": [ 99.895686759588912, 15.461051210885337 ] } },
{ "type": "Feature", "properties": { "road_key": "61000000ST017.1", "road_name": "ทางหลวงชนบท อน 4018 (สายแยก ทล. 3220-บ้านทัพทัน) ช่วงที่ 1", "road_no": "4018", "aumpher": "อำเภอทัพทัน", "office": "สาขาเมือง", "branch_code": "61000000", "name_short": "อน.", "price_new": 2000, "price_old": 2000, "width_m": 6, "pt_i": 1 }, "geometry": { "type": "Point", "coordinates": [ 99.894605434061205, 15.461325173826491 ] } },
{ "type": "Feature", "properties": { "road_key": "61000000ST017.1", "road_name": "ทางหลวงชนบท อน 4018 (สายแยก ทล. 3220-บ้านทัพทัน) ช่วงที่ 1", "road_no": "4018", "aumpher": "อำเภอทัพทัน", "office": "สาขาเมือง", "branch_code": "61000000", "name_short": "อน.", "price_new": 2000, "price_old": 2000, "width_m": 6, "pt_i": 2 }, "geometry": { "type": "Point", "coordinates": [ 99.893519879223874, 15.461559080103703 ] } },
{ "type": "Feature", "properties": { "road_key": "61000000ST017.1", "road_name": "ทางหลวงชนบท อน 4018 (สายแยก ทล. 3220-บ้านทัพทัน) ช่วงที่ 1", "road_no": "4018", "aumpher": "อำเภอทัพทัน", "office": "สาขาเมือง", "branch_code": "61000000", "name_short": "อน.", "price_new": 2000, "price_old": 2000, "width_m": 6, "pt_i": 3 }, "geometry": { "type": "Point", "coordinates": [ 99.892405426663217, 15.461481313427429 ] } },
{ "type": "Feature", "properties": { "road_key": "61000000ST017.2", "road_name": "ทางหลวงชนบท อน 4018 (สายแยก ทล. 3220-บ้านทัพทัน) ช่วงที่ 2", "road_no": "4018", "aumpher": "อำเภอทัพทัน", "office": "สาขาเมือง", "branch_code": "61000000", "name_short": "อน.", "price_new": 2000, "price_old": 2000, "width_m": 6, "pt_i": 0 }, "geometry": { "type": "Point", "coordinates": [ 99.910384397948093, 15.463496118202331 ] } },
{ "type": "Feature", "properties": { "road_key": "61000000ST017.2", "road_name": "ทางหลวงชนบท อน 4018 (สายแยก ทล. 3220-บ้านทัพทัน) ช่วงที่ 2", "road_no": "4018", "aumpher": "อำเภอทัพทัน", "office": "สาขาเมือง", "branch_code": "61000000", "name_short": "อน.", "price_new": 2000, "price_old": 2000, "width_m": 6, "pt_i": 1 }, "geometry": { "type": "Point", "coordinates": [ 99.909287334467905, 15.463284685719222 ] } },
{ "type": "Feature", "properties": { "road_key": "61000000ST017.2", "road_name": "ทางหลวงชนบท อน 4018 (สายแยก ทล. 3220-บ้านทัพทัน) ช่วงที่ 2", "road_no": "4018", "aumpher": "อำเภอทัพทัน", "office": "สาขาเมือง", "branch_code": "61000000", "name_short": "อน.", "price_new": 2000, "price_old": 2000, "width_m": 6, "pt_i": 2 }, "geometry": { "type": "Point", "coordinates": [ 99.908188124897407, 15.463084259631293 ] } },
{ "type": "Feature", "properties": { "road_key": "61000000ST017.2", "road_name": "ทางหลวงชนบท อน 4018 (สายแยก ทล. 3220-บ้านทัพทัน) ช่วงที่ 2", "road_no": "4018", "aumpher": "อำเภอทัพทัน", "office": "สาขาเมือง", "branch_code": "61000000", "name_short": "อน.", "price_new": 2000, "price_old": 2000, "width_m": 6, "pt_i": 3 }, "geometry": { "type": "Point", "coordinates": [ 99.907087238146076, 15.462892435208891 ] } },
{ "type": "Feature", "properties": { "road_key": "61000000ST017.2", "road_name": "ทางหลวงชนบท อน 4018 (สายแยก ทล. 3220-บ้านทัพทัน) ช่วงที่ 2", "road_no": "4018", "aumpher": "อำเภอทัพทัน", "office": "สาขาเมือง", "branch_code": "61000000", "name_short": "อน.", "price_new": 2000, "price_old": 2000, "width_m": 6, "pt_i": 4 }, "geometry": { "type": "Point", "coordinates": [ 99.905986353118791, 15.462700605203352 ] } },
{ "type": "Feature", "properties": { "road_key": "61000000ST017.2", "road_name": "ทางหลวงชนบท อน 4018 (สายแยก ทล. 3220-บ้านทัพทัน) ช่วงที่ 2", "road_no": "4018", "aumpher": "อำเภอทัพทัน", "office": "สาขาเมือง", "branch_code": "61000000", "name_short": "อน.", "price_new": 2000, "price_old": 2000, "width_m": 6, "pt_i": 5 }, "geometry": { "type": "Point", "coordinates": [ 99.90488406498622, 15.462516882108655 ] } },
{ "type": "Feature", "properties": { "road_key": "61000000ST017.2", "road_name": "ทางหลวงชนบท อน 4018 (สายแยก ทล. 3220-บ้านทัพทัน) ช่วงที่ 2", "road_no": "4018", "aumpher": "อำเภอทัพทัน", "office": "สาขาเมือง", "branch_code": "61000000", "name_short": "อน.", "price_new": 2000, "price_old": 2000, "width_m": 6, "pt_i": 6 }, "geometry": { "type": "Point", "coordinates": [ 99.903778963915457, 15.462349406311295 ] } },
{ "type": "Feature", "properties": { "road_key": "61000000ST017.2", "road_name": "ทางหลวงชนบท อน 4018 (สายแยก ทล. 3220-บ้านทัพทัน) ช่วงที่ 2", "road_no": "4018", "aumpher": "อำเภอทัพทัน", "office": "สาขาเมือง", "branch_code": "61000000", "name_short": "อน.", "price_new": 2000, "price_old": 2000, "width_m": 6, "pt_i": 7 }, "geometry": { "type": "Point", "coordinates": [ 99.902673864314465, 15.462181924903641 ] } },
{ "type": "Feature", "properties": { "road_key": "61000000ST017.2", "road_name": "ทางหลวงชนบท อน 4018 (สายแยก ทล. 3220-บ้านทัพทัน) ช่วงที่ 2", "road_no": "4018", "aumpher": "อำเภอทัพทัน", "office": "สาขาเมือง", "branch_code": "61000000", "name_short": "อน.", "price_new": 2000, "price_old": 2000, "width_m": 6, "pt_i": 8 }, "geometry": { "type": "Point", "coordinates": [ 99.901568766183658, 15.462014437885882 ] } },
{ "type": "Feature", "properties": { "road_key": "61000000ST017.2", "road_name": "ทางหลวงชนบท อน 4018 (สายแยก ทล. 3220-บ้านทัพทัน) ช่วงที่ 2", "road_no": "4018", "aumpher": "อำเภอทัพทัน", "office": "สาขาเมือง", "branch_code": "61000000", "name_short": "อน.", "price_new": 2000, "price_old": 2000, "width_m": 6, "pt_i": 9 }, "geometry": { "type": "Point", "coordinates": [ 99.900463664065683, 15.461846979190378 ] } },
{ "type": "Feature", "properties": { "road_key": "61000000ST017.2", "road_name": "ทางหลวงชนบท อน 4018 (สายแยก ทล. 3220-บ้านทัพทัน) ช่วงที่ 2", "road_no": "4018", "aumpher": "อำเภอทัพทัน", "office": "สาขาเมือง", "branch_code": "61000000", "name_short": "อน.", "price_new": 2000, "price_old": 2000, "width_m": 6, "pt_i": 10 }, "geometry": { "type": "Point", "coordinates": [ 99.899358472327776, 15.46168008119737 ] } },
{ "type": "Feature", "properties": { "road_key": "61000000ST017.2", "road_name": "ทางหลวงชนบท อน 4018 (สายแยก ทล. 3220-บ้านทัพทัน) ช่วงที่ 2", "road_no": "4018", "aumpher": "อำเภอทัพทัน", "office": "สาขาเมือง", "branch_code": "61000000", "name_short": "อน.", "price_new": 2000, "price_old": 2000, "width_m": 6, "pt_i": 11 }, "geometry": { "type": "Point", "coordinates": [ 99.898253282054966, 15.461513177594195 ] } },
{ "type": "Feature", "properties": { "road_key": "61000000ST017.2", "road_name": "ทางหลวงชนบท อน 4018 (สายแยก ทล. 3220-บ้านทัพทัน) ช่วงที่ 2", "road_no": "4018", "aumpher": "อำเภอทัพทัน", "office": "สาขาเมือง", "branch_code": "61000000", "name_short": "อน.", "price_new": 2000, "price_old": 2000, "width_m": 6, "pt_i": 12 }, "geometry": { "type": "Point", "coordinates": [ 99.897148093247665, 15.461346268381025 ] } },
{ "type": "Feature", "properties": { "road_key": "61000000ST017.2", "road_name": "ทางหลวงชนบท อน 4018 (สายแยก ทล. 3220-บ้านทัพทัน) ช่วงที่ 2", "road_no": "4018", "aumpher": "อำเภอทัพทัน", "office": "สาขาเมือง", "branch_code": "61000000", "name_short": "อน.", "price_new": 2000, "price_old": 2000, "width_m": 6, "pt_i": 13 }, "geometry": { "type": "Point", "coordinates": [ 99.896047481312067, 15.461161502426876 ] } },
{ "type": "Feature", "properties": { "road_key": "61000000ST020.1", "road_name": "ทางหลวงชนบท อน 4030 (สายแยก ทล. 3013-บ้านคอดยาง) ช่วงที่ 1", "road_no": "4030", "aumpher": "อำเภอทัพทัน", "office": "สาขาเมือง", "branch_code": "61000000", "name_short": "อน.", "price_new": 500, "price_old": 350, "width_m": 6, "pt_i": 0 }, "geometry": { "type": "Point", "coordinates": [ 99.888840525459727, 15.464324127175036 ] } },
{ "type": "Feature", "properties": { "road_key": "61000000ST020.1", "road_name": "ทางหลวงชนบท อน 4030 (สายแยก ทล. 3013-บ้านคอดยาง) ช่วงที่ 1", "road_no": "4030", "aumpher": "อำเภอทัพทัน", "office": "สาขาเมือง", "branch_code": "61000000", "name_short": "อน.", "price_new": 500, "price_old": 350, "width_m": 6, "pt_i": 1 }, "geometry": { "type": "Point", "coordinates": [ 99.887729430507349, 15.464448911539789 ] } },
{ "type": "Feature", "properties": { "road_key": "61000000ST020.1", "road_name": "ทางหลวงชนบท อน 4030 (สายแยก ทล. 3013-บ้านคอดยาง) ช่วงที่ 1", "road_no": "4030", "aumpher": "อำเภอทัพทัน", "office": "สาขาเมือง", "branch_code": "61000000", "name_short": "อน.", "price_new": 500, "price_old": 350, "width_m": 6, "pt_i": 2 }, "geometry": { "type": "Point", "coordinates": [ 99.886622033758243, 15.464601568590036 ] } },
{ "type": "Feature", "properties": { "road_key": "61000000ST020.1", "road_name": "ทางหลวงชนบท อน 4030 (สายแยก ทล. 3013-บ้านคอดยาง) ช่วงที่ 1", "road_no": "4030", "aumpher": "อำเภอทัพทัน", "office": "สาขาเมือง", "branch_code": "61000000", "name_short": "อน.", "price_new": 500, "price_old": 350, "width_m": 6, "pt_i": 3 }, "geometry": { "type": "Point", "coordinates": [ 99.885512306715739, 15.464735425701402 ] } },
{ "type": "Feature", "properties": { "road_key": "61000000ST020.1", "road_name": "ทางหลวงชนบท อน 4030 (สายแยก ทล. 3013-บ้านคอดยาง) ช่วงที่ 1", "road_no": "4030", "aumpher": "อำเภอทัพทัน", "office": "สาขาเมือง", "branch_code": "61000000", "name_short": "อน.", "price_new": 500, "price_old": 350, "width_m": 6, "pt_i": 4 }, "geometry": { "type": "Point", "coordinates": [ 99.884410972620728, 15.464573820636355 ] } },
{ "type": "Feature", "properties": { "road_key": "61000000ST020.2", "road_name": "ทางหลวงชนบท อน 4030 (สายแยก ทล. 3013-บ้านคอดยาง) ช่วงที่ 2", "road_no": "4030", "aumpher": "อำเภอทัพทัน", "office": "สาขาเมือง", "branch_code": "61000000", "name_short": "อน.", "price_new": 500, "price_old": 350, "width_m": 6, "pt_i": 0 }, "geometry": { "type": "Point", "coordinates": [ 99.883446432266581, 15.464416841259412 ] } },
{ "type": "Feature", "properties": { "road_key": "61000000ST020.2", "road_name": "ทางหลวงชนบท อน 4030 (สายแยก ทล. 3013-บ้านคอดยาง) ช่วงที่ 2", "road_no": "4030", "aumpher": "อำเภอทัพทัน", "office": "สาขาเมือง", "branch_code": "61000000", "name_short": "อน.", "price_new": 500, "price_old": 350, "width_m": 6, "pt_i": 1 }, "geometry": { "type": "Point", "coordinates": [ 99.882328120091628, 15.464418466962114 ] } },
{ "type": "Feature", "properties": { "road_key": "61000000ST020.2", "road_name": "ทางหลวงชนบท อน 4030 (สายแยก ทล. 3013-บ้านคอดยาง) ช่วงที่ 2", "road_no": "4030", "aumpher": "อำเภอทัพทัน", "office": "สาขาเมือง", "branch_code": "61000000", "name_short": "อน.", "price_new": 500, "price_old": 350, "width_m": 6, "pt_i": 2 }, "geometry": { "type": "Point", "coordinates": [ 99.881209665676138, 15.46443096821271 ] } },
{ "type": "Feature", "properties": { "road_key": "61000000ST020.2", "road_name": "ทางหลวงชนบท อน 4030 (สายแยก ทล. 3013-บ้านคอดยาง) ช่วงที่ 2", "road_no": "4030", "aumpher": "อำเภอทัพทัน", "office": "สาขาเมือง", "branch_code": "61000000", "name_short": "อน.", "price_new": 500, "price_old": 350, "width_m": 6, "pt_i": 3 }, "geometry": { "type": "Point", "coordinates": [ 99.880091709726273, 15.464454752467232 ] } },
{ "type": "Feature", "properties": { "road_key": "61000000ST020.2", "road_name": "ทางหลวงชนบท อน 4030 (สายแยก ทล. 3013-บ้านคอดยาง) ช่วงที่ 2", "road_no": "4030", "aumpher": "อำเภอทัพทัน", "office": "สาขาเมือง", "branch_code": "61000000", "name_short": "อน.", "price_new": 500, "price_old": 350, "width_m": 6, "pt_i": 4 }, "geometry": { "type": "Point", "coordinates": [ 99.878983673514242, 15.464596097880232 ] } },
{ "type": "Feature", "properties": { "road_key": "61000000ST020.2", "road_name": "ทางหลวงชนบท อน 4030 (สายแยก ทล. 3013-บ้านคอดยาง) ช่วงที่ 2", "road_no": "4030", "aumpher": "อำเภอทัพทัน", "office": "สาขาเมือง", "branch_code": "61000000", "name_short": "อน.", "price_new": 500, "price_old": 350, "width_m": 6, "pt_i": 5 }, "geometry": { "type": "Point", "coordinates": [ 99.87787723696411, 15.464755190298551 ] } },
{ "type": "Feature", "properties": { "road_key": "61000000ST020.2", "road_name": "ทางหลวงชนบท อน 4030 (สายแยก ทล. 3013-บ้านคอดยาง) ช่วงที่ 2", "road_no": "4030", "aumpher": "อำเภอทัพทัน", "office": "สาขาเมือง", "branch_code": "61000000", "name_short": "อน.", "price_new": 500, "price_old": 350, "width_m": 6, "pt_i": 6 }, "geometry": { "type": "Point", "coordinates": [ 99.876770798424971, 15.464914277276026 ] } },
{ "type": "Feature", "properties": { "road_key": "61000000ST020.2", "road_name": "ทางหลวงชนบท อน 4030 (สายแยก ทล. 3013-บ้านคอดยาง) ช่วงที่ 2", "road_no": "4030", "aumpher": "อำเภอทัพทัน", "office": "สาขาเมือง", "branch_code": "61000000", "name_short": "อน.", "price_new": 500, "price_old": 350, "width_m": 6, "pt_i": 7 }, "geometry": { "type": "Point", "coordinates": [ 99.87566435789725, 15.465073358812496 ] } },
{ "type": "Feature", "properties": { "road_key": "61000000ST020.2", "road_name": "ทางหลวงชนบท อน 4030 (สายแยก ทล. 3013-บ้านคอดยาง) ช่วงที่ 2", "road_no": "4030", "aumpher": "อำเภอทัพทัน", "office": "สาขาเมือง", "branch_code": "61000000", "name_short": "อน.", "price_new": 500, "price_old": 350, "width_m": 6, "pt_i": 8 }, "geometry": { "type": "Point", "coordinates": [ 99.874557981454856, 15.465232861947751 ] } },
{ "type": "Feature", "properties": { "road_key": "61000000ST020.2", "road_name": "ทางหลวงชนบท อน 4030 (สายแยก ทล. 3013-บ้านคอดยาง) ช่วงที่ 2", "road_no": "4030", "aumpher": "อำเภอทัพทัน", "office": "สาขาเมือง", "branch_code": "61000000", "name_short": "อน.", "price_new": 500, "price_old": 350, "width_m": 6, "pt_i": 9 }, "geometry": { "type": "Point", "coordinates": [ 99.873452125587065, 15.465395737161048 ] } },
{ "type": "Feature", "properties": { "road_key": "61000000ST020.2", "road_name": "ทางหลวงชนบท อน 4030 (สายแยก ทล. 3013-บ้านคอดยาง) ช่วงที่ 2", "road_no": "4030", "aumpher": "อำเภอทัพทัน", "office": "สาขาเมือง", "branch_code": "61000000", "name_short": "อน.", "price_new": 500, "price_old": 350, "width_m": 6, "pt_i": 10 }, "geometry": { "type": "Point", "coordinates": [ 99.872346267693104, 15.465558606940601 ] } },
{ "type": "Feature", "properties": { "road_key": "61000000ST020.2", "road_name": "ทางหลวงชนบท อน 4030 (สายแยก ทล. 3013-บ้านคอดยาง) ช่วงที่ 2", "road_no": "4030", "aumpher": "อำเภอทัพทัน", "office": "สาขาเมือง", "branch_code": "61000000", "name_short": "อน.", "price_new": 500, "price_old": 350, "width_m": 6, "pt_i": 11 }, "geometry": { "type": "Point", "coordinates": [ 99.871241500326363, 15.465728159692684 ] } },
{ "type": "Feature", "properties": { "road_key": "61000000ST020.2", "road_name": "ทางหลวงชนบท อน 4030 (สายแยก ทล. 3013-บ้านคอดยาง) ช่วงที่ 2", "road_no": "4030", "aumpher": "อำเภอทัพทัน", "office": "สาขาเมือง", "branch_code": "61000000", "name_short": "อน.", "price_new": 500, "price_old": 350, "width_m": 6, "pt_i": 12 }, "geometry": { "type": "Point", "coordinates": [ 99.870136126242102, 15.465891111060225 ] } },
{ "type": "Feature", "properties": { "road_key": "61000000ST020.2", "road_name": "ทางหลวงชนบท อน 4030 (สายแยก ทล. 3013-บ้านคอดยาง) ช่วงที่ 2", "road_no": "4030", "aumpher": "อำเภอทัพทัน", "office": "สาขาเมือง", "branch_code": "61000000", "name_short": "อน.", "price_new": 500, "price_old": 350, "width_m": 6, "pt_i": 13 }, "geometry": { "type": "Point", "coordinates": [ 99.869020839380212, 15.465972727270662 ] } },
{ "type": "Feature", "properties": { "road_key": "61000000ST020.2", "road_name": "ทางหลวงชนบท อน 4030 (สายแยก ทล. 3013-บ้านคอดยาง) ช่วงที่ 2", "road_no": "4030", "aumpher": "อำเภอทัพทัน", "office": "สาขาเมือง", "branch_code": "61000000", "name_short": "อน.", "price_new": 500, "price_old": 350, "width_m": 6, "pt_i": 14 }, "geometry": { "type": "Point", "coordinates": [ 99.867904030139258, 15.466032527888684 ] } },
{ "type": "Feature", "properties": { "road_key": "61000000ST020.2", "road_name": "ทางหลวงชนบท อน 4030 (สายแยก ทล. 3013-บ้านคอดยาง) ช่วงที่ 2", "road_no": "4030", "aumpher": "อำเภอทัพทัน", "office": "สาขาเมือง", "branch_code": "61000000", "name_short": "อน.", "price_new": 500, "price_old": 350, "width_m": 6, "pt_i": 15 }, "geometry": { "type": "Point", "coordinates": [ 99.866842839667385, 15.466347042974457 ] } },
{ "type": "Feature", "properties": { "road_key": "61000000ST020.2", "road_name": "ทางหลวงชนบท อน 4030 (สายแยก ทล. 3013-บ้านคอดยาง) ช่วงที่ 2", "road_no": "4030", "aumpher": "อำเภอทัพทัน", "office": "สาขาเมือง", "branch_code": "61000000", "name_short": "อน.", "price_new": 500, "price_old": 350, "width_m": 6, "pt_i": 16 }, "geometry": { "type": "Point", "coordinates": [ 99.865820110833226, 15.46678632689572 ] } },
{ "type": "Feature", "properties": { "road_key": "61000000ST020.2", "road_name": "ทางหลวงชนบท อน 4030 (สายแยก ทล. 3013-บ้านคอดยาง) ช่วงที่ 2", "road_no": "4030", "aumpher": "อำเภอทัพทัน", "office": "สาขาเมือง", "branch_code": "61000000", "name_short": "อน.", "price_new": 500, "price_old": 350, "width_m": 6, "pt_i": 17 }, "geometry": { "type": "Point", "coordinates": [ 99.864810499290996, 15.467251645455079 ] } },
{ "type": "Feature", "properties": { "road_key": "61000000ST020.2", "road_name": "ทางหลวงชนบท อน 4030 (สายแยก ทล. 3013-บ้านคอดยาง) ช่วงที่ 2", "road_no": "4030", "aumpher": "อำเภอทัพทัน", "office": "สาขาเมือง", "branch_code": "61000000", "name_short": "อน.", "price_new": 500, "price_old": 350, "width_m": 6, "pt_i": 18 }, "geometry": { "type": "Point", "coordinates": [ 99.863836982095791, 15.467784699749133 ] } },
{ "type": "Feature", "properties": { "road_key": "61000000ST020.2", "road_name": "ทางหลวงชนบท อน 4030 (สายแยก ทล. 3013-บ้านคอดยาง) ช่วงที่ 2", "road_no": "4030", "aumpher": "อำเภอทัพทัน", "office": "สาขาเมือง", "branch_code": "61000000", "name_short": "อน.", "price_new": 500, "price_old": 350, "width_m": 6, "pt_i": 19 }, "geometry": { "type": "Point", "coordinates": [ 99.862890536836218, 15.468362860237773 ] } },
{ "type": "Feature", "properties": { "road_key": "61000000ST020.2", "road_name": "ทางหลวงชนบท อน 4030 (สายแยก ทล. 3013-บ้านคอดยาง) ช่วงที่ 2", "road_no": "4030", "aumpher": "อำเภอทัพทัน", "office": "สาขาเมือง", "branch_code": "61000000", "name_short": "อน.", "price_new": 500, "price_old": 350, "width_m": 6, "pt_i": 20 }, "geometry": { "type": "Point", "coordinates": [ 99.861944086189879, 15.468941016920834 ] } },
{ "type": "Feature", "properties": { "road_key": "61000000ST020.2", "road_name": "ทางหลวงชนบท อน 4030 (สายแยก ทล. 3013-บ้านคอดยาง) ช่วงที่ 2", "road_no": "4030", "aumpher": "อำเภอทัพทัน", "office": "สาขาเมือง", "branch_code": "61000000", "name_short": "อน.", "price_new": 500, "price_old": 350, "width_m": 6, "pt_i": 21 }, "geometry": { "type": "Point", "coordinates": [ 99.860999987441772, 15.469522650927757 ] } },
{ "type": "Feature", "properties": { "road_key": "61000000ST020.2", "road_name": "ทางหลวงชนบท อน 4030 (สายแยก ทล. 3013-บ้านคอดยาง) ช่วงที่ 2", "road_no": "4030", "aumpher": "อำเภอทัพทัน", "office": "สาขาเมือง", "branch_code": "61000000", "name_short": "อน.", "price_new": 500, "price_old": 350, "width_m": 6, "pt_i": 22 }, "geometry": { "type": "Point", "coordinates": [ 99.8600768363074, 15.470135223790349 ] } },
{ "type": "Feature", "properties": { "road_key": "61000000ST020.2", "road_name": "ทางหลวงชนบท อน 4030 (สายแยก ทล. 3013-บ้านคอดยาง) ช่วงที่ 2", "road_no": "4030", "aumpher": "อำเภอทัพทัน", "office": "สาขาเมือง", "branch_code": "61000000", "name_short": "อน.", "price_new": 500, "price_old": 350, "width_m": 6, "pt_i": 23 }, "geometry": { "type": "Point", "coordinates": [ 99.859153679631689, 15.470747793048037 ] } },
{ "type": "Feature", "properties": { "road_key": "61000000ST020.2", "road_name": "ทางหลวงชนบท อน 4030 (สายแยก ทล. 3013-บ้านคอดยาง) ช่วงที่ 2", "road_no": "4030", "aumpher": "อำเภอทัพทัน", "office": "สาขาเมือง", "branch_code": "61000000", "name_short": "อน.", "price_new": 500, "price_old": 350, "width_m": 6, "pt_i": 24 }, "geometry": { "type": "Point", "coordinates": [ 99.858230517414512, 15.471360358700343 ] } },
{ "type": "Feature", "properties": { "road_key": "61000000ST020.2", "road_name": "ทางหลวงชนบท อน 4030 (สายแยก ทล. 3013-บ้านคอดยาง) ช่วงที่ 2", "road_no": "4030", "aumpher": "อำเภอทัพทัน", "office": "สาขาเมือง", "branch_code": "61000000", "name_short": "อน.", "price_new": 500, "price_old": 350, "width_m": 6, "pt_i": 25 }, "geometry": { "type": "Point", "coordinates": [ 99.857296613041939, 15.471957281509175 ] } },
{ "type": "Feature", "properties": { "road_key": "61000000ST020.2", "road_name": "ทางหลวงชนบท อน 4030 (สายแยก ทล. 3013-บ้านคอดยาง) ช่วงที่ 2", "road_no": "4030", "aumpher": "อำเภอทัพทัน", "office": "สาขาเมือง", "branch_code": "61000000", "name_short": "อน.", "price_new": 500, "price_old": 350, "width_m": 6, "pt_i": 26 }, "geometry": { "type": "Point", "coordinates": [ 99.856357746158622, 15.472546980022461 ] } },
{ "type": "Feature", "properties": { "road_key": "61000000ST020.2", "road_name": "ทางหลวงชนบท อน 4030 (สายแยก ทล. 3013-บ้านคอดยาง) ช่วงที่ 2", "road_no": "4030", "aumpher": "อำเภอทัพทัน", "office": "สาขาเมือง", "branch_code": "61000000", "name_short": "อน.", "price_new": 500, "price_old": 350, "width_m": 6, "pt_i": 27 }, "geometry": { "type": "Point", "coordinates": [ 99.855412753440291, 15.473127287676517 ] } },
{ "type": "Feature", "properties": { "road_key": "61000000ST020.2", "road_name": "ทางหลวงชนบท อน 4030 (สายแยก ทล. 3013-บ้านคอดยาง) ช่วงที่ 2", "road_no": "4030", "aumpher": "อำเภอทัพทัน", "office": "สาขาเมือง", "branch_code": "61000000", "name_short": "อน.", "price_new": 500, "price_old": 350, "width_m": 6, "pt_i": 28 }, "geometry": { "type": "Point", "coordinates": [ 99.854460856335677, 15.473697010179016 ] } },
{ "type": "Feature", "properties": { "road_key": "61000000ST020.2", "road_name": "ทางหลวงชนบท อน 4030 (สายแยก ทล. 3013-บ้านคอดยาง) ช่วงที่ 2", "road_no": "4030", "aumpher": "อำเภอทัพทัน", "office": "สาขาเมือง", "branch_code": "61000000", "name_short": "อน.", "price_new": 500, "price_old": 350, "width_m": 6, "pt_i": 29 }, "geometry": { "type": "Point", "coordinates": [ 99.85350895388558, 15.474266728823784 ] } },
{ "type": "Feature", "properties": { "road_key": "61000000ST020.2", "road_name": "ทางหลวงชนบท อน 4030 (สายแยก ทล. 3013-บ้านคอดยาง) ช่วงที่ 2", "road_no": "4030", "aumpher": "อำเภอทัพทัน", "office": "สาขาเมือง", "branch_code": "61000000", "name_short": "อน.", "price_new": 500, "price_old": 350, "width_m": 6, "pt_i": 30 }, "geometry": { "type": "Point", "coordinates": [ 99.852557150868762, 15.47483660822436 ] } },
{ "type": "Feature", "properties": { "road_key": "61000000ST020.3", "road_name": "ทางหลวงชนบท อน 4030 (สายแยก ทล. 3013-บ้านคอดยาง) ช่วงที่ 3", "road_no": "4030", "aumpher": "อำเภอทัพทัน", "office": "สาขาเมือง", "branch_code": "61000000", "name_short": "อน.", "price_new": 400, "price_old": 300, "width_m": 6, "pt_i": 0 }, "geometry": { "type": "Point", "coordinates": [ 99.851861465393398, 15.475253150702176 ] } },
{ "type": "Feature", "properties": { "road_key": "61000000ST020.3", "road_name": "ทางหลวงชนบท อน 4030 (สายแยก ทล. 3013-บ้านคอดยาง) ช่วงที่ 3", "road_no": "4030", "aumpher": "อำเภอทัพทัน", "office": "สาขาเมือง", "branch_code": "61000000", "name_short": "อน.", "price_new": 400, "price_old": 300, "width_m": 6, "pt_i": 1 }, "geometry": { "type": "Point", "coordinates": [ 99.850889084556371, 15.475789252409802 ] } },
{ "type": "Feature", "properties": { "road_key": "61000000ST020.3", "road_name": "ทางหลวงชนบท อน 4030 (สายแยก ทล. 3013-บ้านคอดยาง) ช่วงที่ 3", "road_no": "4030", "aumpher": "อำเภอทัพทัน", "office": "สาขาเมือง", "branch_code": "61000000", "name_short": "อน.", "price_new": 400, "price_old": 300, "width_m": 6, "pt_i": 2 }, "geometry": { "type": "Point", "coordinates": [ 99.849902587672574, 15.476300506185986 ] } },
{ "type": "Feature", "properties": { "road_key": "61000000ST020.3", "road_name": "ทางหลวงชนบท อน 4030 (สายแยก ทล. 3013-บ้านคอดยาง) ช่วงที่ 3", "road_no": "4030", "aumpher": "อำเภอทัพทัน", "office": "สาขาเมือง", "branch_code": "61000000", "name_short": "อน.", "price_new": 400, "price_old": 300, "width_m": 6, "pt_i": 3 }, "geometry": { "type": "Point", "coordinates": [ 99.848913088503295, 15.476806429575459 ] } },
{ "type": "Feature", "properties": { "road_key": "61000000ST020.3", "road_name": "ทางหลวงชนบท อน 4030 (สายแยก ทล. 3013-บ้านคอดยาง) ช่วงที่ 3", "road_no": "4030", "aumpher": "อำเภอทัพทัน", "office": "สาขาเมือง", "branch_code": "61000000", "name_short": "อน.", "price_new": 400, "price_old": 300, "width_m": 6, "pt_i": 4 }, "geometry": { "type": "Point", "coordinates": [ 99.847904865841116, 15.477276279171623 ] } },
{ "type": "Feature", "properties": { "road_key": "61000000ST020.3", "road_name": "ทางหลวงชนบท อน 4030 (สายแยก ทล. 3013-บ้านคอดยาง) ช่วงที่ 3", "road_no": "4030", "aumpher": "อำเภอทัพทัน", "office": "สาขาเมือง", "branch_code": "61000000", "name_short": "อน.", "price_new": 400, "price_old": 300, "width_m": 6, "pt_i": 5 }, "geometry": { "type": "Point", "coordinates": [ 99.846895026514119, 15.47774283744161 ] } },
{ "type": "Feature", "properties": { "road_key": "61000000ST020.3", "road_name": "ทางหลวงชนบท อน 4030 (สายแยก ทล. 3013-บ้านคอดยาง) ช่วงที่ 3", "road_no": "4030", "aumpher": "อำเภอทัพทัน", "office": "สาขาเมือง", "branch_code": "61000000", "name_short": "อน.", "price_new": 400, "price_old": 300, "width_m": 6, "pt_i": 6 }, "geometry": { "type": "Point", "coordinates": [ 99.84587832296404, 15.478195215037037 ] } },
{ "type": "Feature", "properties": { "road_key": "61000000ST020.3", "road_name": "ทางหลวงชนบท อน 4030 (สายแยก ทล. 3013-บ้านคอดยาง) ช่วงที่ 3", "road_no": "4030", "aumpher": "อำเภอทัพทัน", "office": "สาขาเมือง", "branch_code": "61000000", "name_short": "อน.", "price_new": 400, "price_old": 300, "width_m": 6, "pt_i": 7 }, "geometry": { "type": "Point", "coordinates": [ 99.844861614798376, 15.478647588165639 ] } },
{ "type": "Feature", "properties": { "road_key": "61000000ST020.3", "road_name": "ทางหลวงชนบท อน 4030 (สายแยก ทล. 3013-บ้านคอดยาง) ช่วงที่ 3", "road_no": "4030", "aumpher": "อำเภอทัพทัน", "office": "สาขาเมือง", "branch_code": "61000000", "name_short": "อน.", "price_new": 400, "price_old": 300, "width_m": 6, "pt_i": 8 }, "geometry": { "type": "Point", "coordinates": [ 99.843826911625627, 15.479057338949161 ] } },
{ "type": "Feature", "properties": { "road_key": "61000000ST020.3", "road_name": "ทางหลวงชนบท อน 4030 (สายแยก ทล. 3013-บ้านคอดยาง) ช่วงที่ 3", "road_no": "4030", "aumpher": "อำเภอทัพทัน", "office": "สาขาเมือง", "branch_code": "61000000", "name_short": "อน.", "price_new": 400, "price_old": 300, "width_m": 6, "pt_i": 9 }, "geometry": { "type": "Point", "coordinates": [ 99.842766384912295, 15.479402375941916 ] } },
{ "type": "Feature", "properties": { "road_key": "61000000ST020.3", "road_name": "ทางหลวงชนบท อน 4030 (สายแยก ทล. 3013-บ้านคอดยาง) ช่วงที่ 3", "road_no": "4030", "aumpher": "อำเภอทัพทัน", "office": "สาขาเมือง", "branch_code": "61000000", "name_short": "อน.", "price_new": 400, "price_old": 300, "width_m": 6, "pt_i": 10 }, "geometry": { "type": "Point", "coordinates": [ 99.841703375513987, 15.479740083028718 ] } },
{ "type": "Feature", "properties": { "road_key": "61000000ST020.3", "road_name": "ทางหลวงชนบท อน 4030 (สายแยก ทล. 3013-บ้านคอดยาง) ช่วงที่ 3", "road_no": "4030", "aumpher": "อำเภอทัพทัน", "office": "สาขาเมือง", "branch_code": "61000000", "name_short": "อน.", "price_new": 400, "price_old": 300, "width_m": 6, "pt_i": 11 }, "geometry": { "type": "Point", "coordinates": [ 99.840638421744927, 15.480072052331714 ] } },
{ "type": "Feature", "properties": { "road_key": "61000000ST020.3", "road_name": "ทางหลวงชนบท อน 4030 (สายแยก ทล. 3013-บ้านคอดยาง) ช่วงที่ 3", "road_no": "4030", "aumpher": "อำเภอทัพทัน", "office": "สาขาเมือง", "branch_code": "61000000", "name_short": "อน.", "price_new": 400, "price_old": 300, "width_m": 6, "pt_i": 12 }, "geometry": { "type": "Point", "coordinates": [ 99.839577129461986, 15.480414886081014 ] } },
{ "type": "Feature", "properties": { "road_key": "61000000ST020.3", "road_name": "ทางหลวงชนบท อน 4030 (สายแยก ทล. 3013-บ้านคอดยาง) ช่วงที่ 3", "road_no": "4030", "aumpher": "อำเภอทัพทัน", "office": "สาขาเมือง", "branch_code": "61000000", "name_short": "อน.", "price_new": 400, "price_old": 300, "width_m": 6, "pt_i": 13 }, "geometry": { "type": "Point", "coordinates": [ 99.838515833443367, 15.480757714904428 ] } },
{ "type": "Feature", "properties": { "road_key": "61000000ST020.3", "road_name": "ทางหลวงชนบท อน 4030 (สายแยก ทล. 3013-บ้านคอดยาง) ช่วงที่ 3", "road_no": "4030", "aumpher": "อำเภอทัพทัน", "office": "สาขาเมือง", "branch_code": "61000000", "name_short": "อน.", "price_new": 400, "price_old": 300, "width_m": 6, "pt_i": 14 }, "geometry": { "type": "Point", "coordinates": [ 99.837454533689311, 15.481100538801591 ] } },
{ "type": "Feature", "properties": { "road_key": "61000000ST020.3", "road_name": "ทางหลวงชนบท อน 4030 (สายแยก ทล. 3013-บ้านคอดยาง) ช่วงที่ 3", "road_no": "4030", "aumpher": "อำเภอทัพทัน", "office": "สาขาเมือง", "branch_code": "61000000", "name_short": "อน.", "price_new": 400, "price_old": 300, "width_m": 6, "pt_i": 15 }, "geometry": { "type": "Point", "coordinates": [ 99.836401238338539, 15.48146545043916 ] } },
{ "type": "Feature", "properties": { "road_key": "61000000ST020.3", "road_name": "ทางหลวงชนบท อน 4030 (สายแยก ทล. 3013-บ้านคอดยาง) ช่วงที่ 3", "road_no": "4030", "aumpher": "อำเภอทัพทัน", "office": "สาขาเมือง", "branch_code": "61000000", "name_short": "อน.", "price_new": 400, "price_old": 300, "width_m": 6, "pt_i": 16 }, "geometry": { "type": "Point", "coordinates": [ 99.835352165664375, 15.481842017639599 ] } },
{ "type": "Feature", "properties": { "road_key": "61000000ST020.3", "road_name": "ทางหลวงชนบท อน 4030 (สายแยก ทล. 3013-บ้านคอดยาง) ช่วงที่ 3", "road_no": "4030", "aumpher": "อำเภอทัพทัน", "office": "สาขาเมือง", "branch_code": "61000000", "name_short": "อน.", "price_new": 400, "price_old": 300, "width_m": 6, "pt_i": 17 }, "geometry": { "type": "Point", "coordinates": [ 99.834303463073539, 15.482219556168566 ] } },
{ "type": "Feature", "properties": { "road_key": "61000000ST020.3", "road_name": "ทางหลวงชนบท อน 4030 (สายแยก ทล. 3013-บ้านคอดยาง) ช่วงที่ 3", "road_no": "4030", "aumpher": "อำเภอทัพทัน", "office": "สาขาเมือง", "branch_code": "61000000", "name_short": "อน.", "price_new": 400, "price_old": 300, "width_m": 6, "pt_i": 18 }, "geometry": { "type": "Point", "coordinates": [ 99.833255422517723, 15.482598827840622 ] } },
{ "type": "Feature", "properties": { "road_key": "61000000ST020.3", "road_name": "ทางหลวงชนบท อน 4030 (สายแยก ทล. 3013-บ้านคอดยาง) ช่วงที่ 3", "road_no": "4030", "aumpher": "อำเภอทัพทัน", "office": "สาขาเมือง", "branch_code": "61000000", "name_short": "อน.", "price_new": 400, "price_old": 300, "width_m": 6, "pt_i": 19 }, "geometry": { "type": "Point", "coordinates": [ 99.832207377917456, 15.482978094724762 ] } },
{ "type": "Feature", "properties": { "road_key": "61000000ST020.3", "road_name": "ทางหลวงชนบท อน 4030 (สายแยก ทล. 3013-บ้านคอดยาง) ช่วงที่ 3", "road_no": "4030", "aumpher": "อำเภอทัพทัน", "office": "สาขาเมือง", "branch_code": "61000000", "name_short": "อน.", "price_new": 400, "price_old": 300, "width_m": 6, "pt_i": 20 }, "geometry": { "type": "Point", "coordinates": [ 99.831159329272893, 15.483357356820612 ] } },
{ "type": "Feature", "properties": { "road_key": "61000000ST020.3", "road_name": "ทางหลวงชนบท อน 4030 (สายแยก ทล. 3013-บ้านคอดยาง) ช่วงที่ 3", "road_no": "4030", "aumpher": "อำเภอทัพทัน", "office": "สาขาเมือง", "branch_code": "61000000", "name_short": "อน.", "price_new": 400, "price_old": 300, "width_m": 6, "pt_i": 21 }, "geometry": { "type": "Point", "coordinates": [ 99.83011127658429, 15.483736614127778 ] } },
{ "type": "Feature", "properties": { "road_key": "61000000ST020.3", "road_name": "ทางหลวงชนบท อน 4030 (สายแยก ทล. 3013-บ้านคอดยาง) ช่วงที่ 3", "road_no": "4030", "aumpher": "อำเภอทัพทัน", "office": "สาขาเมือง", "branch_code": "61000000", "name_short": "อน.", "price_new": 400, "price_old": 300, "width_m": 6, "pt_i": 22 }, "geometry": { "type": "Point", "coordinates": [ 99.829062361747759, 15.484113626874239 ] } },
{ "type": "Feature", "properties": { "road_key": "61000000ST020.3", "road_name": "ทางหลวงชนบท อน 4030 (สายแยก ทล. 3013-บ้านคอดยาง) ช่วงที่ 3", "road_no": "4030", "aumpher": "อำเภอทัพทัน", "office": "สาขาเมือง", "branch_code": "61000000", "name_short": "อน.", "price_new": 400, "price_old": 300, "width_m": 6, "pt_i": 23 }, "geometry": { "type": "Point", "coordinates": [ 99.828013188397463, 15.484489970562523 ] } },
{ "type": "Feature", "properties": { "road_key": "61000000ST020.3", "road_name": "ทางหลวงชนบท อน 4030 (สายแยก ทล. 3013-บ้านคอดยาง) ช่วงที่ 3", "road_no": "4030", "aumpher": "อำเภอทัพทัน", "office": "สาขาเมือง", "branch_code": "61000000", "name_short": "อน.", "price_new": 400, "price_old": 300, "width_m": 6, "pt_i": 24 }, "geometry": { "type": "Point", "coordinates": [ 99.826964011027897, 15.484866309449389 ] } },
{ "type": "Feature", "properties": { "road_key": "61000000ST020.3", "road_name": "ทางหลวงชนบท อน 4030 (สายแยก ทล. 3013-บ้านคอดยาง) ช่วงที่ 3", "road_no": "4030", "aumpher": "อำเภอทัพทัน", "office": "สาขาเมือง", "branch_code": "61000000", "name_short": "อน.", "price_new": 400, "price_old": 300, "width_m": 6, "pt_i": 25 }, "geometry": { "type": "Point", "coordinates": [ 99.82591482963926, 15.485242643534443 ] } },
{ "type": "Feature", "properties": { "road_key": "61000000ST020.3", "road_name": "ทางหลวงชนบท อน 4030 (สายแยก ทล. 3013-บ้านคอดยาง) ช่วงที่ 3", "road_no": "4030", "aumpher": "อำเภอทัพทัน", "office": "สาขาเมือง", "branch_code": "61000000", "name_short": "อน.", "price_new": 400, "price_old": 300, "width_m": 6, "pt_i": 26 }, "geometry": { "type": "Point", "coordinates": [ 99.824865644231835, 15.485618972817315 ] } },
{ "type": "Feature", "properties": { "road_key": "61000000ST020.3", "road_name": "ทางหลวงชนบท อน 4030 (สายแยก ทล. 3013-บ้านคอดยาง) ช่วงที่ 3", "road_no": "4030", "aumpher": "อำเภอทัพทัน", "office": "สาขาเมือง", "branch_code": "61000000", "name_short": "อน.", "price_new": 400, "price_old": 300, "width_m": 6, "pt_i": 27 }, "geometry": { "type": "Point", "coordinates": [ 99.823815268594913, 15.485992165092632 ] } },
{ "type": "Feature", "properties": { "road_key": "61000000ST020.3", "road_name": "ทางหลวงชนบท อน 4030 (สายแยก ทล. 3013-บ้านคอดยาง) ช่วงที่ 3", "road_no": "4030", "aumpher": "อำเภอทัพทัน", "office": "สาขาเมือง", "branch_code": "61000000", "name_short": "อน.", "price_new": 400, "price_old": 300, "width_m": 6, "pt_i": 28 }, "geometry": { "type": "Point", "coordinates": [ 99.822764292346832, 15.486363777152102 ] } },
{ "type": "Feature", "properties": { "road_key": "61000000ST020.3", "road_name": "ทางหลวงชนบท อน 4030 (สายแยก ทล. 3013-บ้านคอดยาง) ช่วงที่ 3", "road_no": "4030", "aumpher": "อำเภอทัพทัน", "office": "สาขาเมือง", "branch_code": "61000000", "name_short": "อน.", "price_new": 400, "price_old": 300, "width_m": 6, "pt_i": 29 }, "geometry": { "type": "Point", "coordinates": [ 99.821713312119954, 15.486735384389616 ] } },
{ "type": "Feature", "properties": { "road_key": "61000000ST020.3", "road_name": "ทางหลวงชนบท อน 4030 (สายแยก ทล. 3013-บ้านคอดยาง) ช่วงที่ 3", "road_no": "4030", "aumpher": "อำเภอทัพทัน", "office": "สาขาเมือง", "branch_code": "61000000", "name_short": "อน.", "price_new": 400, "price_old": 300, "width_m": 6, "pt_i": 30 }, "geometry": { "type": "Point", "coordinates": [ 99.820662327914491, 15.487106986804813 ] } },
{ "type": "Feature", "properties": { "road_key": "61000000ST020.3", "road_name": "ทางหลวงชนบท อน 4030 (สายแยก ทล. 3013-บ้านคอดยาง) ช่วงที่ 3", "road_no": "4030", "aumpher": "อำเภอทัพทัน", "office": "สาขาเมือง", "branch_code": "61000000", "name_short": "อน.", "price_new": 400, "price_old": 300, "width_m": 6, "pt_i": 31 }, "geometry": { "type": "Point", "coordinates": [ 99.819611339730699, 15.487478584397305 ] } },
{ "type": "Feature", "properties": { "road_key": "61000000ST020.3", "road_name": "ทางหลวงชนบท อน 4030 (สายแยก ทล. 3013-บ้านคอดยาง) ช่วงที่ 3", "road_no": "4030", "aumpher": "อำเภอทัพทัน", "office": "สาขาเมือง", "branch_code": "61000000", "name_short": "อน.", "price_new": 400, "price_old": 300, "width_m": 6, "pt_i": 32 }, "geometry": { "type": "Point", "coordinates": [ 99.818559526191152, 15.487847982636158 ] } },
{ "type": "Feature", "properties": { "road_key": "61000000ST020.3", "road_name": "ทางหลวงชนบท อน 4030 (สายแยก ทล. 3013-บ้านคอดยาง) ช่วงที่ 3", "road_no": "4030", "aumpher": "อำเภอทัพทัน", "office": "สาขาเมือง", "branch_code": "61000000", "name_short": "อน.", "price_new": 400, "price_old": 300, "width_m": 6, "pt_i": 33 }, "geometry": { "type": "Point", "coordinates": [ 99.817507416956943, 15.488216596583758 ] } },
{ "type": "Feature", "properties": { "road_key": "61000000ST020.3", "road_name": "ทางหลวงชนบท อน 4030 (สายแยก ทล. 3013-บ้านคอดยาง) ช่วงที่ 3", "road_no": "4030", "aumpher": "อำเภอทัพทัน", "office": "สาขาเมือง", "branch_code": "61000000", "name_short": "อน.", "price_new": 400, "price_old": 300, "width_m": 6, "pt_i": 34 }, "geometry": { "type": "Point", "coordinates": [ 99.816455303770084, 15.488585205695863 ] } },
{ "type": "Feature", "properties": { "road_key": "61000000ST020.3", "road_name": "ทางหลวงชนบท อน 4030 (สายแยก ทล. 3013-บ้านคอดยาง) ช่วงที่ 3", "road_no": "4030", "aumpher": "อำเภอทัพทัน", "office": "สาขาเมือง", "branch_code": "61000000", "name_short": "อน.", "price_new": 400, "price_old": 300, "width_m": 6, "pt_i": 35 }, "geometry": { "type": "Point", "coordinates": [ 99.815383029292761, 15.488891180548434 ] } },
{ "type": "Feature", "properties": { "road_key": "61000000ST020.3", "road_name": "ทางหลวงชนบท อน 4030 (สายแยก ทล. 3013-บ้านคอดยาง) ช่วงที่ 3", "road_no": "4030", "aumpher": "อำเภอทัพทัน", "office": "สาขาเมือง", "branch_code": "61000000", "name_short": "อน.", "price_new": 400, "price_old": 300, "width_m": 6, "pt_i": 36 }, "geometry": { "type": "Point", "coordinates": [ 99.814297371951312, 15.489152806776268 ] } },
{ "type": "Feature", "properties": { "road_key": "61000000ST020.3", "road_name": "ทางหลวงชนบท อน 4030 (สายแยก ทล. 3013-บ้านคอดยาง) ช่วงที่ 3", "road_no": "4030", "aumpher": "อำเภอทัพทัน", "office": "สาขาเมือง", "branch_code": "61000000", "name_short": "อน.", "price_new": 400, "price_old": 300, "width_m": 6, "pt_i": 37 }, "geometry": { "type": "Point", "coordinates": [ 99.813211711622515, 15.489414427801327 ] } },
{ "type": "Feature", "properties": { "road_key": "61000000ST020.3", "road_name": "ทางหลวงชนบท อน 4030 (สายแยก ทล. 3013-บ้านคอดยาง) ช่วงที่ 3", "road_no": "4030", "aumpher": "อำเภอทัพทัน", "office": "สาขาเมือง", "branch_code": "61000000", "name_short": "อน.", "price_new": 400, "price_old": 300, "width_m": 6, "pt_i": 38 }, "geometry": { "type": "Point", "coordinates": [ 99.812126184518974, 15.489676570936986 ] } },
{ "type": "Feature", "properties": { "road_key": "61000000ST020.3", "road_name": "ทางหลวงชนบท อน 4030 (สายแยก ทล. 3013-บ้านคอดยาง) ช่วงที่ 3", "road_no": "4030", "aumpher": "อำเภอทัพทัน", "office": "สาขาเมือง", "branch_code": "61000000", "name_short": "อน.", "price_new": 400, "price_old": 300, "width_m": 6, "pt_i": 39 }, "geometry": { "type": "Point", "coordinates": [ 99.811041537514612, 15.489942127617756 ] } },
{ "type": "Feature", "properties": { "road_key": "61000000ST020.3", "road_name": "ทางหลวงชนบท อน 4030 (สายแยก ทล. 3013-บ้านคอดยาง) ช่วงที่ 3", "road_no": "4030", "aumpher": "อำเภอทัพทัน", "office": "สาขาเมือง", "branch_code": "61000000", "name_short": "อน.", "price_new": 400, "price_old": 300, "width_m": 6, "pt_i": 40 }, "geometry": { "type": "Point", "coordinates": [ 99.809956887486379, 15.49020767910655 ] } },
{ "type": "Feature", "properties": { "road_key": "61000000ST020.3", "road_name": "ทางหลวงชนบท อน 4030 (สายแยก ทล. 3013-บ้านคอดยาง) ช่วงที่ 3", "road_no": "4030", "aumpher": "อำเภอทัพทัน", "office": "สาขาเมือง", "branch_code": "61000000", "name_short": "อน.", "price_new": 400, "price_old": 300, "width_m": 6, "pt_i": 41 }, "geometry": { "type": "Point", "coordinates": [ 99.808874374479842, 15.490481105046594 ] } },
{ "type": "Feature", "properties": { "road_key": "61000000ST020.3", "road_name": "ทางหลวงชนบท อน 4030 (สายแยก ทล. 3013-บ้านคอดยาง) ช่วงที่ 3", "road_no": "4030", "aumpher": "อำเภอทัพทัน", "office": "สาขาเมือง", "branch_code": "61000000", "name_short": "อน.", "price_new": 400, "price_old": 300, "width_m": 6, "pt_i": 42 }, "geometry": { "type": "Point", "coordinates": [ 99.807811806765159, 15.490812931981445 ] } },
{ "type": "Feature", "properties": { "road_key": "61000000ST020.3", "road_name": "ทางหลวงชนบท อน 4030 (สายแยก ทล. 3013-บ้านคอดยาง) ช่วงที่ 3", "road_no": "4030", "aumpher": "อำเภอทัพทัน", "office": "สาขาเมือง", "branch_code": "61000000", "name_short": "อน.", "price_new": 400, "price_old": 300, "width_m": 6, "pt_i": 43 }, "geometry": { "type": "Point", "coordinates": [ 99.80682842393945, 15.491327628328698 ] } },
{ "type": "Feature", "properties": { "road_key": "61000000ST020.3", "road_name": "ทางหลวงชนบท อน 4030 (สายแยก ทล. 3013-บ้านคอดยาง) ช่วงที่ 3", "road_no": "4030", "aumpher": "อำเภอทัพทัน", "office": "สาขาเมือง", "branch_code": "61000000", "name_short": "อน.", "price_new": 400, "price_old": 300, "width_m": 6, "pt_i": 44 }, "geometry": { "type": "Point", "coordinates": [ 99.805957981543202, 15.492006290857232 ] } },
{ "type": "Feature", "properties": { "road_key": "61000000ST020.4", "road_name": "ทางหลวงชนบท อน 4030 (สายแยก ทล. 3013-บ้านคอดยาง) ช่วงที่ 4", "road_no": "4030", "aumpher": "อำเภอทัพทัน", "office": "สาขาเมือง", "branch_code": "61000000", "name_short": "อน.", "price_new": 400, "price_old": 300, "width_m": 6, "pt_i": 0 }, "geometry": { "type": "Point", "coordinates": [ 99.805441177578203, 15.492658246077045 ] } },
{ "type": "Feature", "properties": { "road_key": "61000000ST020.4", "road_name": "ทางหลวงชนบท อน 4030 (สายแยก ทล. 3013-บ้านคอดยาง) ช่วงที่ 4", "road_no": "4030", "aumpher": "อำเภอทัพทัน", "office": "สาขาเมือง", "branch_code": "61000000", "name_short": "อน.", "price_new": 400, "price_old": 300, "width_m": 6, "pt_i": 1 }, "geometry": { "type": "Point", "coordinates": [ 99.805066703036857, 15.493562015530999 ] } },
{ "type": "Feature", "properties": { "road_key": "61000000ST020.4", "road_name": "ทางหลวงชนบท อน 4030 (สายแยก ทล. 3013-บ้านคอดยาง) ช่วงที่ 4", "road_no": "4030", "aumpher": "อำเภอทัพทัน", "office": "สาขาเมือง", "branch_code": "61000000", "name_short": "อน.", "price_new": 400, "price_old": 300, "width_m": 6, "pt_i": 2 }, "geometry": { "type": "Point", "coordinates": [ 99.803953527159663, 15.493665592288091 ] } },
{ "type": "Feature", "properties": { "road_key": "61000000ST020.4", "road_name": "ทางหลวงชนบท อน 4030 (สายแยก ทล. 3013-บ้านคอดยาง) ช่วงที่ 4", "road_no": "4030", "aumpher": "อำเภอทัพทัน", "office": "สาขาเมือง", "branch_code": "61000000", "name_short": "อน.", "price_new": 400, "price_old": 300, "width_m": 6, "pt_i": 3 }, "geometry": { "type": "Point", "coordinates": [ 99.803913978083202, 15.494655473841291 ] } },
{ "type": "Feature", "properties": { "road_key": "61000000ST020.4", "road_name": "ทางหลวงชนบท อน 4030 (สายแยก ทล. 3013-บ้านคอดยาง) ช่วงที่ 4", "road_no": "4030", "aumpher": "อำเภอทัพทัน", "office": "สาขาเมือง", "branch_code": "61000000", "name_short": "อน.", "price_new": 400, "price_old": 300, "width_m": 6, "pt_i": 4 }, "geometry": { "type": "Point", "coordinates": [ 99.80392790151636, 15.495731628269406 ] } },
{ "type": "Feature", "properties": { "road_key": "61000000ST020.4", "road_name": "ทางหลวงชนบท อน 4030 (สายแยก ทล. 3013-บ้านคอดยาง) ช่วงที่ 4", "road_no": "4030", "aumpher": "อำเภอทัพทัน", "office": "สาขาเมือง", "branch_code": "61000000", "name_short": "อน.", "price_new": 400, "price_old": 300, "width_m": 6, "pt_i": 5 }, "geometry": { "type": "Point", "coordinates": [ 99.803907930063417, 15.496815144731571 ] } },
{ "type": "Feature", "properties": { "road_key": "61000000ST020.4", "road_name": "ทางหลวงชนบท อน 4030 (สายแยก ทล. 3013-บ้านคอดยาง) ช่วงที่ 4", "road_no": "4030", "aumpher": "อำเภอทัพทัน", "office": "สาขาเมือง", "branch_code": "61000000", "name_short": "อน.", "price_new": 400, "price_old": 300, "width_m": 6, "pt_i": 6 }, "geometry": { "type": "Point", "coordinates": [ 99.803351411150174, 15.49756272620453 ] } },
{ "type": "Feature", "properties": { "road_key": "61000000ST020.4", "road_name": "ทางหลวงชนบท อน 4030 (สายแยก ทล. 3013-บ้านคอดยาง) ช่วงที่ 4", "road_no": "4030", "aumpher": "อำเภอทัพทัน", "office": "สาขาเมือง", "branch_code": "61000000", "name_short": "อน.", "price_new": 400, "price_old": 300, "width_m": 6, "pt_i": 7 }, "geometry": { "type": "Point", "coordinates": [ 99.802245402911183, 15.497584581042471 ] } },
{ "type": "Feature", "properties": { "road_key": "61000000ST020.4", "road_name": "ทางหลวงชนบท อน 4030 (สายแยก ทล. 3013-บ้านคอดยาง) ช่วงที่ 4", "road_no": "4030", "aumpher": "อำเภอทัพทัน", "office": "สาขาเมือง", "branch_code": "61000000", "name_short": "อน.", "price_new": 400, "price_old": 300, "width_m": 6, "pt_i": 8 }, "geometry": { "type": "Point", "coordinates": [ 99.801131905999313, 15.497648324948324 ] } },
{ "type": "Feature", "properties": { "road_key": "61000000ST020.4", "road_name": "ทางหลวงชนบท อน 4030 (สายแยก ทล. 3013-บ้านคอดยาง) ช่วงที่ 4", "road_no": "4030", "aumpher": "อำเภอทัพทัน", "office": "สาขาเมือง", "branch_code": "61000000", "name_short": "อน.", "price_new": 400, "price_old": 300, "width_m": 6, "pt_i": 9 }, "geometry": { "type": "Point", "coordinates": [ 99.800025289744028, 15.497545879234963 ] } },
{ "type": "Feature", "properties": { "road_key": "61000000ST020.4", "road_name": "ทางหลวงชนบท อน 4030 (สายแยก ทล. 3013-บ้านคอดยาง) ช่วงที่ 4", "road_no": "4030", "aumpher": "อำเภอทัพทัน", "office": "สาขาเมือง", "branch_code": "61000000", "name_short": "อน.", "price_new": 400, "price_old": 300, "width_m": 6, "pt_i": 10 }, "geometry": { "type": "Point", "coordinates": [ 99.798918665296938, 15.497704956097735 ] } },
{ "type": "Feature", "properties": { "road_key": "61000000ST020.4", "road_name": "ทางหลวงชนบท อน 4030 (สายแยก ทล. 3013-บ้านคอดยาง) ช่วงที่ 4", "road_no": "4030", "aumpher": "อำเภอทัพทัน", "office": "สาขาเมือง", "branch_code": "61000000", "name_short": "อน.", "price_new": 400, "price_old": 300, "width_m": 6, "pt_i": 11 }, "geometry": { "type": "Point", "coordinates": [ 99.797819868296642, 15.497574107071248 ] } },
{ "type": "Feature", "properties": { "road_key": "61000000ST020.5", "road_name": "ทางหลวงชนบท อน 4030 (สายแยก ทล. 3013-บ้านคอดยาง) ช่วงที่ 5", "road_no": "4030", "aumpher": "อำเภอทัพทัน", "office": "สาขาเมือง", "branch_code": "61000000", "name_short": "อน.", "price_new": 400, "price_old": 300, "width_m": 6, "pt_i": 0 }, "geometry": { "type": "Point", "coordinates": [ 99.797743387098151, 15.497568234377423 ] } },
{ "type": "Feature", "properties": { "road_key": "61000000ST020.5", "road_name": "ทางหลวงชนบท อน 4030 (สายแยก ทล. 3013-บ้านคอดยาง) ช่วงที่ 5", "road_no": "4030", "aumpher": "อำเภอทัพทัน", "office": "สาขาเมือง", "branch_code": "61000000", "name_short": "อน.", "price_new": 400, "price_old": 300, "width_m": 6, "pt_i": 1 }, "geometry": { "type": "Point", "coordinates": [ 99.796760542216845, 15.498042184536834 ] } },
{ "type": "Feature", "properties": { "road_key": "61000000ST020.5", "road_name": "ทางหลวงชนบท อน 4030 (สายแยก ทล. 3013-บ้านคอดยาง) ช่วงที่ 5", "road_no": "4030", "aumpher": "อำเภอทัพทัน", "office": "สาขาเมือง", "branch_code": "61000000", "name_short": "อน.", "price_new": 400, "price_old": 300, "width_m": 6, "pt_i": 2 }, "geometry": { "type": "Point", "coordinates": [ 99.795833041971775, 15.498648757763769 ] } },
{ "type": "Feature", "properties": { "road_key": "61000000ST020.5", "road_name": "ทางหลวงชนบท อน 4030 (สายแยก ทล. 3013-บ้านคอดยาง) ช่วงที่ 5", "road_no": "4030", "aumpher": "อำเภอทัพทัน", "office": "สาขาเมือง", "branch_code": "61000000", "name_short": "อน.", "price_new": 400, "price_old": 300, "width_m": 6, "pt_i": 3 }, "geometry": { "type": "Point", "coordinates": [ 99.794905536207679, 15.499255327321618 ] } },
{ "type": "Feature", "properties": { "road_key": "61000000ST020.5", "road_name": "ทางหลวงชนบท อน 4030 (สายแยก ทล. 3013-บ้านคอดยาง) ช่วงที่ 5", "road_no": "4030", "aumpher": "อำเภอทัพทัน", "office": "สาขาเมือง", "branch_code": "61000000", "name_short": "อน.", "price_new": 400, "price_old": 300, "width_m": 6, "pt_i": 4 }, "geometry": { "type": "Point", "coordinates": [ 99.793978024924414, 15.499861893209875 ] } },
{ "type": "Feature", "properties": { "road_key": "61000000ST020.5", "road_name": "ทางหลวงชนบท อน 4030 (สายแยก ทล. 3013-บ้านคอดยาง) ช่วงที่ 5", "road_no": "4030", "aumpher": "อำเภอทัพทัน", "office": "สาขาเมือง", "branch_code": "61000000", "name_short": "อน.", "price_new": 400, "price_old": 300, "width_m": 6, "pt_i": 5 }, "geometry": { "type": "Point", "coordinates": [ 99.793050508121922, 15.500468455428074 ] } },
{ "type": "Feature", "properties": { "road_key": "61000000ST020.5", "road_name": "ทางหลวงชนบท อน 4030 (สายแยก ทล. 3013-บ้านคอดยาง) ช่วงที่ 5", "road_no": "4030", "aumpher": "อำเภอทัพทัน", "office": "สาขาเมือง", "branch_code": "61000000", "name_short": "อน.", "price_new": 400, "price_old": 300, "width_m": 6, "pt_i": 6 }, "geometry": { "type": "Point", "coordinates": [ 99.79212389391077, 15.501076317541562 ] } },
{ "type": "Feature", "properties": { "road_key": "61000000ST020.5", "road_name": "ทางหลวงชนบท อน 4030 (สายแยก ทล. 3013-บ้านคอดยาง) ช่วงที่ 5", "road_no": "4030", "aumpher": "อำเภอทัพทัน", "office": "สาขาเมือง", "branch_code": "61000000", "name_short": "อน.", "price_new": 400, "price_old": 300, "width_m": 6, "pt_i": 7 }, "geometry": { "type": "Point", "coordinates": [ 99.791197295971841, 15.501684207281231 ] } },
{ "type": "Feature", "properties": { "road_key": "61000000ST020.5", "road_name": "ทางหลวงชนบท อน 4030 (สายแยก ทล. 3013-บ้านคอดยาง) ช่วงที่ 5", "road_no": "4030", "aumpher": "อำเภอทัพทัน", "office": "สาขาเมือง", "branch_code": "61000000", "name_short": "อน.", "price_new": 400, "price_old": 300, "width_m": 6, "pt_i": 8 }, "geometry": { "type": "Point", "coordinates": [ 99.790270692507676, 15.502292093357356 ] } },
{ "type": "Feature", "properties": { "road_key": "61000000ST020.5", "road_name": "ทางหลวงชนบท อน 4030 (สายแยก ทล. 3013-บ้านคอดยาง) ช่วงที่ 5", "road_no": "4030", "aumpher": "อำเภอทัพทัน", "office": "สาขาเมือง", "branch_code": "61000000", "name_short": "อน.", "price_new": 400, "price_old": 300, "width_m": 6, "pt_i": 9 }, "geometry": { "type": "Point", "coordinates": [ 99.789345486938402, 15.502901978605559 ] } },
{ "type": "Feature", "properties": { "road_key": "61000000ST020.5", "road_name": "ทางหลวงชนบท อน 4030 (สายแยก ทล. 3013-บ้านคอดยาง) ช่วงที่ 5", "road_no": "4030", "aumpher": "อำเภอทัพทัน", "office": "สาขาเมือง", "branch_code": "61000000", "name_short": "อน.", "price_new": 400, "price_old": 300, "width_m": 6, "pt_i": 10 }, "geometry": { "type": "Point", "coordinates": [ 99.788421359639003, 15.503513406918533 ] } },
{ "type": "Feature", "properties": { "road_key": "61000000ST020.5", "road_name": "ทางหลวงชนบท อน 4030 (สายแยก ทล. 3013-บ้านคอดยาง) ช่วงที่ 5", "road_no": "4030", "aumpher": "อำเภอทัพทัน", "office": "สาขาเมือง", "branch_code": "61000000", "name_short": "อน.", "price_new": 400, "price_old": 300, "width_m": 6, "pt_i": 11 }, "geometry": { "type": "Point", "coordinates": [ 99.787497226799104, 15.504124831587731 ] } },
{ "type": "Feature", "properties": { "road_key": "61000000ST020.5", "road_name": "ทางหลวงชนบท อน 4030 (สายแยก ทล. 3013-บ้านคอดยาง) ช่วงที่ 5", "road_no": "4030", "aumpher": "อำเภอทัพทัน", "office": "สาขาเมือง", "branch_code": "61000000", "name_short": "อน.", "price_new": 400, "price_old": 300, "width_m": 6, "pt_i": 12 }, "geometry": { "type": "Point", "coordinates": [ 99.786560804837237, 15.504718298370737 ] } },
{ "type": "Feature", "properties": { "road_key": "61000000ST020.5", "road_name": "ทางหลวงชนบท อน 4030 (สายแยก ทล. 3013-บ้านคอดยาง) ช่วงที่ 5", "road_no": "4030", "aumpher": "อำเภอทัพทัน", "office": "สาขาเมือง", "branch_code": "61000000", "name_short": "อน.", "price_new": 400, "price_old": 300, "width_m": 6, "pt_i": 13 }, "geometry": { "type": "Point", "coordinates": [ 99.785615156952119, 15.505297885394018 ] } },
{ "type": "Feature", "properties": { "road_key": "61000000ST020.5", "road_name": "ทางหลวงชนบท อน 4030 (สายแยก ทล. 3013-บ้านคอดยาง) ช่วงที่ 5", "road_no": "4030", "aumpher": "อำเภอทัพทัน", "office": "สาขาเมือง", "branch_code": "61000000", "name_short": "อน.", "price_new": 400, "price_old": 300, "width_m": 6, "pt_i": 14 }, "geometry": { "type": "Point", "coordinates": [ 99.784661234301225, 15.505864608437998 ] } },
{ "type": "Feature", "properties": { "road_key": "61000000ST020.5", "road_name": "ทางหลวงชนบท อน 4030 (สายแยก ทล. 3013-บ้านคอดยาง) ช่วงที่ 5", "road_no": "4030", "aumpher": "อำเภอทัพทัน", "office": "สาขาเมือง", "branch_code": "61000000", "name_short": "อน.", "price_new": 400, "price_old": 300, "width_m": 6, "pt_i": 15 }, "geometry": { "type": "Point", "coordinates": [ 99.783658636873497, 15.50634292947775 ] } },
{ "type": "Feature", "properties": { "road_key": "61000000ST020.5", "road_name": "ทางหลวงชนบท อน 4030 (สายแยก ทล. 3013-บ้านคอดยาง) ช่วงที่ 5", "road_no": "4030", "aumpher": "อำเภอทัพทัน", "office": "สาขาเมือง", "branch_code": "61000000", "name_short": "อน.", "price_new": 400, "price_old": 300, "width_m": 6, "pt_i": 16 }, "geometry": { "type": "Point", "coordinates": [ 99.78263123368265, 15.506772328225249 ] } },
{ "type": "Feature", "properties": { "road_key": "61000000ST020.5", "road_name": "ทางหลวงชนบท อน 4030 (สายแยก ทล. 3013-บ้านคอดยาง) ช่วงที่ 5", "road_no": "4030", "aumpher": "อำเภอทัพทัน", "office": "สาขาเมือง", "branch_code": "61000000", "name_short": "อน.", "price_new": 400, "price_old": 300, "width_m": 6, "pt_i": 17 }, "geometry": { "type": "Point", "coordinates": [ 99.781604413927468, 15.507203030583305 ] } },
{ "type": "Feature", "properties": { "road_key": "61000000ST020.5", "road_name": "ทางหลวงชนบท อน 4030 (สายแยก ทล. 3013-บ้านคอดยาง) ช่วงที่ 5", "road_no": "4030", "aumpher": "อำเภอทัพทัน", "office": "สาขาเมือง", "branch_code": "61000000", "name_short": "อน.", "price_new": 400, "price_old": 300, "width_m": 6, "pt_i": 18 }, "geometry": { "type": "Point", "coordinates": [ 99.780607154078581, 15.507689309229196 ] } },
{ "type": "Feature", "properties": { "road_key": "61000000ST020.5", "road_name": "ทางหลวงชนบท อน 4030 (สายแยก ทล. 3013-บ้านคอดยาง) ช่วงที่ 5", "road_no": "4030", "aumpher": "อำเภอทัพทัน", "office": "สาขาเมือง", "branch_code": "61000000", "name_short": "อน.", "price_new": 400, "price_old": 300, "width_m": 6, "pt_i": 19 }, "geometry": { "type": "Point", "coordinates": [ 99.780334296410544, 15.508548511366442 ] } },
{ "type": "Feature", "properties": { "road_key": "61000000ST020.5", "road_name": "ทางหลวงชนบท อน 4030 (สายแยก ทล. 3013-บ้านคอดยาง) ช่วงที่ 5", "road_no": "4030", "aumpher": "อำเภอทัพทัน", "office": "สาขาเมือง", "branch_code": "61000000", "name_short": "อน.", "price_new": 400, "price_old": 300, "width_m": 6, "pt_i": 20 }, "geometry": { "type": "Point", "coordinates": [ 99.779321780020169, 15.508858753525008 ] } },
{ "type": "Feature", "properties": { "road_key": "61000000ST020.5", "road_name": "ทางหลวงชนบท อน 4030 (สายแยก ทล. 3013-บ้านคอดยาง) ช่วงที่ 5", "road_no": "4030", "aumpher": "อำเภอทัพทัน", "office": "สาขาเมือง", "branch_code": "61000000", "name_short": "อน.", "price_new": 400, "price_old": 300, "width_m": 6, "pt_i": 21 }, "geometry": { "type": "Point", "coordinates": [ 99.778530075269529, 15.509624694867748 ] } },
{ "type": "Feature", "properties": { "road_key": "61000000ST020.5", "road_name": "ทางหลวงชนบท อน 4030 (สายแยก ทล. 3013-บ้านคอดยาง) ช่วงที่ 5", "road_no": "4030", "aumpher": "อำเภอทัพทัน", "office": "สาขาเมือง", "branch_code": "61000000", "name_short": "อน.", "price_new": 400, "price_old": 300, "width_m": 6, "pt_i": 22 }, "geometry": { "type": "Point", "coordinates": [ 99.777430407356192, 15.50977576224731 ] } },
{ "type": "Feature", "properties": { "road_key": "61000000ST020.5", "road_name": "ทางหลวงชนบท อน 4030 (สายแยก ทล. 3013-บ้านคอดยาง) ช่วงที่ 5", "road_no": "4030", "aumpher": "อำเภอทัพทัน", "office": "สาขาเมือง", "branch_code": "61000000", "name_short": "อน.", "price_new": 400, "price_old": 300, "width_m": 6, "pt_i": 23 }, "geometry": { "type": "Point", "coordinates": [ 99.776514950240042, 15.510194183121589 ] } },
{ "type": "Feature", "properties": { "road_key": "61000000ST020.5", "road_name": "ทางหลวงชนบท อน 4030 (สายแยก ทล. 3013-บ้านคอดยาง) ช่วงที่ 5", "road_no": "4030", "aumpher": "อำเภอทัพทัน", "office": "สาขาเมือง", "branch_code": "61000000", "name_short": "อน.", "price_new": 400, "price_old": 300, "width_m": 6, "pt_i": 24 }, "geometry": { "type": "Point", "coordinates": [ 99.775979669526365, 15.511125471601726 ] } },
{ "type": "Feature", "properties": { "road_key": "61000000ST020.5", "road_name": "ทางหลวงชนบท อน 4030 (สายแยก ทล. 3013-บ้านคอดยาง) ช่วงที่ 5", "road_no": "4030", "aumpher": "อำเภอทัพทัน", "office": "สาขาเมือง", "branch_code": "61000000", "name_short": "อน.", "price_new": 400, "price_old": 300, "width_m": 6, "pt_i": 25 }, "geometry": { "type": "Point", "coordinates": [ 99.775284244978835, 15.511965370526237 ] } },
{ "type": "Feature", "properties": { "road_key": "61000000ST020.5", "road_name": "ทางหลวงชนบท อน 4030 (สายแยก ทล. 3013-บ้านคอดยาง) ช่วงที่ 5", "road_no": "4030", "aumpher": "อำเภอทัพทัน", "office": "สาขาเมือง", "branch_code": "61000000", "name_short": "อน.", "price_new": 400, "price_old": 300, "width_m": 6, "pt_i": 26 }, "geometry": { "type": "Point", "coordinates": [ 99.774940182441767, 15.512995556268127 ] } },
{ "type": "Feature", "properties": { "road_key": "61000000ST020.5", "road_name": "ทางหลวงชนบท อน 4030 (สายแยก ทล. 3013-บ้านคอดยาง) ช่วงที่ 5", "road_no": "4030", "aumpher": "อำเภอทัพทัน", "office": "สาขาเมือง", "branch_code": "61000000", "name_short": "อน.", "price_new": 400, "price_old": 300, "width_m": 6, "pt_i": 27 }, "geometry": { "type": "Point", "coordinates": [ 99.774234726637332, 15.513805745799159 ] } },
{ "type": "Feature", "properties": { "road_key": "61000000ST020.5", "road_name": "ทางหลวงชนบท อน 4030 (สายแยก ทล. 3013-บ้านคอดยาง) ช่วงที่ 5", "road_no": "4030", "aumpher": "อำเภอทัพทัน", "office": "สาขาเมือง", "branch_code": "61000000", "name_short": "อน.", "price_new": 400, "price_old": 300, "width_m": 6, "pt_i": 28 }, "geometry": { "type": "Point", "coordinates": [ 99.773425391268816, 15.514554749848383 ] } },
{ "type": "Feature", "properties": { "road_key": "61000000ST020.5", "road_name": "ทางหลวงชนบท อน 4030 (สายแยก ทล. 3013-บ้านคอดยาง) ช่วงที่ 5", "road_no": "4030", "aumpher": "อำเภอทัพทัน", "office": "สาขาเมือง", "branch_code": "61000000", "name_short": "อน.", "price_new": 400, "price_old": 300, "width_m": 6, "pt_i": 29 }, "geometry": { "type": "Point", "coordinates": [ 99.772595292558776, 15.515281748381291 ] } },
{ "type": "Feature", "properties": { "road_key": "61000000ST020.5", "road_name": "ทางหลวงชนบท อน 4030 (สายแยก ทล. 3013-บ้านคอดยาง) ช่วงที่ 5", "road_no": "4030", "aumpher": "อำเภอทัพทัน", "office": "สาขาเมือง", "branch_code": "61000000", "name_short": "อน.", "price_new": 400, "price_old": 300, "width_m": 6, "pt_i": 30 }, "geometry": { "type": "Point", "coordinates": [ 99.771726636185264, 15.515965443339518 ] } },
{ "type": "Feature", "properties": { "road_key": "61000000ST020.5", "road_name": "ทางหลวงชนบท อน 4030 (สายแยก ทล. 3013-บ้านคอดยาง) ช่วงที่ 5", "road_no": "4030", "aumpher": "อำเภอทัพทัน", "office": "สาขาเมือง", "branch_code": "61000000", "name_short": "อน.", "price_new": 400, "price_old": 300, "width_m": 6, "pt_i": 31 }, "geometry": { "type": "Point", "coordinates": [ 99.770857974034627, 15.516649135100337 ] } },
{ "type": "Feature", "properties": { "road_key": "61000000ST020.5", "road_name": "ทางหลวงชนบท อน 4030 (สายแยก ทล. 3013-บ้านคอดยาง) ช่วงที่ 5", "road_no": "4030", "aumpher": "อำเภอทัพทัน", "office": "สาขาเมือง", "branch_code": "61000000", "name_short": "อน.", "price_new": 400, "price_old": 300, "width_m": 6, "pt_i": 32 }, "geometry": { "type": "Point", "coordinates": [ 99.769982312850303, 15.51732433842464 ] } },
{ "type": "Feature", "properties": { "road_key": "61000000ST020.5", "road_name": "ทางหลวงชนบท อน 4030 (สายแยก ทล. 3013-บ้านคอดยาง) ช่วงที่ 5", "road_no": "4030", "aumpher": "อำเภอทัพทัน", "office": "สาขาเมือง", "branch_code": "61000000", "name_short": "อน.", "price_new": 400, "price_old": 300, "width_m": 6, "pt_i": 33 }, "geometry": { "type": "Point", "coordinates": [ 99.769102922151035, 15.517995020267465 ] } },
{ "type": "Feature", "properties": { "road_key": "61000000ST020.5", "road_name": "ทางหลวงชนบท อน 4030 (สายแยก ทล. 3013-บ้านคอดยาง) ช่วงที่ 5", "road_no": "4030", "aumpher": "อำเภอทัพทัน", "office": "สาขาเมือง", "branch_code": "61000000", "name_short": "อน.", "price_new": 400, "price_old": 300, "width_m": 6, "pt_i": 34 }, "geometry": { "type": "Point", "coordinates": [ 99.768223525705366, 15.518665698826398 ] } },
{ "type": "Feature", "properties": { "road_key": "61000000ST020.5", "road_name": "ทางหลวงชนบท อน 4030 (สายแยก ทล. 3013-บ้านคอดยาง) ช่วงที่ 5", "road_no": "4030", "aumpher": "อำเภอทัพทัน", "office": "สาขาเมือง", "branch_code": "61000000", "name_short": "อน.", "price_new": 400, "price_old": 300, "width_m": 6, "pt_i": 35 }, "geometry": { "type": "Point", "coordinates": [ 99.767344123513155, 15.519336374100966 ] } },
{ "type": "Feature", "properties": { "road_key": "61000000ST020.5", "road_name": "ทางหลวงชนบท อน 4030 (สายแยก ทล. 3013-บ้านคอดยาง) ช่วงที่ 5", "road_no": "4030", "aumpher": "อำเภอทัพทัน", "office": "สาขาเมือง", "branch_code": "61000000", "name_short": "อน.", "price_new": 400, "price_old": 300, "width_m": 6, "pt_i": 36 }, "geometry": { "type": "Point", "coordinates": [ 99.766445195482305, 15.51998206015239 ] } },
{ "type": "Feature", "properties": { "road_key": "61000000ST020.5", "road_name": "ทางหลวงชนบท อน 4030 (สายแยก ทล. 3013-บ้านคอดยาง) ช่วงที่ 5", "road_no": "4030", "aumpher": "อำเภอทัพทัน", "office": "สาขาเมือง", "branch_code": "61000000", "name_short": "อน.", "price_new": 400, "price_old": 300, "width_m": 6, "pt_i": 37 }, "geometry": { "type": "Point", "coordinates": [ 99.765536871683636, 15.520615344483451 ] } },
{ "type": "Feature", "properties": { "road_key": "61000000ST020.5", "road_name": "ทางหลวงชนบท อน 4030 (สายแยก ทล. 3013-บ้านคอดยาง) ช่วงที่ 5", "road_no": "4030", "aumpher": "อำเภอทัพทัน", "office": "สาขาเมือง", "branch_code": "61000000", "name_short": "อน.", "price_new": 400, "price_old": 300, "width_m": 6, "pt_i": 38 }, "geometry": { "type": "Point", "coordinates": [ 99.764615084139692, 15.521230204481284 ] } },
{ "type": "Feature", "properties": { "road_key": "61000000ST020.5", "road_name": "ทางหลวงชนบท อน 4030 (สายแยก ทล. 3013-บ้านคอดยาง) ช่วงที่ 5", "road_no": "4030", "aumpher": "อำเภอทัพทัน", "office": "สาขาเมือง", "branch_code": "61000000", "name_short": "อน.", "price_new": 400, "price_old": 300, "width_m": 6, "pt_i": 39 }, "geometry": { "type": "Point", "coordinates": [ 99.763693291037114, 15.521845060843605 ] } },
{ "type": "Feature", "properties": { "road_key": "61000000ST020.5", "road_name": "ทางหลวงชนบท อน 4030 (สายแยก ทล. 3013-บ้านคอดยาง) ช่วงที่ 5", "road_no": "4030", "aumpher": "อำเภอทัพทัน", "office": "สาขาเมือง", "branch_code": "61000000", "name_short": "อน.", "price_new": 400, "price_old": 300, "width_m": 6, "pt_i": 40 }, "geometry": { "type": "Point", "coordinates": [ 99.762777054376784, 15.522467670222165 ] } },
{ "type": "Feature", "properties": { "road_key": "61000000ST020.5", "road_name": "ทางหลวงชนบท อน 4030 (สายแยก ทล. 3013-บ้านคอดยาง) ช่วงที่ 5", "road_no": "4030", "aumpher": "อำเภอทัพทัน", "office": "สาขาเมือง", "branch_code": "61000000", "name_short": "อน.", "price_new": 400, "price_old": 300, "width_m": 6, "pt_i": 41 }, "geometry": { "type": "Point", "coordinates": [ 99.761837391812051, 15.523054307895924 ] } },
{ "type": "Feature", "properties": { "road_key": "61000000ST020.5", "road_name": "ทางหลวงชนบท อน 4030 (สายแยก ทล. 3013-บ้านคอดยาง) ช่วงที่ 5", "road_no": "4030", "aumpher": "อำเภอทัพทัน", "office": "สาขาเมือง", "branch_code": "61000000", "name_short": "อน.", "price_new": 400, "price_old": 300, "width_m": 6, "pt_i": 42 }, "geometry": { "type": "Point", "coordinates": [ 99.760864364950066, 15.523589851266969 ] } },
{ "type": "Feature", "properties": { "road_key": "61000000ST020.5", "road_name": "ทางหลวงชนบท อน 4030 (สายแยก ทล. 3013-บ้านคอดยาง) ช่วงที่ 5", "road_no": "4030", "aumpher": "อำเภอทัพทัน", "office": "สาขาเมือง", "branch_code": "61000000", "name_short": "อน.", "price_new": 400, "price_old": 300, "width_m": 6, "pt_i": 43 }, "geometry": { "type": "Point", "coordinates": [ 99.759891332927225, 15.524125390549376 ] } },
{ "type": "Feature", "properties": { "road_key": "61000000ST020.5", "road_name": "ทางหลวงชนบท อน 4030 (สายแยก ทล. 3013-บ้านคอดยาง) ช่วงที่ 5", "road_no": "4030", "aumpher": "อำเภอทัพทัน", "office": "สาขาเมือง", "branch_code": "61000000", "name_short": "อน.", "price_new": 400, "price_old": 300, "width_m": 6, "pt_i": 44 }, "geometry": { "type": "Point", "coordinates": [ 99.758877295298589, 15.524583529536521 ] } },
{ "type": "Feature", "properties": { "road_key": "61000000ST020.5", "road_name": "ทางหลวงชนบท อน 4030 (สายแยก ทล. 3013-บ้านคอดยาง) ช่วงที่ 5", "road_no": "4030", "aumpher": "อำเภอทัพทัน", "office": "สาขาเมือง", "branch_code": "61000000", "name_short": "อน.", "price_new": 400, "price_old": 300, "width_m": 6, "pt_i": 45 }, "geometry": { "type": "Point", "coordinates": [ 99.75786150836457, 15.525038370646534 ] } },
{ "type": "Feature", "properties": { "road_key": "61000000ST020.5", "road_name": "ทางหลวงชนบท อน 4030 (สายแยก ทล. 3013-บ้านคอดยาง) ช่วงที่ 5", "road_no": "4030", "aumpher": "อำเภอทัพทัน", "office": "สาขาเมือง", "branch_code": "61000000", "name_short": "อน.", "price_new": 400, "price_old": 300, "width_m": 6, "pt_i": 46 }, "geometry": { "type": "Point", "coordinates": [ 99.756847755644102, 15.525497426149943 ] } },
{ "type": "Feature", "properties": { "road_key": "61000000ST020.5", "road_name": "ทางหลวงชนบท อน 4030 (สายแยก ทล. 3013-บ้านคอดยาง) ช่วงที่ 5", "road_no": "4030", "aumpher": "อำเภอทัพทัน", "office": "สาขาเมือง", "branch_code": "61000000", "name_short": "อน.", "price_new": 400, "price_old": 300, "width_m": 6, "pt_i": 47 }, "geometry": { "type": "Point", "coordinates": [ 99.755837200729005, 15.525963103963932 ] } },
{ "type": "Feature", "properties": { "road_key": "61000000ST020.5", "road_name": "ทางหลวงชนบท อน 4030 (สายแยก ทล. 3013-บ้านคอดยาง) ช่วงที่ 5", "road_no": "4030", "aumpher": "อำเภอทัพทัน", "office": "สาขาเมือง", "branch_code": "61000000", "name_short": "อน.", "price_new": 400, "price_old": 300, "width_m": 6, "pt_i": 48 }, "geometry": { "type": "Point", "coordinates": [ 99.75482664110794, 15.526428777334528 ] } },
{ "type": "Feature", "properties": { "road_key": "61000000ST020.5", "road_name": "ทางหลวงชนบท อน 4030 (สายแยก ทล. 3013-บ้านคอดยาง) ช่วงที่ 5", "road_no": "4030", "aumpher": "อำเภอทัพทัน", "office": "สาขาเมือง", "branch_code": "61000000", "name_short": "อน.", "price_new": 400, "price_old": 300, "width_m": 6, "pt_i": 49 }, "geometry": { "type": "Point", "coordinates": [ 99.753816076781035, 15.526894446261283 ] } },
{ "type": "Feature", "properties": { "road_key": "61000000ST020.5", "road_name": "ทางหลวงชนบท อน 4030 (สายแยก ทล. 3013-บ้านคอดยาง) ช่วงที่ 5", "road_no": "4030", "aumpher": "อำเภอทัพทัน", "office": "สาขาเมือง", "branch_code": "61000000", "name_short": "อน.", "price_new": 400, "price_old": 300, "width_m": 6, "pt_i": 50 }, "geometry": { "type": "Point", "coordinates": [ 99.752803612597674, 15.527356212110153 ] } },
{ "type": "Feature", "properties": { "road_key": "61000000ST043.1", "road_name": "ถนนสายทัพทัน-ดอนกลอย ช่วงที่ 1", "road_no": "0", "aumpher": "อำเภอทัพทัน", "office": "สาขาเมือง", "branch_code": "61000000", "name_short": "None", "price_new": 1200, "price_old": 1200, "width_m": 8, "pt_i": 0 }, "geometry": { "type": "Point", "coordinates": [ 99.893134853276948, 15.452861422501151 ] } },
{ "type": "Feature", "properties": { "road_key": "61000000ST043.1", "road_name": "ถนนสายทัพทัน-ดอนกลอย ช่วงที่ 1", "road_no": "0", "aumpher": "อำเภอทัพทัน", "office": "สาขาเมือง", "branch_code": "61000000", "name_short": "None", "price_new": 1200, "price_old": 1200, "width_m": 8, "pt_i": 1 }, "geometry": { "type": "Point", "coordinates": [ 99.89276392502326, 15.4538696566435 ] } },
{ "type": "Feature", "properties": { "road_key": "61000000ST043.1", "road_name": "ถนนสายทัพทัน-ดอนกลอย ช่วงที่ 1", "road_no": "0", "aumpher": "อำเภอทัพทัน", "office": "สาขาเมือง", "branch_code": "61000000", "name_short": "None", "price_new": 1200, "price_old": 1200, "width_m": 8, "pt_i": 2 }, "geometry": { "type": "Point", "coordinates": [ 99.892668333962945, 15.454948068935161 ] } },
{ "type": "Feature", "properties": { "road_key": "61000000ST043.1", "road_name": "ถนนสายทัพทัน-ดอนกลอย ช่วงที่ 1", "road_no": "0", "aumpher": "อำเภอทัพทัน", "office": "สาขาเมือง", "branch_code": "61000000", "name_short": "None", "price_new": 1200, "price_old": 1200, "width_m": 8, "pt_i": 3 }, "geometry": { "type": "Point", "coordinates": [ 99.892723583487907, 15.456030711755972 ] } },
{ "type": "Feature", "properties": { "road_key": "61000000ST043.1", "road_name": "ถนนสายทัพทัน-ดอนกลอย ช่วงที่ 1", "road_no": "0", "aumpher": "อำเภอทัพทัน", "office": "สาขาเมือง", "branch_code": "61000000", "name_short": "None", "price_new": 1200, "price_old": 1200, "width_m": 8, "pt_i": 4 }, "geometry": { "type": "Point", "coordinates": [ 99.892808684535922, 15.457112317053843 ] } },
{ "type": "Feature", "properties": { "road_key": "61000000ST043.1", "road_name": "ถนนสายทัพทัน-ดอนกลอย ช่วงที่ 1", "road_no": "0", "aumpher": "อำเภอทัพทัน", "office": "สาขาเมือง", "branch_code": "61000000", "name_short": "None", "price_new": 1200, "price_old": 1200, "width_m": 8, "pt_i": 5 }, "geometry": { "type": "Point", "coordinates": [ 99.893127182131479, 15.458145420767256 ] } },
{ "type": "Feature", "properties": { "road_key": "61000000ST043.2", "road_name": "ถนนสายทัพทัน-ดอนกลอย ช่วงที่ 2", "road_no": "0", "aumpher": "อำเภอทัพทัน", "office": "สาขาเมือง", "branch_code": "61000000", "name_short": "None", "price_new": 400, "price_old": 350, "width_m": 6, "pt_i": 0 }, "geometry": { "type": "Point", "coordinates": [ 99.900489753946474, 15.43127453577045 ] } },
{ "type": "Feature", "properties": { "road_key": "61000000ST043.2", "road_name": "ถนนสายทัพทัน-ดอนกลอย ช่วงที่ 2", "road_no": "0", "aumpher": "อำเภอทัพทัน", "office": "สาขาเมือง", "branch_code": "61000000", "name_short": "None", "price_new": 400, "price_old": 350, "width_m": 6, "pt_i": 1 }, "geometry": { "type": "Point", "coordinates": [ 99.900492666874683, 15.432357992651651 ] } },
{ "type": "Feature", "properties": { "road_key": "61000000ST043.2", "road_name": "ถนนสายทัพทัน-ดอนกลอย ช่วงที่ 2", "road_no": "0", "aumpher": "อำเภอทัพทัน", "office": "สาขาเมือง", "branch_code": "61000000", "name_short": "None", "price_new": 400, "price_old": 350, "width_m": 6, "pt_i": 2 }, "geometry": { "type": "Point", "coordinates": [ 99.90043863426115, 15.43344143176774 ] } },
{ "type": "Feature", "properties": { "road_key": "61000000ST043.2", "road_name": "ถนนสายทัพทัน-ดอนกลอย ช่วงที่ 2", "road_no": "0", "aumpher": "อำเภอทัพทัน", "office": "สาขาเมือง", "branch_code": "61000000", "name_short": "None", "price_new": 400, "price_old": 350, "width_m": 6, "pt_i": 3 }, "geometry": { "type": "Point", "coordinates": [ 99.90039499366803, 15.434525368118157 ] } },
{ "type": "Feature", "properties": { "road_key": "61000000ST043.2", "road_name": "ถนนสายทัพทัน-ดอนกลอย ช่วงที่ 2", "road_no": "0", "aumpher": "อำเภอทัพทัน", "office": "สาขาเมือง", "branch_code": "61000000", "name_short": "None", "price_new": 400, "price_old": 350, "width_m": 6, "pt_i": 4 }, "geometry": { "type": "Point", "coordinates": [ 99.900337771353961, 15.435608727502343 ] } },
{ "type": "Feature", "properties": { "road_key": "61000000ST043.2", "road_name": "ถนนสายทัพทัน-ดอนกลอย ช่วงที่ 2", "road_no": "0", "aumpher": "อำเภอทัพทัน", "office": "สาขาเมือง", "branch_code": "61000000", "name_short": "None", "price_new": 400, "price_old": 350, "width_m": 6, "pt_i": 5 }, "geometry": { "type": "Point", "coordinates": [ 99.900278717885698, 15.436691990392431 ] } },
{ "type": "Feature", "properties": { "road_key": "61000000ST043.2", "road_name": "ถนนสายทัพทัน-ดอนกลอย ช่วงที่ 2", "road_no": "0", "aumpher": "อำเภอทัพทัน", "office": "สาขาเมือง", "branch_code": "61000000", "name_short": "None", "price_new": 400, "price_old": 350, "width_m": 6, "pt_i": 6 }, "geometry": { "type": "Point", "coordinates": [ 99.900101983343049, 15.437760497490466 ] } },
{ "type": "Feature", "properties": { "road_key": "61000000ST043.2", "road_name": "ถนนสายทัพทัน-ดอนกลอย ช่วงที่ 2", "road_no": "0", "aumpher": "อำเภอทัพทัน", "office": "สาขาเมือง", "branch_code": "61000000", "name_short": "None", "price_new": 400, "price_old": 350, "width_m": 6, "pt_i": 7 }, "geometry": { "type": "Point", "coordinates": [ 99.899834442901238, 15.43881355156495 ] } },
{ "type": "Feature", "properties": { "road_key": "61000000ST043.2", "road_name": "ถนนสายทัพทัน-ดอนกลอย ช่วงที่ 2", "road_no": "0", "aumpher": "อำเภอทัพทัน", "office": "สาขาเมือง", "branch_code": "61000000", "name_short": "None", "price_new": 400, "price_old": 350, "width_m": 6, "pt_i": 8 }, "geometry": { "type": "Point", "coordinates": [ 99.899500368425123, 15.439848804674874 ] } },
{ "type": "Feature", "properties": { "road_key": "61000000ST043.2", "road_name": "ถนนสายทัพทัน-ดอนกลอย ช่วงที่ 2", "road_no": "0", "aumpher": "อำเภอทัพทัน", "office": "สาขาเมือง", "branch_code": "61000000", "name_short": "None", "price_new": 400, "price_old": 350, "width_m": 6, "pt_i": 9 }, "geometry": { "type": "Point", "coordinates": [ 99.899166290897895, 15.440884057363634 ] } },
{ "type": "Feature", "properties": { "road_key": "61000000ST043.2", "road_name": "ถนนสายทัพทัน-ดอนกลอย ช่วงที่ 2", "road_no": "0", "aumpher": "อำเภอทัพทัน", "office": "สาขาเมือง", "branch_code": "61000000", "name_short": "None", "price_new": 400, "price_old": 350, "width_m": 6, "pt_i": 10 }, "geometry": { "type": "Point", "coordinates": [ 99.898846515644308, 15.441923544666134 ] } },
{ "type": "Feature", "properties": { "road_key": "61000000ST043.2", "road_name": "ถนนสายทัพทัน-ดอนกลอย ช่วงที่ 2", "road_no": "0", "aumpher": "อำเภอทัพทัน", "office": "สาขาเมือง", "branch_code": "61000000", "name_short": "None", "price_new": 400, "price_old": 350, "width_m": 6, "pt_i": 11 }, "geometry": { "type": "Point", "coordinates": [ 99.898527629024485, 15.442963295521931 ] } },
{ "type": "Feature", "properties": { "road_key": "61000000ST043.2", "road_name": "ถนนสายทัพทัน-ดอนกลอย ช่วงที่ 2", "road_no": "0", "aumpher": "อำเภอทัพทัน", "office": "สาขาเมือง", "branch_code": "61000000", "name_short": "None", "price_new": 400, "price_old": 350, "width_m": 6, "pt_i": 12 }, "geometry": { "type": "Point", "coordinates": [ 99.898205037311499, 15.444001962426801 ] } },
{ "type": "Feature", "properties": { "road_key": "61000000ST043.2", "road_name": "ถนนสายทัพทัน-ดอนกลอย ช่วงที่ 2", "road_no": "0", "aumpher": "อำเภอทัพทัน", "office": "สาขาเมือง", "branch_code": "61000000", "name_short": "None", "price_new": 400, "price_old": 350, "width_m": 6, "pt_i": 13 }, "geometry": { "type": "Point", "coordinates": [ 99.897877730983055, 15.445039249912941 ] } },
{ "type": "Feature", "properties": { "road_key": "61000000ST043.2", "road_name": "ถนนสายทัพทัน-ดอนกลอย ช่วงที่ 2", "road_no": "0", "aumpher": "อำเภอทัพทัน", "office": "สาขาเมือง", "branch_code": "61000000", "name_short": "None", "price_new": 400, "price_old": 350, "width_m": 6, "pt_i": 14 }, "geometry": { "type": "Point", "coordinates": [ 99.897552438734891, 15.446077120959808 ] } },
{ "type": "Feature", "properties": { "road_key": "61000000ST043.2", "road_name": "ถนนสายทัพทัน-ดอนกลอย ช่วงที่ 2", "road_no": "0", "aumpher": "อำเภอทัพทัน", "office": "สาขาเมือง", "branch_code": "61000000", "name_short": "None", "price_new": 400, "price_old": 350, "width_m": 6, "pt_i": 15 }, "geometry": { "type": "Point", "coordinates": [ 99.897239975880538, 15.447118706726471 ] } },
{ "type": "Feature", "properties": { "road_key": "61000000ST043.2", "road_name": "ถนนสายทัพทัน-ดอนกลอย ช่วงที่ 2", "road_no": "0", "aumpher": "อำเภอทัพทัน", "office": "สาขาเมือง", "branch_code": "61000000", "name_short": "None", "price_new": 400, "price_old": 350, "width_m": 6, "pt_i": 16 }, "geometry": { "type": "Point", "coordinates": [ 99.896927510175431, 15.448160292122674 ] } },
{ "type": "Feature", "properties": { "road_key": "61000000ST043.2", "road_name": "ถนนสายทัพทัน-ดอนกลอย ช่วงที่ 2", "road_no": "0", "aumpher": "อำเภอทัพทัน", "office": "สาขาเมือง", "branch_code": "61000000", "name_short": "None", "price_new": 400, "price_old": 350, "width_m": 6, "pt_i": 17 }, "geometry": { "type": "Point", "coordinates": [ 99.896595678711819, 15.449195924388452 ] } },
{ "type": "Feature", "properties": { "road_key": "61000000ST043.2", "road_name": "ถนนสายทัพทัน-ดอนกลอย ช่วงที่ 2", "road_no": "0", "aumpher": "อำเภอทัพทัน", "office": "สาขาเมือง", "branch_code": "61000000", "name_short": "None", "price_new": 400, "price_old": 350, "width_m": 6, "pt_i": 18 }, "geometry": { "type": "Point", "coordinates": [ 99.89605417116465, 15.450114421090817 ] } },
{ "type": "Feature", "properties": { "road_key": "61000000ST043.2", "road_name": "ถนนสายทัพทัน-ดอนกลอย ช่วงที่ 2", "road_no": "0", "aumpher": "อำเภอทัพทัน", "office": "สาขาเมือง", "branch_code": "61000000", "name_short": "None", "price_new": 400, "price_old": 350, "width_m": 6, "pt_i": 19 }, "geometry": { "type": "Point", "coordinates": [ 99.895226262167029, 15.450843778321723 ] } },
{ "type": "Feature", "properties": { "road_key": "61000000ST043.2", "road_name": "ถนนสายทัพทัน-ดอนกลอย ช่วงที่ 2", "road_no": "0", "aumpher": "อำเภอทัพทัน", "office": "สาขาเมือง", "branch_code": "61000000", "name_short": "None", "price_new": 400, "price_old": 350, "width_m": 6, "pt_i": 20 }, "geometry": { "type": "Point", "coordinates": [ 99.894416224779434, 15.451591506828493 ] } },
{ "type": "Feature", "properties": { "road_key": "61000000ST043.2", "road_name": "ถนนสายทัพทัน-ดอนกลอย ช่วงที่ 2", "road_no": "0", "aumpher": "อำเภอทัพทัน", "office": "สาขาเมือง", "branch_code": "61000000", "name_short": "None", "price_new": 400, "price_old": 350, "width_m": 6, "pt_i": 21 }, "geometry": { "type": "Point", "coordinates": [ 99.893617543878918, 15.452350910655149 ] } },
{ "type": "Feature", "properties": { "road_key": "61000000ST044.1", "road_name": "ถนนสายเทศบาลตำบลหนองฉาง-บ้านท่าชะอม ช่วงที่ 1", "road_no": "0", "aumpher": "อำเภอทัพทัน", "office": "สาขาเมือง", "branch_code": "61000000", "name_short": "None", "price_new": 400, "price_old": 300, "width_m": 6, "pt_i": 0 }, "geometry": { "type": "Point", "coordinates": [ 99.730828635093559, 15.42626611204474 ] } },
{ "type": "Feature", "properties": { "road_key": "61000000ST044.1", "road_name": "ถนนสายเทศบาลตำบลหนองฉาง-บ้านท่าชะอม ช่วงที่ 1", "road_no": "0", "aumpher": "อำเภอทัพทัน", "office": "สาขาเมือง", "branch_code": "61000000", "name_short": "None", "price_new": 400, "price_old": 300, "width_m": 6, "pt_i": 1 }, "geometry": { "type": "Point", "coordinates": [ 99.730848098717857, 15.425193980182529 ] } },
{ "type": "Feature", "properties": { "road_key": "61000000ST044.1", "road_name": "ถนนสายเทศบาลตำบลหนองฉาง-บ้านท่าชะอม ช่วงที่ 1", "road_no": "0", "aumpher": "อำเภอทัพทัน", "office": "สาขาเมือง", "branch_code": "61000000", "name_short": "None", "price_new": 400, "price_old": 300, "width_m": 6, "pt_i": 2 }, "geometry": { "type": "Point", "coordinates": [ 99.731341032662314, 15.42429491893663 ] } },
{ "type": "Feature", "properties": { "road_key": "61000000ST044.1", "road_name": "ถนนสายเทศบาลตำบลหนองฉาง-บ้านท่าชะอม ช่วงที่ 1", "road_no": "0", "aumpher": "อำเภอทัพทัน", "office": "สาขาเมือง", "branch_code": "61000000", "name_short": "None", "price_new": 400, "price_old": 300, "width_m": 6, "pt_i": 3 }, "geometry": { "type": "Point", "coordinates": [ 99.732308065037898, 15.423750608214963 ] } },
{ "type": "Feature", "properties": { "road_key": "61000000ST044.2", "road_name": "ถนนสายเทศบาลตำบลหนองฉาง-บ้านท่าชะอม ช่วงที่ 2", "road_no": "0", "aumpher": "อำเภอทัพทัน", "office": "สาขาเมือง", "branch_code": "61000000", "name_short": "None", "price_new": 400, "price_old": 300, "width_m": 6, "pt_i": 0 }, "geometry": { "type": "Point", "coordinates": [ 99.732478816449316, 15.423645708982438 ] } },
{ "type": "Feature", "properties": { "road_key": "61000000ST044.2", "road_name": "ถนนสายเทศบาลตำบลหนองฉาง-บ้านท่าชะอม ช่วงที่ 2", "road_no": "0", "aumpher": "อำเภอทัพทัน", "office": "สาขาเมือง", "branch_code": "61000000", "name_short": "None", "price_new": 400, "price_old": 300, "width_m": 6, "pt_i": 1 }, "geometry": { "type": "Point", "coordinates": [ 99.733423619561194, 15.423065275488062 ] } },
{ "type": "Feature", "properties": { "road_key": "61000000ST044.2", "road_name": "ถนนสายเทศบาลตำบลหนองฉาง-บ้านท่าชะอม ช่วงที่ 2", "road_no": "0", "aumpher": "อำเภอทัพทัน", "office": "สาขาเมือง", "branch_code": "61000000", "name_short": "None", "price_new": 400, "price_old": 300, "width_m": 6, "pt_i": 2 }, "geometry": { "type": "Point", "coordinates": [ 99.734363924865207, 15.422478062670244 ] } },
{ "type": "Feature", "properties": { "road_key": "61000000ST044.2", "road_name": "ถนนสายเทศบาลตำบลหนองฉาง-บ้านท่าชะอม ช่วงที่ 2", "road_no": "0", "aumpher": "อำเภอทัพทัน", "office": "สาขาเมือง", "branch_code": "61000000", "name_short": "None", "price_new": 400, "price_old": 300, "width_m": 6, "pt_i": 3 }, "geometry": { "type": "Point", "coordinates": [ 99.735300263320426, 15.421884871447212 ] } },
{ "type": "Feature", "properties": { "road_key": "61000000ST044.2", "road_name": "ถนนสายเทศบาลตำบลหนองฉาง-บ้านท่าชะอม ช่วงที่ 2", "road_no": "0", "aumpher": "อำเภอทัพทัน", "office": "สาขาเมือง", "branch_code": "61000000", "name_short": "None", "price_new": 400, "price_old": 300, "width_m": 6, "pt_i": 4 }, "geometry": { "type": "Point", "coordinates": [ 99.736251861419788, 15.421315018149279 ] } },
{ "type": "Feature", "properties": { "road_key": "61000000ST044.2", "road_name": "ถนนสายเทศบาลตำบลหนองฉาง-บ้านท่าชะอม ช่วงที่ 2", "road_no": "0", "aumpher": "อำเภอทัพทัน", "office": "สาขาเมือง", "branch_code": "61000000", "name_short": "None", "price_new": 400, "price_old": 300, "width_m": 6, "pt_i": 5 }, "geometry": { "type": "Point", "coordinates": [ 99.737204045291278, 15.420746064780465 ] } },
{ "type": "Feature", "properties": { "road_key": "61000000ST044.2", "road_name": "ถนนสายเทศบาลตำบลหนองฉาง-บ้านท่าชะอม ช่วงที่ 2", "road_no": "0", "aumpher": "อำเภอทัพทัน", "office": "สาขาเมือง", "branch_code": "61000000", "name_short": "None", "price_new": 400, "price_old": 300, "width_m": 6, "pt_i": 6 }, "geometry": { "type": "Point", "coordinates": [ 99.738154780930415, 15.420174852934382 ] } },
{ "type": "Feature", "properties": { "road_key": "61000000ST044.2", "road_name": "ถนนสายเทศบาลตำบลหนองฉาง-บ้านท่าชะอม ช่วงที่ 2", "road_no": "0", "aumpher": "อำเภอทัพทัน", "office": "สาขาเมือง", "branch_code": "61000000", "name_short": "None", "price_new": 400, "price_old": 300, "width_m": 6, "pt_i": 7 }, "geometry": { "type": "Point", "coordinates": [ 99.739092572376208, 15.419585197820821 ] } },
{ "type": "Feature", "properties": { "road_key": "61000000ST044.2", "road_name": "ถนนสายเทศบาลตำบลหนองฉาง-บ้านท่าชะอม ช่วงที่ 2", "road_no": "0", "aumpher": "อำเภอทัพทัน", "office": "สาขาเมือง", "branch_code": "61000000", "name_short": "None", "price_new": 400, "price_old": 300, "width_m": 6, "pt_i": 8 }, "geometry": { "type": "Point", "coordinates": [ 99.739976029908675, 15.418920063336335 ] } },
{ "type": "Feature", "properties": { "road_key": "61000000ST044.2", "road_name": "ถนนสายเทศบาลตำบลหนองฉาง-บ้านท่าชะอม ช่วงที่ 2", "road_no": "0", "aumpher": "อำเภอทัพทัน", "office": "สาขาเมือง", "branch_code": "61000000", "name_short": "None", "price_new": 400, "price_old": 300, "width_m": 6, "pt_i": 9 }, "geometry": { "type": "Point", "coordinates": [ 99.74085586572788, 15.41825047737475 ] } },
{ "type": "Feature", "properties": { "road_key": "61000000ST044.2", "road_name": "ถนนสายเทศบาลตำบลหนองฉาง-บ้านท่าชะอม ช่วงที่ 2", "road_no": "0", "aumpher": "อำเภอทัพทัน", "office": "สาขาเมือง", "branch_code": "61000000", "name_short": "None", "price_new": 400, "price_old": 300, "width_m": 6, "pt_i": 10 }, "geometry": { "type": "Point", "coordinates": [ 99.741728624919773, 15.417572190036386 ] } },
{ "type": "Feature", "properties": { "road_key": "61000000ST044.2", "road_name": "ถนนสายเทศบาลตำบลหนองฉาง-บ้านท่าชะอม ช่วงที่ 2", "road_no": "0", "aumpher": "อำเภอทัพทัน", "office": "สาขาเมือง", "branch_code": "61000000", "name_short": "None", "price_new": 400, "price_old": 300, "width_m": 6, "pt_i": 11 }, "geometry": { "type": "Point", "coordinates": [ 99.742600414188729, 15.416892756900346 ] } },
{ "type": "Feature", "properties": { "road_key": "61000000ST044.2", "road_name": "ถนนสายเทศบาลตำบลหนองฉาง-บ้านท่าชะอม ช่วงที่ 2", "road_no": "0", "aumpher": "อำเภอทัพทัน", "office": "สาขาเมือง", "branch_code": "61000000", "name_short": "None", "price_new": 400, "price_old": 300, "width_m": 6, "pt_i": 12 }, "geometry": { "type": "Point", "coordinates": [ 99.74352877715593, 15.416297772865468 ] } },
{ "type": "Feature", "properties": { "road_key": "61000000ST044.2", "road_name": "ถนนสายเทศบาลตำบลหนองฉาง-บ้านท่าชะอม ช่วงที่ 2", "road_no": "0", "aumpher": "อำเภอทัพทัน", "office": "สาขาเมือง", "branch_code": "61000000", "name_short": "None", "price_new": 400, "price_old": 300, "width_m": 6, "pt_i": 13 }, "geometry": { "type": "Point", "coordinates": [ 99.744501495185418, 15.415762671279204 ] } },
{ "type": "Feature", "properties": { "road_key": "61000000ST044.2", "road_name": "ถนนสายเทศบาลตำบลหนองฉาง-บ้านท่าชะอม ช่วงที่ 2", "road_no": "0", "aumpher": "อำเภอทัพทัน", "office": "สาขาเมือง", "branch_code": "61000000", "name_short": "None", "price_new": 400, "price_old": 300, "width_m": 6, "pt_i": 14 }, "geometry": { "type": "Point", "coordinates": [ 99.745471290382113, 15.415222479870515 ] } },
{ "type": "Feature", "properties": { "road_key": "61000000ST044.2", "road_name": "ถนนสายเทศบาลตำบลหนองฉาง-บ้านท่าชะอม ช่วงที่ 2", "road_no": "0", "aumpher": "อำเภอทัพทัน", "office": "สาขาเมือง", "branch_code": "61000000", "name_short": "None", "price_new": 400, "price_old": 300, "width_m": 6, "pt_i": 15 }, "geometry": { "type": "Point", "coordinates": [ 99.746414153932605, 15.414639543044744 ] } },
{ "type": "Feature", "properties": { "road_key": "61000000ST044.2", "road_name": "ถนนสายเทศบาลตำบลหนองฉาง-บ้านท่าชะอม ช่วงที่ 2", "road_no": "0", "aumpher": "อำเภอทัพทัน", "office": "สาขาเมือง", "branch_code": "61000000", "name_short": "None", "price_new": 400, "price_old": 300, "width_m": 6, "pt_i": 16 }, "geometry": { "type": "Point", "coordinates": [ 99.747125900135856, 15.413815785433254 ] } },
{ "type": "Feature", "properties": { "road_key": "61000000ST051.1", "road_name": "ถนนสายบ้านเขาโคกโค-บ้านเขาขี้ฝอย ช่วงที่ 1", "road_no": "0", "aumpher": "อำเภอทัพทัน", "office": "สาขาเมือง", "branch_code": "61000000", "name_short": "None", "price_new": 350, "price_old": 250, "width_m": 6, "pt_i": 0 }, "geometry": { "type": "Point", "coordinates": [ 99.932418589020273, 15.465509139465784 ] } },
{ "type": "Feature", "properties": { "road_key": "61000000ST051.1", "road_name": "ถนนสายบ้านเขาโคกโค-บ้านเขาขี้ฝอย ช่วงที่ 1", "road_no": "0", "aumpher": "อำเภอทัพทัน", "office": "สาขาเมือง", "branch_code": "61000000", "name_short": "None", "price_new": 350, "price_old": 250, "width_m": 6, "pt_i": 1 }, "geometry": { "type": "Point", "coordinates": [ 99.932173781150993, 15.464450671954554 ] } },
{ "type": "Feature", "properties": { "road_key": "61000000ST051.1", "road_name": "ถนนสายบ้านเขาโคกโค-บ้านเขาขี้ฝอย ช่วงที่ 1", "road_no": "0", "aumpher": "อำเภอทัพทัน", "office": "สาขาเมือง", "branch_code": "61000000", "name_short": "None", "price_new": 350, "price_old": 250, "width_m": 6, "pt_i": 2 }, "geometry": { "type": "Point", "coordinates": [ 99.931933014445761, 15.463391349128525 ] } },
{ "type": "Feature", "properties": { "road_key": "61000000ST051.1", "road_name": "ถนนสายบ้านเขาโคกโค-บ้านเขาขี้ฝอย ช่วงที่ 1", "road_no": "0", "aumpher": "อำเภอทัพทัน", "office": "สาขาเมือง", "branch_code": "61000000", "name_short": "None", "price_new": 350, "price_old": 250, "width_m": 6, "pt_i": 3 }, "geometry": { "type": "Point", "coordinates": [ 99.931700859387647, 15.462330204079423 ] } },
{ "type": "Feature", "properties": { "road_key": "61000000ST051.1", "road_name": "ถนนสายบ้านเขาโคกโค-บ้านเขาขี้ฝอย ช่วงที่ 1", "road_no": "0", "aumpher": "อำเภอทัพทัน", "office": "สาขาเมือง", "branch_code": "61000000", "name_short": "None", "price_new": 350, "price_old": 250, "width_m": 6, "pt_i": 4 }, "geometry": { "type": "Point", "coordinates": [ 99.93148278230943, 15.461266253394326 ] } },
{ "type": "Feature", "properties": { "road_key": "61000000ST051.1", "road_name": "ถนนสายบ้านเขาโคกโค-บ้านเขาขี้ฝอย ช่วงที่ 1", "road_no": "0", "aumpher": "อำเภอทัพทัน", "office": "สาขาเมือง", "branch_code": "61000000", "name_short": "None", "price_new": 350, "price_old": 250, "width_m": 6, "pt_i": 5 }, "geometry": { "type": "Point", "coordinates": [ 99.931269443360179, 15.4602014331274 ] } },
{ "type": "Feature", "properties": { "road_key": "61000000ST051.1", "road_name": "ถนนสายบ้านเขาโคกโค-บ้านเขาขี้ฝอย ช่วงที่ 1", "road_no": "0", "aumpher": "อำเภอทัพทัน", "office": "สาขาเมือง", "branch_code": "61000000", "name_short": "None", "price_new": 350, "price_old": 250, "width_m": 6, "pt_i": 6 }, "geometry": { "type": "Point", "coordinates": [ 99.931161304119144, 15.459122120375481 ] } },
{ "type": "Feature", "properties": { "road_key": "61000000ST051.1", "road_name": "ถนนสายบ้านเขาโคกโค-บ้านเขาขี้ฝอย ช่วงที่ 1", "road_no": "0", "aumpher": "อำเภอทัพทัน", "office": "สาขาเมือง", "branch_code": "61000000", "name_short": "None", "price_new": 350, "price_old": 250, "width_m": 6, "pt_i": 7 }, "geometry": { "type": "Point", "coordinates": [ 99.930734410413166, 15.458186990297078 ] } },
{ "type": "Feature", "properties": { "road_key": "61000000ST051.1", "road_name": "ถนนสายบ้านเขาโคกโค-บ้านเขาขี้ฝอย ช่วงที่ 1", "road_no": "0", "aumpher": "อำเภอทัพทัน", "office": "สาขาเมือง", "branch_code": "61000000", "name_short": "None", "price_new": 350, "price_old": 250, "width_m": 6, "pt_i": 8 }, "geometry": { "type": "Point", "coordinates": [ 99.930678893416015, 15.457115959488341 ] } },
{ "type": "Feature", "properties": { "road_key": "61000000ST051.1", "road_name": "ถนนสายบ้านเขาโคกโค-บ้านเขาขี้ฝอย ช่วงที่ 1", "road_no": "0", "aumpher": "อำเภอทัพทัน", "office": "สาขาเมือง", "branch_code": "61000000", "name_short": "None", "price_new": 350, "price_old": 250, "width_m": 6, "pt_i": 9 }, "geometry": { "type": "Point", "coordinates": [ 99.930553679903809, 15.456038320700793 ] } },
{ "type": "Feature", "properties": { "road_key": "61000000ST051.1", "road_name": "ถนนสายบ้านเขาโคกโค-บ้านเขาขี้ฝอย ช่วงที่ 1", "road_no": "0", "aumpher": "อำเภอทัพทัน", "office": "สาขาเมือง", "branch_code": "61000000", "name_short": "None", "price_new": 350, "price_old": 250, "width_m": 6, "pt_i": 10 }, "geometry": { "type": "Point", "coordinates": [ 99.930451655645797, 15.454958105773908 ] } },
{ "type": "Feature", "properties": { "road_key": "61000000ST051.1", "road_name": "ถนนสายบ้านเขาโคกโค-บ้านเขาขี้ฝอย ช่วงที่ 1", "road_no": "0", "aumpher": "อำเภอทัพทัน", "office": "สาขาเมือง", "branch_code": "61000000", "name_short": "None", "price_new": 350, "price_old": 250, "width_m": 6, "pt_i": 11 }, "geometry": { "type": "Point", "coordinates": [ 99.930488994747606, 15.45387394054767 ] } },
{ "type": "Feature", "properties": { "road_key": "61000000ST051.1", "road_name": "ถนนสายบ้านเขาโคกโค-บ้านเขาขี้ฝอย ช่วงที่ 1", "road_no": "0", "aumpher": "อำเภอทัพทัน", "office": "สาขาเมือง", "branch_code": "61000000", "name_short": "None", "price_new": 350, "price_old": 250, "width_m": 6, "pt_i": 12 }, "geometry": { "type": "Point", "coordinates": [ 99.930526333791875, 15.452789775232139 ] } },
{ "type": "Feature", "properties": { "road_key": "61000000ST051.1", "road_name": "ถนนสายบ้านเขาโคกโค-บ้านเขาขี้ฝอย ช่วงที่ 1", "road_no": "0", "aumpher": "อำเภอทัพทัน", "office": "สาขาเมือง", "branch_code": "61000000", "name_short": "None", "price_new": 350, "price_old": 250, "width_m": 6, "pt_i": 13 }, "geometry": { "type": "Point", "coordinates": [ 99.930599376781103, 15.451707602227001 ] } },
{ "type": "Feature", "properties": { "road_key": "61000000ST051.1", "road_name": "ถนนสายบ้านเขาโคกโค-บ้านเขาขี้ฝอย ช่วงที่ 1", "road_no": "0", "aumpher": "อำเภอทัพทัน", "office": "สาขาเมือง", "branch_code": "61000000", "name_short": "None", "price_new": 350, "price_old": 250, "width_m": 6, "pt_i": 14 }, "geometry": { "type": "Point", "coordinates": [ 99.930925939163274, 15.450676676784948 ] } },
{ "type": "Feature", "properties": { "road_key": "61000000ST051.1", "road_name": "ถนนสายบ้านเขาโคกโค-บ้านเขาขี้ฝอย ช่วงที่ 1", "road_no": "0", "aumpher": "อำเภอทัพทัน", "office": "สาขาเมือง", "branch_code": "61000000", "name_short": "None", "price_new": 350, "price_old": 250, "width_m": 6, "pt_i": 15 }, "geometry": { "type": "Point", "coordinates": [ 99.930980726188182, 15.449595903359169 ] } },
{ "type": "Feature", "properties": { "road_key": "61000000ST051.1", "road_name": "ถนนสายบ้านเขาโคกโค-บ้านเขาขี้ฝอย ช่วงที่ 1", "road_no": "0", "aumpher": "อำเภอทัพทัน", "office": "สาขาเมือง", "branch_code": "61000000", "name_short": "None", "price_new": 350, "price_old": 250, "width_m": 6, "pt_i": 16 }, "geometry": { "type": "Point", "coordinates": [ 99.931232156424912, 15.448547569033979 ] } },
{ "type": "Feature", "properties": { "road_key": "61000000ST051.1", "road_name": "ถนนสายบ้านเขาโคกโค-บ้านเขาขี้ฝอย ช่วงที่ 1", "road_no": "0", "aumpher": "อำเภอทัพทัน", "office": "สาขาเมือง", "branch_code": "61000000", "name_short": "None", "price_new": 350, "price_old": 250, "width_m": 6, "pt_i": 17 }, "geometry": { "type": "Point", "coordinates": [ 99.931706129972483, 15.447571464898756 ] } },
{ "type": "Feature", "properties": { "road_key": "61000000ST051.1", "road_name": "ถนนสายบ้านเขาโคกโค-บ้านเขาขี้ฝอย ช่วงที่ 1", "road_no": "0", "aumpher": "อำเภอทัพทัน", "office": "สาขาเมือง", "branch_code": "61000000", "name_short": "None", "price_new": 350, "price_old": 250, "width_m": 6, "pt_i": 18 }, "geometry": { "type": "Point", "coordinates": [ 99.931845474312198, 15.446497487268852 ] } },
{ "type": "Feature", "properties": { "road_key": "61000000ST051.1", "road_name": "ถนนสายบ้านเขาโคกโค-บ้านเขาขี้ฝอย ช่วงที่ 1", "road_no": "0", "aumpher": "อำเภอทัพทัน", "office": "สาขาเมือง", "branch_code": "61000000", "name_short": "None", "price_new": 350, "price_old": 250, "width_m": 6, "pt_i": 19 }, "geometry": { "type": "Point", "coordinates": [ 99.932034118795016, 15.445432150572653 ] } },
{ "type": "Feature", "properties": { "road_key": "61000000ST051.1", "road_name": "ถนนสายบ้านเขาโคกโค-บ้านเขาขี้ฝอย ช่วงที่ 1", "road_no": "0", "aumpher": "อำเภอทัพทัน", "office": "สาขาเมือง", "branch_code": "61000000", "name_short": "None", "price_new": 350, "price_old": 250, "width_m": 6, "pt_i": 20 }, "geometry": { "type": "Point", "coordinates": [ 99.93207920052528, 15.444348557100556 ] } },
{ "type": "Feature", "properties": { "road_key": "61000000ST051.1", "road_name": "ถนนสายบ้านเขาโคกโค-บ้านเขาขี้ฝอย ช่วงที่ 1", "road_no": "0", "aumpher": "อำเภอทัพทัน", "office": "สาขาเมือง", "branch_code": "61000000", "name_short": "None", "price_new": 350, "price_old": 250, "width_m": 6, "pt_i": 21 }, "geometry": { "type": "Point", "coordinates": [ 99.932160842566901, 15.4432682326138 ] } },
{ "type": "Feature", "properties": { "road_key": "61000000ST051.2", "road_name": "ถนนสายบ้านเขาโคกโค-บ้านเขาขี้ฝอย ช่วงที่ 2", "road_no": "0", "aumpher": "อำเภอทัพทัน", "office": "สาขาเมือง", "branch_code": "61000000", "name_short": "None", "price_new": 350, "price_old": 250, "width_m": 4, "pt_i": 0 }, "geometry": { "type": "Point", "coordinates": [ 99.93218511144002, 15.443117303521918 ] } },
{ "type": "Feature", "properties": { "road_key": "61000000ST051.2", "road_name": "ถนนสายบ้านเขาโคกโค-บ้านเขาขี้ฝอย ช่วงที่ 2", "road_no": "0", "aumpher": "อำเภอทัพทัน", "office": "สาขาเมือง", "branch_code": "61000000", "name_short": "None", "price_new": 350, "price_old": 250, "width_m": 4, "pt_i": 1 }, "geometry": { "type": "Point", "coordinates": [ 99.932413896386052, 15.442056303103437 ] } },
{ "type": "Feature", "properties": { "road_key": "61000000ST051.2", "road_name": "ถนนสายบ้านเขาโคกโค-บ้านเขาขี้ฝอย ช่วงที่ 2", "road_no": "0", "aumpher": "อำเภอทัพทัน", "office": "สาขาเมือง", "branch_code": "61000000", "name_short": "None", "price_new": 350, "price_old": 250, "width_m": 4, "pt_i": 2 }, "geometry": { "type": "Point", "coordinates": [ 99.932421273200006, 15.440974147600249 ] } },
{ "type": "Feature", "properties": { "road_key": "61000000ST051.2", "road_name": "ถนนสายบ้านเขาโคกโค-บ้านเขาขี้ฝอย ช่วงที่ 2", "road_no": "0", "aumpher": "อำเภอทัพทัน", "office": "สาขาเมือง", "branch_code": "61000000", "name_short": "None", "price_new": 350, "price_old": 250, "width_m": 4, "pt_i": 3 }, "geometry": { "type": "Point", "coordinates": [ 99.932119509626887, 15.439933098775246 ] } },
{ "type": "Feature", "properties": { "road_key": "61000000ST051.2", "road_name": "ถนนสายบ้านเขาโคกโค-บ้านเขาขี้ฝอย ช่วงที่ 2", "road_no": "0", "aumpher": "อำเภอทัพทัน", "office": "สาขาเมือง", "branch_code": "61000000", "name_short": "None", "price_new": 350, "price_old": 250, "width_m": 4, "pt_i": 4 }, "geometry": { "type": "Point", "coordinates": [ 99.931477513383058, 15.439066699972511 ] } },
{ "type": "Feature", "properties": { "road_key": "61000000ST051.2", "road_name": "ถนนสายบ้านเขาโคกโค-บ้านเขาขี้ฝอย ช่วงที่ 2", "road_no": "0", "aumpher": "อำเภอทัพทัน", "office": "สาขาเมือง", "branch_code": "61000000", "name_short": "None", "price_new": 350, "price_old": 250, "width_m": 4, "pt_i": 5 }, "geometry": { "type": "Point", "coordinates": [ 99.930739527158636, 15.438255304781915 ] } },
{ "type": "Feature", "properties": { "road_key": "61000000ST051.2", "road_name": "ถนนสายบ้านเขาโคกโค-บ้านเขาขี้ฝอย ช่วงที่ 2", "road_no": "0", "aumpher": "อำเภอทัพทัน", "office": "สาขาเมือง", "branch_code": "61000000", "name_short": "None", "price_new": 350, "price_old": 250, "width_m": 4, "pt_i": 6 }, "geometry": { "type": "Point", "coordinates": [ 99.930582948306466, 15.437182565913524 ] } },
{ "type": "Feature", "properties": { "road_key": "61000000ST051.2", "road_name": "ถนนสายบ้านเขาโคกโค-บ้านเขาขี้ฝอย ช่วงที่ 2", "road_no": "0", "aumpher": "อำเภอทัพทัน", "office": "สาขาเมือง", "branch_code": "61000000", "name_short": "None", "price_new": 350, "price_old": 250, "width_m": 4, "pt_i": 7 }, "geometry": { "type": "Point", "coordinates": [ 99.930308481545822, 15.436131412386326 ] } },
{ "type": "Feature", "properties": { "road_key": "61000000ST053", "road_name": "ถนนสายบ้านเขาน้อย-บ้านโคกหม้อ", "road_no": "0", "aumpher": "อำเภอทัพทัน", "office": "สาขาเมือง", "branch_code": "61000000", "name_short": "None", "price_new": 350, "price_old": 200, "width_m": 6, "pt_i": 0 }, "geometry": { "type": "Point", "coordinates": [ 99.928651025122434, 15.519469130587858 ] } },
{ "type": "Feature", "properties": { "road_key": "61000000ST053", "road_name": "ถนนสายบ้านเขาน้อย-บ้านโคกหม้อ", "road_no": "0", "aumpher": "อำเภอทัพทัน", "office": "สาขาเมือง", "branch_code": "61000000", "name_short": "None", "price_new": 350, "price_old": 200, "width_m": 6, "pt_i": 1 }, "geometry": { "type": "Point", "coordinates": [ 99.92782490111604, 15.520147888476357 ] } },
{ "type": "Feature", "properties": { "road_key": "61000000ST053", "road_name": "ถนนสายบ้านเขาน้อย-บ้านโคกหม้อ", "road_no": "0", "aumpher": "อำเภอทัพทัน", "office": "สาขาเมือง", "branch_code": "61000000", "name_short": "None", "price_new": 350, "price_old": 200, "width_m": 6, "pt_i": 2 }, "geometry": { "type": "Point", "coordinates": [ 99.926861802863186, 15.520699938120755 ] } },
{ "type": "Feature", "properties": { "road_key": "61000000ST053", "road_name": "ถนนสายบ้านเขาน้อย-บ้านโคกหม้อ", "road_no": "0", "aumpher": "อำเภอทัพทัน", "office": "สาขาเมือง", "branch_code": "61000000", "name_short": "None", "price_new": 350, "price_old": 200, "width_m": 6, "pt_i": 3 }, "geometry": { "type": "Point", "coordinates": [ 99.925907438034017, 15.521265630973975 ] } },
{ "type": "Feature", "properties": { "road_key": "61000000ST053", "road_name": "ถนนสายบ้านเขาน้อย-บ้านโคกหม้อ", "road_no": "0", "aumpher": "อำเภอทัพทัน", "office": "สาขาเมือง", "branch_code": "61000000", "name_short": "None", "price_new": 350, "price_old": 200, "width_m": 6, "pt_i": 4 }, "geometry": { "type": "Point", "coordinates": [ 99.924961713009893, 15.521843607249691 ] } },
{ "type": "Feature", "properties": { "road_key": "61000000ST053", "road_name": "ถนนสายบ้านเขาน้อย-บ้านโคกหม้อ", "road_no": "0", "aumpher": "อำเภอทัพทัน", "office": "สาขาเมือง", "branch_code": "61000000", "name_short": "None", "price_new": 350, "price_old": 200, "width_m": 6, "pt_i": 5 }, "geometry": { "type": "Point", "coordinates": [ 99.923956490282094, 15.522319875655462 ] } },
{ "type": "Feature", "properties": { "road_key": "61000000ST053", "road_name": "ถนนสายบ้านเขาน้อย-บ้านโคกหม้อ", "road_no": "0", "aumpher": "อำเภอทัพทัน", "office": "สาขาเมือง", "branch_code": "61000000", "name_short": "None", "price_new": 350, "price_old": 200, "width_m": 6, "pt_i": 6 }, "geometry": { "type": "Point", "coordinates": [ 99.923012011223506, 15.522898375769357 ] } },
{ "type": "Feature", "properties": { "road_key": "61000000ST053", "road_name": "ถนนสายบ้านเขาน้อย-บ้านโคกหม้อ", "road_no": "0", "aumpher": "อำเภอทัพทัน", "office": "สาขาเมือง", "branch_code": "61000000", "name_short": "None", "price_new": 350, "price_old": 200, "width_m": 6, "pt_i": 7 }, "geometry": { "type": "Point", "coordinates": [ 99.922063461164285, 15.523472898014521 ] } },
{ "type": "Feature", "properties": { "road_key": "61000000ST053", "road_name": "ถนนสายบ้านเขาน้อย-บ้านโคกหม้อ", "road_no": "0", "aumpher": "อำเภอทัพทัน", "office": "สาขาเมือง", "branch_code": "61000000", "name_short": "None", "price_new": 350, "price_old": 200, "width_m": 6, "pt_i": 8 }, "geometry": { "type": "Point", "coordinates": [ 99.92108356214834, 15.523995426004051 ] } },
{ "type": "Feature", "properties": { "road_key": "61000000ST053", "road_name": "ถนนสายบ้านเขาน้อย-บ้านโคกหม้อ", "road_no": "0", "aumpher": "อำเภอทัพทัน", "office": "สาขาเมือง", "branch_code": "61000000", "name_short": "None", "price_new": 350, "price_old": 200, "width_m": 6, "pt_i": 9 }, "geometry": { "type": "Point", "coordinates": [ 99.920088825262141, 15.524491981210714 ] } },
{ "type": "Feature", "properties": { "road_key": "61000000ST053", "road_name": "ถนนสายบ้านเขาน้อย-บ้านโคกหม้อ", "road_no": "0", "aumpher": "อำเภอทัพทัน", "office": "สาขาเมือง", "branch_code": "61000000", "name_short": "None", "price_new": 350, "price_old": 200, "width_m": 6, "pt_i": 10 }, "geometry": { "type": "Point", "coordinates": [ 99.919087987061872, 15.524975396057409 ] } },
{ "type": "Feature", "properties": { "road_key": "61000000ST053", "road_name": "ถนนสายบ้านเขาน้อย-บ้านโคกหม้อ", "road_no": "0", "aumpher": "อำเภอทัพทัน", "office": "สาขาเมือง", "branch_code": "61000000", "name_short": "None", "price_new": 350, "price_old": 200, "width_m": 6, "pt_i": 11 }, "geometry": { "type": "Point", "coordinates": [ 99.918059439561574, 15.525402271263362 ] } },
{ "type": "Feature", "properties": { "road_key": "61000000ST053", "road_name": "ถนนสายบ้านเขาน้อย-บ้านโคกหม้อ", "road_no": "0", "aumpher": "อำเภอทัพทัน", "office": "สาขาเมือง", "branch_code": "61000000", "name_short": "None", "price_new": 350, "price_old": 200, "width_m": 6, "pt_i": 12 }, "geometry": { "type": "Point", "coordinates": [ 99.917143414872314, 15.526013241190084 ] } },
{ "type": "Feature", "properties": { "road_key": "61000000ST053", "road_name": "ถนนสายบ้านเขาน้อย-บ้านโคกหม้อ", "road_no": "0", "aumpher": "อำเภอทัพทัน", "office": "สาขาเมือง", "branch_code": "61000000", "name_short": "None", "price_new": 350, "price_old": 200, "width_m": 6, "pt_i": 13 }, "geometry": { "type": "Point", "coordinates": [ 99.91626161101226, 15.526680920862447 ] } },
{ "type": "Feature", "properties": { "road_key": "61000000ST053", "road_name": "ถนนสายบ้านเขาน้อย-บ้านโคกหม้อ", "road_no": "0", "aumpher": "อำเภอทัพทัน", "office": "สาขาเมือง", "branch_code": "61000000", "name_short": "None", "price_new": 350, "price_old": 200, "width_m": 6, "pt_i": 14 }, "geometry": { "type": "Point", "coordinates": [ 99.915379844030909, 15.527348650207747 ] } },
{ "type": "Feature", "properties": { "road_key": "61000000ST053", "road_name": "ถนนสายบ้านเขาน้อย-บ้านโคกหม้อ", "road_no": "0", "aumpher": "อำเภอทัพทัน", "office": "สาขาเมือง", "branch_code": "61000000", "name_short": "None", "price_new": 350, "price_old": 200, "width_m": 6, "pt_i": 15 }, "geometry": { "type": "Point", "coordinates": [ 99.914504241985242, 15.528023727484435 ] } },
{ "type": "Feature", "properties": { "road_key": "61000000ST053", "road_name": "ถนนสายบ้านเขาน้อย-บ้านโคกหม้อ", "road_no": "0", "aumpher": "อำเภอทัพทัน", "office": "สาขาเมือง", "branch_code": "61000000", "name_short": "None", "price_new": 350, "price_old": 200, "width_m": 6, "pt_i": 16 }, "geometry": { "type": "Point", "coordinates": [ 99.913650769862272, 15.52872517208039 ] } },
{ "type": "Feature", "properties": { "road_key": "61000000ST053", "road_name": "ถนนสายบ้านเขาน้อย-บ้านโคกหม้อ", "road_no": "0", "aumpher": "อำเภอทัพทัน", "office": "สาขาเมือง", "branch_code": "61000000", "name_short": "None", "price_new": 350, "price_old": 200, "width_m": 6, "pt_i": 17 }, "geometry": { "type": "Point", "coordinates": [ 99.912797291914075, 15.529426613643016 ] } },
{ "type": "Feature", "properties": { "road_key": "61000000ST053", "road_name": "ถนนสายบ้านเขาน้อย-บ้านโคกหม้อ", "road_no": "0", "aumpher": "อำเภอทัพทัน", "office": "สาขาเมือง", "branch_code": "61000000", "name_short": "None", "price_new": 350, "price_old": 200, "width_m": 6, "pt_i": 18 }, "geometry": { "type": "Point", "coordinates": [ 99.91193004804343, 15.53011175529509 ] } },
{ "type": "Feature", "properties": { "road_key": "61000000ST053", "road_name": "ถนนสายบ้านเขาน้อย-บ้านโคกหม้อ", "road_no": "0", "aumpher": "อำเภอทัพทัน", "office": "สาขาเมือง", "branch_code": "61000000", "name_short": "None", "price_new": 350, "price_old": 200, "width_m": 6, "pt_i": 19 }, "geometry": { "type": "Point", "coordinates": [ 99.91105222304995, 15.530784368775029 ] } },
{ "type": "Feature", "properties": { "road_key": "61000000ST053", "road_name": "ถนนสายบ้านเขาน้อย-บ้านโคกหม้อ", "road_no": "0", "aumpher": "อำเภอทัพทัน", "office": "สาขาเมือง", "branch_code": "61000000", "name_short": "None", "price_new": 350, "price_old": 200, "width_m": 6, "pt_i": 20 }, "geometry": { "type": "Point", "coordinates": [ 99.910174392288098, 15.531456979028553 ] } },
{ "type": "Feature", "properties": { "road_key": "61000000ST053", "road_name": "ถนนสายบ้านเขาน้อย-บ้านโคกหม้อ", "road_no": "0", "aumpher": "อำเภอทัพทัน", "office": "สาขาเมือง", "branch_code": "61000000", "name_short": "None", "price_new": 350, "price_old": 200, "width_m": 6, "pt_i": 21 }, "geometry": { "type": "Point", "coordinates": [ 99.909298381732427, 15.532131811857106 ] } },
{ "type": "Feature", "properties": { "road_key": "61000000ST053", "road_name": "ถนนสายบ้านเขาน้อย-บ้านโคกหม้อ", "road_no": "0", "aumpher": "อำเภอทัพทัน", "office": "สาขาเมือง", "branch_code": "61000000", "name_short": "None", "price_new": 350, "price_old": 200, "width_m": 6, "pt_i": 22 }, "geometry": { "type": "Point", "coordinates": [ 99.908468276522967, 15.532857622351125 ] } },
{ "type": "Feature", "properties": { "road_key": "61000000ST053", "road_name": "ถนนสายบ้านเขาน้อย-บ้านโคกหม้อ", "road_no": "0", "aumpher": "อำเภอทัพทัน", "office": "สาขาเมือง", "branch_code": "61000000", "name_short": "None", "price_new": 350, "price_old": 200, "width_m": 6, "pt_i": 23 }, "geometry": { "type": "Point", "coordinates": [ 99.907667547974, 15.533615181541625 ] } },
{ "type": "Feature", "properties": { "road_key": "61000000ST053", "road_name": "ถนนสายบ้านเขาน้อย-บ้านโคกหม้อ", "road_no": "0", "aumpher": "อำเภอทัพทัน", "office": "สาขาเมือง", "branch_code": "61000000", "name_short": "None", "price_new": 350, "price_old": 200, "width_m": 6, "pt_i": 24 }, "geometry": { "type": "Point", "coordinates": [ 99.906883797655397, 15.534389358460645 ] } },
{ "type": "Feature", "properties": { "road_key": "61000000ST053", "road_name": "ถนนสายบ้านเขาน้อย-บ้านโคกหม้อ", "road_no": "0", "aumpher": "อำเภอทัพทัน", "office": "สาขาเมือง", "branch_code": "61000000", "name_short": "None", "price_new": 350, "price_old": 200, "width_m": 6, "pt_i": 25 }, "geometry": { "type": "Point", "coordinates": [ 99.906305368252987, 15.535306638203556 ] } },
{ "type": "Feature", "properties": { "road_key": "61000000ST053", "road_name": "ถนนสายบ้านเขาน้อย-บ้านโคกหม้อ", "road_no": "0", "aumpher": "อำเภอทัพทัน", "office": "สาขาเมือง", "branch_code": "61000000", "name_short": "None", "price_new": 350, "price_old": 200, "width_m": 6, "pt_i": 26 }, "geometry": { "type": "Point", "coordinates": [ 99.905411937676419, 15.535935455588726 ] } },
{ "type": "Feature", "properties": { "road_key": "61000000ST055", "road_name": "ถนนสายบ้านคอดยาง-บ้านสวนขวัญ", "road_no": "0", "aumpher": "อำเภอทัพทัน", "office": "สาขาเมือง", "branch_code": "61000000", "name_short": "None", "price_new": 350, "price_old": 200, "width_m": 6, "pt_i": 0 }, "geometry": { "type": "Point", "coordinates": [ 99.752655634783949, 15.527423259486774 ] } },
{ "type": "Feature", "properties": { "road_key": "61000000ST055", "road_name": "ถนนสายบ้านคอดยาง-บ้านสวนขวัญ", "road_no": "0", "aumpher": "อำเภอทัพทัน", "office": "สาขาเมือง", "branch_code": "61000000", "name_short": "None", "price_new": 350, "price_old": 200, "width_m": 6, "pt_i": 1 }, "geometry": { "type": "Point", "coordinates": [ 99.751637064511129, 15.527872244456185 ] } },
{ "type": "Feature", "properties": { "road_key": "61000000ST055", "road_name": "ถนนสายบ้านคอดยาง-บ้านสวนขวัญ", "road_no": "0", "aumpher": "อำเภอทัพทัน", "office": "สาขาเมือง", "branch_code": "61000000", "name_short": "None", "price_new": 350, "price_old": 200, "width_m": 6, "pt_i": 2 }, "geometry": { "type": "Point", "coordinates": [ 99.750621955451138, 15.528328520190124 ] } },
{ "type": "Feature", "properties": { "road_key": "61000000ST055", "road_name": "ถนนสายบ้านคอดยาง-บ้านสวนขวัญ", "road_no": "0", "aumpher": "อำเภอทัพทัน", "office": "สาขาเมือง", "branch_code": "61000000", "name_short": "None", "price_new": 350, "price_old": 200, "width_m": 6, "pt_i": 3 }, "geometry": { "type": "Point", "coordinates": [ 99.749607983266259, 15.528787194271979 ] } },
{ "type": "Feature", "properties": { "road_key": "61000000ST055", "road_name": "ถนนสายบ้านคอดยาง-บ้านสวนขวัญ", "road_no": "0", "aumpher": "อำเภอทัพทัน", "office": "สาขาเมือง", "branch_code": "61000000", "name_short": "None", "price_new": 350, "price_old": 200, "width_m": 6, "pt_i": 4 }, "geometry": { "type": "Point", "coordinates": [ 99.748532182532799, 15.529051867616172 ] } },
{ "type": "Feature", "properties": { "road_key": "61000000ST055", "road_name": "ถนนสายบ้านคอดยาง-บ้านสวนขวัญ", "road_no": "0", "aumpher": "อำเภอทัพทัน", "office": "สาขาเมือง", "branch_code": "61000000", "name_short": "None", "price_new": 350, "price_old": 200, "width_m": 6, "pt_i": 5 }, "geometry": { "type": "Point", "coordinates": [ 99.747458148331248, 15.529355221142181 ] } },
{ "type": "Feature", "properties": { "road_key": "61000000ST055", "road_name": "ถนนสายบ้านคอดยาง-บ้านสวนขวัญ", "road_no": "0", "aumpher": "อำเภอทัพทัน", "office": "สาขาเมือง", "branch_code": "61000000", "name_short": "None", "price_new": 350, "price_old": 200, "width_m": 6, "pt_i": 6 }, "geometry": { "type": "Point", "coordinates": [ 99.746379549797098, 15.529643795473266 ] } },
{ "type": "Feature", "properties": { "road_key": "61000000ST055", "road_name": "ถนนสายบ้านคอดยาง-บ้านสวนขวัญ", "road_no": "0", "aumpher": "อำเภอทัพทัน", "office": "สาขาเมือง", "branch_code": "61000000", "name_short": "None", "price_new": 350, "price_old": 200, "width_m": 6, "pt_i": 7 }, "geometry": { "type": "Point", "coordinates": [ 99.745300759466332, 15.529931701345189 ] } },
{ "type": "Feature", "properties": { "road_key": "61000000ST055", "road_name": "ถนนสายบ้านคอดยาง-บ้านสวนขวัญ", "road_no": "0", "aumpher": "อำเภอทัพทัน", "office": "สาขาเมือง", "branch_code": "61000000", "name_short": "None", "price_new": 350, "price_old": 200, "width_m": 6, "pt_i": 8 }, "geometry": { "type": "Point", "coordinates": [ 99.744197691759666, 15.530080766015161 ] } },
{ "type": "Feature", "properties": { "road_key": "61000000ST055", "road_name": "ถนนสายบ้านคอดยาง-บ้านสวนขวัญ", "road_no": "0", "aumpher": "อำเภอทัพทัน", "office": "สาขาเมือง", "branch_code": "61000000", "name_short": "None", "price_new": 350, "price_old": 200, "width_m": 6, "pt_i": 9 }, "geometry": { "type": "Point", "coordinates": [ 99.743080243552384, 15.530115764338428 ] } },
{ "type": "Feature", "properties": { "road_key": "61000000ST055", "road_name": "ถนนสายบ้านคอดยาง-บ้านสวนขวัญ", "road_no": "0", "aumpher": "อำเภอทัพทัน", "office": "สาขาเมือง", "branch_code": "61000000", "name_short": "None", "price_new": 350, "price_old": 200, "width_m": 6, "pt_i": 10 }, "geometry": { "type": "Point", "coordinates": [ 99.741993770557201, 15.529886043663614 ] } },
{ "type": "Feature", "properties": { "road_key": "61000000ST055", "road_name": "ถนนสายบ้านคอดยาง-บ้านสวนขวัญ", "road_no": "0", "aumpher": "อำเภอทัพทัน", "office": "สาขาเมือง", "branch_code": "61000000", "name_short": "None", "price_new": 350, "price_old": 200, "width_m": 6, "pt_i": 11 }, "geometry": { "type": "Point", "coordinates": [ 99.740938024129434, 15.53016795930519 ] } },
{ "type": "Feature", "properties": { "road_key": "61000000ST055", "road_name": "ถนนสายบ้านคอดยาง-บ้านสวนขวัญ", "road_no": "0", "aumpher": "อำเภอทัพทัน", "office": "สาขาเมือง", "branch_code": "61000000", "name_short": "None", "price_new": 350, "price_old": 200, "width_m": 6, "pt_i": 12 }, "geometry": { "type": "Point", "coordinates": [ 99.739915752454465, 15.530609001906496 ] } },
{ "type": "Feature", "properties": { "road_key": "61000000ST055", "road_name": "ถนนสายบ้านคอดยาง-บ้านสวนขวัญ", "road_no": "0", "aumpher": "อำเภอทัพทัน", "office": "สาขาเมือง", "branch_code": "61000000", "name_short": "None", "price_new": 350, "price_old": 200, "width_m": 6, "pt_i": 13 }, "geometry": { "type": "Point", "coordinates": [ 99.738893476255924, 15.531050039944674 ] } },
{ "type": "Feature", "properties": { "road_key": "61000000ST055", "road_name": "ถนนสายบ้านคอดยาง-บ้านสวนขวัญ", "road_no": "0", "aumpher": "อำเภอทัพทัน", "office": "สาขาเมือง", "branch_code": "61000000", "name_short": "None", "price_new": 350, "price_old": 200, "width_m": 6, "pt_i": 14 }, "geometry": { "type": "Point", "coordinates": [ 99.737868046506136, 15.531481959579176 ] } },
{ "type": "Feature", "properties": { "road_key": "61000000ST055", "road_name": "ถนนสายบ้านคอดยาง-บ้านสวนขวัญ", "road_no": "0", "aumpher": "อำเภอทัพทัน", "office": "สาขาเมือง", "branch_code": "61000000", "name_short": "None", "price_new": 350, "price_old": 200, "width_m": 6, "pt_i": 15 }, "geometry": { "type": "Point", "coordinates": [ 99.736806268042713, 15.531824146217044 ] } },
{ "type": "Feature", "properties": { "road_key": "61000000ST055", "road_name": "ถนนสายบ้านคอดยาง-บ้านสวนขวัญ", "road_no": "0", "aumpher": "อำเภอทัพทัน", "office": "สาขาเมือง", "branch_code": "61000000", "name_short": "None", "price_new": 350, "price_old": 200, "width_m": 6, "pt_i": 16 }, "geometry": { "type": "Point", "coordinates": [ 99.735776194030237, 15.532247802573041 ] } },
{ "type": "Feature", "properties": { "road_key": "61000000ST055", "road_name": "ถนนสายบ้านคอดยาง-บ้านสวนขวัญ", "road_no": "0", "aumpher": "อำเภอทัพทัน", "office": "สาขาเมือง", "branch_code": "61000000", "name_short": "None", "price_new": 350, "price_old": 200, "width_m": 6, "pt_i": 17 }, "geometry": { "type": "Point", "coordinates": [ 99.734746115627516, 15.532671454287122 ] } },
{ "type": "Feature", "properties": { "road_key": "61000000ST055", "road_name": "ถนนสายบ้านคอดยาง-บ้านสวนขวัญ", "road_no": "0", "aumpher": "อำเภอทัพทัน", "office": "สาขาเมือง", "branch_code": "61000000", "name_short": "None", "price_new": 350, "price_old": 200, "width_m": 6, "pt_i": 18 }, "geometry": { "type": "Point", "coordinates": [ 99.733709964639004, 15.533080848345236 ] } },
{ "type": "Feature", "properties": { "road_key": "61000000ST055", "road_name": "ถนนสายบ้านคอดยาง-บ้านสวนขวัญ", "road_no": "0", "aumpher": "อำเภอทัพทัน", "office": "สาขาเมือง", "branch_code": "61000000", "name_short": "None", "price_new": 350, "price_old": 200, "width_m": 6, "pt_i": 19 }, "geometry": { "type": "Point", "coordinates": [ 99.732671562685326, 15.53348496060563 ] } },
{ "type": "Feature", "properties": { "road_key": "61000000ST055", "road_name": "ถนนสายบ้านคอดยาง-บ้านสวนขวัญ", "road_no": "0", "aumpher": "อำเภอทัพทัน", "office": "สาขาเมือง", "branch_code": "61000000", "name_short": "None", "price_new": 350, "price_old": 200, "width_m": 6, "pt_i": 20 }, "geometry": { "type": "Point", "coordinates": [ 99.731624277278101, 15.533866167314544 ] } },
{ "type": "Feature", "properties": { "road_key": "61000000ST055", "road_name": "ถนนสายบ้านคอดยาง-บ้านสวนขวัญ", "road_no": "0", "aumpher": "อำเภอทัพทัน", "office": "สาขาเมือง", "branch_code": "61000000", "name_short": "None", "price_new": 350, "price_old": 200, "width_m": 6, "pt_i": 21 }, "geometry": { "type": "Point", "coordinates": [ 99.730568423319241, 15.534225279785195 ] } },
{ "type": "Feature", "properties": { "road_key": "61000000ST055", "road_name": "ถนนสายบ้านคอดยาง-บ้านสวนขวัญ", "road_no": "0", "aumpher": "อำเภอทัพทัน", "office": "สาขาเมือง", "branch_code": "61000000", "name_short": "None", "price_new": 350, "price_old": 200, "width_m": 6, "pt_i": 22 }, "geometry": { "type": "Point", "coordinates": [ 99.729512565500443, 15.534584387349103 ] } },
{ "type": "Feature", "properties": { "road_key": "61000000ST055", "road_name": "ถนนสายบ้านคอดยาง-บ้านสวนขวัญ", "road_no": "0", "aumpher": "อำเภอทัพทัน", "office": "สาขาเมือง", "branch_code": "61000000", "name_short": "None", "price_new": 350, "price_old": 200, "width_m": 6, "pt_i": 23 }, "geometry": { "type": "Point", "coordinates": [ 99.728456703821919, 15.534943490005896 ] } },
{ "type": "Feature", "properties": { "road_key": "61000000ST055", "road_name": "ถนนสายบ้านคอดยาง-บ้านสวนขวัญ", "road_no": "0", "aumpher": "อำเภอทัพทัน", "office": "สาขาเมือง", "branch_code": "61000000", "name_short": "None", "price_new": 350, "price_old": 200, "width_m": 6, "pt_i": 24 }, "geometry": { "type": "Point", "coordinates": [ 99.727407856916813, 15.535319402795482 ] } },
{ "type": "Feature", "properties": { "road_key": "61000000ST055", "road_name": "ถนนสายบ้านคอดยาง-บ้านสวนขวัญ", "road_no": "0", "aumpher": "อำเภอทัพทัน", "office": "สาขาเมือง", "branch_code": "61000000", "name_short": "None", "price_new": 350, "price_old": 200, "width_m": 6, "pt_i": 25 }, "geometry": { "type": "Point", "coordinates": [ 99.726378463574392, 15.535744222296435 ] } },
{ "type": "Feature", "properties": { "road_key": "61000000ST055", "road_name": "ถนนสายบ้านคอดยาง-บ้านสวนขวัญ", "road_no": "0", "aumpher": "อำเภอทัพทัน", "office": "สาขาเมือง", "branch_code": "61000000", "name_short": "None", "price_new": 350, "price_old": 200, "width_m": 6, "pt_i": 26 }, "geometry": { "type": "Point", "coordinates": [ 99.725345910347912, 15.536161905738746 ] } },
{ "type": "Feature", "properties": { "road_key": "61000000ST055", "road_name": "ถนนสายบ้านคอดยาง-บ้านสวนขวัญ", "road_no": "0", "aumpher": "อำเภอทัพทัน", "office": "สาขาเมือง", "branch_code": "61000000", "name_short": "None", "price_new": 350, "price_old": 200, "width_m": 6, "pt_i": 27 }, "geometry": { "type": "Point", "coordinates": [ 99.724330946792108, 15.536615851007957 ] } },
{ "type": "Feature", "properties": { "road_key": "61000000ST055", "road_name": "ถนนสายบ้านคอดยาง-บ้านสวนขวัญ", "road_no": "0", "aumpher": "อำเภอทัพทัน", "office": "สาขาเมือง", "branch_code": "61000000", "name_short": "None", "price_new": 350, "price_old": 200, "width_m": 6, "pt_i": 28 }, "geometry": { "type": "Point", "coordinates": [ 99.723278365557036, 15.536983906632637 ] } },
{ "type": "Feature", "properties": { "road_key": "61000000ST055", "road_name": "ถนนสายบ้านคอดยาง-บ้านสวนขวัญ", "road_no": "0", "aumpher": "อำเภอทัพทัน", "office": "สาขาเมือง", "branch_code": "61000000", "name_short": "None", "price_new": 350, "price_old": 200, "width_m": 6, "pt_i": 29 }, "geometry": { "type": "Point", "coordinates": [ 99.722221173159895, 15.537339235498036 ] } },
{ "type": "Feature", "properties": { "road_key": "61000000ST055", "road_name": "ถนนสายบ้านคอดยาง-บ้านสวนขวัญ", "road_no": "0", "aumpher": "อำเภอทัพทัน", "office": "สาขาเมือง", "branch_code": "61000000", "name_short": "None", "price_new": 350, "price_old": 200, "width_m": 6, "pt_i": 30 }, "geometry": { "type": "Point", "coordinates": [ 99.721202736993845, 15.537771245007567 ] } },
{ "type": "Feature", "properties": { "road_key": "61000000ST055", "road_name": "ถนนสายบ้านคอดยาง-บ้านสวนขวัญ", "road_no": "0", "aumpher": "อำเภอทัพทัน", "office": "สาขาเมือง", "branch_code": "61000000", "name_short": "None", "price_new": 350, "price_old": 200, "width_m": 6, "pt_i": 31 }, "geometry": { "type": "Point", "coordinates": [ 99.720309170565912, 15.538421967007229 ] } },
{ "type": "Feature", "properties": { "road_key": "61000000ST055", "road_name": "ถนนสายบ้านคอดยาง-บ้านสวนขวัญ", "road_no": "0", "aumpher": "อำเภอทัพทัน", "office": "สาขาเมือง", "branch_code": "61000000", "name_short": "None", "price_new": 350, "price_old": 200, "width_m": 6, "pt_i": 32 }, "geometry": { "type": "Point", "coordinates": [ 99.719410953510206, 15.539067039092847 ] } },
{ "type": "Feature", "properties": { "road_key": "61000000ST055", "road_name": "ถนนสายบ้านคอดยาง-บ้านสวนขวัญ", "road_no": "0", "aumpher": "อำเภอทัพทัน", "office": "สาขาเมือง", "branch_code": "61000000", "name_short": "None", "price_new": 350, "price_old": 200, "width_m": 6, "pt_i": 33 }, "geometry": { "type": "Point", "coordinates": [ 99.718448551283544, 15.539620475036807 ] } },
{ "type": "Feature", "properties": { "road_key": "61000000ST055", "road_name": "ถนนสายบ้านคอดยาง-บ้านสวนขวัญ", "road_no": "0", "aumpher": "อำเภอทัพทัน", "office": "สาขาเมือง", "branch_code": "61000000", "name_short": "None", "price_new": 350, "price_old": 200, "width_m": 6, "pt_i": 34 }, "geometry": { "type": "Point", "coordinates": [ 99.717482680504531, 15.540168066441412 ] } },
{ "type": "Feature", "properties": { "road_key": "61000000ST055", "road_name": "ถนนสายบ้านคอดยาง-บ้านสวนขวัญ", "road_no": "0", "aumpher": "อำเภอทัพทัน", "office": "สาขาเมือง", "branch_code": "61000000", "name_short": "None", "price_new": 350, "price_old": 200, "width_m": 6, "pt_i": 35 }, "geometry": { "type": "Point", "coordinates": [ 99.716507563168491, 15.540699960080723 ] } },
{ "type": "Feature", "properties": { "road_key": "61000000ST055", "road_name": "ถนนสายบ้านคอดยาง-บ้านสวนขวัญ", "road_no": "0", "aumpher": "อำเภอทัพทัน", "office": "สาขาเมือง", "branch_code": "61000000", "name_short": "None", "price_new": 350, "price_old": 200, "width_m": 6, "pt_i": 36 }, "geometry": { "type": "Point", "coordinates": [ 99.715558271034482, 15.541274293875469 ] } },
{ "type": "Feature", "properties": { "road_key": "61000000ST055", "road_name": "ถนนสายบ้านคอดยาง-บ้านสวนขวัญ", "road_no": "0", "aumpher": "อำเภอทัพทัน", "office": "สาขาเมือง", "branch_code": "61000000", "name_short": "None", "price_new": 350, "price_old": 200, "width_m": 6, "pt_i": 37 }, "geometry": { "type": "Point", "coordinates": [ 99.71455722934202, 15.541746442311984 ] } },
{ "type": "Feature", "properties": { "road_key": "61000000ST055", "road_name": "ถนนสายบ้านคอดยาง-บ้านสวนขวัญ", "road_no": "0", "aumpher": "อำเภอทัพทัน", "office": "สาขาเมือง", "branch_code": "61000000", "name_short": "None", "price_new": 350, "price_old": 200, "width_m": 6, "pt_i": 38 }, "geometry": { "type": "Point", "coordinates": [ 99.713457948251531, 15.541913126896217 ] } },
{ "type": "Feature", "properties": { "road_key": "61000000ST055", "road_name": "ถนนสายบ้านคอดยาง-บ้านสวนขวัญ", "road_no": "0", "aumpher": "อำเภอทัพทัน", "office": "สาขาเมือง", "branch_code": "61000000", "name_short": "None", "price_new": 350, "price_old": 200, "width_m": 6, "pt_i": 39 }, "geometry": { "type": "Point", "coordinates": [ 99.712339528699829, 15.541878533616496 ] } },
{ "type": "Feature", "properties": { "road_key": "61000000ST055", "road_name": "ถนนสายบ้านคอดยาง-บ้านสวนขวัญ", "road_no": "0", "aumpher": "อำเภอทัพทัน", "office": "สาขาเมือง", "branch_code": "61000000", "name_short": "None", "price_new": 350, "price_old": 200, "width_m": 6, "pt_i": 40 }, "geometry": { "type": "Point", "coordinates": [ 99.711220823457467, 15.541891827386431 ] } },
{ "type": "Feature", "properties": { "road_key": "61000000ST055", "road_name": "ถนนสายบ้านคอดยาง-บ้านสวนขวัญ", "road_no": "0", "aumpher": "อำเภอทัพทัน", "office": "สาขาเมือง", "branch_code": "61000000", "name_short": "None", "price_new": 350, "price_old": 200, "width_m": 6, "pt_i": 41 }, "geometry": { "type": "Point", "coordinates": [ 99.710330408877041, 15.541666380683061 ] } },
{ "type": "Feature", "properties": { "road_key": "61000000ST055", "road_name": "ถนนสายบ้านคอดยาง-บ้านสวนขวัญ", "road_no": "0", "aumpher": "อำเภอทัพทัน", "office": "สาขาเมือง", "branch_code": "61000000", "name_short": "None", "price_new": 350, "price_old": 200, "width_m": 6, "pt_i": 42 }, "geometry": { "type": "Point", "coordinates": [ 99.710289671904718, 15.540582921837659 ] } },
{ "type": "Feature", "properties": { "road_key": "61000000ST055", "road_name": "ถนนสายบ้านคอดยาง-บ้านสวนขวัญ", "road_no": "0", "aumpher": "อำเภอทัพทัน", "office": "สาขาเมือง", "branch_code": "61000000", "name_short": "None", "price_new": 350, "price_old": 200, "width_m": 6, "pt_i": 43 }, "geometry": { "type": "Point", "coordinates": [ 99.709514377848805, 15.540226418202634 ] } },
{ "type": "Feature", "properties": { "road_key": "61000000ST055", "road_name": "ถนนสายบ้านคอดยาง-บ้านสวนขวัญ", "road_no": "0", "aumpher": "อำเภอทัพทัน", "office": "สาขาเมือง", "branch_code": "61000000", "name_short": "None", "price_new": 350, "price_old": 200, "width_m": 6, "pt_i": 44 }, "geometry": { "type": "Point", "coordinates": [ 99.708395918645024, 15.540259358960213 ] } },
{ "type": "Feature", "properties": { "road_key": "61000000ST055", "road_name": "ถนนสายบ้านคอดยาง-บ้านสวนขวัญ", "road_no": "0", "aumpher": "อำเภอทัพทัน", "office": "สาขาเมือง", "branch_code": "61000000", "name_short": "None", "price_new": 350, "price_old": 200, "width_m": 6, "pt_i": 45 }, "geometry": { "type": "Point", "coordinates": [ 99.707279517651742, 15.540332161838235 ] } },
{ "type": "Feature", "properties": { "road_key": "61000000ST055", "road_name": "ถนนสายบ้านคอดยาง-บ้านสวนขวัญ", "road_no": "0", "aumpher": "อำเภอทัพทัน", "office": "สาขาเมือง", "branch_code": "61000000", "name_short": "None", "price_new": 350, "price_old": 200, "width_m": 6, "pt_i": 46 }, "geometry": { "type": "Point", "coordinates": [ 99.706169861058498, 15.540471783600005 ] } },
{ "type": "Feature", "properties": { "road_key": "61000000ST055", "road_name": "ถนนสายบ้านคอดยาง-บ้านสวนขวัญ", "road_no": "0", "aumpher": "อำเภอทัพทัน", "office": "สาขาเมือง", "branch_code": "61000000", "name_short": "None", "price_new": 350, "price_old": 200, "width_m": 6, "pt_i": 47 }, "geometry": { "type": "Point", "coordinates": [ 99.70505983191515, 15.540608165573779 ] } },
{ "type": "Feature", "properties": { "road_key": "61000000ST055", "road_name": "ถนนสายบ้านคอดยาง-บ้านสวนขวัญ", "road_no": "0", "aumpher": "อำเภอทัพทัน", "office": "สาขาเมือง", "branch_code": "61000000", "name_short": "None", "price_new": 350, "price_old": 200, "width_m": 6, "pt_i": 48 }, "geometry": { "type": "Point", "coordinates": [ 99.70423956416461, 15.540333604955682 ] } },
{ "type": "Feature", "properties": { "road_key": "61000000ST055", "road_name": "ถนนสายบ้านคอดยาง-บ้านสวนขวัญ", "road_no": "0", "aumpher": "อำเภอทัพทัน", "office": "สาขาเมือง", "branch_code": "61000000", "name_short": "None", "price_new": 350, "price_old": 200, "width_m": 6, "pt_i": 49 }, "geometry": { "type": "Point", "coordinates": [ 99.703932197703566, 15.539290514447057 ] } },
{ "type": "Feature", "properties": { "road_key": "61000000ST055", "road_name": "ถนนสายบ้านคอดยาง-บ้านสวนขวัญ", "road_no": "0", "aumpher": "อำเภอทัพทัน", "office": "สาขาเมือง", "branch_code": "61000000", "name_short": "None", "price_new": 350, "price_old": 200, "width_m": 6, "pt_i": 50 }, "geometry": { "type": "Point", "coordinates": [ 99.703562084117536, 15.538274430190768 ] } },
{ "type": "Feature", "properties": { "road_key": "61000000ST055", "road_name": "ถนนสายบ้านคอดยาง-บ้านสวนขวัญ", "road_no": "0", "aumpher": "อำเภอทัพทัน", "office": "สาขาเมือง", "branch_code": "61000000", "name_short": "None", "price_new": 350, "price_old": 200, "width_m": 6, "pt_i": 51 }, "geometry": { "type": "Point", "coordinates": [ 99.703015374865984, 15.537331800875224 ] } },
{ "type": "Feature", "properties": { "road_key": "61000000ST055", "road_name": "ถนนสายบ้านคอดยาง-บ้านสวนขวัญ", "road_no": "0", "aumpher": "อำเภอทัพทัน", "office": "สาขาเมือง", "branch_code": "61000000", "name_short": "None", "price_new": 350, "price_old": 200, "width_m": 6, "pt_i": 52 }, "geometry": { "type": "Point", "coordinates": [ 99.702281252335723, 15.536556785279345 ] } },
{ "type": "Feature", "properties": { "road_key": "61000000ST055", "road_name": "ถนนสายบ้านคอดยาง-บ้านสวนขวัญ", "road_no": "0", "aumpher": "อำเภอทัพทัน", "office": "สาขาเมือง", "branch_code": "61000000", "name_short": "None", "price_new": 350, "price_old": 200, "width_m": 6, "pt_i": 53 }, "geometry": { "type": "Point", "coordinates": [ 99.701368369841802, 15.535939988726899 ] } },
{ "type": "Feature", "properties": { "road_key": "61000000ST055", "road_name": "ถนนสายบ้านคอดยาง-บ้านสวนขวัญ", "road_no": "0", "aumpher": "อำเภอทัพทัน", "office": "สาขาเมือง", "branch_code": "61000000", "name_short": "None", "price_new": 350, "price_old": 200, "width_m": 6, "pt_i": 54 }, "geometry": { "type": "Point", "coordinates": [ 99.700718646105258, 15.535142859972579 ] } },
{ "type": "Feature", "properties": { "road_key": "61000000ST055", "road_name": "ถนนสายบ้านคอดยาง-บ้านสวนขวัญ", "road_no": "0", "aumpher": "อำเภอทัพทัน", "office": "สาขาเมือง", "branch_code": "61000000", "name_short": "None", "price_new": 350, "price_old": 200, "width_m": 6, "pt_i": 55 }, "geometry": { "type": "Point", "coordinates": [ 99.70005863855485, 15.534570634204924 ] } },
{ "type": "Feature", "properties": { "road_key": "61000000ST055", "road_name": "ถนนสายบ้านคอดยาง-บ้านสวนขวัญ", "road_no": "0", "aumpher": "อำเภอทัพทัน", "office": "สาขาเมือง", "branch_code": "61000000", "name_short": "None", "price_new": 350, "price_old": 200, "width_m": 6, "pt_i": 56 }, "geometry": { "type": "Point", "coordinates": [ 99.698947397778511, 15.534443602936339 ] } },
{ "type": "Feature", "properties": { "road_key": "61000000ST055", "road_name": "ถนนสายบ้านคอดยาง-บ้านสวนขวัญ", "road_no": "0", "aumpher": "อำเภอทัพทัน", "office": "สาขาเมือง", "branch_code": "61000000", "name_short": "None", "price_new": 350, "price_old": 200, "width_m": 6, "pt_i": 57 }, "geometry": { "type": "Point", "coordinates": [ 99.697835546943111, 15.534321665782235 ] } },
{ "type": "Feature", "properties": { "road_key": "61000000ST055", "road_name": "ถนนสายบ้านคอดยาง-บ้านสวนขวัญ", "road_no": "0", "aumpher": "อำเภอทัพทัน", "office": "สาขาเมือง", "branch_code": "61000000", "name_short": "None", "price_new": 350, "price_old": 200, "width_m": 6, "pt_i": 58 }, "geometry": { "type": "Point", "coordinates": [ 99.696723642848951, 15.534200128440856 ] } },
{ "type": "Feature", "properties": { "road_key": "61000000ST055", "road_name": "ถนนสายบ้านคอดยาง-บ้านสวนขวัญ", "road_no": "0", "aumpher": "อำเภอทัพทัน", "office": "สาขาเมือง", "branch_code": "61000000", "name_short": "None", "price_new": 350, "price_old": 200, "width_m": 6, "pt_i": 59 }, "geometry": { "type": "Point", "coordinates": [ 99.695611086612132, 15.534085247308822 ] } },
{ "type": "Feature", "properties": { "road_key": "61000000ST055", "road_name": "ถนนสายบ้านคอดยาง-บ้านสวนขวัญ", "road_no": "0", "aumpher": "อำเภอทัพทัน", "office": "สาขาเมือง", "branch_code": "61000000", "name_short": "None", "price_new": 350, "price_old": 200, "width_m": 6, "pt_i": 60 }, "geometry": { "type": "Point", "coordinates": [ 99.694504179125076, 15.534098541394256 ] } },
{ "type": "Feature", "properties": { "road_key": "61000000ST055", "road_name": "ถนนสายบ้านคอดยาง-บ้านสวนขวัญ", "road_no": "0", "aumpher": "อำเภอทัพทัน", "office": "สาขาเมือง", "branch_code": "61000000", "name_short": "None", "price_new": 350, "price_old": 200, "width_m": 6, "pt_i": 61 }, "geometry": { "type": "Point", "coordinates": [ 99.693428950127569, 15.533808978953735 ] } },
{ "type": "Feature", "properties": { "road_key": "61000000ST055", "road_name": "ถนนสายบ้านคอดยาง-บ้านสวนขวัญ", "road_no": "0", "aumpher": "อำเภอทัพทัน", "office": "สาขาเมือง", "branch_code": "61000000", "name_short": "None", "price_new": 350, "price_old": 200, "width_m": 6, "pt_i": 62 }, "geometry": { "type": "Point", "coordinates": [ 99.692371901590121, 15.533454570645105 ] } },
{ "type": "Feature", "properties": { "road_key": "61000000ST055", "road_name": "ถนนสายบ้านคอดยาง-บ้านสวนขวัญ", "road_no": "0", "aumpher": "อำเภอทัพทัน", "office": "สาขาเมือง", "branch_code": "61000000", "name_short": "None", "price_new": 350, "price_old": 200, "width_m": 6, "pt_i": 63 }, "geometry": { "type": "Point", "coordinates": [ 99.691276411367468, 15.533257825039518 ] } },
{ "type": "Feature", "properties": { "road_key": "61000000ST055", "road_name": "ถนนสายบ้านคอดยาง-บ้านสวนขวัญ", "road_no": "0", "aumpher": "อำเภอทัพทัน", "office": "สาขาเมือง", "branch_code": "61000000", "name_short": "None", "price_new": 350, "price_old": 200, "width_m": 6, "pt_i": 64 }, "geometry": { "type": "Point", "coordinates": [ 99.690632924461084, 15.532645207974843 ] } },
{ "type": "Feature", "properties": { "road_key": "61000000ST055", "road_name": "ถนนสายบ้านคอดยาง-บ้านสวนขวัญ", "road_no": "0", "aumpher": "อำเภอทัพทัน", "office": "สาขาเมือง", "branch_code": "61000000", "name_short": "None", "price_new": 350, "price_old": 200, "width_m": 6, "pt_i": 65 }, "geometry": { "type": "Point", "coordinates": [ 99.690929506725524, 15.531600783551042 ] } },
{ "type": "Feature", "properties": { "road_key": "61000000ST055", "road_name": "ถนนสายบ้านคอดยาง-บ้านสวนขวัญ", "road_no": "0", "aumpher": "อำเภอทัพทัน", "office": "สาขาเมือง", "branch_code": "61000000", "name_short": "None", "price_new": 350, "price_old": 200, "width_m": 6, "pt_i": 66 }, "geometry": { "type": "Point", "coordinates": [ 99.691290806019069, 15.530574225948332 ] } },
{ "type": "Feature", "properties": { "road_key": "61000000ST055", "road_name": "ถนนสายบ้านคอดยาง-บ้านสวนขวัญ", "road_no": "0", "aumpher": "อำเภอทัพทัน", "office": "สาขาเมือง", "branch_code": "61000000", "name_short": "None", "price_new": 350, "price_old": 200, "width_m": 6, "pt_i": 67 }, "geometry": { "type": "Point", "coordinates": [ 99.691707582513217, 15.529567952958732 ] } },
{ "type": "Feature", "properties": { "road_key": "61000000ST055", "road_name": "ถนนสายบ้านคอดยาง-บ้านสวนขวัญ", "road_no": "0", "aumpher": "อำเภอทัพทัน", "office": "สาขาเมือง", "branch_code": "61000000", "name_short": "None", "price_new": 350, "price_old": 200, "width_m": 6, "pt_i": 68 }, "geometry": { "type": "Point", "coordinates": [ 99.692175749522548, 15.528582760849345 ] } },
{ "type": "Feature", "properties": { "road_key": "61000000ST055", "road_name": "ถนนสายบ้านคอดยาง-บ้านสวนขวัญ", "road_no": "0", "aumpher": "อำเภอทัพทัน", "office": "สาขาเมือง", "branch_code": "61000000", "name_short": "None", "price_new": 350, "price_old": 200, "width_m": 6, "pt_i": 69 }, "geometry": { "type": "Point", "coordinates": [ 99.692613758188443, 15.527585248872695 ] } },
{ "type": "Feature", "properties": { "road_key": "61000000ST055", "road_name": "ถนนสายบ้านคอดยาง-บ้านสวนขวัญ", "road_no": "0", "aumpher": "อำเภอทัพทัน", "office": "สาขาเมือง", "branch_code": "61000000", "name_short": "None", "price_new": 350, "price_old": 200, "width_m": 6, "pt_i": 70 }, "geometry": { "type": "Point", "coordinates": [ 99.692694545412508, 15.526507607792574 ] } },
{ "type": "Feature", "properties": { "road_key": "61000000ST055", "road_name": "ถนนสายบ้านคอดยาง-บ้านสวนขวัญ", "road_no": "0", "aumpher": "อำเภอทัพทัน", "office": "สาขาเมือง", "branch_code": "61000000", "name_short": "None", "price_new": 350, "price_old": 200, "width_m": 6, "pt_i": 71 }, "geometry": { "type": "Point", "coordinates": [ 99.692569790040281, 15.525432784010706 ] } },
{ "type": "Feature", "properties": { "road_key": "61000000ST055", "road_name": "ถนนสายบ้านคอดยาง-บ้านสวนขวัญ", "road_no": "0", "aumpher": "อำเภอทัพทัน", "office": "สาขาเมือง", "branch_code": "61000000", "name_short": "None", "price_new": 350, "price_old": 200, "width_m": 6, "pt_i": 72 }, "geometry": { "type": "Point", "coordinates": [ 99.692357277987156, 15.524371379795275 ] } },
{ "type": "Feature", "properties": { "road_key": "61000000ST055", "road_name": "ถนนสายบ้านคอดยาง-บ้านสวนขวัญ", "road_no": "0", "aumpher": "อำเภอทัพทัน", "office": "สาขาเมือง", "branch_code": "61000000", "name_short": "None", "price_new": 350, "price_old": 200, "width_m": 6, "pt_i": 73 }, "geometry": { "type": "Point", "coordinates": [ 99.691856855399124, 15.523402947637027 ] } },
{ "type": "Feature", "properties": { "road_key": "61000000ST055", "road_name": "ถนนสายบ้านคอดยาง-บ้านสวนขวัญ", "road_no": "0", "aumpher": "อำเภอทัพทัน", "office": "สาขาเมือง", "branch_code": "61000000", "name_short": "None", "price_new": 350, "price_old": 200, "width_m": 6, "pt_i": 74 }, "geometry": { "type": "Point", "coordinates": [ 99.691148991875295, 15.522564681067909 ] } },
{ "type": "Feature", "properties": { "road_key": "61000000ST055", "road_name": "ถนนสายบ้านคอดยาง-บ้านสวนขวัญ", "road_no": "0", "aumpher": "อำเภอทัพทัน", "office": "สาขาเมือง", "branch_code": "61000000", "name_short": "None", "price_new": 350, "price_old": 200, "width_m": 6, "pt_i": 75 }, "geometry": { "type": "Point", "coordinates": [ 99.690417403247892, 15.521744918137939 ] } },
{ "type": "Feature", "properties": { "road_key": "61000000ST055", "road_name": "ถนนสายบ้านคอดยาง-บ้านสวนขวัญ", "road_no": "0", "aumpher": "อำเภอทัพทัน", "office": "สาขาเมือง", "branch_code": "61000000", "name_short": "None", "price_new": 350, "price_old": 200, "width_m": 6, "pt_i": 76 }, "geometry": { "type": "Point", "coordinates": [ 99.689829749654336, 15.520822964777444 ] } },
{ "type": "Feature", "properties": { "road_key": "61000000ST055", "road_name": "ถนนสายบ้านคอดยาง-บ้านสวนขวัญ", "road_no": "0", "aumpher": "อำเภอทัพทัน", "office": "สาขาเมือง", "branch_code": "61000000", "name_short": "None", "price_new": 350, "price_old": 200, "width_m": 6, "pt_i": 77 }, "geometry": { "type": "Point", "coordinates": [ 99.689343868804357, 15.519845767655536 ] } },
{ "type": "Feature", "properties": { "road_key": "61000000ST055", "road_name": "ถนนสายบ้านคอดยาง-บ้านสวนขวัญ", "road_no": "0", "aumpher": "อำเภอทัพทัน", "office": "สาขาเมือง", "branch_code": "61000000", "name_short": "None", "price_new": 350, "price_old": 200, "width_m": 6, "pt_i": 78 }, "geometry": { "type": "Point", "coordinates": [ 99.688894506694012, 15.518853600334854 ] } },
{ "type": "Feature", "properties": { "road_key": "61000000ST055", "road_name": "ถนนสายบ้านคอดยาง-บ้านสวนขวัญ", "road_no": "0", "aumpher": "อำเภอทัพทัน", "office": "สาขาเมือง", "branch_code": "61000000", "name_short": "None", "price_new": 350, "price_old": 200, "width_m": 6, "pt_i": 79 }, "geometry": { "type": "Point", "coordinates": [ 99.688395322815353, 15.517883254698628 ] } },
{ "type": "Feature", "properties": { "road_key": "61000000ST055", "road_name": "ถนนสายบ้านคอดยาง-บ้านสวนขวัญ", "road_no": "0", "aumpher": "อำเภอทัพทัน", "office": "สาขาเมือง", "branch_code": "61000000", "name_short": "None", "price_new": 350, "price_old": 200, "width_m": 6, "pt_i": 80 }, "geometry": { "type": "Point", "coordinates": [ 99.687897431017305, 15.516912938931899 ] } },
{ "type": "Feature", "properties": { "road_key": "61000000ST055", "road_name": "ถนนสายบ้านคอดยาง-บ้านสวนขวัญ", "road_no": "0", "aumpher": "อำเภอทัพทัน", "office": "สาขาเมือง", "branch_code": "61000000", "name_short": "None", "price_new": 350, "price_old": 200, "width_m": 6, "pt_i": 81 }, "geometry": { "type": "Point", "coordinates": [ 99.687723652434968, 15.515860517142135 ] } },
{ "type": "Feature", "properties": { "road_key": "61000000ST055", "road_name": "ถนนสายบ้านคอดยาง-บ้านสวนขวัญ", "road_no": "0", "aumpher": "อำเภอทัพทัน", "office": "สาขาเมือง", "branch_code": "61000000", "name_short": "None", "price_new": 350, "price_old": 200, "width_m": 6, "pt_i": 82 }, "geometry": { "type": "Point", "coordinates": [ 99.68772006025921, 15.514775698085357 ] } },
{ "type": "Feature", "properties": { "road_key": "61000000ST055", "road_name": "ถนนสายบ้านคอดยาง-บ้านสวนขวัญ", "road_no": "0", "aumpher": "อำเภอทัพทัน", "office": "สาขาเมือง", "branch_code": "61000000", "name_short": "None", "price_new": 350, "price_old": 200, "width_m": 6, "pt_i": 83 }, "geometry": { "type": "Point", "coordinates": [ 99.687768946402585, 15.513695420810828 ] } },
{ "type": "Feature", "properties": { "road_key": "61000000ST060", "road_name": "ถนนสายบ้านดงพิกุล-บ้านหนองโมก", "road_no": "0", "aumpher": "อำเภอทัพทัน", "office": "สาขาเมือง", "branch_code": "61000000", "name_short": "None", "price_new": 300, "price_old": 300, "width_m": 6, "pt_i": 0 }, "geometry": { "type": "Point", "coordinates": [ 99.86524408304291, 15.467033739995241 ] } },
{ "type": "Feature", "properties": { "road_key": "61000000ST060", "road_name": "ถนนสายบ้านดงพิกุล-บ้านหนองโมก", "road_no": "0", "aumpher": "อำเภอทัพทัน", "office": "สาขาเมือง", "branch_code": "61000000", "name_short": "None", "price_new": 300, "price_old": 300, "width_m": 6, "pt_i": 1 }, "geometry": { "type": "Point", "coordinates": [ 99.864733783098842, 15.4662530581844 ] } },
{ "type": "Feature", "properties": { "road_key": "61000000ST060", "road_name": "ถนนสายบ้านดงพิกุล-บ้านหนองโมก", "road_no": "0", "aumpher": "อำเภอทัพทัน", "office": "สาขาเมือง", "branch_code": "61000000", "name_short": "None", "price_new": 300, "price_old": 300, "width_m": 6, "pt_i": 2 }, "geometry": { "type": "Point", "coordinates": [ 99.86362332854813, 15.466122837316618 ] } },
{ "type": "Feature", "properties": { "road_key": "61000000ST060", "road_name": "ถนนสายบ้านดงพิกุล-บ้านหนองโมก", "road_no": "0", "aumpher": "อำเภอทัพทัน", "office": "สาขาเมือง", "branch_code": "61000000", "name_short": "None", "price_new": 300, "price_old": 300, "width_m": 6, "pt_i": 3 }, "geometry": { "type": "Point", "coordinates": [ 99.862512875086864, 15.465992610809023 ] } },
{ "type": "Feature", "properties": { "road_key": "61000000ST060", "road_name": "ถนนสายบ้านดงพิกุล-บ้านหนองโมก", "road_no": "0", "aumpher": "อำเภอทัพทัน", "office": "สาขาเมือง", "branch_code": "61000000", "name_short": "None", "price_new": 300, "price_old": 300, "width_m": 6, "pt_i": 4 }, "geometry": { "type": "Point", "coordinates": [ 99.861400847508108, 15.465875790770548 ] } },
{ "type": "Feature", "properties": { "road_key": "61000000ST060", "road_name": "ถนนสายบ้านดงพิกุล-บ้านหนองโมก", "road_no": "0", "aumpher": "อำเภอทัพทัน", "office": "สาขาเมือง", "branch_code": "61000000", "name_short": "None", "price_new": 300, "price_old": 300, "width_m": 6, "pt_i": 5 }, "geometry": { "type": "Point", "coordinates": [ 99.860288641025221, 15.465760496360465 ] } },
{ "type": "Feature", "properties": { "road_key": "61000000ST060", "road_name": "ถนนสายบ้านดงพิกุล-บ้านหนองโมก", "road_no": "0", "aumpher": "อำเภอทัพทัน", "office": "สาขาเมือง", "branch_code": "61000000", "name_short": "None", "price_new": 300, "price_old": 300, "width_m": 6, "pt_i": 6 }, "geometry": { "type": "Point", "coordinates": [ 99.859176435473813, 15.465645196301727 ] } },
{ "type": "Feature", "properties": { "road_key": "61000000ST060", "road_name": "ถนนสายบ้านดงพิกุล-บ้านหนองโมก", "road_no": "0", "aumpher": "อำเภอทัพทัน", "office": "สาขาเมือง", "branch_code": "61000000", "name_short": "None", "price_new": 300, "price_old": 300, "width_m": 6, "pt_i": 7 }, "geometry": { "type": "Point", "coordinates": [ 99.858063796046778, 15.465534156131485 ] } },
{ "type": "Feature", "properties": { "road_key": "61000000ST060", "road_name": "ถนนสายบ้านดงพิกุล-บ้านหนองโมก", "road_no": "0", "aumpher": "อำเภอทัพทัน", "office": "สาขาเมือง", "branch_code": "61000000", "name_short": "None", "price_new": 300, "price_old": 300, "width_m": 6, "pt_i": 8 }, "geometry": { "type": "Point", "coordinates": [ 99.856949840814508, 15.465436026606337 ] } },
{ "type": "Feature", "properties": { "road_key": "61000000ST060", "road_name": "ถนนสายบ้านดงพิกุล-บ้านหนองโมก", "road_no": "0", "aumpher": "อำเภอทัพทัน", "office": "สาขาเมือง", "branch_code": "61000000", "name_short": "None", "price_new": 300, "price_old": 300, "width_m": 6, "pt_i": 9 }, "geometry": { "type": "Point", "coordinates": [ 99.855835886331349, 15.465337891424889 ] } },
{ "type": "Feature", "properties": { "road_key": "61000000ST060", "road_name": "ถนนสายบ้านดงพิกุล-บ้านหนองโมก", "road_no": "0", "aumpher": "อำเภอทัพทัน", "office": "สาขาเมือง", "branch_code": "61000000", "name_short": "None", "price_new": 300, "price_old": 300, "width_m": 6, "pt_i": 10 }, "geometry": { "type": "Point", "coordinates": [ 99.854721932597712, 15.465239750587234 ] } },
{ "type": "Feature", "properties": { "road_key": "61000000ST060", "road_name": "ถนนสายบ้านดงพิกุล-บ้านหนองโมก", "road_no": "0", "aumpher": "อำเภอทัพทัน", "office": "สาขาเมือง", "branch_code": "61000000", "name_short": "None", "price_new": 300, "price_old": 300, "width_m": 6, "pt_i": 11 }, "geometry": { "type": "Point", "coordinates": [ 99.853607979614068, 15.465141604093494 ] } },
{ "type": "Feature", "properties": { "road_key": "61000000ST060", "road_name": "ถนนสายบ้านดงพิกุล-บ้านหนองโมก", "road_no": "0", "aumpher": "อำเภอทัพทัน", "office": "สาขาเมือง", "branch_code": "61000000", "name_short": "None", "price_new": 300, "price_old": 300, "width_m": 6, "pt_i": 12 }, "geometry": { "type": "Point", "coordinates": [ 99.852493641487442, 15.465047813021148 ] } },
{ "type": "Feature", "properties": { "road_key": "61000000ST060", "road_name": "ถนนสายบ้านดงพิกุล-บ้านหนองโมก", "road_no": "0", "aumpher": "อำเภอทัพทัน", "office": "สาขาเมือง", "branch_code": "61000000", "name_short": "None", "price_new": 300, "price_old": 300, "width_m": 6, "pt_i": 13 }, "geometry": { "type": "Point", "coordinates": [ 99.851378733433464, 15.464960464748238 ] } },
{ "type": "Feature", "properties": { "road_key": "61000000ST060", "road_name": "ถนนสายบ้านดงพิกุล-บ้านหนองโมก", "road_no": "0", "aumpher": "อำเภอทัพทัน", "office": "สาขาเมือง", "branch_code": "61000000", "name_short": "None", "price_new": 300, "price_old": 300, "width_m": 6, "pt_i": 14 }, "geometry": { "type": "Point", "coordinates": [ 99.850263826014981, 15.464873110815915 ] } },
{ "type": "Feature", "properties": { "road_key": "61000000ST060", "road_name": "ถนนสายบ้านดงพิกุล-บ้านหนองโมก", "road_no": "0", "aumpher": "อำเภอทัพทัน", "office": "สาขาเมือง", "branch_code": "61000000", "name_short": "None", "price_new": 300, "price_old": 300, "width_m": 6, "pt_i": 15 }, "geometry": { "type": "Point", "coordinates": [ 99.849148831405913, 15.464786838487663 ] } },
{ "type": "Feature", "properties": { "road_key": "61000000ST060", "road_name": "ถนนสายบ้านดงพิกุล-บ้านหนองโมก", "road_no": "0", "aumpher": "อำเภอทัพทัน", "office": "สาขาเมือง", "branch_code": "61000000", "name_short": "None", "price_new": 300, "price_old": 300, "width_m": 6, "pt_i": 16 }, "geometry": { "type": "Point", "coordinates": [ 99.848033498835278, 15.464704751807492 ] } },
{ "type": "Feature", "properties": { "road_key": "61000000ST060", "road_name": "ถนนสายบ้านดงพิกุล-บ้านหนองโมก", "road_no": "0", "aumpher": "อำเภอทัพทัน", "office": "สาขาเมือง", "branch_code": "61000000", "name_short": "None", "price_new": 300, "price_old": 300, "width_m": 6, "pt_i": 17 }, "geometry": { "type": "Point", "coordinates": [ 99.846917544328434, 15.46463137143847 ] } },
{ "type": "Feature", "properties": { "road_key": "61000000ST060", "road_name": "ถนนสายบ้านดงพิกุล-บ้านหนองโมก", "road_no": "0", "aumpher": "อำเภอทัพทัน", "office": "สาขาเมือง", "branch_code": "61000000", "name_short": "None", "price_new": 300, "price_old": 300, "width_m": 6, "pt_i": 18 }, "geometry": { "type": "Point", "coordinates": [ 99.845800033856435, 15.464589631179507 ] } },
{ "type": "Feature", "properties": { "road_key": "61000000ST060", "road_name": "ถนนสายบ้านดงพิกุล-บ้านหนองโมก", "road_no": "0", "aumpher": "อำเภอทัพทัน", "office": "สาขาเมือง", "branch_code": "61000000", "name_short": "None", "price_new": 300, "price_old": 300, "width_m": 6, "pt_i": 19 }, "geometry": { "type": "Point", "coordinates": [ 99.844683648785647, 15.464645114342277 ] } },
{ "type": "Feature", "properties": { "road_key": "61000000ST060", "road_name": "ถนนสายบ้านดงพิกุล-บ้านหนองโมก", "road_no": "0", "aumpher": "อำเภอทัพทัน", "office": "สาขาเมือง", "branch_code": "61000000", "name_short": "None", "price_new": 300, "price_old": 300, "width_m": 6, "pt_i": 20 }, "geometry": { "type": "Point", "coordinates": [ 99.843567674865582, 15.464718541871783 ] } },
{ "type": "Feature", "properties": { "road_key": "61000000ST060", "road_name": "ถนนสายบ้านดงพิกุล-บ้านหนองโมก", "road_no": "0", "aumpher": "อำเภอทัพทัน", "office": "สาขาเมือง", "branch_code": "61000000", "name_short": "None", "price_new": 300, "price_old": 300, "width_m": 6, "pt_i": 21 }, "geometry": { "type": "Point", "coordinates": [ 99.842454507436202, 15.464824748874722 ] } },
{ "type": "Feature", "properties": { "road_key": "61000000ST060", "road_name": "ถนนสายบ้านดงพิกุล-บ้านหนองโมก", "road_no": "0", "aumpher": "อำเภอทัพทัน", "office": "สาขาเมือง", "branch_code": "61000000", "name_short": "None", "price_new": 300, "price_old": 300, "width_m": 6, "pt_i": 22 }, "geometry": { "type": "Point", "coordinates": [ 99.841341338577593, 15.464930950339433 ] } },
{ "type": "Feature", "properties": { "road_key": "61000000ST060", "road_name": "ถนนสายบ้านดงพิกุล-บ้านหนองโมก", "road_no": "0", "aumpher": "อำเภอทัพทัน", "office": "สาขาเมือง", "branch_code": "61000000", "name_short": "None", "price_new": 300, "price_old": 300, "width_m": 6, "pt_i": 23 }, "geometry": { "type": "Point", "coordinates": [ 99.840228168290167, 15.465037146265773 ] } },
{ "type": "Feature", "properties": { "road_key": "61000000ST060", "road_name": "ถนนสายบ้านดงพิกุล-บ้านหนองโมก", "road_no": "0", "aumpher": "อำเภอทัพทัน", "office": "สาขาเมือง", "branch_code": "61000000", "name_short": "None", "price_new": 300, "price_old": 300, "width_m": 6, "pt_i": 24 }, "geometry": { "type": "Point", "coordinates": [ 99.839114996574395, 15.465143336653632 ] } },
{ "type": "Feature", "properties": { "road_key": "61000000ST060", "road_name": "ถนนสายบ้านดงพิกุล-บ้านหนองโมก", "road_no": "0", "aumpher": "อำเภอทัพทัน", "office": "สาขาเมือง", "branch_code": "61000000", "name_short": "None", "price_new": 300, "price_old": 300, "width_m": 6, "pt_i": 25 }, "geometry": { "type": "Point", "coordinates": [ 99.838001658645339, 15.465247879702169 ] } },
{ "type": "Feature", "properties": { "road_key": "61000000ST060", "road_name": "ถนนสายบ้านดงพิกุล-บ้านหนองโมก", "road_no": "0", "aumpher": "อำเภอทัพทัน", "office": "สาขาเมือง", "branch_code": "61000000", "name_short": "None", "price_new": 300, "price_old": 300, "width_m": 6, "pt_i": 26 }, "geometry": { "type": "Point", "coordinates": [ 99.836888266327819, 15.465351889345714 ] } },
{ "type": "Feature", "properties": { "road_key": "61000000ST060", "road_name": "ถนนสายบ้านดงพิกุล-บ้านหนองโมก", "road_no": "0", "aumpher": "อำเภอทัพทัน", "office": "สาขาเมือง", "branch_code": "61000000", "name_short": "None", "price_new": 300, "price_old": 300, "width_m": 6, "pt_i": 27 }, "geometry": { "type": "Point", "coordinates": [ 99.835773784924541, 15.465441914706824 ] } },
{ "type": "Feature", "properties": { "road_key": "61000000ST060", "road_name": "ถนนสายบ้านดงพิกุล-บ้านหนองโมก", "road_no": "0", "aumpher": "อำเภอทัพทัน", "office": "สาขาเมือง", "branch_code": "61000000", "name_short": "None", "price_new": 300, "price_old": 300, "width_m": 6, "pt_i": 28 }, "geometry": { "type": "Point", "coordinates": [ 99.834656905735415, 15.465501132510628 ] } },
{ "type": "Feature", "properties": { "road_key": "61000000ST060", "road_name": "ถนนสายบ้านดงพิกุล-บ้านหนองโมก", "road_no": "0", "aumpher": "อำเภอทัพทัน", "office": "สาขาเมือง", "branch_code": "61000000", "name_short": "None", "price_new": 300, "price_old": 300, "width_m": 6, "pt_i": 29 }, "geometry": { "type": "Point", "coordinates": [ 99.833539853583162, 15.465556986488327 ] } },
{ "type": "Feature", "properties": { "road_key": "61000000ST060", "road_name": "ถนนสายบ้านดงพิกุล-บ้านหนองโมก", "road_no": "0", "aumpher": "อำเภอทัพทัน", "office": "สาขาเมือง", "branch_code": "61000000", "name_short": "None", "price_new": 300, "price_old": 300, "width_m": 6, "pt_i": 30 }, "geometry": { "type": "Point", "coordinates": [ 99.832422421171287, 15.465605428550026 ] } },
{ "type": "Feature", "properties": { "road_key": "61000000ST060", "road_name": "ถนนสายบ้านดงพิกุล-บ้านหนองโมก", "road_no": "0", "aumpher": "อำเภอทัพทัน", "office": "สาขาเมือง", "branch_code": "61000000", "name_short": "None", "price_new": 300, "price_old": 300, "width_m": 6, "pt_i": 31 }, "geometry": { "type": "Point", "coordinates": [ 99.831304987944421, 15.465653865000048 ] } },
{ "type": "Feature", "properties": { "road_key": "61000000ST060", "road_name": "ถนนสายบ้านดงพิกุล-บ้านหนองโมก", "road_no": "0", "aumpher": "อำเภอทัพทัน", "office": "สาขาเมือง", "branch_code": "61000000", "name_short": "None", "price_new": 300, "price_old": 300, "width_m": 6, "pt_i": 32 }, "geometry": { "type": "Point", "coordinates": [ 99.830187553903031, 15.465702295838344 ] } },
{ "type": "Feature", "properties": { "road_key": "61000000ST060", "road_name": "ถนนสายบ้านดงพิกุล-บ้านหนองโมก", "road_no": "0", "aumpher": "อำเภอทัพทัน", "office": "สาขาเมือง", "branch_code": "61000000", "name_short": "None", "price_new": 300, "price_old": 300, "width_m": 6, "pt_i": 33 }, "geometry": { "type": "Point", "coordinates": [ 99.829070119047543, 15.465750721064847 ] } },
{ "type": "Feature", "properties": { "road_key": "61000000ST060", "road_name": "ถนนสายบ้านดงพิกุล-บ้านหนองโมก", "road_no": "0", "aumpher": "อำเภอทัพทัน", "office": "สาขาเมือง", "branch_code": "61000000", "name_short": "None", "price_new": 300, "price_old": 300, "width_m": 6, "pt_i": 34 }, "geometry": { "type": "Point", "coordinates": [ 99.827965894921391, 15.465656602769711 ] } },
{ "type": "Feature", "properties": { "road_key": "61000000ST060", "road_name": "ถนนสายบ้านดงพิกุล-บ้านหนองโมก", "road_no": "0", "aumpher": "อำเภอทัพทัน", "office": "สาขาเมือง", "branch_code": "61000000", "name_short": "None", "price_new": 300, "price_old": 300, "width_m": 6, "pt_i": 35 }, "geometry": { "type": "Point", "coordinates": [ 99.826901286504636, 15.465323797188821 ] } },
{ "type": "Feature", "properties": { "road_key": "61000000ST060", "road_name": "ถนนสายบ้านดงพิกุล-บ้านหนองโมก", "road_no": "0", "aumpher": "อำเภอทัพทัน", "office": "สาขาเมือง", "branch_code": "61000000", "name_short": "None", "price_new": 300, "price_old": 300, "width_m": 6, "pt_i": 36 }, "geometry": { "type": "Point", "coordinates": [ 99.825862600406609, 15.464926830146265 ] } },
{ "type": "Feature", "properties": { "road_key": "61000000ST063.1", "road_name": "ถนนสายบ้านดอนหวาย-บ้านสำนักโก ช่วงที่ 1", "road_no": "0", "aumpher": "อำเภอทัพทัน", "office": "สาขาเมือง", "branch_code": "61000000", "name_short": "None", "price_new": 300, "price_old": 200, "width_m": 6, "pt_i": 0 }, "geometry": { "type": "Point", "coordinates": [ 99.904432385233591, 15.484565164012047 ] } },
{ "type": "Feature", "properties": { "road_key": "61000000ST063.1", "road_name": "ถนนสายบ้านดอนหวาย-บ้านสำนักโก ช่วงที่ 1", "road_no": "0", "aumpher": "อำเภอทัพทัน", "office": "สาขาเมือง", "branch_code": "61000000", "name_short": "None", "price_new": 300, "price_old": 200, "width_m": 6, "pt_i": 1 }, "geometry": { "type": "Point", "coordinates": [ 99.904924081138205, 15.485523935036762 ] } },
{ "type": "Feature", "properties": { "road_key": "61000000ST063.1", "road_name": "ถนนสายบ้านดอนหวาย-บ้านสำนักโก ช่วงที่ 1", "road_no": "0", "aumpher": "อำเภอทัพทัน", "office": "สาขาเมือง", "branch_code": "61000000", "name_short": "None", "price_new": 300, "price_old": 200, "width_m": 6, "pt_i": 2 }, "geometry": { "type": "Point", "coordinates": [ 99.905311314534643, 15.486508634444393 ] } },
{ "type": "Feature", "properties": { "road_key": "61000000ST063.1", "road_name": "ถนนสายบ้านดอนหวาย-บ้านสำนักโก ช่วงที่ 1", "road_no": "0", "aumpher": "อำเภอทัพทัน", "office": "สาขาเมือง", "branch_code": "61000000", "name_short": "None", "price_new": 300, "price_old": 200, "width_m": 6, "pt_i": 3 }, "geometry": { "type": "Point", "coordinates": [ 99.906124974991954, 15.487095750721123 ] } },
{ "type": "Feature", "properties": { "road_key": "61000000ST063.1", "road_name": "ถนนสายบ้านดอนหวาย-บ้านสำนักโก ช่วงที่ 1", "road_no": "0", "aumpher": "อำเภอทัพทัน", "office": "สาขาเมือง", "branch_code": "61000000", "name_short": "None", "price_new": 300, "price_old": 200, "width_m": 6, "pt_i": 4 }, "geometry": { "type": "Point", "coordinates": [ 99.907238118030634, 15.486994256238189 ] } },
{ "type": "Feature", "properties": { "road_key": "61000000ST063.1", "road_name": "ถนนสายบ้านดอนหวาย-บ้านสำนักโก ช่วงที่ 1", "road_no": "0", "aumpher": "อำเภอทัพทัน", "office": "สาขาเมือง", "branch_code": "61000000", "name_short": "None", "price_new": 300, "price_old": 200, "width_m": 6, "pt_i": 5 }, "geometry": { "type": "Point", "coordinates": [ 99.90835569088155, 15.486947037198631 ] } },
{ "type": "Feature", "properties": { "road_key": "61000000ST063.1", "road_name": "ถนนสายบ้านดอนหวาย-บ้านสำนักโก ช่วงที่ 1", "road_no": "0", "aumpher": "อำเภอทัพทัน", "office": "สาขาเมือง", "branch_code": "61000000", "name_short": "None", "price_new": 300, "price_old": 200, "width_m": 6, "pt_i": 6 }, "geometry": { "type": "Point", "coordinates": [ 99.909473835706649, 15.486914703157709 ] } },
{ "type": "Feature", "properties": { "road_key": "61000000ST063.1", "road_name": "ถนนสายบ้านดอนหวาย-บ้านสำนักโก ช่วงที่ 1", "road_no": "0", "aumpher": "อำเภอทัพทัน", "office": "สาขาเมือง", "branch_code": "61000000", "name_short": "None", "price_new": 300, "price_old": 200, "width_m": 6, "pt_i": 7 }, "geometry": { "type": "Point", "coordinates": [ 99.910591956631492, 15.486881621250649 ] } },
{ "type": "Feature", "properties": { "road_key": "61000000ST063.1", "road_name": "ถนนสายบ้านดอนหวาย-บ้านสำนักโก ช่วงที่ 1", "road_no": "0", "aumpher": "อำเภอทัพทัน", "office": "สาขาเมือง", "branch_code": "61000000", "name_short": "None", "price_new": 300, "price_old": 200, "width_m": 6, "pt_i": 8 }, "geometry": { "type": "Point", "coordinates": [ 99.911710064806371, 15.486848148093339 ] } },
{ "type": "Feature", "properties": { "road_key": "61000000ST063.2", "road_name": "ถนนสายบ้านดอนหวาย-บ้านสำนักโก ช่วงที่ 2", "road_no": "0", "aumpher": "อำเภอทัพทัน", "office": "สาขาเมือง", "branch_code": "61000000", "name_short": "None", "price_new": 300, "price_old": 200, "width_m": 6, "pt_i": 0 }, "geometry": { "type": "Point", "coordinates": [ 99.912073653892648, 15.486837261994252 ] } },
{ "type": "Feature", "properties": { "road_key": "61000000ST063.2", "road_name": "ถนนสายบ้านดอนหวาย-บ้านสำนักโก ช่วงที่ 2", "road_no": "0", "aumpher": "อำเภอทัพทัน", "office": "สาขาเมือง", "branch_code": "61000000", "name_short": "None", "price_new": 300, "price_old": 200, "width_m": 6, "pt_i": 1 }, "geometry": { "type": "Point", "coordinates": [ 99.913192098910613, 15.486817019012316 ] } },
{ "type": "Feature", "properties": { "road_key": "61000000ST063.2", "road_name": "ถนนสายบ้านดอนหวาย-บ้านสำนักโก ช่วงที่ 2", "road_no": "0", "aumpher": "อำเภอทัพทัน", "office": "สาขาเมือง", "branch_code": "61000000", "name_short": "None", "price_new": 300, "price_old": 200, "width_m": 6, "pt_i": 2 }, "geometry": { "type": "Point", "coordinates": [ 99.914310545124451, 15.48679683851733 ] } },
{ "type": "Feature", "properties": { "road_key": "61000000ST063.2", "road_name": "ถนนสายบ้านดอนหวาย-บ้านสำนักโก ช่วงที่ 2", "road_no": "0", "aumpher": "อำเภอทัพทัน", "office": "สาขาเมือง", "branch_code": "61000000", "name_short": "None", "price_new": 300, "price_old": 200, "width_m": 6, "pt_i": 3 }, "geometry": { "type": "Point", "coordinates": [ 99.915428845438854, 15.486770458712762 ] } },
{ "type": "Feature", "properties": { "road_key": "61000000ST063.2", "road_name": "ถนนสายบ้านดอนหวาย-บ้านสำนักโก ช่วงที่ 2", "road_no": "0", "aumpher": "อำเภอทัพทัน", "office": "สาขาเมือง", "branch_code": "61000000", "name_short": "None", "price_new": 300, "price_old": 200, "width_m": 6, "pt_i": 4 }, "geometry": { "type": "Point", "coordinates": [ 99.916547040502635, 15.486740144727746 ] } },
{ "type": "Feature", "properties": { "road_key": "61000000ST063.2", "road_name": "ถนนสายบ้านดอนหวาย-บ้านสำนักโก ช่วงที่ 2", "road_no": "0", "aumpher": "อำเภอทัพทัน", "office": "สาขาเมือง", "branch_code": "61000000", "name_short": "None", "price_new": 300, "price_old": 200, "width_m": 6, "pt_i": 5 }, "geometry": { "type": "Point", "coordinates": [ 99.917664794679112, 15.486697023473809 ] } },
{ "type": "Feature", "properties": { "road_key": "61000000ST063.2", "road_name": "ถนนสายบ้านดอนหวาย-บ้านสำนักโก ช่วงที่ 2", "road_no": "0", "aumpher": "อำเภอทัพทัน", "office": "สาขาเมือง", "branch_code": "61000000", "name_short": "None", "price_new": 300, "price_old": 200, "width_m": 6, "pt_i": 6 }, "geometry": { "type": "Point", "coordinates": [ 99.918782951583012, 15.486665296757524 ] } },
{ "type": "Feature", "properties": { "road_key": "61000000ST063.2", "road_name": "ถนนสายบ้านดอนหวาย-บ้านสำนักโก ช่วงที่ 2", "road_no": "0", "aumpher": "อำเภอทัพทัน", "office": "สาขาเมือง", "branch_code": "61000000", "name_short": "None", "price_new": 300, "price_old": 200, "width_m": 6, "pt_i": 7 }, "geometry": { "type": "Point", "coordinates": [ 99.919901098062326, 15.486633201897998 ] } },
{ "type": "Feature", "properties": { "road_key": "61000000ST063.2", "road_name": "ถนนสายบ้านดอนหวาย-บ้านสำนักโก ช่วงที่ 2", "road_no": "0", "aumpher": "อำเภอทัพทัน", "office": "สาขาเมือง", "branch_code": "61000000", "name_short": "None", "price_new": 300, "price_old": 200, "width_m": 6, "pt_i": 8 }, "geometry": { "type": "Point", "coordinates": [ 99.921019150691635, 15.486598148717841 ] } },
{ "type": "Feature", "properties": { "road_key": "61000000ST063.2", "road_name": "ถนนสายบ้านดอนหวาย-บ้านสำนักโก ช่วงที่ 2", "road_no": "0", "aumpher": "อำเภอทัพทัน", "office": "สาขาเมือง", "branch_code": "61000000", "name_short": "None", "price_new": 300, "price_old": 200, "width_m": 6, "pt_i": 9 }, "geometry": { "type": "Point", "coordinates": [ 99.922137175421824, 15.486562360011481 ] } },
{ "type": "Feature", "properties": { "road_key": "61000000ST063.2", "road_name": "ถนนสายบ้านดอนหวาย-บ้านสำนักโก ช่วงที่ 2", "road_no": "0", "aumpher": "อำเภอทัพทัน", "office": "สาขาเมือง", "branch_code": "61000000", "name_short": "None", "price_new": 300, "price_old": 200, "width_m": 6, "pt_i": 10 }, "geometry": { "type": "Point", "coordinates": [ 99.923254920638101, 15.4865190838717 ] } },
{ "type": "Feature", "properties": { "road_key": "61000000ST063.2", "road_name": "ถนนสายบ้านดอนหวาย-บ้านสำนักโก ช่วงที่ 2", "road_no": "0", "aumpher": "อำเภอทัพทัน", "office": "สาขาเมือง", "branch_code": "61000000", "name_short": "None", "price_new": 300, "price_old": 200, "width_m": 6, "pt_i": 11 }, "geometry": { "type": "Point", "coordinates": [ 99.924372665061455, 15.486475802109783 ] } },
{ "type": "Feature", "properties": { "road_key": "61000000ST063.2", "road_name": "ถนนสายบ้านดอนหวาย-บ้านสำนักโก ช่วงที่ 2", "road_no": "0", "aumpher": "อำเภอทัพทัน", "office": "สาขาเมือง", "branch_code": "61000000", "name_short": "None", "price_new": 300, "price_old": 200, "width_m": 6, "pt_i": 12 }, "geometry": { "type": "Point", "coordinates": [ 99.925490788492255, 15.486444688399676 ] } },
{ "type": "Feature", "properties": { "road_key": "61000000ST063.2", "road_name": "ถนนสายบ้านดอนหวาย-บ้านสำนักโก ช่วงที่ 2", "road_no": "0", "aumpher": "อำเภอทัพทัน", "office": "สาขาเมือง", "branch_code": "61000000", "name_short": "None", "price_new": 300, "price_old": 200, "width_m": 6, "pt_i": 13 }, "geometry": { "type": "Point", "coordinates": [ 99.926609185935504, 15.486422371674195 ] } },
{ "type": "Feature", "properties": { "road_key": "61000000ST063.2", "road_name": "ถนนสายบ้านดอนหวาย-บ้านสำนักโก ช่วงที่ 2", "road_no": "0", "aumpher": "อำเภอทัพทัน", "office": "สาขาเมือง", "branch_code": "61000000", "name_short": "None", "price_new": 300, "price_old": 200, "width_m": 6, "pt_i": 14 }, "geometry": { "type": "Point", "coordinates": [ 99.9277258377072, 15.486358493396956 ] } },
{ "type": "Feature", "properties": { "road_key": "61000000ST063.2", "road_name": "ถนนสายบ้านดอนหวาย-บ้านสำนักโก ช่วงที่ 2", "road_no": "0", "aumpher": "อำเภอทัพทัน", "office": "สาขาเมือง", "branch_code": "61000000", "name_short": "None", "price_new": 300, "price_old": 200, "width_m": 6, "pt_i": 15 }, "geometry": { "type": "Point", "coordinates": [ 99.928838999606938, 15.486254784410901 ] } },
{ "type": "Feature", "properties": { "road_key": "61000000ST063.2", "road_name": "ถนนสายบ้านดอนหวาย-บ้านสำนักโก ช่วงที่ 2", "road_no": "0", "aumpher": "อำเภอทัพทัน", "office": "สาขาเมือง", "branch_code": "61000000", "name_short": "None", "price_new": 300, "price_old": 200, "width_m": 6, "pt_i": 16 }, "geometry": { "type": "Point", "coordinates": [ 99.929949592979185, 15.486125169419408 ] } },
{ "type": "Feature", "properties": { "road_key": "61000000ST063.2", "road_name": "ถนนสายบ้านดอนหวาย-บ้านสำนักโก ช่วงที่ 2", "road_no": "0", "aumpher": "อำเภอทัพทัน", "office": "สาขาเมือง", "branch_code": "61000000", "name_short": "None", "price_new": 300, "price_old": 200, "width_m": 6, "pt_i": 17 }, "geometry": { "type": "Point", "coordinates": [ 99.931059265772035, 15.485988162115898 ] } },
{ "type": "Feature", "properties": { "road_key": "61000000ST064.1", "road_name": "ถนนสายบ้านตลุกดู่-บ้านเขาปฐวี ช่วงที่ 1", "road_no": "0", "aumpher": "อำเภอทัพทัน", "office": "สาขาเมือง", "branch_code": "61000000", "name_short": "None", "price_new": 1400, "price_old": 1400, "width_m": 8, "pt_i": 0 }, "geometry": { "type": "Point", "coordinates": [ 99.761968381365122, 15.464942005815017 ] } },
{ "type": "Feature", "properties": { "road_key": "61000000ST064.1", "road_name": "ถนนสายบ้านตลุกดู่-บ้านเขาปฐวี ช่วงที่ 1", "road_no": "0", "aumpher": "อำเภอทัพทัน", "office": "สาขาเมือง", "branch_code": "61000000", "name_short": "None", "price_new": 1400, "price_old": 1400, "width_m": 8, "pt_i": 1 }, "geometry": { "type": "Point", "coordinates": [ 99.76154182694728, 15.465944844444511 ] } },
{ "type": "Feature", "properties": { "road_key": "61000000ST064.1", "road_name": "ถนนสายบ้านตลุกดู่-บ้านเขาปฐวี ช่วงที่ 1", "road_no": "0", "aumpher": "อำเภอทัพทัน", "office": "สาขาเมือง", "branch_code": "61000000", "name_short": "None", "price_new": 1400, "price_old": 1400, "width_m": 8, "pt_i": 2 }, "geometry": { "type": "Point", "coordinates": [ 99.761122484951258, 15.466950525950907 ] } },
{ "type": "Feature", "properties": { "road_key": "61000000ST064.1", "road_name": "ถนนสายบ้านตลุกดู่-บ้านเขาปฐวี ช่วงที่ 1", "road_no": "0", "aumpher": "อำเภอทัพทัน", "office": "สาขาเมือง", "branch_code": "61000000", "name_short": "None", "price_new": 1400, "price_old": 1400, "width_m": 8, "pt_i": 3 }, "geometry": { "type": "Point", "coordinates": [ 99.760941009937085, 15.468006018376101 ] } },
{ "type": "Feature", "properties": { "road_key": "61000000ST064.1", "road_name": "ถนนสายบ้านตลุกดู่-บ้านเขาปฐวี ช่วงที่ 1", "road_no": "0", "aumpher": "อำเภอทัพทัน", "office": "สาขาเมือง", "branch_code": "61000000", "name_short": "None", "price_new": 1400, "price_old": 1400, "width_m": 8, "pt_i": 4 }, "geometry": { "type": "Point", "coordinates": [ 99.760864859608802, 15.469084852892838 ] } },
{ "type": "Feature", "properties": { "road_key": "61000000ST064.1", "road_name": "ถนนสายบ้านตลุกดู่-บ้านเขาปฐวี ช่วงที่ 1", "road_no": "0", "aumpher": "อำเภอทัพทัน", "office": "สาขาเมือง", "branch_code": "61000000", "name_short": "None", "price_new": 1400, "price_old": 1400, "width_m": 8, "pt_i": 5 }, "geometry": { "type": "Point", "coordinates": [ 99.760650843015341, 15.470149624611008 ] } },
{ "type": "Feature", "properties": { "road_key": "61000000ST064.1", "road_name": "ถนนสายบ้านตลุกดู่-บ้านเขาปฐวี ช่วงที่ 1", "road_no": "0", "aumpher": "อำเภอทัพทัน", "office": "สาขาเมือง", "branch_code": "61000000", "name_short": "None", "price_new": 1400, "price_old": 1400, "width_m": 8, "pt_i": 6 }, "geometry": { "type": "Point", "coordinates": [ 99.76044120582155, 15.471215197064213 ] } },
{ "type": "Feature", "properties": { "road_key": "61000000ST064.1", "road_name": "ถนนสายบ้านตลุกดู่-บ้านเขาปฐวี ช่วงที่ 1", "road_no": "0", "aumpher": "อำเภอทัพทัน", "office": "สาขาเมือง", "branch_code": "61000000", "name_short": "None", "price_new": 1400, "price_old": 1400, "width_m": 8, "pt_i": 7 }, "geometry": { "type": "Point", "coordinates": [ 99.760320867999567, 15.472288229986503 ] } },
{ "type": "Feature", "properties": { "road_key": "61000000ST064.1", "road_name": "ถนนสายบ้านตลุกดู่-บ้านเขาปฐวี ช่วงที่ 1", "road_no": "0", "aumpher": "อำเภอทัพทัน", "office": "สาขาเมือง", "branch_code": "61000000", "name_short": "None", "price_new": 1400, "price_old": 1400, "width_m": 8, "pt_i": 8 }, "geometry": { "type": "Point", "coordinates": [ 99.760497898705765, 15.47335935229513 ] } },
{ "type": "Feature", "properties": { "road_key": "61000000ST064.1", "road_name": "ถนนสายบ้านตลุกดู่-บ้านเขาปฐวี ช่วงที่ 1", "road_no": "0", "aumpher": "อำเภอทัพทัน", "office": "สาขาเมือง", "branch_code": "61000000", "name_short": "None", "price_new": 1400, "price_old": 1400, "width_m": 8, "pt_i": 9 }, "geometry": { "type": "Point", "coordinates": [ 99.760492087895926, 15.474429022414467 ] } },
{ "type": "Feature", "properties": { "road_key": "61000000ST064.2", "road_name": "ถนนสายบ้านตลุกดู่-บ้านเขาปฐวี ช่วงที่ 2", "road_no": "0", "aumpher": "อำเภอทัพทัน", "office": "สาขาเมือง", "branch_code": "61000000", "name_short": "None", "price_new": 1400, "price_old": 1400, "width_m": 8, "pt_i": 0 }, "geometry": { "type": "Point", "coordinates": [ 99.773737660978398, 15.440520529283965 ] } },
{ "type": "Feature", "properties": { "road_key": "61000000ST064.2", "road_name": "ถนนสายบ้านตลุกดู่-บ้านเขาปฐวี ช่วงที่ 2", "road_no": "0", "aumpher": "อำเภอทัพทัน", "office": "สาขาเมือง", "branch_code": "61000000", "name_short": "None", "price_new": 1400, "price_old": 1400, "width_m": 8, "pt_i": 1 }, "geometry": { "type": "Point", "coordinates": [ 99.773248506972195, 15.441495980770563 ] } },
{ "type": "Feature", "properties": { "road_key": "61000000ST064.2", "road_name": "ถนนสายบ้านตลุกดู่-บ้านเขาปฐวี ช่วงที่ 2", "road_no": "0", "aumpher": "อำเภอทัพทัน", "office": "สาขาเมือง", "branch_code": "61000000", "name_short": "None", "price_new": 1400, "price_old": 1400, "width_m": 8, "pt_i": 2 }, "geometry": { "type": "Point", "coordinates": [ 99.772762911855054, 15.442473205641585 ] } },
{ "type": "Feature", "properties": { "road_key": "61000000ST064.2", "road_name": "ถนนสายบ้านตลุกดู่-บ้านเขาปฐวี ช่วงที่ 2", "road_no": "0", "aumpher": "อำเภอทัพทัน", "office": "สาขาเมือง", "branch_code": "61000000", "name_short": "None", "price_new": 1400, "price_old": 1400, "width_m": 8, "pt_i": 3 }, "geometry": { "type": "Point", "coordinates": [ 99.772276475344441, 15.443450033587688 ] } },
{ "type": "Feature", "properties": { "road_key": "61000000ST064.2", "road_name": "ถนนสายบ้านตลุกดู่-บ้านเขาปฐวี ช่วงที่ 2", "road_no": "0", "aumpher": "อำเภอทัพทัน", "office": "สาขาเมือง", "branch_code": "61000000", "name_short": "None", "price_new": 1400, "price_old": 1400, "width_m": 8, "pt_i": 4 }, "geometry": { "type": "Point", "coordinates": [ 99.771784115834166, 15.444424077565589 ] } },
{ "type": "Feature", "properties": { "road_key": "61000000ST064.2", "road_name": "ถนนสายบ้านตลุกดู่-บ้านเขาปฐวี ช่วงที่ 2", "road_no": "0", "aumpher": "อำเภอทัพทัน", "office": "สาขาเมือง", "branch_code": "61000000", "name_short": "None", "price_new": 1400, "price_old": 1400, "width_m": 8, "pt_i": 5 }, "geometry": { "type": "Point", "coordinates": [ 99.771302253674122, 15.445403044202502 ] } },
{ "type": "Feature", "properties": { "road_key": "61000000ST064.2", "road_name": "ถนนสายบ้านตลุกดู่-บ้านเขาปฐวี ช่วงที่ 2", "road_no": "0", "aumpher": "อำเภอทัพทัน", "office": "สาขาเมือง", "branch_code": "61000000", "name_short": "None", "price_new": 1400, "price_old": 1400, "width_m": 8, "pt_i": 6 }, "geometry": { "type": "Point", "coordinates": [ 99.770820975170281, 15.446382285373947 ] } },
{ "type": "Feature", "properties": { "road_key": "61000000ST064.2", "road_name": "ถนนสายบ้านตลุกดู่-บ้านเขาปฐวี ช่วงที่ 2", "road_no": "0", "aumpher": "อำเภอทัพทัน", "office": "สาขาเมือง", "branch_code": "61000000", "name_short": "None", "price_new": 1400, "price_old": 1400, "width_m": 8, "pt_i": 7 }, "geometry": { "type": "Point", "coordinates": [ 99.770326185840119, 15.447355173807656 ] } },
{ "type": "Feature", "properties": { "road_key": "61000000ST064.2", "road_name": "ถนนสายบ้านตลุกดู่-บ้านเขาปฐวี ช่วงที่ 2", "road_no": "0", "aumpher": "อำเภอทัพทัน", "office": "สาขาเมือง", "branch_code": "61000000", "name_short": "None", "price_new": 1400, "price_old": 1400, "width_m": 8, "pt_i": 8 }, "geometry": { "type": "Point", "coordinates": [ 99.769834623194427, 15.448329600361111 ] } },
{ "type": "Feature", "properties": { "road_key": "61000000ST064.2", "road_name": "ถนนสายบ้านตลุกดู่-บ้านเขาปฐวี ช่วงที่ 2", "road_no": "0", "aumpher": "อำเภอทัพทัน", "office": "สาขาเมือง", "branch_code": "61000000", "name_short": "None", "price_new": 1400, "price_old": 1400, "width_m": 8, "pt_i": 9 }, "geometry": { "type": "Point", "coordinates": [ 99.769343327430434, 15.44930415518237 ] } },
{ "type": "Feature", "properties": { "road_key": "61000000ST064.2", "road_name": "ถนนสายบ้านตลุกดู่-บ้านเขาปฐวี ช่วงที่ 2", "road_no": "0", "aumpher": "อำเภอทัพทัน", "office": "สาขาเมือง", "branch_code": "61000000", "name_short": "None", "price_new": 1400, "price_old": 1400, "width_m": 8, "pt_i": 10 }, "geometry": { "type": "Point", "coordinates": [ 99.768860206945078, 15.450282530497343 ] } },
{ "type": "Feature", "properties": { "road_key": "61000000ST064.2", "road_name": "ถนนสายบ้านตลุกดู่-บ้านเขาปฐวี ช่วงที่ 2", "road_no": "0", "aumpher": "อำเภอทัพทัน", "office": "สาขาเมือง", "branch_code": "61000000", "name_short": "None", "price_new": 1400, "price_old": 1400, "width_m": 8, "pt_i": 11 }, "geometry": { "type": "Point", "coordinates": [ 99.768380755488536, 15.451262621044851 ] } },
{ "type": "Feature", "properties": { "road_key": "61000000ST064.2", "road_name": "ถนนสายบ้านตลุกดู่-บ้านเขาปฐวี ช่วงที่ 2", "road_no": "0", "aumpher": "อำเภอทัพทัน", "office": "สาขาเมือง", "branch_code": "61000000", "name_short": "None", "price_new": 1400, "price_old": 1400, "width_m": 8, "pt_i": 12 }, "geometry": { "type": "Point", "coordinates": [ 99.767901299698707, 15.452242710675399 ] } },
{ "type": "Feature", "properties": { "road_key": "61000000ST064.2", "road_name": "ถนนสายบ้านตลุกดู่-บ้านเขาปฐวี ช่วงที่ 2", "road_no": "0", "aumpher": "อำเภอทัพทัน", "office": "สาขาเมือง", "branch_code": "61000000", "name_short": "None", "price_new": 1400, "price_old": 1400, "width_m": 8, "pt_i": 13 }, "geometry": { "type": "Point", "coordinates": [ 99.767414299581148, 15.453219287693788 ] } },
{ "type": "Feature", "properties": { "road_key": "61000000ST064.2", "road_name": "ถนนสายบ้านตลุกดู่-บ้านเขาปฐวี ช่วงที่ 2", "road_no": "0", "aumpher": "อำเภอทัพทัน", "office": "สาขาเมือง", "branch_code": "61000000", "name_short": "None", "price_new": 1400, "price_old": 1400, "width_m": 8, "pt_i": 14 }, "geometry": { "type": "Point", "coordinates": [ 99.766911163570555, 15.454187807301725 ] } },
{ "type": "Feature", "properties": { "road_key": "61000000ST064.2", "road_name": "ถนนสายบ้านตลุกดู่-บ้านเขาปฐวี ช่วงที่ 2", "road_no": "0", "aumpher": "อำเภอทัพทัน", "office": "สาขาเมือง", "branch_code": "61000000", "name_short": "None", "price_new": 1400, "price_old": 1400, "width_m": 8, "pt_i": 15 }, "geometry": { "type": "Point", "coordinates": [ 99.766369128799752, 15.455136728483305 ] } },
{ "type": "Feature", "properties": { "road_key": "61000000ST064.2", "road_name": "ถนนสายบ้านตลุกดู่-บ้านเขาปฐวี ช่วงที่ 2", "road_no": "0", "aumpher": "อำเภอทัพทัน", "office": "สาขาเมือง", "branch_code": "61000000", "name_short": "None", "price_new": 1400, "price_old": 1400, "width_m": 8, "pt_i": 16 }, "geometry": { "type": "Point", "coordinates": [ 99.765839003475676, 15.456091738150631 ] } },
{ "type": "Feature", "properties": { "road_key": "61000000ST064.2", "road_name": "ถนนสายบ้านตลุกดู่-บ้านเขาปฐวี ช่วงที่ 2", "road_no": "0", "aumpher": "อำเภอทัพทัน", "office": "สาขาเมือง", "branch_code": "61000000", "name_short": "None", "price_new": 1400, "price_old": 1400, "width_m": 8, "pt_i": 17 }, "geometry": { "type": "Point", "coordinates": [ 99.765358366031236, 15.457070767159111 ] } },
{ "type": "Feature", "properties": { "road_key": "61000000ST064.2", "road_name": "ถนนสายบ้านตลุกดู่-บ้านเขาปฐวี ช่วงที่ 2", "road_no": "0", "aumpher": "อำเภอทัพทัน", "office": "สาขาเมือง", "branch_code": "61000000", "name_short": "None", "price_new": 1400, "price_old": 1400, "width_m": 8, "pt_i": 18 }, "geometry": { "type": "Point", "coordinates": [ 99.76489726370157, 15.458058944446341 ] } },
{ "type": "Feature", "properties": { "road_key": "61000000ST064.2", "road_name": "ถนนสายบ้านตลุกดู่-บ้านเขาปฐวี ช่วงที่ 2", "road_no": "0", "aumpher": "อำเภอทัพทัน", "office": "สาขาเมือง", "branch_code": "61000000", "name_short": "None", "price_new": 1400, "price_old": 1400, "width_m": 8, "pt_i": 19 }, "geometry": { "type": "Point", "coordinates": [ 99.764427399941425, 15.459043387222835 ] } },
{ "type": "Feature", "properties": { "road_key": "61000000ST064.2", "road_name": "ถนนสายบ้านตลุกดู่-บ้านเขาปฐวี ช่วงที่ 2", "road_no": "0", "aumpher": "อำเภอทัพทัน", "office": "สาขาเมือง", "branch_code": "61000000", "name_short": "None", "price_new": 1400, "price_old": 1400, "width_m": 8, "pt_i": 20 }, "geometry": { "type": "Point", "coordinates": [ 99.764031333606937, 15.46005527677676 ] } },
{ "type": "Feature", "properties": { "road_key": "61000000ST064.2", "road_name": "ถนนสายบ้านตลุกดู่-บ้านเขาปฐวี ช่วงที่ 2", "road_no": "0", "aumpher": "อำเภอทัพทัน", "office": "สาขาเมือง", "branch_code": "61000000", "name_short": "None", "price_new": 1400, "price_old": 1400, "width_m": 8, "pt_i": 21 }, "geometry": { "type": "Point", "coordinates": [ 99.763633549094095, 15.461068020539997 ] } },
{ "type": "Feature", "properties": { "road_key": "61000000ST064.2", "road_name": "ถนนสายบ้านตลุกดู่-บ้านเขาปฐวี ช่วงที่ 2", "road_no": "0", "aumpher": "อำเภอทัพทัน", "office": "สาขาเมือง", "branch_code": "61000000", "name_short": "None", "price_new": 1400, "price_old": 1400, "width_m": 8, "pt_i": 22 }, "geometry": { "type": "Point", "coordinates": [ 99.763200682775022, 15.462068306879456 ] } },
{ "type": "Feature", "properties": { "road_key": "61000000ST064.2", "road_name": "ถนนสายบ้านตลุกดู่-บ้านเขาปฐวี ช่วงที่ 2", "road_no": "0", "aumpher": "อำเภอทัพทัน", "office": "สาขาเมือง", "branch_code": "61000000", "name_short": "None", "price_new": 1400, "price_old": 1400, "width_m": 8, "pt_i": 23 }, "geometry": { "type": "Point", "coordinates": [ 99.762770369136504, 15.463069631354864 ] } },
{ "type": "Feature", "properties": { "road_key": "61000000ST064.2", "road_name": "ถนนสายบ้านตลุกดู่-บ้านเขาปฐวี ช่วงที่ 2", "road_no": "0", "aumpher": "อำเภอทัพทัน", "office": "สาขาเมือง", "branch_code": "61000000", "name_short": "None", "price_new": 1400, "price_old": 1400, "width_m": 8, "pt_i": 24 }, "geometry": { "type": "Point", "coordinates": [ 99.762340051553764, 15.46407095509209 ] } },
{ "type": "Feature", "properties": { "road_key": "61000000ST064.3", "road_name": "ถนนสายบ้านตลุกดู่-บ้านเขาปฐวี ช่วงที่ 3", "road_no": "0", "aumpher": "อำเภอทัพทัน", "office": "สาขาเมือง", "branch_code": "61000000", "name_short": "None", "price_new": 1500, "price_old": 1400, "width_m": 8, "pt_i": 0 }, "geometry": { "type": "Point", "coordinates": [ 99.774490738530858, 15.437004398495104 ] } },
{ "type": "Feature", "properties": { "road_key": "61000000ST064.3", "road_name": "ถนนสายบ้านตลุกดู่-บ้านเขาปฐวี ช่วงที่ 3", "road_no": "0", "aumpher": "อำเภอทัพทัน", "office": "สาขาเมือง", "branch_code": "61000000", "name_short": "None", "price_new": 1500, "price_old": 1400, "width_m": 8, "pt_i": 1 }, "geometry": { "type": "Point", "coordinates": [ 99.774145376359868, 15.438036177780134 ] } },
{ "type": "Feature", "properties": { "road_key": "61000000ST064.3", "road_name": "ถนนสายบ้านตลุกดู่-บ้านเขาปฐวี ช่วงที่ 3", "road_no": "0", "aumpher": "อำเภอทัพทัน", "office": "สาขาเมือง", "branch_code": "61000000", "name_short": "None", "price_new": 1500, "price_old": 1400, "width_m": 8, "pt_i": 2 }, "geometry": { "type": "Point", "coordinates": [ 99.773843716597952, 15.439078533045937 ] } },
{ "type": "Feature", "properties": { "road_key": "61000000ST064.3", "road_name": "ถนนสายบ้านตลุกดู่-บ้านเขาปฐวี ช่วงที่ 3", "road_no": "0", "aumpher": "อำเภอทัพทัน", "office": "สาขาเมือง", "branch_code": "61000000", "name_short": "None", "price_new": 1500, "price_old": 1400, "width_m": 8, "pt_i": 3 }, "geometry": { "type": "Point", "coordinates": [ 99.773841962535798, 15.44016050224525 ] } },
{ "type": "Feature", "properties": { "road_key": "61000000ST080", "road_name": "ถนนสายบ้านป่าพริก-บ้านหนองคล้า", "road_no": "0", "aumpher": "อำเภอทัพทัน", "office": "สาขาเมือง", "branch_code": "61000000", "name_short": "None", "price_new": 350, "price_old": 150, "width_m": 6, "pt_i": 0 }, "geometry": { "type": "Point", "coordinates": [ 99.756822873058169, 15.407749279386126 ] } },
{ "type": "Feature", "properties": { "road_key": "61000000ST080", "road_name": "ถนนสายบ้านป่าพริก-บ้านหนองคล้า", "road_no": "0", "aumpher": "อำเภอทัพทัน", "office": "สาขาเมือง", "branch_code": "61000000", "name_short": "None", "price_new": 350, "price_old": 150, "width_m": 6, "pt_i": 1 }, "geometry": { "type": "Point", "coordinates": [ 99.757041495724167, 15.408813165437545 ] } },
{ "type": "Feature", "properties": { "road_key": "61000000ST080", "road_name": "ถนนสายบ้านป่าพริก-บ้านหนองคล้า", "road_no": "0", "aumpher": "อำเภอทัพทัน", "office": "สาขาเมือง", "branch_code": "61000000", "name_short": "None", "price_new": 350, "price_old": 150, "width_m": 6, "pt_i": 2 }, "geometry": { "type": "Point", "coordinates": [ 99.757260120863393, 15.409877051072803 ] } },
{ "type": "Feature", "properties": { "road_key": "61000000ST080", "road_name": "ถนนสายบ้านป่าพริก-บ้านหนองคล้า", "road_no": "0", "aumpher": "อำเภอทัพทัน", "office": "สาขาเมือง", "branch_code": "61000000", "name_short": "None", "price_new": 350, "price_old": 150, "width_m": 6, "pt_i": 3 }, "geometry": { "type": "Point", "coordinates": [ 99.757468582439174, 15.410942807721758 ] } },
{ "type": "Feature", "properties": { "road_key": "61000000ST080", "road_name": "ถนนสายบ้านป่าพริก-บ้านหนองคล้า", "road_no": "0", "aumpher": "อำเภอทัพทัน", "office": "สาขาเมือง", "branch_code": "61000000", "name_short": "None", "price_new": 350, "price_old": 150, "width_m": 6, "pt_i": 4 }, "geometry": { "type": "Point", "coordinates": [ 99.757666911346419, 15.412010429704843 ] } },
{ "type": "Feature", "properties": { "road_key": "61000000ST080", "road_name": "ถนนสายบ้านป่าพริก-บ้านหนองคล้า", "road_no": "0", "aumpher": "อำเภอทัพทัน", "office": "สาขาเมือง", "branch_code": "61000000", "name_short": "None", "price_new": 350, "price_old": 150, "width_m": 6, "pt_i": 5 }, "geometry": { "type": "Point", "coordinates": [ 99.757865242531793, 15.413078051317996 ] } },
{ "type": "Feature", "properties": { "road_key": "61000000ST080", "road_name": "ถนนสายบ้านป่าพริก-บ้านหนองคล้า", "road_no": "0", "aumpher": "อำเภอทัพทัน", "office": "สาขาเมือง", "branch_code": "61000000", "name_short": "None", "price_new": 350, "price_old": 150, "width_m": 6, "pt_i": 6 }, "geometry": { "type": "Point", "coordinates": [ 99.758063585366259, 15.414145670890482 ] } },
{ "type": "Feature", "properties": { "road_key": "61000000ST080", "road_name": "ถนนสายบ้านป่าพริก-บ้านหนองคล้า", "road_no": "0", "aumpher": "อำเภอทัพทัน", "office": "สาขาเมือง", "branch_code": "61000000", "name_short": "None", "price_new": 350, "price_old": 150, "width_m": 6, "pt_i": 7 }, "geometry": { "type": "Point", "coordinates": [ 99.758269539489405, 15.415211933490401 ] } },
{ "type": "Feature", "properties": { "road_key": "61000000ST080", "road_name": "ถนนสายบ้านป่าพริก-บ้านหนองคล้า", "road_no": "0", "aumpher": "อำเภอทัพทัน", "office": "สาขาเมือง", "branch_code": "61000000", "name_short": "None", "price_new": 350, "price_old": 150, "width_m": 6, "pt_i": 8 }, "geometry": { "type": "Point", "coordinates": [ 99.758475495965186, 15.416278195703258 ] } },
{ "type": "Feature", "properties": { "road_key": "61000000ST080", "road_name": "ถนนสายบ้านป่าพริก-บ้านหนองคล้า", "road_no": "0", "aumpher": "อำเภอทัพทัน", "office": "สาขาเมือง", "branch_code": "61000000", "name_short": "None", "price_new": 350, "price_old": 150, "width_m": 6, "pt_i": 9 }, "geometry": { "type": "Point", "coordinates": [ 99.758697426534326, 15.417341402242208 ] } },
{ "type": "Feature", "properties": { "road_key": "61000000ST080", "road_name": "ถนนสายบ้านป่าพริก-บ้านหนองคล้า", "road_no": "0", "aumpher": "อำเภอทัพทัน", "office": "สาขาเมือง", "branch_code": "61000000", "name_short": "None", "price_new": 350, "price_old": 150, "width_m": 6, "pt_i": 10 }, "geometry": { "type": "Point", "coordinates": [ 99.758924173176155, 15.41840368755223 ] } },
{ "type": "Feature", "properties": { "road_key": "61000000ST086", "road_name": "ถนนสายบ้านสามแท่ง-บ้างวังเตย", "road_no": "0", "aumpher": "อำเภอทัพทัน", "office": "สาขาเมือง", "branch_code": "61000000", "name_short": "None", "price_new": 350, "price_old": 250, "width_m": 6, "pt_i": 0 }, "geometry": { "type": "Point", "coordinates": [ 99.698066037104354, 15.44927360618324 ] } },
{ "type": "Feature", "properties": { "road_key": "61000000ST086", "road_name": "ถนนสายบ้านสามแท่ง-บ้างวังเตย", "road_no": "0", "aumpher": "อำเภอทัพทัน", "office": "สาขาเมือง", "branch_code": "61000000", "name_short": "None", "price_new": 350, "price_old": 250, "width_m": 6, "pt_i": 1 }, "geometry": { "type": "Point", "coordinates": [ 99.698746474324992, 15.448428088392216 ] } },
{ "type": "Feature", "properties": { "road_key": "61000000ST086", "road_name": "ถนนสายบ้านสามแท่ง-บ้างวังเตย", "road_no": "0", "aumpher": "อำเภอทัพทัน", "office": "สาขาเมือง", "branch_code": "61000000", "name_short": "None", "price_new": 350, "price_old": 250, "width_m": 6, "pt_i": 2 }, "geometry": { "type": "Point", "coordinates": [ 99.699571894507102, 15.447696033177138 ] } },
{ "type": "Feature", "properties": { "road_key": "61000000ST086", "road_name": "ถนนสายบ้านสามแท่ง-บ้างวังเตย", "road_no": "0", "aumpher": "อำเภอทัพทัน", "office": "สาขาเมือง", "branch_code": "61000000", "name_short": "None", "price_new": 350, "price_old": 250, "width_m": 6, "pt_i": 3 }, "geometry": { "type": "Point", "coordinates": [ 99.700382648231468, 15.446948709397377 ] } },
{ "type": "Feature", "properties": { "road_key": "61000000ST086", "road_name": "ถนนสายบ้านสามแท่ง-บ้างวังเตย", "road_no": "0", "aumpher": "อำเภอทัพทัน", "office": "สาขาเมือง", "branch_code": "61000000", "name_short": "None", "price_new": 350, "price_old": 250, "width_m": 6, "pt_i": 4 }, "geometry": { "type": "Point", "coordinates": [ 99.701191940056347, 15.446199900627684 ] } },
{ "type": "Feature", "properties": { "road_key": "61000000ST091.1", "road_name": "ถนนสายบ้านสวนขวัญ-บ้างวังเตย ช่วงที่ 1", "road_no": "0", "aumpher": "อำเภอทัพทัน", "office": "สาขาเมือง", "branch_code": "61000000", "name_short": "None", "price_new": 500, "price_old": 500, "width_m": 6, "pt_i": 0 }, "geometry": { "type": "Point", "coordinates": [ 99.703633987903146, 15.435104199763355 ] } },
{ "type": "Feature", "properties": { "road_key": "61000000ST091.1", "road_name": "ถนนสายบ้านสวนขวัญ-บ้างวังเตย ช่วงที่ 1", "road_no": "0", "aumpher": "อำเภอทัพทัน", "office": "สาขาเมือง", "branch_code": "61000000", "name_short": "None", "price_new": 500, "price_old": 500, "width_m": 6, "pt_i": 1 }, "geometry": { "type": "Point", "coordinates": [ 99.703234451705072, 15.436117445298615 ] } },
{ "type": "Feature", "properties": { "road_key": "61000000ST091.1", "road_name": "ถนนสายบ้านสวนขวัญ-บ้างวังเตย ช่วงที่ 1", "road_no": "0", "aumpher": "อำเภอทัพทัน", "office": "สาขาเมือง", "branch_code": "61000000", "name_short": "None", "price_new": 500, "price_old": 500, "width_m": 6, "pt_i": 2 }, "geometry": { "type": "Point", "coordinates": [ 99.70283286802912, 15.43712993112875 ] } },
{ "type": "Feature", "properties": { "road_key": "61000000ST091.1", "road_name": "ถนนสายบ้านสวนขวัญ-บ้างวังเตย ช่วงที่ 1", "road_no": "0", "aumpher": "อำเภอทัพทัน", "office": "สาขาเมือง", "branch_code": "61000000", "name_short": "None", "price_new": 500, "price_old": 500, "width_m": 6, "pt_i": 3 }, "geometry": { "type": "Point", "coordinates": [ 99.702431921931961, 15.438142646260173 ] } },
{ "type": "Feature", "properties": { "road_key": "61000000ST091.1", "road_name": "ถนนสายบ้านสวนขวัญ-บ้างวังเตย ช่วงที่ 1", "road_no": "0", "aumpher": "อำเภอทัพทัน", "office": "สาขาเมือง", "branch_code": "61000000", "name_short": "None", "price_new": 500, "price_old": 500, "width_m": 6, "pt_i": 4 }, "geometry": { "type": "Point", "coordinates": [ 99.702064478639926, 15.439167045523961 ] } },
{ "type": "Feature", "properties": { "road_key": "61000000ST091.1", "road_name": "ถนนสายบ้านสวนขวัญ-บ้างวังเตย ช่วงที่ 1", "road_no": "0", "aumpher": "อำเภอทัพทัน", "office": "สาขาเมือง", "branch_code": "61000000", "name_short": "None", "price_new": 500, "price_old": 500, "width_m": 6, "pt_i": 5 }, "geometry": { "type": "Point", "coordinates": [ 99.701764469846964, 15.440212059473922 ] } },
{ "type": "Feature", "properties": { "road_key": "61000000ST091.1", "road_name": "ถนนสายบ้านสวนขวัญ-บ้างวังเตย ช่วงที่ 1", "road_no": "0", "aumpher": "อำเภอทัพทัน", "office": "สาขาเมือง", "branch_code": "61000000", "name_short": "None", "price_new": 500, "price_old": 500, "width_m": 6, "pt_i": 6 }, "geometry": { "type": "Point", "coordinates": [ 99.701506009999576, 15.441267525121651 ] } },
{ "type": "Feature", "properties": { "road_key": "61000000ST091.1", "road_name": "ถนนสายบ้านสวนขวัญ-บ้างวังเตย ช่วงที่ 1", "road_no": "0", "aumpher": "อำเภอทัพทัน", "office": "สาขาเมือง", "branch_code": "61000000", "name_short": "None", "price_new": 500, "price_old": 500, "width_m": 6, "pt_i": 7 }, "geometry": { "type": "Point", "coordinates": [ 99.70125728726876, 15.442325166214561 ] } },
{ "type": "Feature", "properties": { "road_key": "61000000ST091.1", "road_name": "ถนนสายบ้านสวนขวัญ-บ้างวังเตย ช่วงที่ 1", "road_no": "0", "aumpher": "อำเภอทัพทัน", "office": "สาขาเมือง", "branch_code": "61000000", "name_short": "None", "price_new": 500, "price_old": 500, "width_m": 6, "pt_i": 8 }, "geometry": { "type": "Point", "coordinates": [ 99.700941858888214, 15.443363469796203 ] } },
{ "type": "Feature", "properties": { "road_key": "61000000ST091.1", "road_name": "ถนนสายบ้านสวนขวัญ-บ้างวังเตย ช่วงที่ 1", "road_no": "0", "aumpher": "อำเภอทัพทัน", "office": "สาขาเมือง", "branch_code": "61000000", "name_short": "None", "price_new": 500, "price_old": 500, "width_m": 6, "pt_i": 9 }, "geometry": { "type": "Point", "coordinates": [ 99.701142635948202, 15.444414367436332 ] } },
{ "type": "Feature", "properties": { "road_key": "61000000ST091.1", "road_name": "ถนนสายบ้านสวนขวัญ-บ้างวังเตย ช่วงที่ 1", "road_no": "0", "aumpher": "อำเภอทัพทัน", "office": "สาขาเมือง", "branch_code": "61000000", "name_short": "None", "price_new": 500, "price_old": 500, "width_m": 6, "pt_i": 10 }, "geometry": { "type": "Point", "coordinates": [ 99.701430046978132, 15.445461939863632 ] } },
{ "type": "Feature", "properties": { "road_key": "61000000ST091.2", "road_name": "ถนนสายบ้านสวนขวัญ-บ้างวังเตย ช่วงที่ 2", "road_no": "0", "aumpher": "อำเภอทัพทัน", "office": "สาขาเมือง", "branch_code": "61000000", "name_short": "None", "price_new": 350, "price_old": 250, "width_m": 6, "pt_i": 0 }, "geometry": { "type": "Point", "coordinates": [ 99.701537779952787, 15.445914394756034 ] } },
{ "type": "Feature", "properties": { "road_key": "61000000ST091.2", "road_name": "ถนนสายบ้านสวนขวัญ-บ้างวังเตย ช่วงที่ 2", "road_no": "0", "aumpher": "อำเภอทัพทัน", "office": "สาขาเมือง", "branch_code": "61000000", "name_short": "None", "price_new": 350, "price_old": 250, "width_m": 6, "pt_i": 1 }, "geometry": { "type": "Point", "coordinates": [ 99.701613794947804, 15.446995386436319 ] } },
{ "type": "Feature", "properties": { "road_key": "61000000ST091.2", "road_name": "ถนนสายบ้านสวนขวัญ-บ้างวังเตย ช่วงที่ 2", "road_no": "0", "aumpher": "อำเภอทัพทัน", "office": "สาขาเมือง", "branch_code": "61000000", "name_short": "None", "price_new": 350, "price_old": 250, "width_m": 6, "pt_i": 2 }, "geometry": { "type": "Point", "coordinates": [ 99.701578122711027, 15.448077880981508 ] } },
{ "type": "Feature", "properties": { "road_key": "61000000ST091.2", "road_name": "ถนนสายบ้านสวนขวัญ-บ้างวังเตย ช่วงที่ 2", "road_no": "0", "aumpher": "อำเภอทัพทัน", "office": "สาขาเมือง", "branch_code": "61000000", "name_short": "None", "price_new": 350, "price_old": 250, "width_m": 6, "pt_i": 3 }, "geometry": { "type": "Point", "coordinates": [ 99.701423859143901, 15.449152341648761 ] } },
{ "type": "Feature", "properties": { "road_key": "61000000ST091.2", "road_name": "ถนนสายบ้านสวนขวัญ-บ้างวังเตย ช่วงที่ 2", "road_no": "0", "aumpher": "อำเภอทัพทัน", "office": "สาขาเมือง", "branch_code": "61000000", "name_short": "None", "price_new": 350, "price_old": 250, "width_m": 6, "pt_i": 4 }, "geometry": { "type": "Point", "coordinates": [ 99.701269594227853, 15.450226802171741 ] } },
{ "type": "Feature", "properties": { "road_key": "61000000ST091.2", "road_name": "ถนนสายบ้านสวนขวัญ-บ้างวังเตย ช่วงที่ 2", "road_no": "0", "aumpher": "อำเภอทัพทัน", "office": "สาขาเมือง", "branch_code": "61000000", "name_short": "None", "price_new": 350, "price_old": 250, "width_m": 6, "pt_i": 5 }, "geometry": { "type": "Point", "coordinates": [ 99.701129212154498, 15.451303044401595 ] } },
{ "type": "Feature", "properties": { "road_key": "61000000ST091.2", "road_name": "ถนนสายบ้านสวนขวัญ-บ้างวังเตย ช่วงที่ 2", "road_no": "0", "aumpher": "อำเภอทัพทัน", "office": "สาขาเมือง", "branch_code": "61000000", "name_short": "None", "price_new": 350, "price_old": 250, "width_m": 6, "pt_i": 6 }, "geometry": { "type": "Point", "coordinates": [ 99.700990040910099, 15.452379442047704 ] } },
{ "type": "Feature", "properties": { "road_key": "61000000ST091.2", "road_name": "ถนนสายบ้านสวนขวัญ-บ้างวังเตย ช่วงที่ 2", "road_no": "0", "aumpher": "อำเภอทัพทัน", "office": "สาขาเมือง", "branch_code": "61000000", "name_short": "None", "price_new": 350, "price_old": 250, "width_m": 6, "pt_i": 7 }, "geometry": { "type": "Point", "coordinates": [ 99.700850868470994, 15.453455839562698 ] } },
{ "type": "Feature", "properties": { "road_key": "61000000ST091.2", "road_name": "ถนนสายบ้านสวนขวัญ-บ้างวังเตย ช่วงที่ 2", "road_no": "0", "aumpher": "อำเภอทัพทัน", "office": "สาขาเมือง", "branch_code": "61000000", "name_short": "None", "price_new": 350, "price_old": 250, "width_m": 6, "pt_i": 8 }, "geometry": { "type": "Point", "coordinates": [ 99.700709903726107, 15.454532017269862 ] } },
{ "type": "Feature", "properties": { "road_key": "61000000ST091.2", "road_name": "ถนนสายบ้านสวนขวัญ-บ้างวังเตย ช่วงที่ 2", "road_no": "0", "aumpher": "อำเภอทัพทัน", "office": "สาขาเมือง", "branch_code": "61000000", "name_short": "None", "price_new": 350, "price_old": 250, "width_m": 6, "pt_i": 9 }, "geometry": { "type": "Point", "coordinates": [ 99.700568421642856, 15.45560813154267 ] } },
{ "type": "Feature", "properties": { "road_key": "61000000ST091.2", "road_name": "ถนนสายบ้านสวนขวัญ-บ้างวังเตย ช่วงที่ 2", "road_no": "0", "aumpher": "อำเภอทัพทัน", "office": "สาขาเมือง", "branch_code": "61000000", "name_short": "None", "price_new": 350, "price_old": 250, "width_m": 6, "pt_i": 10 }, "geometry": { "type": "Point", "coordinates": [ 99.700426938340712, 15.456684245682382 ] } },
{ "type": "Feature", "properties": { "road_key": "61000000ST091.2", "road_name": "ถนนสายบ้านสวนขวัญ-บ้างวังเตย ช่วงที่ 2", "road_no": "0", "aumpher": "อำเภอทัพทัน", "office": "สาขาเมือง", "branch_code": "61000000", "name_short": "None", "price_new": 350, "price_old": 250, "width_m": 6, "pt_i": 11 }, "geometry": { "type": "Point", "coordinates": [ 99.700285505483052, 15.457760366076881 ] } },
{ "type": "Feature", "properties": { "road_key": "61000000ST091.2", "road_name": "ถนนสายบ้านสวนขวัญ-บ้างวังเตย ช่วงที่ 2", "road_no": "0", "aumpher": "อำเภอทัพทัน", "office": "สาขาเมือง", "branch_code": "61000000", "name_short": "None", "price_new": 350, "price_old": 250, "width_m": 6, "pt_i": 12 }, "geometry": { "type": "Point", "coordinates": [ 99.700144082837468, 15.458836487751627 ] } },
{ "type": "Feature", "properties": { "road_key": "61000000ST091.2", "road_name": "ถนนสายบ้านสวนขวัญ-บ้างวังเตย ช่วงที่ 2", "road_no": "0", "aumpher": "อำเภอทัพทัน", "office": "สาขาเมือง", "branch_code": "61000000", "name_short": "None", "price_new": 350, "price_old": 250, "width_m": 6, "pt_i": 13 }, "geometry": { "type": "Point", "coordinates": [ 99.700002658973119, 15.459912609293264 ] } },
{ "type": "Feature", "properties": { "road_key": "61000000ST091.2", "road_name": "ถนนสายบ้านสวนขวัญ-บ้างวังเตย ช่วงที่ 2", "road_no": "0", "aumpher": "อำเภอทัพทัน", "office": "สาขาเมือง", "branch_code": "61000000", "name_short": "None", "price_new": 350, "price_old": 250, "width_m": 6, "pt_i": 14 }, "geometry": { "type": "Point", "coordinates": [ 99.69990996590559, 15.460993624452556 ] } },
{ "type": "Feature", "properties": { "road_key": "61000000ST091.2", "road_name": "ถนนสายบ้านสวนขวัญ-บ้างวังเตย ช่วงที่ 2", "road_no": "0", "aumpher": "อำเภอทัพทัน", "office": "สาขาเมือง", "branch_code": "61000000", "name_short": "None", "price_new": 350, "price_old": 250, "width_m": 6, "pt_i": 15 }, "geometry": { "type": "Point", "coordinates": [ 99.69982104789041, 15.462075018675792 ] } },
{ "type": "Feature", "properties": { "road_key": "61000000ST091.2", "road_name": "ถนนสายบ้านสวนขวัญ-บ้างวังเตย ช่วงที่ 2", "road_no": "0", "aumpher": "อำเภอทัพทัน", "office": "สาขาเมือง", "branch_code": "61000000", "name_short": "None", "price_new": 350, "price_old": 250, "width_m": 6, "pt_i": 16 }, "geometry": { "type": "Point", "coordinates": [ 99.699732129198594, 15.463156412797078 ] } },
{ "type": "Feature", "properties": { "road_key": "61000000ST091.2", "road_name": "ถนนสายบ้านสวนขวัญ-บ้างวังเตย ช่วงที่ 2", "road_no": "0", "aumpher": "อำเภอทัพทัน", "office": "สาขาเมือง", "branch_code": "61000000", "name_short": "None", "price_new": 350, "price_old": 250, "width_m": 6, "pt_i": 17 }, "geometry": { "type": "Point", "coordinates": [ 99.699612059159648, 15.46423419929295 ] } },
{ "type": "Feature", "properties": { "road_key": "61000000ST091.2", "road_name": "ถนนสายบ้านสวนขวัญ-บ้างวังเตย ช่วงที่ 2", "road_no": "0", "aumpher": "อำเภอทัพทัน", "office": "สาขาเมือง", "branch_code": "61000000", "name_short": "None", "price_new": 350, "price_old": 250, "width_m": 6, "pt_i": 18 }, "geometry": { "type": "Point", "coordinates": [ 99.699286880499258, 15.46526914384617 ] } },
{ "type": "Feature", "properties": { "road_key": "61000000ST091.2", "road_name": "ถนนสายบ้านสวนขวัญ-บ้างวังเตย ช่วงที่ 2", "road_no": "0", "aumpher": "อำเภอทัพทัน", "office": "สาขาเมือง", "branch_code": "61000000", "name_short": "None", "price_new": 350, "price_old": 250, "width_m": 6, "pt_i": 19 }, "geometry": { "type": "Point", "coordinates": [ 99.698902312211729, 15.466287843025651 ] } },
{ "type": "Feature", "properties": { "road_key": "61000000ST091.2", "road_name": "ถนนสายบ้านสวนขวัญ-บ้างวังเตย ช่วงที่ 2", "road_no": "0", "aumpher": "อำเภอทัพทัน", "office": "สาขาเมือง", "branch_code": "61000000", "name_short": "None", "price_new": 350, "price_old": 250, "width_m": 6, "pt_i": 20 }, "geometry": { "type": "Point", "coordinates": [ 99.698572808254326, 15.467324320647835 ] } },
{ "type": "Feature", "properties": { "road_key": "61000000ST091.2", "road_name": "ถนนสายบ้านสวนขวัญ-บ้างวังเตย ช่วงที่ 2", "road_no": "0", "aumpher": "อำเภอทัพทัน", "office": "สาขาเมือง", "branch_code": "61000000", "name_short": "None", "price_new": 350, "price_old": 250, "width_m": 6, "pt_i": 21 }, "geometry": { "type": "Point", "coordinates": [ 99.698380923764915, 15.468387276870549 ] } },
{ "type": "Feature", "properties": { "road_key": "61000000ST091.2", "road_name": "ถนนสายบ้านสวนขวัญ-บ้างวังเตย ช่วงที่ 2", "road_no": "0", "aumpher": "อำเภอทัพทัน", "office": "สาขาเมือง", "branch_code": "61000000", "name_short": "None", "price_new": 350, "price_old": 250, "width_m": 6, "pt_i": 22 }, "geometry": { "type": "Point", "coordinates": [ 99.698306448794582, 15.469469654102193 ] } },
{ "type": "Feature", "properties": { "road_key": "61000000ST091.2", "road_name": "ถนนสายบ้านสวนขวัญ-บ้างวังเตย ช่วงที่ 2", "road_no": "0", "aumpher": "อำเภอทัพทัน", "office": "สาขาเมือง", "branch_code": "61000000", "name_short": "None", "price_new": 350, "price_old": 250, "width_m": 6, "pt_i": 23 }, "geometry": { "type": "Point", "coordinates": [ 99.698203004312674, 15.470549832289674 ] } },
{ "type": "Feature", "properties": { "road_key": "61000000ST091.2", "road_name": "ถนนสายบ้านสวนขวัญ-บ้างวังเตย ช่วงที่ 2", "road_no": "0", "aumpher": "อำเภอทัพทัน", "office": "สาขาเมือง", "branch_code": "61000000", "name_short": "None", "price_new": 350, "price_old": 250, "width_m": 6, "pt_i": 24 }, "geometry": { "type": "Point", "coordinates": [ 99.698006793384124, 15.471617631542717 ] } },
{ "type": "Feature", "properties": { "road_key": "61000000ST091.2", "road_name": "ถนนสายบ้านสวนขวัญ-บ้างวังเตย ช่วงที่ 2", "road_no": "0", "aumpher": "อำเภอทัพทัน", "office": "สาขาเมือง", "branch_code": "61000000", "name_short": "None", "price_new": 350, "price_old": 250, "width_m": 6, "pt_i": 25 }, "geometry": { "type": "Point", "coordinates": [ 99.697845949727991, 15.472690235065356 ] } },
{ "type": "Feature", "properties": { "road_key": "61000000ST091.2", "road_name": "ถนนสายบ้านสวนขวัญ-บ้างวังเตย ช่วงที่ 2", "road_no": "0", "aumpher": "อำเภอทัพทัน", "office": "สาขาเมือง", "branch_code": "61000000", "name_short": "None", "price_new": 350, "price_old": 250, "width_m": 6, "pt_i": 26 }, "geometry": { "type": "Point", "coordinates": [ 99.697754472044522, 15.473769872911035 ] } },
{ "type": "Feature", "properties": { "road_key": "61000000ST091.2", "road_name": "ถนนสายบ้านสวนขวัญ-บ้างวังเตย ช่วงที่ 2", "road_no": "0", "aumpher": "อำเภอทัพทัน", "office": "สาขาเมือง", "branch_code": "61000000", "name_short": "None", "price_new": 350, "price_old": 250, "width_m": 6, "pt_i": 27 }, "geometry": { "type": "Point", "coordinates": [ 99.697461826052972, 15.474816852847761 ] } },
{ "type": "Feature", "properties": { "road_key": "61000000ST091.2", "road_name": "ถนนสายบ้านสวนขวัญ-บ้างวังเตย ช่วงที่ 2", "road_no": "0", "aumpher": "อำเภอทัพทัน", "office": "สาขาเมือง", "branch_code": "61000000", "name_short": "None", "price_new": 350, "price_old": 250, "width_m": 6, "pt_i": 28 }, "geometry": { "type": "Point", "coordinates": [ 99.697119046158491, 15.475848809990275 ] } },
{ "type": "Feature", "properties": { "road_key": "61000000ST091.2", "road_name": "ถนนสายบ้านสวนขวัญ-บ้างวังเตย ช่วงที่ 2", "road_no": "0", "aumpher": "อำเภอทัพทัน", "office": "สาขาเมือง", "branch_code": "61000000", "name_short": "None", "price_new": 350, "price_old": 250, "width_m": 6, "pt_i": 29 }, "geometry": { "type": "Point", "coordinates": [ 99.697195619532494, 15.476920108254333 ] } },
{ "type": "Feature", "properties": { "road_key": "61000000ST091.2", "road_name": "ถนนสายบ้านสวนขวัญ-บ้างวังเตย ช่วงที่ 2", "road_no": "0", "aumpher": "อำเภอทัพทัน", "office": "สาขาเมือง", "branch_code": "61000000", "name_short": "None", "price_new": 350, "price_old": 250, "width_m": 6, "pt_i": 30 }, "geometry": { "type": "Point", "coordinates": [ 99.696837367974851, 15.477945030737445 ] } },
{ "type": "Feature", "properties": { "road_key": "61000000ST091.2", "road_name": "ถนนสายบ้านสวนขวัญ-บ้างวังเตย ช่วงที่ 2", "road_no": "0", "aumpher": "อำเภอทัพทัน", "office": "สาขาเมือง", "branch_code": "61000000", "name_short": "None", "price_new": 350, "price_old": 250, "width_m": 6, "pt_i": 31 }, "geometry": { "type": "Point", "coordinates": [ 99.696428102612785, 15.478954647521075 ] } },
{ "type": "Feature", "properties": { "road_key": "61000000ST091.2", "road_name": "ถนนสายบ้านสวนขวัญ-บ้างวังเตย ช่วงที่ 2", "road_no": "0", "aumpher": "อำเภอทัพทัน", "office": "สาขาเมือง", "branch_code": "61000000", "name_short": "None", "price_new": 350, "price_old": 250, "width_m": 6, "pt_i": 32 }, "geometry": { "type": "Point", "coordinates": [ 99.696011646138601, 15.479961474096998 ] } },
{ "type": "Feature", "properties": { "road_key": "61000000ST091.2", "road_name": "ถนนสายบ้านสวนขวัญ-บ้างวังเตย ช่วงที่ 2", "road_no": "0", "aumpher": "อำเภอทัพทัน", "office": "สาขาเมือง", "branch_code": "61000000", "name_short": "None", "price_new": 350, "price_old": 250, "width_m": 6, "pt_i": 33 }, "geometry": { "type": "Point", "coordinates": [ 99.695579560107817, 15.480961876648756 ] } },
{ "type": "Feature", "properties": { "road_key": "61000000ST091.2", "road_name": "ถนนสายบ้านสวนขวัญ-บ้างวังเตย ช่วงที่ 2", "road_no": "0", "aumpher": "อำเภอทัพทัน", "office": "สาขาเมือง", "branch_code": "61000000", "name_short": "None", "price_new": 350, "price_old": 250, "width_m": 6, "pt_i": 34 }, "geometry": { "type": "Point", "coordinates": [ 99.695167533805588, 15.481964751223508 ] } },
{ "type": "Feature", "properties": { "road_key": "61000000ST091.2", "road_name": "ถนนสายบ้านสวนขวัญ-บ้างวังเตย ช่วงที่ 2", "road_no": "0", "aumpher": "อำเภอทัพทัน", "office": "สาขาเมือง", "branch_code": "61000000", "name_short": "None", "price_new": 350, "price_old": 250, "width_m": 6, "pt_i": 35 }, "geometry": { "type": "Point", "coordinates": [ 99.694827529167853, 15.48299446624412 ] } },
{ "type": "Feature", "properties": { "road_key": "61000000ST091.2", "road_name": "ถนนสายบ้านสวนขวัญ-บ้างวังเตย ช่วงที่ 2", "road_no": "0", "aumpher": "อำเภอทัพทัน", "office": "สาขาเมือง", "branch_code": "61000000", "name_short": "None", "price_new": 350, "price_old": 250, "width_m": 6, "pt_i": 36 }, "geometry": { "type": "Point", "coordinates": [ 99.694311039429323, 15.483954764686404 ] } },
{ "type": "Feature", "properties": { "road_key": "61000000ST091.2", "road_name": "ถนนสายบ้านสวนขวัญ-บ้างวังเตย ช่วงที่ 2", "road_no": "0", "aumpher": "อำเภอทัพทัน", "office": "สาขาเมือง", "branch_code": "61000000", "name_short": "None", "price_new": 350, "price_old": 250, "width_m": 6, "pt_i": 37 }, "geometry": { "type": "Point", "coordinates": [ 99.693832532809168, 15.48493492654665 ] } },
{ "type": "Feature", "properties": { "road_key": "61000000ST091.3", "road_name": "ถนนสายบ้านสวนขวัญ-บ้างวังเตย ช่วงที่ 3", "road_no": "0", "aumpher": "อำเภอทัพทัน", "office": "สาขาเมือง", "branch_code": "61000000", "name_short": "None", "price_new": 350, "price_old": 250, "width_m": 6, "pt_i": 0 }, "geometry": { "type": "Point", "coordinates": [ 99.69378818843596, 15.48503420890659 ] } },
{ "type": "Feature", "properties": { "road_key": "61000000ST091.3", "road_name": "ถนนสายบ้านสวนขวัญ-บ้างวังเตย ช่วงที่ 3", "road_no": "0", "aumpher": "อำเภอทัพทัน", "office": "สาขาเมือง", "branch_code": "61000000", "name_short": "None", "price_new": 350, "price_old": 250, "width_m": 6, "pt_i": 1 }, "geometry": { "type": "Point", "coordinates": [ 99.693384254277902, 15.486045758209029 ] } },
{ "type": "Feature", "properties": { "road_key": "61000000ST091.3", "road_name": "ถนนสายบ้านสวนขวัญ-บ้างวังเตย ช่วงที่ 3", "road_no": "0", "aumpher": "อำเภอทัพทัน", "office": "สาขาเมือง", "branch_code": "61000000", "name_short": "None", "price_new": 350, "price_old": 250, "width_m": 6, "pt_i": 2 }, "geometry": { "type": "Point", "coordinates": [ 99.692990545447813, 15.487061136556852 ] } },
{ "type": "Feature", "properties": { "road_key": "61000000ST091.3", "road_name": "ถนนสายบ้านสวนขวัญ-บ้างวังเตย ช่วงที่ 3", "road_no": "0", "aumpher": "อำเภอทัพทัน", "office": "สาขาเมือง", "branch_code": "61000000", "name_short": "None", "price_new": 350, "price_old": 250, "width_m": 6, "pt_i": 3 }, "geometry": { "type": "Point", "coordinates": [ 99.69261077031581, 15.488081538992319 ] } },
{ "type": "Feature", "properties": { "road_key": "61000000ST091.3", "road_name": "ถนนสายบ้านสวนขวัญ-บ้างวังเตย ช่วงที่ 3", "road_no": "0", "aumpher": "อำเภอทัพทัน", "office": "สาขาเมือง", "branch_code": "61000000", "name_short": "None", "price_new": 350, "price_old": 250, "width_m": 6, "pt_i": 4 }, "geometry": { "type": "Point", "coordinates": [ 99.692230991648088, 15.489101940835384 ] } },
{ "type": "Feature", "properties": { "road_key": "61000000ST091.3", "road_name": "ถนนสายบ้านสวนขวัญ-บ้างวังเตย ช่วงที่ 3", "road_no": "0", "aumpher": "อำเภอทัพทัน", "office": "สาขาเมือง", "branch_code": "61000000", "name_short": "None", "price_new": 350, "price_old": 250, "width_m": 6, "pt_i": 5 }, "geometry": { "type": "Point", "coordinates": [ 99.691862059428658, 15.490126028910046 ] } },
{ "type": "Feature", "properties": { "road_key": "61000000ST091.3", "road_name": "ถนนสายบ้านสวนขวัญ-บ้างวังเตย ช่วงที่ 3", "road_no": "0", "aumpher": "อำเภอทัพทัน", "office": "สาขาเมือง", "branch_code": "61000000", "name_short": "None", "price_new": 350, "price_old": 250, "width_m": 6, "pt_i": 6 }, "geometry": { "type": "Point", "coordinates": [ 99.691501958230575, 15.491153118372738 ] } },
{ "type": "Feature", "properties": { "road_key": "61000000ST091.3", "road_name": "ถนนสายบ้านสวนขวัญ-บ้างวังเตย ช่วงที่ 3", "road_no": "0", "aumpher": "อำเภอทัพทัน", "office": "สาขาเมือง", "branch_code": "61000000", "name_short": "None", "price_new": 350, "price_old": 250, "width_m": 6, "pt_i": 7 }, "geometry": { "type": "Point", "coordinates": [ 99.691141853671326, 15.492180207300276 ] } },
{ "type": "Feature", "properties": { "road_key": "61000000ST091.3", "road_name": "ถนนสายบ้านสวนขวัญ-บ้างวังเตย ช่วงที่ 3", "road_no": "0", "aumpher": "อำเภอทัพทัน", "office": "สาขาเมือง", "branch_code": "61000000", "name_short": "None", "price_new": 350, "price_old": 250, "width_m": 6, "pt_i": 8 }, "geometry": { "type": "Point", "coordinates": [ 99.690781331916511, 15.493207157877334 ] } },
{ "type": "Feature", "properties": { "road_key": "61000000ST091.3", "road_name": "ถนนสายบ้านสวนขวัญ-บ้างวังเตย ช่วงที่ 3", "road_no": "0", "aumpher": "อำเภอทัพทัน", "office": "สาขาเมือง", "branch_code": "61000000", "name_short": "None", "price_new": 350, "price_old": 250, "width_m": 6, "pt_i": 9 }, "geometry": { "type": "Point", "coordinates": [ 99.69041469776306, 15.494232073485399 ] } },
{ "type": "Feature", "properties": { "road_key": "61000000ST091.3", "road_name": "ถนนสายบ้านสวนขวัญ-บ้างวังเตย ช่วงที่ 3", "road_no": "0", "aumpher": "อำเภอทัพทัน", "office": "สาขาเมือง", "branch_code": "61000000", "name_short": "None", "price_new": 350, "price_old": 250, "width_m": 6, "pt_i": 10 }, "geometry": { "type": "Point", "coordinates": [ 99.690045615929876, 15.495256146712178 ] } },
{ "type": "Feature", "properties": { "road_key": "61000000ST091.3", "road_name": "ถนนสายบ้านสวนขวัญ-บ้างวังเตย ช่วงที่ 3", "road_no": "0", "aumpher": "อำเภอทัพทัน", "office": "สาขาเมือง", "branch_code": "61000000", "name_short": "None", "price_new": 350, "price_old": 250, "width_m": 6, "pt_i": 11 }, "geometry": { "type": "Point", "coordinates": [ 99.689663402228305, 15.496275697817712 ] } },
{ "type": "Feature", "properties": { "road_key": "61000000ST091.3", "road_name": "ถนนสายบ้านสวนขวัญ-บ้างวังเตย ช่วงที่ 3", "road_no": "0", "aumpher": "อำเภอทัพทัน", "office": "สาขาเมือง", "branch_code": "61000000", "name_short": "None", "price_new": 350, "price_old": 250, "width_m": 6, "pt_i": 12 }, "geometry": { "type": "Point", "coordinates": [ 99.689321455277252, 15.497308024150229 ] } },
{ "type": "Feature", "properties": { "road_key": "61000000ST091.3", "road_name": "ถนนสายบ้านสวนขวัญ-บ้างวังเตย ช่วงที่ 3", "road_no": "0", "aumpher": "อำเภอทัพทัน", "office": "สาขาเมือง", "branch_code": "61000000", "name_short": "None", "price_new": 350, "price_old": 250, "width_m": 6, "pt_i": 13 }, "geometry": { "type": "Point", "coordinates": [ 99.689229942579274, 15.498379212570125 ] } },
{ "type": "Feature", "properties": { "road_key": "61000000ST091.3", "road_name": "ถนนสายบ้านสวนขวัญ-บ้างวังเตย ช่วงที่ 3", "road_no": "0", "aumpher": "อำเภอทัพทัน", "office": "สาขาเมือง", "branch_code": "61000000", "name_short": "None", "price_new": 350, "price_old": 250, "width_m": 6, "pt_i": 14 }, "geometry": { "type": "Point", "coordinates": [ 99.689276648421924, 15.499463092705502 ] } },
{ "type": "Feature", "properties": { "road_key": "61000000ST091.3", "road_name": "ถนนสายบ้านสวนขวัญ-บ้างวังเตย ช่วงที่ 3", "road_no": "0", "aumpher": "อำเภอทัพทัน", "office": "สาขาเมือง", "branch_code": "61000000", "name_short": "None", "price_new": 350, "price_old": 250, "width_m": 6, "pt_i": 15 }, "geometry": { "type": "Point", "coordinates": [ 99.689323572753949, 15.500546963873214 ] } },
{ "type": "Feature", "properties": { "road_key": "61000000ST091.3", "road_name": "ถนนสายบ้านสวนขวัญ-บ้างวังเตย ช่วงที่ 3", "road_no": "0", "aumpher": "อำเภอทัพทัน", "office": "สาขาเมือง", "branch_code": "61000000", "name_short": "None", "price_new": 350, "price_old": 250, "width_m": 6, "pt_i": 16 }, "geometry": { "type": "Point", "coordinates": [ 99.689370497820079, 15.50163083490569 ] } },
{ "type": "Feature", "properties": { "road_key": "61000000ST091.3", "road_name": "ถนนสายบ้านสวนขวัญ-บ้างวังเตย ช่วงที่ 3", "road_no": "0", "aumpher": "อำเภอทัพทัน", "office": "สาขาเมือง", "branch_code": "61000000", "name_short": "None", "price_new": 350, "price_old": 250, "width_m": 6, "pt_i": 17 }, "geometry": { "type": "Point", "coordinates": [ 99.689363884992943, 15.50271439467037 ] } },
{ "type": "Feature", "properties": { "road_key": "61000000ST091.3", "road_name": "ถนนสายบ้านสวนขวัญ-บ้างวังเตย ช่วงที่ 3", "road_no": "0", "aumpher": "อำเภอทัพทัน", "office": "สาขาเมือง", "branch_code": "61000000", "name_short": "None", "price_new": 350, "price_old": 250, "width_m": 6, "pt_i": 18 }, "geometry": { "type": "Point", "coordinates": [ 99.68930356394749, 15.503797642211717 ] } },
{ "type": "Feature", "properties": { "road_key": "61000000ST091.3", "road_name": "ถนนสายบ้านสวนขวัญ-บ้างวังเตย ช่วงที่ 3", "road_no": "0", "aumpher": "อำเภอทัพทัน", "office": "สาขาเมือง", "branch_code": "61000000", "name_short": "None", "price_new": 350, "price_old": 250, "width_m": 6, "pt_i": 19 }, "geometry": { "type": "Point", "coordinates": [ 99.689118433217132, 15.504864087865345 ] } },
{ "type": "Feature", "properties": { "road_key": "61000000ST091.3", "road_name": "ถนนสายบ้านสวนขวัญ-บ้างวังเตย ช่วงที่ 3", "road_no": "0", "aumpher": "อำเภอทัพทัน", "office": "สาขาเมือง", "branch_code": "61000000", "name_short": "None", "price_new": 350, "price_old": 250, "width_m": 6, "pt_i": 20 }, "geometry": { "type": "Point", "coordinates": [ 99.689077785103891, 15.50594603883072 ] } },
{ "type": "Feature", "properties": { "road_key": "61000000ST091.3", "road_name": "ถนนสายบ้านสวนขวัญ-บ้างวังเตย ช่วงที่ 3", "road_no": "0", "aumpher": "อำเภอทัพทัน", "office": "สาขาเมือง", "branch_code": "61000000", "name_short": "None", "price_new": 350, "price_old": 250, "width_m": 6, "pt_i": 21 }, "geometry": { "type": "Point", "coordinates": [ 99.689061878629062, 15.507030637581499 ] } },
{ "type": "Feature", "properties": { "road_key": "61000000ST091.3", "road_name": "ถนนสายบ้านสวนขวัญ-บ้างวังเตย ช่วงที่ 3", "road_no": "0", "aumpher": "อำเภอทัพทัน", "office": "สาขาเมือง", "branch_code": "61000000", "name_short": "None", "price_new": 350, "price_old": 250, "width_m": 6, "pt_i": 22 }, "geometry": { "type": "Point", "coordinates": [ 99.688924748605814, 15.508106896512547 ] } },
{ "type": "Feature", "properties": { "road_key": "61000000ST091.3", "road_name": "ถนนสายบ้านสวนขวัญ-บ้างวังเตย ช่วงที่ 3", "road_no": "0", "aumpher": "อำเภอทัพทัน", "office": "สาขาเมือง", "branch_code": "61000000", "name_short": "None", "price_new": 350, "price_old": 250, "width_m": 6, "pt_i": 23 }, "geometry": { "type": "Point", "coordinates": [ 99.688722217743731, 15.509173797955476 ] } },
{ "type": "Feature", "properties": { "road_key": "61000000ST091.3", "road_name": "ถนนสายบ้านสวนขวัญ-บ้างวังเตย ช่วงที่ 3", "road_no": "0", "aumpher": "อำเภอทัพทัน", "office": "สาขาเมือง", "branch_code": "61000000", "name_short": "None", "price_new": 350, "price_old": 250, "width_m": 6, "pt_i": 24 }, "geometry": { "type": "Point", "coordinates": [ 99.68851378257628, 15.510239631025748 ] } },
{ "type": "Feature", "properties": { "road_key": "61000000ST091.3", "road_name": "ถนนสายบ้านสวนขวัญ-บ้างวังเตย ช่วงที่ 3", "road_no": "0", "aumpher": "อำเภอทัพทัน", "office": "สาขาเมือง", "branch_code": "61000000", "name_short": "None", "price_new": 350, "price_old": 250, "width_m": 6, "pt_i": 25 }, "geometry": { "type": "Point", "coordinates": [ 99.688305345498094, 15.511305463884549 ] } },
{ "type": "Feature", "properties": { "road_key": "61000000ST091.3", "road_name": "ถนนสายบ้านสวนขวัญ-บ้างวังเตย ช่วงที่ 3", "road_no": "0", "aumpher": "อำเภอทัพทัน", "office": "สาขาเมือง", "branch_code": "61000000", "name_short": "None", "price_new": 350, "price_old": 250, "width_m": 6, "pt_i": 26 }, "geometry": { "type": "Point", "coordinates": [ 99.688165947156264, 15.512380369487145 ] } },
{ "type": "Feature", "properties": { "road_key": "61000000ST092.1", "road_name": "ถนนสายบ้านสวนขวัญ-บ้านเขาปฐวี ช่วงที่ 1", "road_no": "0", "aumpher": "อำเภอทัพทัน", "office": "สาขาเมือง", "branch_code": "61000000", "name_short": "None", "price_new": 1400, "price_old": 1000, "width_m": 6, "pt_i": 0 }, "geometry": { "type": "Point", "coordinates": [ 99.760267941040453, 15.475007011029957 ] } },
{ "type": "Feature", "properties": { "road_key": "61000000ST092.1", "road_name": "ถนนสายบ้านสวนขวัญ-บ้านเขาปฐวี ช่วงที่ 1", "road_no": "0", "aumpher": "อำเภอทัพทัน", "office": "สาขาเมือง", "branch_code": "61000000", "name_short": "None", "price_new": 1400, "price_old": 1000, "width_m": 6, "pt_i": 1 }, "geometry": { "type": "Point", "coordinates": [ 99.759153072938403, 15.475095283637183 ] } },
{ "type": "Feature", "properties": { "road_key": "61000000ST092.1", "road_name": "ถนนสายบ้านสวนขวัญ-บ้านเขาปฐวี ช่วงที่ 1", "road_no": "0", "aumpher": "อำเภอทัพทัน", "office": "สาขาเมือง", "branch_code": "61000000", "name_short": "None", "price_new": 1400, "price_old": 1000, "width_m": 6, "pt_i": 2 }, "geometry": { "type": "Point", "coordinates": [ 99.758213123685124, 15.475588373402617 ] } },
{ "type": "Feature", "properties": { "road_key": "61000000ST092.1", "road_name": "ถนนสายบ้านสวนขวัญ-บ้านเขาปฐวี ช่วงที่ 1", "road_no": "0", "aumpher": "อำเภอทัพทัน", "office": "สาขาเมือง", "branch_code": "61000000", "name_short": "None", "price_new": 1400, "price_old": 1000, "width_m": 6, "pt_i": 3 }, "geometry": { "type": "Point", "coordinates": [ 99.757391764712267, 15.476309432955267 ] } },
{ "type": "Feature", "properties": { "road_key": "61000000ST092.2", "road_name": "ถนนสายบ้านสวนขวัญ-บ้านเขาปฐวี ช่วงที่ 2", "road_no": "0", "aumpher": "อำเภอทัพทัน", "office": "สาขาเมือง", "branch_code": "61000000", "name_short": "None", "price_new": 1000, "price_old": 1000, "width_m": 6, "pt_i": 0 }, "geometry": { "type": "Point", "coordinates": [ 99.756745011658779, 15.476371886916885 ] } },
{ "type": "Feature", "properties": { "road_key": "61000000ST092.2", "road_name": "ถนนสายบ้านสวนขวัญ-บ้านเขาปฐวี ช่วงที่ 2", "road_no": "0", "aumpher": "อำเภอทัพทัน", "office": "สาขาเมือง", "branch_code": "61000000", "name_short": "None", "price_new": 1000, "price_old": 1000, "width_m": 6, "pt_i": 1 }, "geometry": { "type": "Point", "coordinates": [ 99.755712940152605, 15.47676346540038 ] } },
{ "type": "Feature", "properties": { "road_key": "61000000ST092.2", "road_name": "ถนนสายบ้านสวนขวัญ-บ้านเขาปฐวี ช่วงที่ 2", "road_no": "0", "aumpher": "อำเภอทัพทัน", "office": "สาขาเมือง", "branch_code": "61000000", "name_short": "None", "price_new": 1000, "price_old": 1000, "width_m": 6, "pt_i": 2 }, "geometry": { "type": "Point", "coordinates": [ 99.75463123581261, 15.477033669493615 ] } },
{ "type": "Feature", "properties": { "road_key": "61000000ST092.2", "road_name": "ถนนสายบ้านสวนขวัญ-บ้านเขาปฐวี ช่วงที่ 2", "road_no": "0", "aumpher": "อำเภอทัพทัน", "office": "สาขาเมือง", "branch_code": "61000000", "name_short": "None", "price_new": 1000, "price_old": 1000, "width_m": 6, "pt_i": 3 }, "geometry": { "type": "Point", "coordinates": [ 99.753531587127142, 15.477232458076491 ] } },
{ "type": "Feature", "properties": { "road_key": "61000000ST092.2", "road_name": "ถนนสายบ้านสวนขวัญ-บ้านเขาปฐวี ช่วงที่ 2", "road_no": "0", "aumpher": "อำเภอทัพทัน", "office": "สาขาเมือง", "branch_code": "61000000", "name_short": "None", "price_new": 1000, "price_old": 1000, "width_m": 6, "pt_i": 4 }, "geometry": { "type": "Point", "coordinates": [ 99.75243567448716, 15.47744821732493 ] } },
{ "type": "Feature", "properties": { "road_key": "61000000ST092.3", "road_name": "ถนนสายบ้านสวนขวัญ-บ้านเขาปฐวี ช่วงที่ 3", "road_no": "0", "aumpher": "อำเภอทัพทัน", "office": "สาขาเมือง", "branch_code": "61000000", "name_short": "None", "price_new": 400, "price_old": 300, "width_m": 6, "pt_i": 0 }, "geometry": { "type": "Point", "coordinates": [ 99.752394789956696, 15.477459067704265 ] } },
{ "type": "Feature", "properties": { "road_key": "61000000ST092.3", "road_name": "ถนนสายบ้านสวนขวัญ-บ้านเขาปฐวี ช่วงที่ 3", "road_no": "0", "aumpher": "อำเภอทัพทัน", "office": "สาขาเมือง", "branch_code": "61000000", "name_short": "None", "price_new": 400, "price_old": 300, "width_m": 6, "pt_i": 1 }, "geometry": { "type": "Point", "coordinates": [ 99.751286782124495, 15.477606087327377 ] } },
{ "type": "Feature", "properties": { "road_key": "61000000ST092.3", "road_name": "ถนนสายบ้านสวนขวัญ-บ้านเขาปฐวี ช่วงที่ 3", "road_no": "0", "aumpher": "อำเภอทัพทัน", "office": "สาขาเมือง", "branch_code": "61000000", "name_short": "None", "price_new": 400, "price_old": 300, "width_m": 6, "pt_i": 2 }, "geometry": { "type": "Point", "coordinates": [ 99.750182484065135, 15.477779203260758 ] } },
{ "type": "Feature", "properties": { "road_key": "61000000ST092.3", "road_name": "ถนนสายบ้านสวนขวัญ-บ้านเขาปฐวี ช่วงที่ 3", "road_no": "0", "aumpher": "อำเภอทัพทัน", "office": "สาขาเมือง", "branch_code": "61000000", "name_short": "None", "price_new": 400, "price_old": 300, "width_m": 6, "pt_i": 3 }, "geometry": { "type": "Point", "coordinates": [ 99.749090847794548, 15.478007439454064 ] } },
{ "type": "Feature", "properties": { "road_key": "61000000ST092.3", "road_name": "ถนนสายบ้านสวนขวัญ-บ้านเขาปฐวี ช่วงที่ 3", "road_no": "0", "aumpher": "อำเภอทัพทัน", "office": "สาขาเมือง", "branch_code": "61000000", "name_short": "None", "price_new": 400, "price_old": 300, "width_m": 6, "pt_i": 4 }, "geometry": { "type": "Point", "coordinates": [ 99.74808876349455, 15.478472482510286 ] } },
{ "type": "Feature", "properties": { "road_key": "61000000ST092.3", "road_name": "ถนนสายบ้านสวนขวัญ-บ้านเขาปฐวี ช่วงที่ 3", "road_no": "0", "aumpher": "อำเภอทัพทัน", "office": "สาขาเมือง", "branch_code": "61000000", "name_short": "None", "price_new": 400, "price_old": 300, "width_m": 6, "pt_i": 5 }, "geometry": { "type": "Point", "coordinates": [ 99.747126050855343, 15.479022251689873 ] } },
{ "type": "Feature", "properties": { "road_key": "61000000ST092.3", "road_name": "ถนนสายบ้านสวนขวัญ-บ้านเขาปฐวี ช่วงที่ 3", "road_no": "0", "aumpher": "อำเภอทัพทัน", "office": "สาขาเมือง", "branch_code": "61000000", "name_short": "None", "price_new": 400, "price_old": 300, "width_m": 6, "pt_i": 6 }, "geometry": { "type": "Point", "coordinates": [ 99.746093820957839, 15.479440334193844 ] } },
{ "type": "Feature", "properties": { "road_key": "61000000ST092.3", "road_name": "ถนนสายบ้านสวนขวัญ-บ้านเขาปฐวี ช่วงที่ 3", "road_no": "0", "aumpher": "อำเภอทัพทัน", "office": "สาขาเมือง", "branch_code": "61000000", "name_short": "None", "price_new": 400, "price_old": 300, "width_m": 6, "pt_i": 7 }, "geometry": { "type": "Point", "coordinates": [ 99.745055820837834, 15.479844558330056 ] } },
{ "type": "Feature", "properties": { "road_key": "61000000ST092.3", "road_name": "ถนนสายบ้านสวนขวัญ-บ้านเขาปฐวี ช่วงที่ 3", "road_no": "0", "aumpher": "อำเภอทัพทัน", "office": "สาขาเมือง", "branch_code": "61000000", "name_short": "None", "price_new": 400, "price_old": 300, "width_m": 6, "pt_i": 8 }, "geometry": { "type": "Point", "coordinates": [ 99.744063641603333, 15.480336851414947 ] } },
{ "type": "Feature", "properties": { "road_key": "61000000ST092.3", "road_name": "ถนนสายบ้านสวนขวัญ-บ้านเขาปฐวี ช่วงที่ 3", "road_no": "0", "aumpher": "อำเภอทัพทัน", "office": "สาขาเมือง", "branch_code": "61000000", "name_short": "None", "price_new": 400, "price_old": 300, "width_m": 6, "pt_i": 9 }, "geometry": { "type": "Point", "coordinates": [ 99.743115158614216, 15.480911984011033 ] } },
{ "type": "Feature", "properties": { "road_key": "61000000ST092.3", "road_name": "ถนนสายบ้านสวนขวัญ-บ้านเขาปฐวี ช่วงที่ 3", "road_no": "0", "aumpher": "อำเภอทัพทัน", "office": "สาขาเมือง", "branch_code": "61000000", "name_short": "None", "price_new": 400, "price_old": 300, "width_m": 6, "pt_i": 10 }, "geometry": { "type": "Point", "coordinates": [ 99.742173477418788, 15.481497510802496 ] } },
{ "type": "Feature", "properties": { "road_key": "61000000ST092.3", "road_name": "ถนนสายบ้านสวนขวัญ-บ้านเขาปฐวี ช่วงที่ 3", "road_no": "0", "aumpher": "อำเภอทัพทัน", "office": "สาขาเมือง", "branch_code": "61000000", "name_short": "None", "price_new": 400, "price_old": 300, "width_m": 6, "pt_i": 11 }, "geometry": { "type": "Point", "coordinates": [ 99.741212997988839, 15.482051704721254 ] } },
{ "type": "Feature", "properties": { "road_key": "61000000ST092.3", "road_name": "ถนนสายบ้านสวนขวัญ-บ้านเขาปฐวี ช่วงที่ 3", "road_no": "0", "aumpher": "อำเภอทัพทัน", "office": "สาขาเมือง", "branch_code": "61000000", "name_short": "None", "price_new": 400, "price_old": 300, "width_m": 6, "pt_i": 12 }, "geometry": { "type": "Point", "coordinates": [ 99.740172195839719, 15.482428766065524 ] } },
{ "type": "Feature", "properties": { "road_key": "61000000ST092.3", "road_name": "ถนนสายบ้านสวนขวัญ-บ้านเขาปฐวี ช่วงที่ 3", "road_no": "0", "aumpher": "อำเภอทัพทัน", "office": "สาขาเมือง", "branch_code": "61000000", "name_short": "None", "price_new": 400, "price_old": 300, "width_m": 6, "pt_i": 13 }, "geometry": { "type": "Point", "coordinates": [ 99.739080124039319, 15.482662039681003 ] } },
{ "type": "Feature", "properties": { "road_key": "61000000ST092.3", "road_name": "ถนนสายบ้านสวนขวัญ-บ้านเขาปฐวี ช่วงที่ 3", "road_no": "0", "aumpher": "อำเภอทัพทัน", "office": "สาขาเมือง", "branch_code": "61000000", "name_short": "None", "price_new": 400, "price_old": 300, "width_m": 6, "pt_i": 14 }, "geometry": { "type": "Point", "coordinates": [ 99.737972641822168, 15.482815005917764 ] } },
{ "type": "Feature", "properties": { "road_key": "61000000ST092.3", "road_name": "ถนนสายบ้านสวนขวัญ-บ้านเขาปฐวี ช่วงที่ 3", "road_no": "0", "aumpher": "อำเภอทัพทัน", "office": "สาขาเมือง", "branch_code": "61000000", "name_short": "None", "price_new": 400, "price_old": 300, "width_m": 6, "pt_i": 15 }, "geometry": { "type": "Point", "coordinates": [ 99.736865451235488, 15.482969954702806 ] } },
{ "type": "Feature", "properties": { "road_key": "61000000ST092.3", "road_name": "ถนนสายบ้านสวนขวัญ-บ้านเขาปฐวี ช่วงที่ 3", "road_no": "0", "aumpher": "อำเภอทัพทัน", "office": "สาขาเมือง", "branch_code": "61000000", "name_short": "None", "price_new": 400, "price_old": 300, "width_m": 6, "pt_i": 16 }, "geometry": { "type": "Point", "coordinates": [ 99.735754730146112, 15.483094970957547 ] } },
{ "type": "Feature", "properties": { "road_key": "61000000ST092.4", "road_name": "ถนนสายบ้านสวนขวัญ-บ้านเขาปฐวี ช่วงที่ 4", "road_no": "0", "aumpher": "อำเภอทัพทัน", "office": "สาขาเมือง", "branch_code": "61000000", "name_short": "None", "price_new": 350, "price_old": 300, "width_m": 6, "pt_i": 0 }, "geometry": { "type": "Point", "coordinates": [ 99.734748562537661, 15.483172186621102 ] } },
{ "type": "Feature", "properties": { "road_key": "61000000ST092.4", "road_name": "ถนนสายบ้านสวนขวัญ-บ้านเขาปฐวี ช่วงที่ 4", "road_no": "0", "aumpher": "อำเภอทัพทัน", "office": "สาขาเมือง", "branch_code": "61000000", "name_short": "None", "price_new": 350, "price_old": 300, "width_m": 6, "pt_i": 1 }, "geometry": { "type": "Point", "coordinates": [ 99.733634185267221, 15.483267105264368 ] } },
{ "type": "Feature", "properties": { "road_key": "61000000ST092.4", "road_name": "ถนนสายบ้านสวนขวัญ-บ้านเขาปฐวี ช่วงที่ 4", "road_no": "0", "aumpher": "อำเภอทัพทัน", "office": "สาขาเมือง", "branch_code": "61000000", "name_short": "None", "price_new": 350, "price_old": 300, "width_m": 6, "pt_i": 2 }, "geometry": { "type": "Point", "coordinates": [ 99.732519806722834, 15.483362018339161 ] } },
{ "type": "Feature", "properties": { "road_key": "61000000ST092.4", "road_name": "ถนนสายบ้านสวนขวัญ-บ้านเขาปฐวี ช่วงที่ 4", "road_no": "0", "aumpher": "อำเภอทัพทัน", "office": "สาขาเมือง", "branch_code": "61000000", "name_short": "None", "price_new": 350, "price_old": 300, "width_m": 6, "pt_i": 3 }, "geometry": { "type": "Point", "coordinates": [ 99.731419742523059, 15.483550097544182 ] } },
{ "type": "Feature", "properties": { "road_key": "61000000ST092.4", "road_name": "ถนนสายบ้านสวนขวัญ-บ้านเขาปฐวี ช่วงที่ 4", "road_no": "0", "aumpher": "อำเภอทัพทัน", "office": "สาขาเมือง", "branch_code": "61000000", "name_short": "None", "price_new": 350, "price_old": 300, "width_m": 6, "pt_i": 4 }, "geometry": { "type": "Point", "coordinates": [ 99.730314349685045, 15.48367905460842 ] } },
{ "type": "Feature", "properties": { "road_key": "61000000ST092.4", "road_name": "ถนนสายบ้านสวนขวัญ-บ้านเขาปฐวี ช่วงที่ 4", "road_no": "0", "aumpher": "อำเภอทัพทัน", "office": "สาขาเมือง", "branch_code": "61000000", "name_short": "None", "price_new": 350, "price_old": 300, "width_m": 6, "pt_i": 5 }, "geometry": { "type": "Point", "coordinates": [ 99.72920680777446, 15.483635941684796 ] } },
{ "type": "Feature", "properties": { "road_key": "61000000ST092.4", "road_name": "ถนนสายบ้านสวนขวัญ-บ้านเขาปฐวี ช่วงที่ 4", "road_no": "0", "aumpher": "อำเภอทัพทัน", "office": "สาขาเมือง", "branch_code": "61000000", "name_short": "None", "price_new": 350, "price_old": 300, "width_m": 6, "pt_i": 6 }, "geometry": { "type": "Point", "coordinates": [ 99.728280801917791, 15.484227741231987 ] } },
{ "type": "Feature", "properties": { "road_key": "61000000ST092.4", "road_name": "ถนนสายบ้านสวนขวัญ-บ้านเขาปฐวี ช่วงที่ 4", "road_no": "0", "aumpher": "อำเภอทัพทัน", "office": "สาขาเมือง", "branch_code": "61000000", "name_short": "None", "price_new": 350, "price_old": 300, "width_m": 6, "pt_i": 7 }, "geometry": { "type": "Point", "coordinates": [ 99.727476398977132, 15.48498041870708 ] } },
{ "type": "Feature", "properties": { "road_key": "61000000ST092.4", "road_name": "ถนนสายบ้านสวนขวัญ-บ้านเขาปฐวี ช่วงที่ 4", "road_no": "0", "aumpher": "อำเภอทัพทัน", "office": "สาขาเมือง", "branch_code": "61000000", "name_short": "None", "price_new": 350, "price_old": 300, "width_m": 6, "pt_i": 8 }, "geometry": { "type": "Point", "coordinates": [ 99.726762623063038, 15.4858102541655 ] } },
{ "type": "Feature", "properties": { "road_key": "61000000ST092.4", "road_name": "ถนนสายบ้านสวนขวัญ-บ้านเขาปฐวี ช่วงที่ 4", "road_no": "0", "aumpher": "อำเภอทัพทัน", "office": "สาขาเมือง", "branch_code": "61000000", "name_short": "None", "price_new": 350, "price_old": 300, "width_m": 6, "pt_i": 9 }, "geometry": { "type": "Point", "coordinates": [ 99.725839243588936, 15.486421003536671 ] } },
{ "type": "Feature", "properties": { "road_key": "61000000ST092.4", "road_name": "ถนนสายบ้านสวนขวัญ-บ้านเขาปฐวี ช่วงที่ 4", "road_no": "0", "aumpher": "อำเภอทัพทัน", "office": "สาขาเมือง", "branch_code": "61000000", "name_short": "None", "price_new": 350, "price_old": 300, "width_m": 6, "pt_i": 10 }, "geometry": { "type": "Point", "coordinates": [ 99.72488783030883, 15.486991557710347 ] } },
{ "type": "Feature", "properties": { "road_key": "61000000ST092.4", "road_name": "ถนนสายบ้านสวนขวัญ-บ้านเขาปฐวี ช่วงที่ 4", "road_no": "0", "aumpher": "อำเภอทัพทัน", "office": "สาขาเมือง", "branch_code": "61000000", "name_short": "None", "price_new": 350, "price_old": 300, "width_m": 6, "pt_i": 11 }, "geometry": { "type": "Point", "coordinates": [ 99.723884342707692, 15.487469258957953 ] } },
{ "type": "Feature", "properties": { "road_key": "61000000ST092.4", "road_name": "ถนนสายบ้านสวนขวัญ-บ้านเขาปฐวี ช่วงที่ 4", "road_no": "0", "aumpher": "อำเภอทัพทัน", "office": "สาขาเมือง", "branch_code": "61000000", "name_short": "None", "price_new": 350, "price_old": 300, "width_m": 6, "pt_i": 12 }, "geometry": { "type": "Point", "coordinates": [ 99.722912631811226, 15.488005366256504 ] } },
{ "type": "Feature", "properties": { "road_key": "61000000ST092.4", "road_name": "ถนนสายบ้านสวนขวัญ-บ้านเขาปฐวี ช่วงที่ 4", "road_no": "0", "aumpher": "อำเภอทัพทัน", "office": "สาขาเมือง", "branch_code": "61000000", "name_short": "None", "price_new": 350, "price_old": 300, "width_m": 6, "pt_i": 13 }, "geometry": { "type": "Point", "coordinates": [ 99.721952515066519, 15.488562105503068 ] } },
{ "type": "Feature", "properties": { "road_key": "61000000ST092.4", "road_name": "ถนนสายบ้านสวนขวัญ-บ้านเขาปฐวี ช่วงที่ 4", "road_no": "0", "aumpher": "อำเภอทัพทัน", "office": "สาขาเมือง", "branch_code": "61000000", "name_short": "None", "price_new": 350, "price_old": 300, "width_m": 6, "pt_i": 14 }, "geometry": { "type": "Point", "coordinates": [ 99.72099607726895, 15.489124805635026 ] } },
{ "type": "Feature", "properties": { "road_key": "61000000ST092.4", "road_name": "ถนนสายบ้านสวนขวัญ-บ้านเขาปฐวี ช่วงที่ 4", "road_no": "0", "aumpher": "อำเภอทัพทัน", "office": "สาขาเมือง", "branch_code": "61000000", "name_short": "None", "price_new": 350, "price_old": 300, "width_m": 6, "pt_i": 15 }, "geometry": { "type": "Point", "coordinates": [ 99.720093166943869, 15.489765117813661 ] } },
{ "type": "Feature", "properties": { "road_key": "61000000ST092.4", "road_name": "ถนนสายบ้านสวนขวัญ-บ้านเขาปฐวี ช่วงที่ 4", "road_no": "0", "aumpher": "อำเภอทัพทัน", "office": "สาขาเมือง", "branch_code": "61000000", "name_short": "None", "price_new": 350, "price_old": 300, "width_m": 6, "pt_i": 16 }, "geometry": { "type": "Point", "coordinates": [ 99.719191415629354, 15.4904071410032 ] } },
{ "type": "Feature", "properties": { "road_key": "61000000ST092.4", "road_name": "ถนนสายบ้านสวนขวัญ-บ้านเขาปฐวี ช่วงที่ 4", "road_no": "0", "aumpher": "อำเภอทัพทัน", "office": "สาขาเมือง", "branch_code": "61000000", "name_short": "None", "price_new": 350, "price_old": 300, "width_m": 6, "pt_i": 17 }, "geometry": { "type": "Point", "coordinates": [ 99.718283916620265, 15.491041509828325 ] } },
{ "type": "Feature", "properties": { "road_key": "61000000ST092.4", "road_name": "ถนนสายบ้านสวนขวัญ-บ้านเขาปฐวี ช่วงที่ 4", "road_no": "0", "aumpher": "อำเภอทัพทัน", "office": "สาขาเมือง", "branch_code": "61000000", "name_short": "None", "price_new": 350, "price_old": 300, "width_m": 6, "pt_i": 18 }, "geometry": { "type": "Point", "coordinates": [ 99.717391741455685, 15.491695522751465 ] } },
{ "type": "Feature", "properties": { "road_key": "61000000ST092.4", "road_name": "ถนนสายบ้านสวนขวัญ-บ้านเขาปฐวี ช่วงที่ 4", "road_no": "0", "aumpher": "อำเภอทัพทัน", "office": "สาขาเมือง", "branch_code": "61000000", "name_short": "None", "price_new": 350, "price_old": 300, "width_m": 6, "pt_i": 19 }, "geometry": { "type": "Point", "coordinates": [ 99.716509043423187, 15.492361813089044 ] } },
{ "type": "Feature", "properties": { "road_key": "61000000ST092.4", "road_name": "ถนนสายบ้านสวนขวัญ-บ้านเขาปฐวี ช่วงที่ 4", "road_no": "0", "aumpher": "อำเภอทัพทัน", "office": "สาขาเมือง", "branch_code": "61000000", "name_short": "None", "price_new": 350, "price_old": 300, "width_m": 6, "pt_i": 20 }, "geometry": { "type": "Point", "coordinates": [ 99.715641094279263, 15.493046259614633 ] } },
{ "type": "Feature", "properties": { "road_key": "61000000ST092.4", "road_name": "ถนนสายบ้านสวนขวัญ-บ้านเขาปฐวี ช่วงที่ 4", "road_no": "0", "aumpher": "อำเภอทัพทัน", "office": "สาขาเมือง", "branch_code": "61000000", "name_short": "None", "price_new": 350, "price_old": 300, "width_m": 6, "pt_i": 21 }, "geometry": { "type": "Point", "coordinates": [ 99.714773651556357, 15.493731312722481 ] } },
{ "type": "Feature", "properties": { "road_key": "61000000ST092.4", "road_name": "ถนนสายบ้านสวนขวัญ-บ้านเขาปฐวี ช่วงที่ 4", "road_no": "0", "aumpher": "อำเภอทัพทัน", "office": "สาขาเมือง", "branch_code": "61000000", "name_short": "None", "price_new": 350, "price_old": 300, "width_m": 6, "pt_i": 22 }, "geometry": { "type": "Point", "coordinates": [ 99.713906769867734, 15.494417037441487 ] } },
{ "type": "Feature", "properties": { "road_key": "61000000ST092.4", "road_name": "ถนนสายบ้านสวนขวัญ-บ้านเขาปฐวี ช่วงที่ 4", "road_no": "0", "aumpher": "อำเภอทัพทัน", "office": "สาขาเมือง", "branch_code": "61000000", "name_short": "None", "price_new": 350, "price_old": 300, "width_m": 6, "pt_i": 23 }, "geometry": { "type": "Point", "coordinates": [ 99.713046104544816, 15.495109719778766 ] } },
{ "type": "Feature", "properties": { "road_key": "61000000ST092.4", "road_name": "ถนนสายบ้านสวนขวัญ-บ้านเขาปฐวี ช่วงที่ 4", "road_no": "0", "aumpher": "อำเภอทัพทัน", "office": "สาขาเมือง", "branch_code": "61000000", "name_short": "None", "price_new": 350, "price_old": 300, "width_m": 6, "pt_i": 24 }, "geometry": { "type": "Point", "coordinates": [ 99.712223009276059, 15.49584443592118 ] } },
{ "type": "Feature", "properties": { "road_key": "61000000ST092.4", "road_name": "ถนนสายบ้านสวนขวัญ-บ้านเขาปฐวี ช่วงที่ 4", "road_no": "0", "aumpher": "อำเภอทัพทัน", "office": "สาขาเมือง", "branch_code": "61000000", "name_short": "None", "price_new": 350, "price_old": 300, "width_m": 6, "pt_i": 25 }, "geometry": { "type": "Point", "coordinates": [ 99.711339949738772, 15.49650890490874 ] } },
{ "type": "Feature", "properties": { "road_key": "61000000ST092.5", "road_name": "ถนนสายบ้านสวนขวัญ-บ้านเขาปฐวี ช่วงที่ 5", "road_no": "0", "aumpher": "อำเภอทัพทัน", "office": "สาขาเมือง", "branch_code": "61000000", "name_short": "None", "price_new": 350, "price_old": 300, "width_m": 6, "pt_i": 0 }, "geometry": { "type": "Point", "coordinates": [ 99.710672129100374, 15.496954845755742 ] } },
{ "type": "Feature", "properties": { "road_key": "61000000ST092.5", "road_name": "ถนนสายบ้านสวนขวัญ-บ้านเขาปฐวี ช่วงที่ 5", "road_no": "0", "aumpher": "อำเภอทัพทัน", "office": "สาขาเมือง", "branch_code": "61000000", "name_short": "None", "price_new": 350, "price_old": 300, "width_m": 6, "pt_i": 1 }, "geometry": { "type": "Point", "coordinates": [ 99.709741745033114, 15.497557137149581 ] } },
{ "type": "Feature", "properties": { "road_key": "61000000ST092.5", "road_name": "ถนนสายบ้านสวนขวัญ-บ้านเขาปฐวี ช่วงที่ 5", "road_no": "0", "aumpher": "อำเภอทัพทัน", "office": "สาขาเมือง", "branch_code": "61000000", "name_short": "None", "price_new": 350, "price_old": 300, "width_m": 6, "pt_i": 2 }, "geometry": { "type": "Point", "coordinates": [ 99.708804980734328, 15.498150207327752 ] } },
{ "type": "Feature", "properties": { "road_key": "61000000ST092.5", "road_name": "ถนนสายบ้านสวนขวัญ-บ้านเขาปฐวี ช่วงที่ 5", "road_no": "0", "aumpher": "อำเภอทัพทัน", "office": "สาขาเมือง", "branch_code": "61000000", "name_short": "None", "price_new": 350, "price_old": 300, "width_m": 6, "pt_i": 3 }, "geometry": { "type": "Point", "coordinates": [ 99.70791097195756, 15.49880063849772 ] } },
{ "type": "Feature", "properties": { "road_key": "61000000ST092.5", "road_name": "ถนนสายบ้านสวนขวัญ-บ้านเขาปฐวี ช่วงที่ 5", "road_no": "0", "aumpher": "อำเภอทัพทัน", "office": "สาขาเมือง", "branch_code": "61000000", "name_short": "None", "price_new": 350, "price_old": 300, "width_m": 6, "pt_i": 4 }, "geometry": { "type": "Point", "coordinates": [ 99.706993577176235, 15.499420911463778 ] } },
{ "type": "Feature", "properties": { "road_key": "61000000ST092.5", "road_name": "ถนนสายบ้านสวนขวัญ-บ้านเขาปฐวี ช่วงที่ 5", "road_no": "0", "aumpher": "อำเภอทัพทัน", "office": "สาขาเมือง", "branch_code": "61000000", "name_short": "None", "price_new": 350, "price_old": 300, "width_m": 6, "pt_i": 5 }, "geometry": { "type": "Point", "coordinates": [ 99.706059575773537, 15.500018065734157 ] } },
{ "type": "Feature", "properties": { "road_key": "61000000ST092.5", "road_name": "ถนนสายบ้านสวนขวัญ-บ้านเขาปฐวี ช่วงที่ 5", "road_no": "0", "aumpher": "อำเภอทัพทัน", "office": "สาขาเมือง", "branch_code": "61000000", "name_short": "None", "price_new": 350, "price_old": 300, "width_m": 6, "pt_i": 6 }, "geometry": { "type": "Point", "coordinates": [ 99.705128594565664, 15.500619609069995 ] } },
{ "type": "Feature", "properties": { "road_key": "61000000ST092.5", "road_name": "ถนนสายบ้านสวนขวัญ-บ้านเขาปฐวี ช่วงที่ 5", "road_no": "0", "aumpher": "อำเภอทัพทัน", "office": "สาขาเมือง", "branch_code": "61000000", "name_short": "None", "price_new": 350, "price_old": 300, "width_m": 6, "pt_i": 7 }, "geometry": { "type": "Point", "coordinates": [ 99.704180457181323, 15.501195351590894 ] } },
{ "type": "Feature", "properties": { "road_key": "61000000ST092.5", "road_name": "ถนนสายบ้านสวนขวัญ-บ้านเขาปฐวี ช่วงที่ 5", "road_no": "0", "aumpher": "อำเภอทัพทัน", "office": "สาขาเมือง", "branch_code": "61000000", "name_short": "None", "price_new": 350, "price_old": 300, "width_m": 6, "pt_i": 8 }, "geometry": { "type": "Point", "coordinates": [ 99.703193495391773, 15.501700564322377 ] } },
{ "type": "Feature", "properties": { "road_key": "61000000ST092.5", "road_name": "ถนนสายบ้านสวนขวัญ-บ้านเขาปฐวี ช่วงที่ 5", "road_no": "0", "aumpher": "อำเภอทัพทัน", "office": "สาขาเมือง", "branch_code": "61000000", "name_short": "None", "price_new": 350, "price_old": 300, "width_m": 6, "pt_i": 9 }, "geometry": { "type": "Point", "coordinates": [ 99.702175428718263, 15.502148496007962 ] } },
{ "type": "Feature", "properties": { "road_key": "61000000ST092.5", "road_name": "ถนนสายบ้านสวนขวัญ-บ้านเขาปฐวี ช่วงที่ 5", "road_no": "0", "aumpher": "อำเภอทัพทัน", "office": "สาขาเมือง", "branch_code": "61000000", "name_short": "None", "price_new": 350, "price_old": 300, "width_m": 6, "pt_i": 10 }, "geometry": { "type": "Point", "coordinates": [ 99.701214210324537, 15.502703003937581 ] } },
{ "type": "Feature", "properties": { "road_key": "61000000ST092.5", "road_name": "ถนนสายบ้านสวนขวัญ-บ้านเขาปฐวี ช่วงที่ 5", "road_no": "0", "aumpher": "อำเภอทัพทัน", "office": "สาขาเมือง", "branch_code": "61000000", "name_short": "None", "price_new": 350, "price_old": 300, "width_m": 6, "pt_i": 11 }, "geometry": { "type": "Point", "coordinates": [ 99.700302220021726, 15.503329442169942 ] } },
{ "type": "Feature", "properties": { "road_key": "61000000ST092.5", "road_name": "ถนนสายบ้านสวนขวัญ-บ้านเขาปฐวี ช่วงที่ 5", "road_no": "0", "aumpher": "อำเภอทัพทัน", "office": "สาขาเมือง", "branch_code": "61000000", "name_short": "None", "price_new": 350, "price_old": 300, "width_m": 6, "pt_i": 12 }, "geometry": { "type": "Point", "coordinates": [ 99.699414591776275, 15.503989795080864 ] } },
{ "type": "Feature", "properties": { "road_key": "61000000ST092.5", "road_name": "ถนนสายบ้านสวนขวัญ-บ้านเขาปฐวี ช่วงที่ 5", "road_no": "0", "aumpher": "อำเภอทัพทัน", "office": "สาขาเมือง", "branch_code": "61000000", "name_short": "None", "price_new": 350, "price_old": 300, "width_m": 6, "pt_i": 13 }, "geometry": { "type": "Point", "coordinates": [ 99.698530484718177, 15.504654577671976 ] } },
{ "type": "Feature", "properties": { "road_key": "61000000ST092.5", "road_name": "ถนนสายบ้านสวนขวัญ-บ้านเขาปฐวี ช่วงที่ 5", "road_no": "0", "aumpher": "อำเภอทัพทัน", "office": "สาขาเมือง", "branch_code": "61000000", "name_short": "None", "price_new": 350, "price_old": 300, "width_m": 6, "pt_i": 14 }, "geometry": { "type": "Point", "coordinates": [ 99.697646452969252, 15.505319458767337 ] } },
{ "type": "Feature", "properties": { "road_key": "61000000ST092.5", "road_name": "ถนนสายบ้านสวนขวัญ-บ้านเขาปฐวี ช่วงที่ 5", "road_no": "0", "aumpher": "อำเภอทัพทัน", "office": "สาขาเมือง", "branch_code": "61000000", "name_short": "None", "price_new": 350, "price_old": 300, "width_m": 6, "pt_i": 15 }, "geometry": { "type": "Point", "coordinates": [ 99.696785979222668, 15.506012646595304 ] } },
{ "type": "Feature", "properties": { "road_key": "61000000ST092.5", "road_name": "ถนนสายบ้านสวนขวัญ-บ้านเขาปฐวี ช่วงที่ 5", "road_no": "0", "aumpher": "อำเภอทัพทัน", "office": "สาขาเมือง", "branch_code": "61000000", "name_short": "None", "price_new": 350, "price_old": 300, "width_m": 6, "pt_i": 16 }, "geometry": { "type": "Point", "coordinates": [ 99.695936876012951, 15.506718862563842 ] } },
{ "type": "Feature", "properties": { "road_key": "61000000ST092.5", "road_name": "ถนนสายบ้านสวนขวัญ-บ้านเขาปฐวี ช่วงที่ 5", "road_no": "0", "aumpher": "อำเภอทัพทัน", "office": "สาขาเมือง", "branch_code": "61000000", "name_short": "None", "price_new": 350, "price_old": 300, "width_m": 6, "pt_i": 17 }, "geometry": { "type": "Point", "coordinates": [ 99.695102474045285, 15.507441542427905 ] } },
{ "type": "Feature", "properties": { "road_key": "61000000ST092.5", "road_name": "ถนนสายบ้านสวนขวัญ-บ้านเขาปฐวี ช่วงที่ 5", "road_no": "0", "aumpher": "อำเภอทัพทัน", "office": "สาขาเมือง", "branch_code": "61000000", "name_short": "None", "price_new": 350, "price_old": 300, "width_m": 6, "pt_i": 18 }, "geometry": { "type": "Point", "coordinates": [ 99.694277898446416, 15.50817464825775 ] } },
{ "type": "Feature", "properties": { "road_key": "61000000ST092.5", "road_name": "ถนนสายบ้านสวนขวัญ-บ้านเขาปฐวี ช่วงที่ 5", "road_no": "0", "aumpher": "อำเภอทัพทัน", "office": "สาขาเมือง", "branch_code": "61000000", "name_short": "None", "price_new": 350, "price_old": 300, "width_m": 6, "pt_i": 19 }, "geometry": { "type": "Point", "coordinates": [ 99.693460868303873, 15.508915760821697 ] } },
{ "type": "Feature", "properties": { "road_key": "61000000ST092.5", "road_name": "ถนนสายบ้านสวนขวัญ-บ้านเขาปฐวี ช่วงที่ 5", "road_no": "0", "aumpher": "อำเภอทัพทัน", "office": "สาขาเมือง", "branch_code": "61000000", "name_short": "None", "price_new": 350, "price_old": 300, "width_m": 6, "pt_i": 20 }, "geometry": { "type": "Point", "coordinates": [ 99.692642960819512, 15.50965596555325 ] } },
{ "type": "Feature", "properties": { "road_key": "61000000ST092.5", "road_name": "ถนนสายบ้านสวนขวัญ-บ้านเขาปฐวี ช่วงที่ 5", "road_no": "0", "aumpher": "อำเภอทัพทัน", "office": "สาขาเมือง", "branch_code": "61000000", "name_short": "None", "price_new": 350, "price_old": 300, "width_m": 6, "pt_i": 21 }, "geometry": { "type": "Point", "coordinates": [ 99.69182447364831, 15.510395571541801 ] } },
{ "type": "Feature", "properties": { "road_key": "61000000ST092.5", "road_name": "ถนนสายบ้านสวนขวัญ-บ้านเขาปฐวี ช่วงที่ 5", "road_no": "0", "aumpher": "อำเภอทัพทัน", "office": "สาขาเมือง", "branch_code": "61000000", "name_short": "None", "price_new": 350, "price_old": 300, "width_m": 6, "pt_i": 22 }, "geometry": { "type": "Point", "coordinates": [ 99.69099923292454, 15.511128025554122 ] } },
{ "type": "Feature", "properties": { "road_key": "61000000ST092.5", "road_name": "ถนนสายบ้านสวนขวัญ-บ้านเขาปฐวี ช่วงที่ 5", "road_no": "0", "aumpher": "อำเภอทัพทัน", "office": "สาขาเมือง", "branch_code": "61000000", "name_short": "None", "price_new": 350, "price_old": 300, "width_m": 6, "pt_i": 23 }, "geometry": { "type": "Point", "coordinates": [ 99.690107081797663, 15.511775742301335 ] } },
{ "type": "Feature", "properties": { "road_key": "61000000ST092.5", "road_name": "ถนนสายบ้านสวนขวัญ-บ้านเขาปฐวี ช่วงที่ 5", "road_no": "0", "aumpher": "อำเภอทัพทัน", "office": "สาขาเมือง", "branch_code": "61000000", "name_short": "None", "price_new": 350, "price_old": 300, "width_m": 6, "pt_i": 24 }, "geometry": { "type": "Point", "coordinates": [ 99.689116122171157, 15.512279106004176 ] } },
{ "type": "Feature", "properties": { "road_key": "61000000ST093", "road_name": "ถนนสายบ้านสวนขวัญ-บ้านหนองเจ็กกวย", "road_no": "0", "aumpher": "อำเภอทัพทัน", "office": "สาขาเมือง", "branch_code": "61000000", "name_short": "None", "price_new": 350, "price_old": 200, "width_m": 6, "pt_i": 0 }, "geometry": { "type": "Point", "coordinates": [ 99.688178238356016, 15.512656240323276 ] } },
{ "type": "Feature", "properties": { "road_key": "61000000ST093", "road_name": "ถนนสายบ้านสวนขวัญ-บ้านหนองเจ็กกวย", "road_no": "0", "aumpher": "อำเภอทัพทัน", "office": "สาขาเมือง", "branch_code": "61000000", "name_short": "None", "price_new": 350, "price_old": 200, "width_m": 6, "pt_i": 1 }, "geometry": { "type": "Point", "coordinates": [ 99.687079938454076, 15.512796082542339 ] } },
{ "type": "Feature", "properties": { "road_key": "61000000ST093", "road_name": "ถนนสายบ้านสวนขวัญ-บ้านหนองเจ็กกวย", "road_no": "0", "aumpher": "อำเภอทัพทัน", "office": "สาขาเมือง", "branch_code": "61000000", "name_short": "None", "price_new": 350, "price_old": 200, "width_m": 6, "pt_i": 2 }, "geometry": { "type": "Point", "coordinates": [ 99.685961187873602, 15.512787875657059 ] } },
{ "type": "Feature", "properties": { "road_key": "61000000ST093", "road_name": "ถนนสายบ้านสวนขวัญ-บ้านหนองเจ็กกวย", "road_no": "0", "aumpher": "อำเภอทัพทัน", "office": "สาขาเมือง", "branch_code": "61000000", "name_short": "None", "price_new": 350, "price_old": 200, "width_m": 6, "pt_i": 3 }, "geometry": { "type": "Point", "coordinates": [ 99.684842455427386, 15.512772992749063 ] } },
{ "type": "Feature", "properties": { "road_key": "61000000ST093", "road_name": "ถนนสายบ้านสวนขวัญ-บ้านหนองเจ็กกวย", "road_no": "0", "aumpher": "อำเภอทัพทัน", "office": "สาขาเมือง", "branch_code": "61000000", "name_short": "None", "price_new": 350, "price_old": 200, "width_m": 6, "pt_i": 4 }, "geometry": { "type": "Point", "coordinates": [ 99.683723711624637, 15.512759354719215 ] } },
{ "type": "Feature", "properties": { "road_key": "61000000ST093", "road_name": "ถนนสายบ้านสวนขวัญ-บ้านหนองเจ็กกวย", "road_no": "0", "aumpher": "อำเภอทัพทัน", "office": "สาขาเมือง", "branch_code": "61000000", "name_short": "None", "price_new": 350, "price_old": 200, "width_m": 6, "pt_i": 5 }, "geometry": { "type": "Point", "coordinates": [ 99.682608420533768, 15.512805270071867 ] } },
{ "type": "Feature", "properties": { "road_key": "61000000ST093", "road_name": "ถนนสายบ้านสวนขวัญ-บ้านหนองเจ็กกวย", "road_no": "0", "aumpher": "อำเภอทัพทัน", "office": "สาขาเมือง", "branch_code": "61000000", "name_short": "None", "price_new": 350, "price_old": 200, "width_m": 6, "pt_i": 6 }, "geometry": { "type": "Point", "coordinates": [ 99.681520375192093, 15.513057054467671 ] } },
{ "type": "Feature", "properties": { "road_key": "61000000ST093", "road_name": "ถนนสายบ้านสวนขวัญ-บ้านหนองเจ็กกวย", "road_no": "0", "aumpher": "อำเภอทัพทัน", "office": "สาขาเมือง", "branch_code": "61000000", "name_short": "None", "price_new": 350, "price_old": 200, "width_m": 6, "pt_i": 7 }, "geometry": { "type": "Point", "coordinates": [ 99.680436549091112, 15.513326327106219 ] } },
{ "type": "Feature", "properties": { "road_key": "61000000ST093", "road_name": "ถนนสายบ้านสวนขวัญ-บ้านหนองเจ็กกวย", "road_no": "0", "aumpher": "อำเภอทัพทัน", "office": "สาขาเมือง", "branch_code": "61000000", "name_short": "None", "price_new": 350, "price_old": 200, "width_m": 6, "pt_i": 8 }, "geometry": { "type": "Point", "coordinates": [ 99.679352656282859, 15.513595353002168 ] } },
{ "type": "Feature", "properties": { "road_key": "61000000ST093", "road_name": "ถนนสายบ้านสวนขวัญ-บ้านหนองเจ็กกวย", "road_no": "0", "aumpher": "อำเภอทัพทัน", "office": "สาขาเมือง", "branch_code": "61000000", "name_short": "None", "price_new": 350, "price_old": 200, "width_m": 6, "pt_i": 9 }, "geometry": { "type": "Point", "coordinates": [ 99.67834349101949, 15.514030286793048 ] } },
{ "type": "Feature", "properties": { "road_key": "61000000ST093", "road_name": "ถนนสายบ้านสวนขวัญ-บ้านหนองเจ็กกวย", "road_no": "0", "aumpher": "อำเภอทัพทัน", "office": "สาขาเมือง", "branch_code": "61000000", "name_short": "None", "price_new": 350, "price_old": 200, "width_m": 6, "pt_i": 10 }, "geometry": { "type": "Point", "coordinates": [ 99.677444093700529, 15.514675561196153 ] } },
{ "type": "Feature", "properties": { "road_key": "61000000ST093", "road_name": "ถนนสายบ้านสวนขวัญ-บ้านหนองเจ็กกวย", "road_no": "0", "aumpher": "อำเภอทัพทัน", "office": "สาขาเมือง", "branch_code": "61000000", "name_short": "None", "price_new": 350, "price_old": 200, "width_m": 6, "pt_i": 11 }, "geometry": { "type": "Point", "coordinates": [ 99.676545142059339, 15.515321423439044 ] } },
{ "type": "Feature", "properties": { "road_key": "61000000ST093", "road_name": "ถนนสายบ้านสวนขวัญ-บ้านหนองเจ็กกวย", "road_no": "0", "aumpher": "อำเภอทัพทัน", "office": "สาขาเมือง", "branch_code": "61000000", "name_short": "None", "price_new": 350, "price_old": 200, "width_m": 6, "pt_i": 12 }, "geometry": { "type": "Point", "coordinates": [ 99.675645453892713, 15.515966309485993 ] } },
{ "type": "Feature", "properties": { "road_key": "61000000ST093", "road_name": "ถนนสายบ้านสวนขวัญ-บ้านหนองเจ็กกวย", "road_no": "0", "aumpher": "อำเภอทัพทัน", "office": "สาขาเมือง", "branch_code": "61000000", "name_short": "None", "price_new": 350, "price_old": 200, "width_m": 6, "pt_i": 13 }, "geometry": { "type": "Point", "coordinates": [ 99.67472639097187, 15.516584389693003 ] } },
{ "type": "Feature", "properties": { "road_key": "61000000ST093", "road_name": "ถนนสายบ้านสวนขวัญ-บ้านหนองเจ็กกวย", "road_no": "0", "aumpher": "อำเภอทัพทัน", "office": "สาขาเมือง", "branch_code": "61000000", "name_short": "None", "price_new": 350, "price_old": 200, "width_m": 6, "pt_i": 14 }, "geometry": { "type": "Point", "coordinates": [ 99.673721573539595, 15.517047567288385 ] } },
{ "type": "Feature", "properties": { "road_key": "61000000ST093", "road_name": "ถนนสายบ้านสวนขวัญ-บ้านหนองเจ็กกวย", "road_no": "0", "aumpher": "อำเภอทัพทัน", "office": "สาขาเมือง", "branch_code": "61000000", "name_short": "None", "price_new": 350, "price_old": 200, "width_m": 6, "pt_i": 15 }, "geometry": { "type": "Point", "coordinates": [ 99.672632636238561, 15.517292932249607 ] } },
{ "type": "Feature", "properties": { "road_key": "61000000ST093", "road_name": "ถนนสายบ้านสวนขวัญ-บ้านหนองเจ็กกวย", "road_no": "0", "aumpher": "อำเภอทัพทัน", "office": "สาขาเมือง", "branch_code": "61000000", "name_short": "None", "price_new": 350, "price_old": 200, "width_m": 6, "pt_i": 16 }, "geometry": { "type": "Point", "coordinates": [ 99.671525200684215, 15.517357064259036 ] } },
{ "type": "Feature", "properties": { "road_key": "61000000ST093", "road_name": "ถนนสายบ้านสวนขวัญ-บ้านหนองเจ็กกวย", "road_no": "0", "aumpher": "อำเภอทัพทัน", "office": "สาขาเมือง", "branch_code": "61000000", "name_short": "None", "price_new": 350, "price_old": 200, "width_m": 6, "pt_i": 17 }, "geometry": { "type": "Point", "coordinates": [ 99.670414867201259, 15.517235628965169 ] } },
{ "type": "Feature", "properties": { "road_key": "61000000ST093", "road_name": "ถนนสายบ้านสวนขวัญ-บ้านหนองเจ็กกวย", "road_no": "0", "aumpher": "อำเภอทัพทัน", "office": "สาขาเมือง", "branch_code": "61000000", "name_short": "None", "price_new": 350, "price_old": 200, "width_m": 6, "pt_i": 18 }, "geometry": { "type": "Point", "coordinates": [ 99.669324386826162, 15.517446895000456 ] } },
{ "type": "Feature", "properties": { "road_key": "61000000ST093", "road_name": "ถนนสายบ้านสวนขวัญ-บ้านหนองเจ็กกวย", "road_no": "0", "aumpher": "อำเภอทัพทัน", "office": "สาขาเมือง", "branch_code": "61000000", "name_short": "None", "price_new": 350, "price_old": 200, "width_m": 6, "pt_i": 19 }, "geometry": { "type": "Point", "coordinates": [ 99.668361773925042, 15.517994269401225 ] } },
{ "type": "Feature", "properties": { "road_key": "61000000ST094", "road_name": "ถนนสายบ้านสำนักโก-เขื่อนวังร่มเกล้า", "road_no": "0", "aumpher": "อำเภอทัพทัน", "office": "สาขาเมือง", "branch_code": "61000000", "name_short": "None", "price_new": 300, "price_old": 200, "width_m": 6, "pt_i": 0 }, "geometry": { "type": "Point", "coordinates": [ 99.947884171988179, 15.49692511269105 ] } },
{ "type": "Feature", "properties": { "road_key": "61000000ST094", "road_name": "ถนนสายบ้านสำนักโก-เขื่อนวังร่มเกล้า", "road_no": "0", "aumpher": "อำเภอทัพทัน", "office": "สาขาเมือง", "branch_code": "61000000", "name_short": "None", "price_new": 300, "price_old": 200, "width_m": 6, "pt_i": 1 }, "geometry": { "type": "Point", "coordinates": [ 99.948309672974545, 15.497892869827369 ] } },
{ "type": "Feature", "properties": { "road_key": "61000000ST094", "road_name": "ถนนสายบ้านสำนักโก-เขื่อนวังร่มเกล้า", "road_no": "0", "aumpher": "อำเภอทัพทัน", "office": "สาขาเมือง", "branch_code": "61000000", "name_short": "None", "price_new": 300, "price_old": 200, "width_m": 6, "pt_i": 2 }, "geometry": { "type": "Point", "coordinates": [ 99.949176145127836, 15.498541919939308 ] } },
{ "type": "Feature", "properties": { "road_key": "61000000ST094", "road_name": "ถนนสายบ้านสำนักโก-เขื่อนวังร่มเกล้า", "road_no": "0", "aumpher": "อำเภอทัพทัน", "office": "สาขาเมือง", "branch_code": "61000000", "name_short": "None", "price_new": 300, "price_old": 200, "width_m": 6, "pt_i": 3 }, "geometry": { "type": "Point", "coordinates": [ 99.949843737571996, 15.499402863892035 ] } },
{ "type": "Feature", "properties": { "road_key": "61000000ST094", "road_name": "ถนนสายบ้านสำนักโก-เขื่อนวังร่มเกล้า", "road_no": "0", "aumpher": "อำเภอทัพทัน", "office": "สาขาเมือง", "branch_code": "61000000", "name_short": "None", "price_new": 300, "price_old": 200, "width_m": 6, "pt_i": 0 }, "geometry": { "type": "Point", "coordinates": [ 99.947884171988179, 15.49692511269105 ] } },
{ "type": "Feature", "properties": { "road_key": "61000000ST094", "road_name": "ถนนสายบ้านสำนักโก-เขื่อนวังร่มเกล้า", "road_no": "0", "aumpher": "อำเภอทัพทัน", "office": "สาขาเมือง", "branch_code": "61000000", "name_short": "None", "price_new": 300, "price_old": 200, "width_m": 6, "pt_i": 1 }, "geometry": { "type": "Point", "coordinates": [ 99.947186834462372, 15.496088794019562 ] } },
{ "type": "Feature", "properties": { "road_key": "61000000ST094", "road_name": "ถนนสายบ้านสำนักโก-เขื่อนวังร่มเกล้า", "road_no": "0", "aumpher": "อำเภอทัพทัน", "office": "สาขาเมือง", "branch_code": "61000000", "name_short": "None", "price_new": 300, "price_old": 200, "width_m": 6, "pt_i": 2 }, "geometry": { "type": "Point", "coordinates": [ 99.946931563743178, 15.495035154660181 ] } },
{ "type": "Feature", "properties": { "road_key": "61000000ST094", "road_name": "ถนนสายบ้านสำนักโก-เขื่อนวังร่มเกล้า", "road_no": "0", "aumpher": "อำเภอทัพทัน", "office": "สาขาเมือง", "branch_code": "61000000", "name_short": "None", "price_new": 300, "price_old": 200, "width_m": 6, "pt_i": 3 }, "geometry": { "type": "Point", "coordinates": [ 99.945839752224245, 15.494867916572924 ] } },
{ "type": "Feature", "properties": { "road_key": "61000000ST094", "road_name": "ถนนสายบ้านสำนักโก-เขื่อนวังร่มเกล้า", "road_no": "0", "aumpher": "อำเภอทัพทัน", "office": "สาขาเมือง", "branch_code": "61000000", "name_short": "None", "price_new": 300, "price_old": 200, "width_m": 6, "pt_i": 4 }, "geometry": { "type": "Point", "coordinates": [ 99.944765206142876, 15.494568207467356 ] } },
{ "type": "Feature", "properties": { "road_key": "61000000ST094", "road_name": "ถนนสายบ้านสำนักโก-เขื่อนวังร่มเกล้า", "road_no": "0", "aumpher": "อำเภอทัพทัน", "office": "สาขาเมือง", "branch_code": "61000000", "name_short": "None", "price_new": 300, "price_old": 200, "width_m": 6, "pt_i": 5 }, "geometry": { "type": "Point", "coordinates": [ 99.943651894511348, 15.494567712016075 ] } },
{ "type": "Feature", "properties": { "road_key": "61000000ST094", "road_name": "ถนนสายบ้านสำนักโก-เขื่อนวังร่มเกล้า", "road_no": "0", "aumpher": "อำเภอทัพทัน", "office": "สาขาเมือง", "branch_code": "61000000", "name_short": "None", "price_new": 300, "price_old": 200, "width_m": 6, "pt_i": 6 }, "geometry": { "type": "Point", "coordinates": [ 99.942749322193578, 15.494223877533141 ] } },
{ "type": "Feature", "properties": { "road_key": "61000000ST094", "road_name": "ถนนสายบ้านสำนักโก-เขื่อนวังร่มเกล้า", "road_no": "0", "aumpher": "อำเภอทัพทัน", "office": "สาขาเมือง", "branch_code": "61000000", "name_short": "None", "price_new": 300, "price_old": 200, "width_m": 6, "pt_i": 7 }, "geometry": { "type": "Point", "coordinates": [ 99.942286913905619, 15.493236610008372 ] } },
{ "type": "Feature", "properties": { "road_key": "61000000ST094", "road_name": "ถนนสายบ้านสำนักโก-เขื่อนวังร่มเกล้า", "road_no": "0", "aumpher": "อำเภอทัพทัน", "office": "สาขาเมือง", "branch_code": "61000000", "name_short": "None", "price_new": 300, "price_old": 200, "width_m": 6, "pt_i": 8 }, "geometry": { "type": "Point", "coordinates": [ 99.941843257604603, 15.492243253904697 ] } },
{ "type": "Feature", "properties": { "road_key": "61000000ST094", "road_name": "ถนนสายบ้านสำนักโก-เขื่อนวังร่มเกล้า", "road_no": "0", "aumpher": "อำเภอทัพทัน", "office": "สาขาเมือง", "branch_code": "61000000", "name_short": "None", "price_new": 300, "price_old": 200, "width_m": 6, "pt_i": 9 }, "geometry": { "type": "Point", "coordinates": [ 99.941425564011553, 15.491249096782303 ] } },
{ "type": "Feature", "properties": { "road_key": "61000000ST094", "road_name": "ถนนสายบ้านสำนักโก-เขื่อนวังร่มเกล้า", "road_no": "0", "aumpher": "อำเภอทัพทัน", "office": "สาขาเมือง", "branch_code": "61000000", "name_short": "None", "price_new": 300, "price_old": 200, "width_m": 6, "pt_i": 10 }, "geometry": { "type": "Point", "coordinates": [ 99.940507059341627, 15.490745898078957 ] } },
{ "type": "Feature", "properties": { "road_key": "61000000ST094", "road_name": "ถนนสายบ้านสำนักโก-เขื่อนวังร่มเกล้า", "road_no": "0", "aumpher": "อำเภอทัพทัน", "office": "สาขาเมือง", "branch_code": "61000000", "name_short": "None", "price_new": 300, "price_old": 200, "width_m": 6, "pt_i": 11 }, "geometry": { "type": "Point", "coordinates": [ 99.939440027131923, 15.490568690479154 ] } },
{ "type": "Feature", "properties": { "road_key": "61000000ST094", "road_name": "ถนนสายบ้านสำนักโก-เขื่อนวังร่มเกล้า", "road_no": "0", "aumpher": "อำเภอทัพทัน", "office": "สาขาเมือง", "branch_code": "61000000", "name_short": "None", "price_new": 300, "price_old": 200, "width_m": 6, "pt_i": 12 }, "geometry": { "type": "Point", "coordinates": [ 99.938740227252751, 15.489762984345006 ] } },
{ "type": "Feature", "properties": { "road_key": "61000000ST094", "road_name": "ถนนสายบ้านสำนักโก-เขื่อนวังร่มเกล้า", "road_no": "0", "aumpher": "อำเภอทัพทัน", "office": "สาขาเมือง", "branch_code": "61000000", "name_short": "None", "price_new": 300, "price_old": 200, "width_m": 6, "pt_i": 13 }, "geometry": { "type": "Point", "coordinates": [ 99.938975869009312, 15.488749106147965 ] } },
{ "type": "Feature", "properties": { "road_key": "61000000ST094", "road_name": "ถนนสายบ้านสำนักโก-เขื่อนวังร่มเกล้า", "road_no": "0", "aumpher": "อำเภอทัพทัน", "office": "สาขาเมือง", "branch_code": "61000000", "name_short": "None", "price_new": 300, "price_old": 200, "width_m": 6, "pt_i": 14 }, "geometry": { "type": "Point", "coordinates": [ 99.93942629203184, 15.487756164074238 ] } },
{ "type": "Feature", "properties": { "road_key": "61000000ST094", "road_name": "ถนนสายบ้านสำนักโก-เขื่อนวังร่มเกล้า", "road_no": "0", "aumpher": "อำเภอทัพทัน", "office": "สาขาเมือง", "branch_code": "61000000", "name_short": "None", "price_new": 300, "price_old": 200, "width_m": 6, "pt_i": 15 }, "geometry": { "type": "Point", "coordinates": [ 99.939634673410012, 15.486756420487691 ] } },
{ "type": "Feature", "properties": { "road_key": "61000000ST094", "road_name": "ถนนสายบ้านสำนักโก-เขื่อนวังร่มเกล้า", "road_no": "0", "aumpher": "อำเภอทัพทัน", "office": "สาขาเมือง", "branch_code": "61000000", "name_short": "None", "price_new": 300, "price_old": 200, "width_m": 6, "pt_i": 16 }, "geometry": { "type": "Point", "coordinates": [ 99.939254839435804, 15.485736105464316 ] } },
{ "type": "Feature", "properties": { "road_key": "61000000ST094", "road_name": "ถนนสายบ้านสำนักโก-เขื่อนวังร่มเกล้า", "road_no": "0", "aumpher": "อำเภอทัพทัน", "office": "สาขาเมือง", "branch_code": "61000000", "name_short": "None", "price_new": 300, "price_old": 200, "width_m": 6, "pt_i": 17 }, "geometry": { "type": "Point", "coordinates": [ 99.939080993337825, 15.484684302241481 ] } },
{ "type": "Feature", "properties": { "road_key": "61000000ST094", "road_name": "ถนนสายบ้านสำนักโก-เขื่อนวังร่มเกล้า", "road_no": "0", "aumpher": "อำเภอทัพทัน", "office": "สาขาเมือง", "branch_code": "61000000", "name_short": "None", "price_new": 300, "price_old": 200, "width_m": 6, "pt_i": 18 }, "geometry": { "type": "Point", "coordinates": [ 99.939286306692452, 15.483623746268297 ] } },
{ "type": "Feature", "properties": { "road_key": "61000000ST094", "road_name": "ถนนสายบ้านสำนักโก-เขื่อนวังร่มเกล้า", "road_no": "0", "aumpher": "อำเภอทัพทัน", "office": "สาขาเมือง", "branch_code": "61000000", "name_short": "None", "price_new": 300, "price_old": 200, "width_m": 6, "pt_i": 19 }, "geometry": { "type": "Point", "coordinates": [ 99.93927778835392, 15.482540998525394 ] } },
{ "type": "Feature", "properties": { "road_key": "61000000ST094", "road_name": "ถนนสายบ้านสำนักโก-เขื่อนวังร่มเกล้า", "road_no": "0", "aumpher": "อำเภอทัพทัน", "office": "สาขาเมือง", "branch_code": "61000000", "name_short": "None", "price_new": 300, "price_old": 200, "width_m": 6, "pt_i": 20 }, "geometry": { "type": "Point", "coordinates": [ 99.939212928151221, 15.481458058871668 ] } },
{ "type": "Feature", "properties": { "road_key": "61000000ST094", "road_name": "ถนนสายบ้านสำนักโก-เขื่อนวังร่มเกล้า", "road_no": "0", "aumpher": "อำเภอทัพทัน", "office": "สาขาเมือง", "branch_code": "61000000", "name_short": "None", "price_new": 300, "price_old": 200, "width_m": 6, "pt_i": 21 }, "geometry": { "type": "Point", "coordinates": [ 99.939148068955888, 15.480375119057005 ] } },
{ "type": "Feature", "properties": { "road_key": "61000000ST094", "road_name": "ถนนสายบ้านสำนักโก-เขื่อนวังร่มเกล้า", "road_no": "0", "aumpher": "อำเภอทัพทัน", "office": "สาขาเมือง", "branch_code": "61000000", "name_short": "None", "price_new": 300, "price_old": 200, "width_m": 6, "pt_i": 22 }, "geometry": { "type": "Point", "coordinates": [ 99.939033151147939, 15.479297263385739 ] } },
{ "type": "Feature", "properties": { "road_key": "61000000ST094", "road_name": "ถนนสายบ้านสำนักโก-เขื่อนวังร่มเกล้า", "road_no": "0", "aumpher": "อำเภอทัพทัน", "office": "สาขาเมือง", "branch_code": "61000000", "name_short": "None", "price_new": 300, "price_old": 200, "width_m": 6, "pt_i": 23 }, "geometry": { "type": "Point", "coordinates": [ 99.938471900072884, 15.478427168104199 ] } },
{ "type": "Feature", "properties": { "road_key": "61000000ST094", "road_name": "ถนนสายบ้านสำนักโก-เขื่อนวังร่มเกล้า", "road_no": "0", "aumpher": "อำเภอทัพทัน", "office": "สาขาเมือง", "branch_code": "61000000", "name_short": "None", "price_new": 300, "price_old": 200, "width_m": 6, "pt_i": 24 }, "geometry": { "type": "Point", "coordinates": [ 99.93799130680209, 15.477481284698618 ] } },
{ "type": "Feature", "properties": { "road_key": "61000000ST094", "road_name": "ถนนสายบ้านสำนักโก-เขื่อนวังร่มเกล้า", "road_no": "0", "aumpher": "อำเภอทัพทัน", "office": "สาขาเมือง", "branch_code": "61000000", "name_short": "None", "price_new": 300, "price_old": 200, "width_m": 6, "pt_i": 25 }, "geometry": { "type": "Point", "coordinates": [ 99.938290280452819, 15.476479767397869 ] } },
{ "type": "Feature", "properties": { "road_key": "61000000ST094", "road_name": "ถนนสายบ้านสำนักโก-เขื่อนวังร่มเกล้า", "road_no": "0", "aumpher": "อำเภอทัพทัน", "office": "สาขาเมือง", "branch_code": "61000000", "name_short": "None", "price_new": 300, "price_old": 200, "width_m": 6, "pt_i": 26 }, "geometry": { "type": "Point", "coordinates": [ 99.939194894134872, 15.475985167517003 ] } },
{ "type": "Feature", "properties": { "road_key": "61000000ST094", "road_name": "ถนนสายบ้านสำนักโก-เขื่อนวังร่มเกล้า", "road_no": "0", "aumpher": "อำเภอทัพทัน", "office": "สาขาเมือง", "branch_code": "61000000", "name_short": "None", "price_new": 300, "price_old": 200, "width_m": 6, "pt_i": 27 }, "geometry": { "type": "Point", "coordinates": [ 99.938344861849828, 15.475338574824436 ] } },
{ "type": "Feature", "properties": { "road_key": "61000000ST094", "road_name": "ถนนสายบ้านสำนักโก-เขื่อนวังร่มเกล้า", "road_no": "0", "aumpher": "อำเภอทัพทัน", "office": "สาขาเมือง", "branch_code": "61000000", "name_short": "None", "price_new": 300, "price_old": 200, "width_m": 6, "pt_i": 28 }, "geometry": { "type": "Point", "coordinates": [ 99.937342872580714, 15.474936854383014 ] } },
{ "type": "Feature", "properties": { "road_key": "61000000ST094", "road_name": "ถนนสายบ้านสำนักโก-เขื่อนวังร่มเกล้า", "road_no": "0", "aumpher": "อำเภอทัพทัน", "office": "สาขาเมือง", "branch_code": "61000000", "name_short": "None", "price_new": 300, "price_old": 200, "width_m": 6, "pt_i": 29 }, "geometry": { "type": "Point", "coordinates": [ 99.936800156358601, 15.475722037040899 ] } },
{ "type": "Feature", "properties": { "road_key": "61000000ST094", "road_name": "ถนนสายบ้านสำนักโก-เขื่อนวังร่มเกล้า", "road_no": "0", "aumpher": "อำเภอทัพทัน", "office": "สาขาเมือง", "branch_code": "61000000", "name_short": "None", "price_new": 300, "price_old": 200, "width_m": 6, "pt_i": 30 }, "geometry": { "type": "Point", "coordinates": [ 99.936370036512528, 15.476613895623634 ] } },
{ "type": "Feature", "properties": { "road_key": "61000000ST094", "road_name": "ถนนสายบ้านสำนักโก-เขื่อนวังร่มเกล้า", "road_no": "0", "aumpher": "อำเภอทัพทัน", "office": "สาขาเมือง", "branch_code": "61000000", "name_short": "None", "price_new": 300, "price_old": 200, "width_m": 6, "pt_i": 31 }, "geometry": { "type": "Point", "coordinates": [ 99.935294352522774, 15.476358267552717 ] } },
{ "type": "Feature", "properties": { "road_key": "61000000ST094", "road_name": "ถนนสายบ้านสำนักโก-เขื่อนวังร่มเกล้า", "road_no": "0", "aumpher": "อำเภอทัพทัน", "office": "สาขาเมือง", "branch_code": "61000000", "name_short": "None", "price_new": 300, "price_old": 200, "width_m": 6, "pt_i": 32 }, "geometry": { "type": "Point", "coordinates": [ 99.934208504145474, 15.476259333314731 ] } },
{ "type": "Feature", "properties": { "road_key": "61000000ST094", "road_name": "ถนนสายบ้านสำนักโก-เขื่อนวังร่มเกล้า", "road_no": "0", "aumpher": "อำเภอทัพทัน", "office": "สาขาเมือง", "branch_code": "61000000", "name_short": "None", "price_new": 300, "price_old": 200, "width_m": 6, "pt_i": 33 }, "geometry": { "type": "Point", "coordinates": [ 99.933260810188244, 15.476835004987262 ] } },
{ "type": "Feature", "properties": { "road_key": "61000000ST094", "road_name": "ถนนสายบ้านสำนักโก-เขื่อนวังร่มเกล้า", "road_no": "0", "aumpher": "อำเภอทัพทัน", "office": "สาขาเมือง", "branch_code": "61000000", "name_short": "None", "price_new": 300, "price_old": 200, "width_m": 6, "pt_i": 34 }, "geometry": { "type": "Point", "coordinates": [ 99.932680260339652, 15.477612201250629 ] } },
{ "type": "Feature", "properties": { "road_key": "61000000ST094", "road_name": "ถนนสายบ้านสำนักโก-เขื่อนวังร่มเกล้า", "road_no": "0", "aumpher": "อำเภอทัพทัน", "office": "สาขาเมือง", "branch_code": "61000000", "name_short": "None", "price_new": 300, "price_old": 200, "width_m": 6, "pt_i": 35 }, "geometry": { "type": "Point", "coordinates": [ 99.933203941057442, 15.478509773904173 ] } },
{ "type": "Feature", "properties": { "road_key": "61000000ST094", "road_name": "ถนนสายบ้านสำนักโก-เขื่อนวังร่มเกล้า", "road_no": "0", "aumpher": "อำเภอทัพทัน", "office": "สาขาเมือง", "branch_code": "61000000", "name_short": "None", "price_new": 300, "price_old": 200, "width_m": 6, "pt_i": 36 }, "geometry": { "type": "Point", "coordinates": [ 99.934292406239209, 15.478526478959154 ] } },
{ "type": "Feature", "properties": { "road_key": "61000000ST094", "road_name": "ถนนสายบ้านสำนักโก-เขื่อนวังร่มเกล้า", "road_no": "0", "aumpher": "อำเภอทัพทัน", "office": "สาขาเมือง", "branch_code": "61000000", "name_short": "None", "price_new": 300, "price_old": 200, "width_m": 6, "pt_i": 37 }, "geometry": { "type": "Point", "coordinates": [ 99.934871531713839, 15.478965010299623 ] } },
{ "type": "Feature", "properties": { "road_key": "61000000ST094", "road_name": "ถนนสายบ้านสำนักโก-เขื่อนวังร่มเกล้า", "road_no": "0", "aumpher": "อำเภอทัพทัน", "office": "สาขาเมือง", "branch_code": "61000000", "name_short": "None", "price_new": 300, "price_old": 200, "width_m": 6, "pt_i": 38 }, "geometry": { "type": "Point", "coordinates": [ 99.934746730341089, 15.480041838280167 ] } },
{ "type": "Feature", "properties": { "road_key": "61000000ST094", "road_name": "ถนนสายบ้านสำนักโก-เขื่อนวังร่มเกล้า", "road_no": "0", "aumpher": "อำเภอทัพทัน", "office": "สาขาเมือง", "branch_code": "61000000", "name_short": "None", "price_new": 300, "price_old": 200, "width_m": 6, "pt_i": 39 }, "geometry": { "type": "Point", "coordinates": [ 99.934023212366625, 15.480793554515133 ] } },
{ "type": "Feature", "properties": { "road_key": "61000000ST094", "road_name": "ถนนสายบ้านสำนักโก-เขื่อนวังร่มเกล้า", "road_no": "0", "aumpher": "อำเภอทัพทัน", "office": "สาขาเมือง", "branch_code": "61000000", "name_short": "None", "price_new": 300, "price_old": 200, "width_m": 6, "pt_i": 40 }, "geometry": { "type": "Point", "coordinates": [ 99.933050717961038, 15.481329305220163 ] } },
{ "type": "Feature", "properties": { "road_key": "61000000ST094", "road_name": "ถนนสายบ้านสำนักโก-เขื่อนวังร่มเกล้า", "road_no": "0", "aumpher": "อำเภอทัพทัน", "office": "สาขาเมือง", "branch_code": "61000000", "name_short": "None", "price_new": 300, "price_old": 200, "width_m": 6, "pt_i": 41 }, "geometry": { "type": "Point", "coordinates": [ 99.9324886090441, 15.482115964264818 ] } },
{ "type": "Feature", "properties": { "road_key": "61000000ST094", "road_name": "ถนนสายบ้านสำนักโก-เขื่อนวังร่มเกล้า", "road_no": "0", "aumpher": "อำเภอทัพทัน", "office": "สาขาเมือง", "branch_code": "61000000", "name_short": "None", "price_new": 300, "price_old": 200, "width_m": 6, "pt_i": 42 }, "geometry": { "type": "Point", "coordinates": [ 99.93247562044364, 15.483200657723822 ] } },
{ "type": "Feature", "properties": { "road_key": "61000000ST094", "road_name": "ถนนสายบ้านสำนักโก-เขื่อนวังร่มเกล้า", "road_no": "0", "aumpher": "อำเภอทัพทัน", "office": "สาขาเมือง", "branch_code": "61000000", "name_short": "None", "price_new": 300, "price_old": 200, "width_m": 6, "pt_i": 43 }, "geometry": { "type": "Point", "coordinates": [ 99.932462632039886, 15.484285351084807 ] } },
{ "type": "Feature", "properties": { "road_key": "61000000ST094", "road_name": "ถนนสายบ้านสำนักโก-เขื่อนวังร่มเกล้า", "road_no": "0", "aumpher": "อำเภอทัพทัน", "office": "สาขาเมือง", "branch_code": "61000000", "name_short": "None", "price_new": 300, "price_old": 200, "width_m": 6, "pt_i": 44 }, "geometry": { "type": "Point", "coordinates": [ 99.93209570797265, 15.485286742567228 ] } },
{ "type": "Feature", "properties": { "road_key": "61000000ST094", "road_name": "ถนนสายบ้านสำนักโก-เขื่อนวังร่มเกล้า", "road_no": "0", "aumpher": "อำเภอทัพทัน", "office": "สาขาเมือง", "branch_code": "61000000", "name_short": "None", "price_new": 300, "price_old": 200, "width_m": 6, "pt_i": 45 }, "geometry": { "type": "Point", "coordinates": [ 99.931783132348059, 15.486278451365406 ] } },
{ "type": "Feature", "properties": { "road_key": "61000000ST094", "road_name": "ถนนสายบ้านสำนักโก-เขื่อนวังร่มเกล้า", "road_no": "0", "aumpher": "อำเภอทัพทัน", "office": "สาขาเมือง", "branch_code": "61000000", "name_short": "None", "price_new": 300, "price_old": 200, "width_m": 6, "pt_i": 46 }, "geometry": { "type": "Point", "coordinates": [ 99.932344084838192, 15.487216969129731 ] } },
{ "type": "Feature", "properties": { "road_key": "61000000ST094", "road_name": "ถนนสายบ้านสำนักโก-เขื่อนวังร่มเกล้า", "road_no": "0", "aumpher": "อำเภอทัพทัน", "office": "สาขาเมือง", "branch_code": "61000000", "name_short": "None", "price_new": 300, "price_old": 200, "width_m": 6, "pt_i": 47 }, "geometry": { "type": "Point", "coordinates": [ 99.932905042555021, 15.488155485113694 ] } },
{ "type": "Feature", "properties": { "road_key": "61000000ST094", "road_name": "ถนนสายบ้านสำนักโก-เขื่อนวังร่มเกล้า", "road_no": "0", "aumpher": "อำเภอทัพทัน", "office": "สาขาเมือง", "branch_code": "61000000", "name_short": "None", "price_new": 300, "price_old": 200, "width_m": 6, "pt_i": 48 }, "geometry": { "type": "Point", "coordinates": [ 99.933466005499028, 15.489093999317026 ] } },
{ "type": "Feature", "properties": { "road_key": "61000000ST094", "road_name": "ถนนสายบ้านสำนักโก-เขื่อนวังร่มเกล้า", "road_no": "0", "aumpher": "อำเภอทัพทัน", "office": "สาขาเมือง", "branch_code": "61000000", "name_short": "None", "price_new": 300, "price_old": 200, "width_m": 6, "pt_i": 49 }, "geometry": { "type": "Point", "coordinates": [ 99.934035259836847, 15.490027788636972 ] } },
{ "type": "Feature", "properties": { "road_key": "61000000ST094", "road_name": "ถนนสายบ้านสำนักโก-เขื่อนวังร่มเกล้า", "road_no": "0", "aumpher": "อำเภอทัพทัน", "office": "สาขาเมือง", "branch_code": "61000000", "name_short": "None", "price_new": 300, "price_old": 200, "width_m": 6, "pt_i": 50 }, "geometry": { "type": "Point", "coordinates": [ 99.934608009876541, 15.490959586587296 ] } },
{ "type": "Feature", "properties": { "road_key": "61000000ST094", "road_name": "ถนนสายบ้านสำนักโก-เขื่อนวังร่มเกล้า", "road_no": "0", "aumpher": "อำเภอทัพทัน", "office": "สาขาเมือง", "branch_code": "61000000", "name_short": "None", "price_new": 300, "price_old": 200, "width_m": 6, "pt_i": 51 }, "geometry": { "type": "Point", "coordinates": [ 99.935180765207008, 15.491891382693067 ] } },
{ "type": "Feature", "properties": { "road_key": "61000000ST094", "road_name": "ถนนสายบ้านสำนักโก-เขื่อนวังร่มเกล้า", "road_no": "0", "aumpher": "อำเภอทัพทัน", "office": "สาขาเมือง", "branch_code": "61000000", "name_short": "None", "price_new": 300, "price_old": 200, "width_m": 6, "pt_i": 52 }, "geometry": { "type": "Point", "coordinates": [ 99.935745537650917, 15.492827742405183 ] } },
{ "type": "Feature", "properties": { "road_key": "61000000ST094", "road_name": "ถนนสายบ้านสำนักโก-เขื่อนวังร่มเกล้า", "road_no": "0", "aumpher": "อำเภอทัพทัน", "office": "สาขาเมือง", "branch_code": "61000000", "name_short": "None", "price_new": 300, "price_old": 200, "width_m": 6, "pt_i": 53 }, "geometry": { "type": "Point", "coordinates": [ 99.936308784418515, 15.493764975280829 ] } },
{ "type": "Feature", "properties": { "road_key": "61000000ST094", "road_name": "ถนนสายบ้านสำนักโก-เขื่อนวังร่มเกล้า", "road_no": "0", "aumpher": "อำเภอทัพทัน", "office": "สาขาเมือง", "branch_code": "61000000", "name_short": "None", "price_new": 300, "price_old": 200, "width_m": 6, "pt_i": 54 }, "geometry": { "type": "Point", "coordinates": [ 99.936872036428156, 15.494702206362172 ] } },
{ "type": "Feature", "properties": { "road_key": "61000000ST094", "road_name": "ถนนสายบ้านสำนักโก-เขื่อนวังร่มเกล้า", "road_no": "0", "aumpher": "อำเภอทัพทัน", "office": "สาขาเมือง", "branch_code": "61000000", "name_short": "None", "price_new": 300, "price_old": 200, "width_m": 6, "pt_i": 55 }, "geometry": { "type": "Point", "coordinates": [ 99.937435293680323, 15.495639435648934 ] } },
{ "type": "Feature", "properties": { "road_key": "61000000ST094", "road_name": "ถนนสายบ้านสำนักโก-เขื่อนวังร่มเกล้า", "road_no": "0", "aumpher": "อำเภอทัพทัน", "office": "สาขาเมือง", "branch_code": "61000000", "name_short": "None", "price_new": 300, "price_old": 200, "width_m": 6, "pt_i": 56 }, "geometry": { "type": "Point", "coordinates": [ 99.937998556175458, 15.496576663140839 ] } },
{ "type": "Feature", "properties": { "road_key": "61000000ST094", "road_name": "ถนนสายบ้านสำนักโก-เขื่อนวังร่มเกล้า", "road_no": "0", "aumpher": "อำเภอทัพทัน", "office": "สาขาเมือง", "branch_code": "61000000", "name_short": "None", "price_new": 300, "price_old": 200, "width_m": 6, "pt_i": 57 }, "geometry": { "type": "Point", "coordinates": [ 99.938561974679217, 15.497513802408774 ] } },
{ "type": "Feature", "properties": { "road_key": "61000000ST094", "road_name": "ถนนสายบ้านสำนักโก-เขื่อนวังร่มเกล้า", "road_no": "0", "aumpher": "อำเภอทัพทัน", "office": "สาขาเมือง", "branch_code": "61000000", "name_short": "None", "price_new": 300, "price_old": 200, "width_m": 6, "pt_i": 58 }, "geometry": { "type": "Point", "coordinates": [ 99.939308718454456, 15.49785709512253 ] } },
{ "type": "Feature", "properties": { "road_key": "61000000ST094", "road_name": "ถนนสายบ้านสำนักโก-เขื่อนวังร่มเกล้า", "road_no": "0", "aumpher": "อำเภอทัพทัน", "office": "สาขาเมือง", "branch_code": "61000000", "name_short": "None", "price_new": 300, "price_old": 200, "width_m": 6, "pt_i": 59 }, "geometry": { "type": "Point", "coordinates": [ 99.940307908862863, 15.497369560494372 ] } },
{ "type": "Feature", "properties": { "road_key": "61000000ST094", "road_name": "ถนนสายบ้านสำนักโก-เขื่อนวังร่มเกล้า", "road_no": "0", "aumpher": "อำเภอทัพทัน", "office": "สาขาเมือง", "branch_code": "61000000", "name_short": "None", "price_new": 300, "price_old": 200, "width_m": 6, "pt_i": 60 }, "geometry": { "type": "Point", "coordinates": [ 99.941316480064529, 15.496900248418747 ] } },
{ "type": "Feature", "properties": { "road_key": "61000000ST094", "road_name": "ถนนสายบ้านสำนักโก-เขื่อนวังร่มเกล้า", "road_no": "0", "aumpher": "อำเภอทัพทัน", "office": "สาขาเมือง", "branch_code": "61000000", "name_short": "None", "price_new": 300, "price_old": 200, "width_m": 6, "pt_i": 61 }, "geometry": { "type": "Point", "coordinates": [ 99.942355988549053, 15.496503651681385 ] } },
{ "type": "Feature", "properties": { "road_key": "61000000ST094", "road_name": "ถนนสายบ้านสำนักโก-เขื่อนวังร่มเกล้า", "road_no": "0", "aumpher": "อำเภอทัพทัน", "office": "สาขาเมือง", "branch_code": "61000000", "name_short": "None", "price_new": 300, "price_old": 200, "width_m": 6, "pt_i": 62 }, "geometry": { "type": "Point", "coordinates": [ 99.943386920220888, 15.496089175037584 ] } },
{ "type": "Feature", "properties": { "road_key": "61000000ST094", "road_name": "ถนนสายบ้านสำนักโก-เขื่อนวังร่มเกล้า", "road_no": "0", "aumpher": "อำเภอทัพทัน", "office": "สาขาเมือง", "branch_code": "61000000", "name_short": "None", "price_new": 300, "price_old": 200, "width_m": 6, "pt_i": 63 }, "geometry": { "type": "Point", "coordinates": [ 99.944429741009827, 15.495742692598299 ] } },
{ "type": "Feature", "properties": { "road_key": "61000000ST094", "road_name": "ถนนสายบ้านสำนักโก-เขื่อนวังร่มเกล้า", "road_no": "0", "aumpher": "อำเภอทัพทัน", "office": "สาขาเมือง", "branch_code": "61000000", "name_short": "None", "price_new": 300, "price_old": 200, "width_m": 6, "pt_i": 64 }, "geometry": { "type": "Point", "coordinates": [ 99.945401883120809, 15.496160061705382 ] } },
{ "type": "Feature", "properties": { "road_key": "61000000ST094", "road_name": "ถนนสายบ้านสำนักโก-เขื่อนวังร่มเกล้า", "road_no": "0", "aumpher": "อำเภอทัพทัน", "office": "สาขาเมือง", "branch_code": "61000000", "name_short": "None", "price_new": 300, "price_old": 200, "width_m": 6, "pt_i": 65 }, "geometry": { "type": "Point", "coordinates": [ 99.946276128941591, 15.496836851116639 ] } },
{ "type": "Feature", "properties": { "road_key": "61000000ST094", "road_name": "ถนนสายบ้านสำนักโก-เขื่อนวังร่มเกล้า", "road_no": "0", "aumpher": "อำเภอทัพทัน", "office": "สาขาเมือง", "branch_code": "61000000", "name_short": "None", "price_new": 300, "price_old": 200, "width_m": 6, "pt_i": 66 }, "geometry": { "type": "Point", "coordinates": [ 99.947174999735154, 15.497471427464895 ] } },
{ "type": "Feature", "properties": { "road_key": "61000000ST096.1", "road_name": "ถนนสายบ้านหนองขุย-บ้านเขาปฐวี ช่วงที่ 1", "road_no": "0", "aumpher": "อำเภอทัพทัน", "office": "สาขาเมือง", "branch_code": "61000000", "name_short": "None", "price_new": 300, "price_old": 200, "width_m": 6, "pt_i": 0 }, "geometry": { "type": "Point", "coordinates": [ 99.803875709003975, 15.49367811941296 ] } },
{ "type": "Feature", "properties": { "road_key": "61000000ST096.1", "road_name": "ถนนสายบ้านหนองขุย-บ้านเขาปฐวี ช่วงที่ 1", "road_no": "0", "aumpher": "อำเภอทัพทัน", "office": "สาขาเมือง", "branch_code": "61000000", "name_short": "None", "price_new": 300, "price_old": 200, "width_m": 6, "pt_i": 1 }, "geometry": { "type": "Point", "coordinates": [ 99.802783835964888, 15.493894289234847 ] } },
{ "type": "Feature", "properties": { "road_key": "61000000ST096.2", "road_name": "ถนนสายบ้านหนองขุย-บ้านเขาปฐวี ช่วงที่ 2", "road_no": "0", "aumpher": "อำเภอทัพทัน", "office": "สาขาเมือง", "branch_code": "61000000", "name_short": "None", "price_new": 300, "price_old": 200, "width_m": 6, "pt_i": 0 }, "geometry": { "type": "Point", "coordinates": [ 99.801996112440065, 15.493799768346017 ] } },
{ "type": "Feature", "properties": { "road_key": "61000000ST096.2", "road_name": "ถนนสายบ้านหนองขุย-บ้านเขาปฐวี ช่วงที่ 2", "road_no": "0", "aumpher": "อำเภอทัพทัน", "office": "สาขาเมือง", "branch_code": "61000000", "name_short": "None", "price_new": 300, "price_old": 200, "width_m": 6, "pt_i": 1 }, "geometry": { "type": "Point", "coordinates": [ 99.80097944124347, 15.493347134525708 ] } },
{ "type": "Feature", "properties": { "road_key": "61000000ST096.2", "road_name": "ถนนสายบ้านหนองขุย-บ้านเขาปฐวี ช่วงที่ 2", "road_no": "0", "aumpher": "อำเภอทัพทัน", "office": "สาขาเมือง", "branch_code": "61000000", "name_short": "None", "price_new": 300, "price_old": 200, "width_m": 6, "pt_i": 2 }, "geometry": { "type": "Point", "coordinates": [ 99.799962217775629, 15.492895682128671 ] } },
{ "type": "Feature", "properties": { "road_key": "61000000ST096.2", "road_name": "ถนนสายบ้านหนองขุย-บ้านเขาปฐวี ช่วงที่ 2", "road_no": "0", "aumpher": "อำเภอทัพทัน", "office": "สาขาเมือง", "branch_code": "61000000", "name_short": "None", "price_new": 300, "price_old": 200, "width_m": 6, "pt_i": 3 }, "geometry": { "type": "Point", "coordinates": [ 99.798942300202398, 15.492449976856639 ] } },
{ "type": "Feature", "properties": { "road_key": "61000000ST096.2", "road_name": "ถนนสายบ้านหนองขุย-บ้านเขาปฐวี ช่วงที่ 2", "road_no": "0", "aumpher": "อำเภอทัพทัน", "office": "สาขาเมือง", "branch_code": "61000000", "name_short": "None", "price_new": 300, "price_old": 200, "width_m": 6, "pt_i": 4 }, "geometry": { "type": "Point", "coordinates": [ 99.797922386812417, 15.492004266656654 ] } },
{ "type": "Feature", "properties": { "road_key": "61000000ST096.2", "road_name": "ถนนสายบ้านหนองขุย-บ้านเขาปฐวี ช่วงที่ 2", "road_no": "0", "aumpher": "อำเภอทัพทัน", "office": "สาขาเมือง", "branch_code": "61000000", "name_short": "None", "price_new": 300, "price_old": 200, "width_m": 6, "pt_i": 5 }, "geometry": { "type": "Point", "coordinates": [ 99.796902357581644, 15.491558810136926 ] } },
{ "type": "Feature", "properties": { "road_key": "61000000ST096.2", "road_name": "ถนนสายบ้านหนองขุย-บ้านเขาปฐวี ช่วงที่ 2", "road_no": "0", "aumpher": "อำเภอทัพทัน", "office": "สาขาเมือง", "branch_code": "61000000", "name_short": "None", "price_new": 300, "price_old": 200, "width_m": 6, "pt_i": 6 }, "geometry": { "type": "Point", "coordinates": [ 99.795881980525834, 15.491114107124886 ] } },
{ "type": "Feature", "properties": { "road_key": "61000000ST096.2", "road_name": "ถนนสายบ้านหนองขุย-บ้านเขาปฐวี ช่วงที่ 2", "road_no": "0", "aumpher": "อำเภอทัพทัน", "office": "สาขาเมือง", "branch_code": "61000000", "name_short": "None", "price_new": 300, "price_old": 200, "width_m": 6, "pt_i": 7 }, "geometry": { "type": "Point", "coordinates": [ 99.794861607645288, 15.490669399182266 ] } },
{ "type": "Feature", "properties": { "road_key": "61000000ST096.2", "road_name": "ถนนสายบ้านหนองขุย-บ้านเขาปฐวี ช่วงที่ 2", "road_no": "0", "aumpher": "อำเภอทัพทัน", "office": "สาขาเมือง", "branch_code": "61000000", "name_short": "None", "price_new": 300, "price_old": 200, "width_m": 6, "pt_i": 8 }, "geometry": { "type": "Point", "coordinates": [ 99.793841238940146, 15.490224686309483 ] } },
{ "type": "Feature", "properties": { "road_key": "61000000ST096.2", "road_name": "ถนนสายบ้านหนองขุย-บ้านเขาปฐวี ช่วงที่ 2", "road_no": "0", "aumpher": "อำเภอทัพทัน", "office": "สาขาเมือง", "branch_code": "61000000", "name_short": "None", "price_new": 300, "price_old": 200, "width_m": 6, "pt_i": 9 }, "geometry": { "type": "Point", "coordinates": [ 99.792820085471106, 15.489781709738843 ] } },
{ "type": "Feature", "properties": { "road_key": "61000000ST096.2", "road_name": "ถนนสายบ้านหนองขุย-บ้านเขาปฐวี ช่วงที่ 2", "road_no": "0", "aumpher": "อำเภอทัพทัน", "office": "สาขาเมือง", "branch_code": "61000000", "name_short": "None", "price_new": 300, "price_old": 200, "width_m": 6, "pt_i": 10 }, "geometry": { "type": "Point", "coordinates": [ 99.79177575291601, 15.489399805528436 ] } },
{ "type": "Feature", "properties": { "road_key": "61000000ST096.2", "road_name": "ถนนสายบ้านหนองขุย-บ้านเขาปฐวี ช่วงที่ 2", "road_no": "0", "aumpher": "อำเภอทัพทัน", "office": "สาขาเมือง", "branch_code": "61000000", "name_short": "None", "price_new": 300, "price_old": 200, "width_m": 6, "pt_i": 11 }, "geometry": { "type": "Point", "coordinates": [ 99.790733657406264, 15.489010965842899 ] } },
{ "type": "Feature", "properties": { "road_key": "61000000ST096.2", "road_name": "ถนนสายบ้านหนองขุย-บ้านเขาปฐวี ช่วงที่ 2", "road_no": "0", "aumpher": "อำเภอทัพทัน", "office": "สาขาเมือง", "branch_code": "61000000", "name_short": "None", "price_new": 300, "price_old": 200, "width_m": 6, "pt_i": 12 }, "geometry": { "type": "Point", "coordinates": [ 99.789724199431561, 15.488543438510723 ] } },
{ "type": "Feature", "properties": { "road_key": "61000000ST096.2", "road_name": "ถนนสายบ้านหนองขุย-บ้านเขาปฐวี ช่วงที่ 2", "road_no": "0", "aumpher": "อำเภอทัพทัน", "office": "สาขาเมือง", "branch_code": "61000000", "name_short": "None", "price_new": 300, "price_old": 200, "width_m": 6, "pt_i": 13 }, "geometry": { "type": "Point", "coordinates": [ 99.788714537720978, 15.488076332723049 ] } },
{ "type": "Feature", "properties": { "road_key": "61000000ST096.2", "road_name": "ถนนสายบ้านหนองขุย-บ้านเขาปฐวี ช่วงที่ 2", "road_no": "0", "aumpher": "อำเภอทัพทัน", "office": "สาขาเมือง", "branch_code": "61000000", "name_short": "None", "price_new": 300, "price_old": 200, "width_m": 6, "pt_i": 14 }, "geometry": { "type": "Point", "coordinates": [ 99.78770169380492, 15.48761575118446 ] } },
{ "type": "Feature", "properties": { "road_key": "61000000ST096.2", "road_name": "ถนนสายบ้านหนองขุย-บ้านเขาปฐวี ช่วงที่ 2", "road_no": "0", "aumpher": "อำเภอทัพทัน", "office": "สาขาเมือง", "branch_code": "61000000", "name_short": "None", "price_new": 300, "price_old": 200, "width_m": 6, "pt_i": 15 }, "geometry": { "type": "Point", "coordinates": [ 99.786688854194281, 15.487155164780608 ] } },
{ "type": "Feature", "properties": { "road_key": "61000000ST096.2", "road_name": "ถนนสายบ้านหนองขุย-บ้านเขาปฐวี ช่วงที่ 2", "road_no": "0", "aumpher": "อำเภอทัพทัน", "office": "สาขาเมือง", "branch_code": "61000000", "name_short": "None", "price_new": 300, "price_old": 200, "width_m": 6, "pt_i": 16 }, "geometry": { "type": "Point", "coordinates": [ 99.785676018889149, 15.486694573511921 ] } },
{ "type": "Feature", "properties": { "road_key": "61000000ST096.2", "road_name": "ถนนสายบ้านหนองขุย-บ้านเขาปฐวี ช่วงที่ 2", "road_no": "0", "aumpher": "อำเภอทัพทัน", "office": "สาขาเมือง", "branch_code": "61000000", "name_short": "None", "price_new": 300, "price_old": 200, "width_m": 6, "pt_i": 17 }, "geometry": { "type": "Point", "coordinates": [ 99.784663133658569, 15.486234090301886 ] } },
{ "type": "Feature", "properties": { "road_key": "61000000ST096.2", "road_name": "ถนนสายบ้านหนองขุย-บ้านเขาปฐวี ช่วงที่ 2", "road_no": "0", "aumpher": "อำเภอทัพทัน", "office": "สาขาเมือง", "branch_code": "61000000", "name_short": "None", "price_new": 300, "price_old": 200, "width_m": 6, "pt_i": 18 }, "geometry": { "type": "Point", "coordinates": [ 99.783647785891233, 15.485778738768689 ] } },
{ "type": "Feature", "properties": { "road_key": "61000000ST096.2", "road_name": "ถนนสายบ้านหนองขุย-บ้านเขาปฐวี ช่วงที่ 2", "road_no": "0", "aumpher": "อำเภอทัพทัน", "office": "สาขาเมือง", "branch_code": "61000000", "name_short": "None", "price_new": 300, "price_old": 200, "width_m": 6, "pt_i": 19 }, "geometry": { "type": "Point", "coordinates": [ 99.783374847669549, 15.484914676514467 ] } },
{ "type": "Feature", "properties": { "road_key": "61000000ST096.2", "road_name": "ถนนสายบ้านหนองขุย-บ้านเขาปฐวี ช่วงที่ 2", "road_no": "0", "aumpher": "อำเภอทัพทัน", "office": "สาขาเมือง", "branch_code": "61000000", "name_short": "None", "price_new": 300, "price_old": 200, "width_m": 6, "pt_i": 20 }, "geometry": { "type": "Point", "coordinates": [ 99.78236623103578, 15.484680835698011 ] } },
{ "type": "Feature", "properties": { "road_key": "61000000ST096.2", "road_name": "ถนนสายบ้านหนองขุย-บ้านเขาปฐวี ช่วงที่ 2", "road_no": "0", "aumpher": "อำเภอทัพทัน", "office": "สาขาเมือง", "branch_code": "61000000", "name_short": "None", "price_new": 300, "price_old": 200, "width_m": 6, "pt_i": 21 }, "geometry": { "type": "Point", "coordinates": [ 99.781366946802237, 15.484193481269417 ] } },
{ "type": "Feature", "properties": { "road_key": "61000000ST096.2", "road_name": "ถนนสายบ้านหนองขุย-บ้านเขาปฐวี ช่วงที่ 2", "road_no": "0", "aumpher": "อำเภอทัพทัน", "office": "สาขาเมือง", "branch_code": "61000000", "name_short": "None", "price_new": 300, "price_old": 200, "width_m": 6, "pt_i": 22 }, "geometry": { "type": "Point", "coordinates": [ 99.78036544029483, 15.483710397872334 ] } },
{ "type": "Feature", "properties": { "road_key": "61000000ST096.2", "road_name": "ถนนสายบ้านหนองขุย-บ้านเขาปฐวี ช่วงที่ 2", "road_no": "0", "aumpher": "อำเภอทัพทัน", "office": "สาขาเมือง", "branch_code": "61000000", "name_short": "None", "price_new": 300, "price_old": 200, "width_m": 6, "pt_i": 23 }, "geometry": { "type": "Point", "coordinates": [ 99.779406368436042, 15.483153880454365 ] } },
{ "type": "Feature", "properties": { "road_key": "61000000ST096.2", "road_name": "ถนนสายบ้านหนองขุย-บ้านเขาปฐวี ช่วงที่ 2", "road_no": "0", "aumpher": "อำเภอทัพทัน", "office": "สาขาเมือง", "branch_code": "61000000", "name_short": "None", "price_new": 300, "price_old": 200, "width_m": 6, "pt_i": 24 }, "geometry": { "type": "Point", "coordinates": [ 99.778505481030649, 15.482511937717367 ] } },
{ "type": "Feature", "properties": { "road_key": "61000000ST096.2", "road_name": "ถนนสายบ้านหนองขุย-บ้านเขาปฐวี ช่วงที่ 2", "road_no": "0", "aumpher": "อำเภอทัพทัน", "office": "สาขาเมือง", "branch_code": "61000000", "name_short": "None", "price_new": 300, "price_old": 200, "width_m": 6, "pt_i": 25 }, "geometry": { "type": "Point", "coordinates": [ 99.777626044650773, 15.481841498481627 ] } },
{ "type": "Feature", "properties": { "road_key": "61000000ST096.2", "road_name": "ถนนสายบ้านหนองขุย-บ้านเขาปฐวี ช่วงที่ 2", "road_no": "0", "aumpher": "อำเภอทัพทัน", "office": "สาขาเมือง", "branch_code": "61000000", "name_short": "None", "price_new": 300, "price_old": 200, "width_m": 6, "pt_i": 26 }, "geometry": { "type": "Point", "coordinates": [ 99.776746613871666, 15.481171055449863 ] } },
{ "type": "Feature", "properties": { "road_key": "61000000ST096.2", "road_name": "ถนนสายบ้านหนองขุย-บ้านเขาปฐวี ช่วงที่ 2", "road_no": "0", "aumpher": "อำเภอทัพทัน", "office": "สาขาเมือง", "branch_code": "61000000", "name_short": "None", "price_new": 300, "price_old": 200, "width_m": 6, "pt_i": 27 }, "geometry": { "type": "Point", "coordinates": [ 99.775859321576974, 15.480510446364121 ] } },
{ "type": "Feature", "properties": { "road_key": "61000000ST096.2", "road_name": "ถนนสายบ้านหนองขุย-บ้านเขาปฐวี ช่วงที่ 2", "road_no": "0", "aumpher": "อำเภอทัพทัน", "office": "สาขาเมือง", "branch_code": "61000000", "name_short": "None", "price_new": 300, "price_old": 200, "width_m": 6, "pt_i": 28 }, "geometry": { "type": "Point", "coordinates": [ 99.77497082859901, 15.4798513418098 ] } },
{ "type": "Feature", "properties": { "road_key": "61000000ST096.2", "road_name": "ถนนสายบ้านหนองขุย-บ้านเขาปฐวี ช่วงที่ 2", "road_no": "0", "aumpher": "อำเภอทัพทัน", "office": "สาขาเมือง", "branch_code": "61000000", "name_short": "None", "price_new": 300, "price_old": 200, "width_m": 6, "pt_i": 29 }, "geometry": { "type": "Point", "coordinates": [ 99.774083760587729, 15.479190449718336 ] } },
{ "type": "Feature", "properties": { "road_key": "61000000ST096.2", "road_name": "ถนนสายบ้านหนองขุย-บ้านเขาปฐวี ช่วงที่ 2", "road_no": "0", "aumpher": "อำเภอทัพทัน", "office": "สาขาเมือง", "branch_code": "61000000", "name_short": "None", "price_new": 300, "price_old": 200, "width_m": 6, "pt_i": 30 }, "geometry": { "type": "Point", "coordinates": [ 99.773058098209631, 15.47877005268248 ] } },
{ "type": "Feature", "properties": { "road_key": "61000000ST096.2", "road_name": "ถนนสายบ้านหนองขุย-บ้านเขาปฐวี ช่วงที่ 2", "road_no": "0", "aumpher": "อำเภอทัพทัน", "office": "สาขาเมือง", "branch_code": "61000000", "name_short": "None", "price_new": 300, "price_old": 200, "width_m": 6, "pt_i": 31 }, "geometry": { "type": "Point", "coordinates": [ 99.77208657748713, 15.478232513069898 ] } },
{ "type": "Feature", "properties": { "road_key": "61000000ST096.2", "road_name": "ถนนสายบ้านหนองขุย-บ้านเขาปฐวี ช่วงที่ 2", "road_no": "0", "aumpher": "อำเภอทัพทัน", "office": "สาขาเมือง", "branch_code": "61000000", "name_short": "None", "price_new": 300, "price_old": 200, "width_m": 6, "pt_i": 32 }, "geometry": { "type": "Point", "coordinates": [ 99.771210919501641, 15.477584980127133 ] } },
{ "type": "Feature", "properties": { "road_key": "61000000ST096.2", "road_name": "ถนนสายบ้านหนองขุย-บ้านเขาปฐวี ช่วงที่ 2", "road_no": "0", "aumpher": "อำเภอทัพทัน", "office": "สาขาเมือง", "branch_code": "61000000", "name_short": "None", "price_new": 300, "price_old": 200, "width_m": 6, "pt_i": 33 }, "geometry": { "type": "Point", "coordinates": [ 99.77047156531674, 15.476837414479025 ] } },
{ "type": "Feature", "properties": { "road_key": "61000000ST096.2", "road_name": "ถนนสายบ้านหนองขุย-บ้านเขาปฐวี ช่วงที่ 2", "road_no": "0", "aumpher": "อำเภอทัพทัน", "office": "สาขาเมือง", "branch_code": "61000000", "name_short": "None", "price_new": 300, "price_old": 200, "width_m": 6, "pt_i": 34 }, "geometry": { "type": "Point", "coordinates": [ 99.769611878971276, 15.476187631567917 ] } },
{ "type": "Feature", "properties": { "road_key": "61000000ST098.1", "road_name": "ถนนสายบ้านหนองฉาง-ตลุกดู่ ช่วงที่ 1", "road_no": "0", "aumpher": "อำเภอทัพทัน", "office": "สาขาเมือง", "branch_code": "61000000", "name_short": "None", "price_new": 500, "price_old": 500, "width_m": 6, "pt_i": 0 }, "geometry": { "type": "Point", "coordinates": [ 99.786895060179248, 15.431954156682366 ] } },
{ "type": "Feature", "properties": { "road_key": "61000000ST098.1", "road_name": "ถนนสายบ้านหนองฉาง-ตลุกดู่ ช่วงที่ 1", "road_no": "0", "aumpher": "อำเภอทัพทัน", "office": "สาขาเมือง", "branch_code": "61000000", "name_short": "None", "price_new": 500, "price_old": 500, "width_m": 6, "pt_i": 1 }, "geometry": { "type": "Point", "coordinates": [ 99.786082704207359, 15.432699754111981 ] } },
{ "type": "Feature", "properties": { "road_key": "61000000ST098.1", "road_name": "ถนนสายบ้านหนองฉาง-ตลุกดู่ ช่วงที่ 1", "road_no": "0", "aumpher": "อำเภอทัพทัน", "office": "สาขาเมือง", "branch_code": "61000000", "name_short": "None", "price_new": 500, "price_old": 500, "width_m": 6, "pt_i": 2 }, "geometry": { "type": "Point", "coordinates": [ 99.785270342418642, 15.433445348789794 ] } },
{ "type": "Feature", "properties": { "road_key": "61000000ST098.1", "road_name": "ถนนสายบ้านหนองฉาง-ตลุกดู่ ช่วงที่ 1", "road_no": "0", "aumpher": "อำเภอทัพทัน", "office": "สาขาเมือง", "branch_code": "61000000", "name_short": "None", "price_new": 500, "price_old": 500, "width_m": 6, "pt_i": 3 }, "geometry": { "type": "Point", "coordinates": [ 99.784276331355017, 15.433913371735098 ] } },
{ "type": "Feature", "properties": { "road_key": "61000000ST098.1", "road_name": "ถนนสายบ้านหนองฉาง-ตลุกดู่ ช่วงที่ 1", "road_no": "0", "aumpher": "อำเภอทัพทัน", "office": "สาขาเมือง", "branch_code": "61000000", "name_short": "None", "price_new": 500, "price_old": 500, "width_m": 6, "pt_i": 4 }, "geometry": { "type": "Point", "coordinates": [ 99.783178755786537, 15.434121692177603 ] } },
{ "type": "Feature", "properties": { "road_key": "61000000ST098.1", "road_name": "ถนนสายบ้านหนองฉาง-ตลุกดู่ ช่วงที่ 1", "road_no": "0", "aumpher": "อำเภอทัพทัน", "office": "สาขาเมือง", "branch_code": "61000000", "name_short": "None", "price_new": 500, "price_old": 500, "width_m": 6, "pt_i": 5 }, "geometry": { "type": "Point", "coordinates": [ 99.782081320787185, 15.434330719419814 ] } },
{ "type": "Feature", "properties": { "road_key": "61000000ST098.1", "road_name": "ถนนสายบ้านหนองฉาง-ตลุกดู่ ช่วงที่ 1", "road_no": "0", "aumpher": "อำเภอทัพทัน", "office": "สาขาเมือง", "branch_code": "61000000", "name_short": "None", "price_new": 500, "price_old": 500, "width_m": 6, "pt_i": 6 }, "geometry": { "type": "Point", "coordinates": [ 99.780983883332524, 15.434539741333186 ] } },
{ "type": "Feature", "properties": { "road_key": "61000000ST098.1", "road_name": "ถนนสายบ้านหนองฉาง-ตลุกดู่ ช่วงที่ 1", "road_no": "0", "aumpher": "อำเภอทัพทัน", "office": "สาขาเมือง", "branch_code": "61000000", "name_short": "None", "price_new": 500, "price_old": 500, "width_m": 6, "pt_i": 7 }, "geometry": { "type": "Point", "coordinates": [ 99.779886170327174, 15.434747401152126 ] } },
{ "type": "Feature", "properties": { "road_key": "61000000ST098.1", "road_name": "ถนนสายบ้านหนองฉาง-ตลุกดู่ ช่วงที่ 1", "road_no": "0", "aumpher": "อำเภอทัพทัน", "office": "สาขาเมือง", "branch_code": "61000000", "name_short": "None", "price_new": 500, "price_old": 500, "width_m": 6, "pt_i": 8 }, "geometry": { "type": "Point", "coordinates": [ 99.778788268917893, 15.434954131733747 ] } },
{ "type": "Feature", "properties": { "road_key": "61000000ST098.1", "road_name": "ถนนสายบ้านหนองฉาง-ตลุกดู่ ช่วงที่ 1", "road_no": "0", "aumpher": "อำเภอทัพทัน", "office": "สาขาเมือง", "branch_code": "61000000", "name_short": "None", "price_new": 500, "price_old": 500, "width_m": 6, "pt_i": 9 }, "geometry": { "type": "Point", "coordinates": [ 99.777690365077078, 15.435160856980291 ] } },
{ "type": "Feature", "properties": { "road_key": "61000000ST098.1", "road_name": "ถนนสายบ้านหนองฉาง-ตลุกดู่ ช่วงที่ 1", "road_no": "0", "aumpher": "อำเภอทัพทัน", "office": "สาขาเมือง", "branch_code": "61000000", "name_short": "None", "price_new": 500, "price_old": 500, "width_m": 6, "pt_i": 10 }, "geometry": { "type": "Point", "coordinates": [ 99.776647530208422, 15.435492747297186 ] } },
{ "type": "Feature", "properties": { "road_key": "61000000ST098.1", "road_name": "ถนนสายบ้านหนองฉาง-ตลุกดู่ ช่วงที่ 1", "road_no": "0", "aumpher": "อำเภอทัพทัน", "office": "สาขาเมือง", "branch_code": "61000000", "name_short": "None", "price_new": 500, "price_old": 500, "width_m": 6, "pt_i": 11 }, "geometry": { "type": "Point", "coordinates": [ 99.776496882304471, 15.436550477533073 ] } },
{ "type": "Feature", "properties": { "road_key": "61000000ST098.2", "road_name": "ถนนสายบ้านหนองฉาง-ตลุกดู่ ช่วงที่ 2", "road_no": "0", "aumpher": "อำเภอทัพทัน", "office": "สาขาเมือง", "branch_code": "61000000", "name_short": "None", "price_new": 400, "price_old": 300, "width_m": 6, "pt_i": 0 }, "geometry": { "type": "Point", "coordinates": [ 99.792131059724838, 15.421348419370572 ] } },
{ "type": "Feature", "properties": { "road_key": "61000000ST098.2", "road_name": "ถนนสายบ้านหนองฉาง-ตลุกดู่ ช่วงที่ 2", "road_no": "0", "aumpher": "อำเภอทัพทัน", "office": "สาขาเมือง", "branch_code": "61000000", "name_short": "None", "price_new": 400, "price_old": 300, "width_m": 6, "pt_i": 1 }, "geometry": { "type": "Point", "coordinates": [ 99.791501013671038, 15.422018400425015 ] } },
{ "type": "Feature", "properties": { "road_key": "61000000ST098.2", "road_name": "ถนนสายบ้านหนองฉาง-ตลุกดู่ ช่วงที่ 2", "road_no": "0", "aumpher": "อำเภอทัพทัน", "office": "สาขาเมือง", "branch_code": "61000000", "name_short": "None", "price_new": 400, "price_old": 300, "width_m": 6, "pt_i": 2 }, "geometry": { "type": "Point", "coordinates": [ 99.791127736979945, 15.42295227405878 ] } },
{ "type": "Feature", "properties": { "road_key": "61000000ST098.2", "road_name": "ถนนสายบ้านหนองฉาง-ตลุกดู่ ช่วงที่ 2", "road_no": "0", "aumpher": "อำเภอทัพทัน", "office": "สาขาเมือง", "branch_code": "61000000", "name_short": "None", "price_new": 400, "price_old": 300, "width_m": 6, "pt_i": 3 }, "geometry": { "type": "Point", "coordinates": [ 99.791113569135902, 15.424036854573291 ] } },
{ "type": "Feature", "properties": { "road_key": "61000000ST098.2", "road_name": "ถนนสายบ้านหนองฉาง-ตลุกดู่ ช่วงที่ 2", "road_no": "0", "aumpher": "อำเภอทัพทัน", "office": "สาขาเมือง", "branch_code": "61000000", "name_short": "None", "price_new": 400, "price_old": 300, "width_m": 6, "pt_i": 4 }, "geometry": { "type": "Point", "coordinates": [ 99.791128125101324, 15.425121523877211 ] } },
{ "type": "Feature", "properties": { "road_key": "61000000ST098.2", "road_name": "ถนนสายบ้านหนองฉาง-ตลุกดู่ ช่วงที่ 2", "road_no": "0", "aumpher": "อำเภอทัพทัน", "office": "สาขาเมือง", "branch_code": "61000000", "name_short": "None", "price_new": 400, "price_old": 300, "width_m": 6, "pt_i": 5 }, "geometry": { "type": "Point", "coordinates": [ 99.791147368825321, 15.426206172986266 ] } },
{ "type": "Feature", "properties": { "road_key": "61000000ST098.2", "road_name": "ถนนสายบ้านหนองฉาง-ตลุกดู่ ช่วงที่ 2", "road_no": "0", "aumpher": "อำเภอทัพทัน", "office": "สาขาเมือง", "branch_code": "61000000", "name_short": "None", "price_new": 400, "price_old": 300, "width_m": 6, "pt_i": 6 }, "geometry": { "type": "Point", "coordinates": [ 99.791187018810902, 15.42728456539176 ] } },
{ "type": "Feature", "properties": { "road_key": "61000000ST098.2", "road_name": "ถนนสายบ้านหนองฉาง-ตลุกดู่ ช่วงที่ 2", "road_no": "0", "aumpher": "อำเภอทัพทัน", "office": "สาขาเมือง", "branch_code": "61000000", "name_short": "None", "price_new": 400, "price_old": 300, "width_m": 6, "pt_i": 7 }, "geometry": { "type": "Point", "coordinates": [ 99.79079901195729, 15.428294341755064 ] } },
{ "type": "Feature", "properties": { "road_key": "61000000ST098.2", "road_name": "ถนนสายบ้านหนองฉาง-ตลุกดู่ ช่วงที่ 2", "road_no": "0", "aumpher": "อำเภอทัพทัน", "office": "สาขาเมือง", "branch_code": "61000000", "name_short": "None", "price_new": 400, "price_old": 300, "width_m": 6, "pt_i": 8 }, "geometry": { "type": "Point", "coordinates": [ 99.79000749641061, 15.429059034104473 ] } },
{ "type": "Feature", "properties": { "road_key": "61000000ST098.2", "road_name": "ถนนสายบ้านหนองฉาง-ตลุกดู่ ช่วงที่ 2", "road_no": "0", "aumpher": "อำเภอทัพทัน", "office": "สาขาเมือง", "branch_code": "61000000", "name_short": "None", "price_new": 400, "price_old": 300, "width_m": 6, "pt_i": 9 }, "geometry": { "type": "Point", "coordinates": [ 99.789200060600919, 15.429809630888434 ] } },
{ "type": "Feature", "properties": { "road_key": "61000000ST098.2", "road_name": "ถนนสายบ้านหนองฉาง-ตลุกดู่ ช่วงที่ 2", "road_no": "0", "aumpher": "อำเภอทัพทัน", "office": "สาขาเมือง", "branch_code": "61000000", "name_short": "None", "price_new": 400, "price_old": 300, "width_m": 6, "pt_i": 10 }, "geometry": { "type": "Point", "coordinates": [ 99.788392907840247, 15.430560517197705 ] } },
{ "type": "Feature", "properties": { "road_key": "61000000ST098.2", "road_name": "ถนนสายบ้านหนองฉาง-ตลุกดู่ ช่วงที่ 2", "road_no": "0", "aumpher": "อำเภอทัพทัน", "office": "สาขาเมือง", "branch_code": "61000000", "name_short": "None", "price_new": 400, "price_old": 300, "width_m": 6, "pt_i": 11 }, "geometry": { "type": "Point", "coordinates": [ 99.787585812526828, 15.431311464796462 ] } },
{ "type": "Feature", "properties": { "road_key": "61000000ST100.1", "road_name": "ถนนสายบ้านหนองเทียน-บ้านหนองเมน ช่วงที่ 1", "road_no": "0", "aumpher": "อำเภอทัพทัน", "office": "สาขาเมือง", "branch_code": "61000000", "name_short": "None", "price_new": 350, "price_old": 150, "width_m": 6, "pt_i": 0 }, "geometry": { "type": "Point", "coordinates": [ 99.898041037520699, 15.529022638302296 ] } },
{ "type": "Feature", "properties": { "road_key": "61000000ST100.1", "road_name": "ถนนสายบ้านหนองเทียน-บ้านหนองเมน ช่วงที่ 1", "road_no": "0", "aumpher": "อำเภอทัพทัน", "office": "สาขาเมือง", "branch_code": "61000000", "name_short": "None", "price_new": 350, "price_old": 150, "width_m": 6, "pt_i": 1 }, "geometry": { "type": "Point", "coordinates": [ 99.897382091055647, 15.529866939461128 ] } },
{ "type": "Feature", "properties": { "road_key": "61000000ST100.1", "road_name": "ถนนสายบ้านหนองเทียน-บ้านหนองเมน ช่วงที่ 1", "road_no": "0", "aumpher": "อำเภอทัพทัน", "office": "สาขาเมือง", "branch_code": "61000000", "name_short": "None", "price_new": 350, "price_old": 150, "width_m": 6, "pt_i": 2 }, "geometry": { "type": "Point", "coordinates": [ 99.89767889573001, 15.530883098254742 ] } },
{ "type": "Feature", "properties": { "road_key": "61000000ST100.1", "road_name": "ถนนสายบ้านหนองเทียน-บ้านหนองเมน ช่วงที่ 1", "road_no": "0", "aumpher": "อำเภอทัพทัน", "office": "สาขาเมือง", "branch_code": "61000000", "name_short": "None", "price_new": 350, "price_old": 150, "width_m": 6, "pt_i": 3 }, "geometry": { "type": "Point", "coordinates": [ 99.897997252008622, 15.531916972869794 ] } },
{ "type": "Feature", "properties": { "road_key": "61000000ST100.1", "road_name": "ถนนสายบ้านหนองเทียน-บ้านหนองเมน ช่วงที่ 1", "road_no": "0", "aumpher": "อำเภอทัพทัน", "office": "สาขาเมือง", "branch_code": "61000000", "name_short": "None", "price_new": 350, "price_old": 150, "width_m": 6, "pt_i": 4 }, "geometry": { "type": "Point", "coordinates": [ 99.897963938374687, 15.532994519203903 ] } },
{ "type": "Feature", "properties": { "road_key": "61000000ST100.1", "road_name": "ถนนสายบ้านหนองเทียน-บ้านหนองเมน ช่วงที่ 1", "road_no": "0", "aumpher": "อำเภอทัพทัน", "office": "สาขาเมือง", "branch_code": "61000000", "name_short": "None", "price_new": 350, "price_old": 150, "width_m": 6, "pt_i": 5 }, "geometry": { "type": "Point", "coordinates": [ 99.898754611528432, 15.533761976198237 ] } },
{ "type": "Feature", "properties": { "road_key": "61000000ST100.1", "road_name": "ถนนสายบ้านหนองเทียน-บ้านหนองเมน ช่วงที่ 1", "road_no": "0", "aumpher": "อำเภอทัพทัน", "office": "สาขาเมือง", "branch_code": "61000000", "name_short": "None", "price_new": 350, "price_old": 150, "width_m": 6, "pt_i": 6 }, "geometry": { "type": "Point", "coordinates": [ 99.899623537220023, 15.534422760693964 ] } },
{ "type": "Feature", "properties": { "road_key": "61000000ST100.2", "road_name": "ถนนสายบ้านหนองเทียน-บ้านหนองเมน ช่วงที่ 2", "road_no": "0", "aumpher": "อำเภอทัพทัน", "office": "สาขาเมือง", "branch_code": "61000000", "name_short": "None", "price_new": 350, "price_old": 150, "width_m": 6, "pt_i": 0 }, "geometry": { "type": "Point", "coordinates": [ 99.87345360435323, 15.497884049369354 ] } },
{ "type": "Feature", "properties": { "road_key": "61000000ST100.2", "road_name": "ถนนสายบ้านหนองเทียน-บ้านหนองเมน ช่วงที่ 2", "road_no": "0", "aumpher": "อำเภอทัพทัน", "office": "สาขาเมือง", "branch_code": "61000000", "name_short": "None", "price_new": 350, "price_old": 150, "width_m": 6, "pt_i": 1 }, "geometry": { "type": "Point", "coordinates": [ 99.874463280783573, 15.49835087755142 ] } },
{ "type": "Feature", "properties": { "road_key": "61000000ST100.2", "road_name": "ถนนสายบ้านหนองเทียน-บ้านหนองเมน ช่วงที่ 2", "road_no": "0", "aumpher": "อำเภอทัพทัน", "office": "สาขาเมือง", "branch_code": "61000000", "name_short": "None", "price_new": 350, "price_old": 150, "width_m": 6, "pt_i": 2 }, "geometry": { "type": "Point", "coordinates": [ 99.875383266016868, 15.498950046828755 ] } },
{ "type": "Feature", "properties": { "road_key": "61000000ST100.2", "road_name": "ถนนสายบ้านหนองเทียน-บ้านหนองเมน ช่วงที่ 2", "road_no": "0", "aumpher": "อำเภอทัพทัน", "office": "สาขาเมือง", "branch_code": "61000000", "name_short": "None", "price_new": 350, "price_old": 150, "width_m": 6, "pt_i": 3 }, "geometry": { "type": "Point", "coordinates": [ 99.876118738569005, 15.49976504174816 ] } },
{ "type": "Feature", "properties": { "road_key": "61000000ST100.2", "road_name": "ถนนสายบ้านหนองเทียน-บ้านหนองเมน ช่วงที่ 2", "road_no": "0", "aumpher": "อำเภอทัพทัน", "office": "สาขาเมือง", "branch_code": "61000000", "name_short": "None", "price_new": 350, "price_old": 150, "width_m": 6, "pt_i": 4 }, "geometry": { "type": "Point", "coordinates": [ 99.876985023276831, 15.500407461919723 ] } },
{ "type": "Feature", "properties": { "road_key": "61000000ST100.2", "road_name": "ถนนสายบ้านหนองเทียน-บ้านหนองเมน ช่วงที่ 2", "road_no": "0", "aumpher": "อำเภอทัพทัน", "office": "สาขาเมือง", "branch_code": "61000000", "name_short": "None", "price_new": 350, "price_old": 150, "width_m": 6, "pt_i": 5 }, "geometry": { "type": "Point", "coordinates": [ 99.877497212117035, 15.50136635891023 ] } },
{ "type": "Feature", "properties": { "road_key": "61000000ST100.2", "road_name": "ถนนสายบ้านหนองเทียน-บ้านหนองเมน ช่วงที่ 2", "road_no": "0", "aumpher": "อำเภอทัพทัน", "office": "สาขาเมือง", "branch_code": "61000000", "name_short": "None", "price_new": 350, "price_old": 150, "width_m": 6, "pt_i": 6 }, "geometry": { "type": "Point", "coordinates": [ 99.877977141592083, 15.502346248412717 ] } },
{ "type": "Feature", "properties": { "road_key": "61000000ST100.2", "road_name": "ถนนสายบ้านหนองเทียน-บ้านหนองเมน ช่วงที่ 2", "road_no": "0", "aumpher": "อำเภอทัพทัน", "office": "สาขาเมือง", "branch_code": "61000000", "name_short": "None", "price_new": 350, "price_old": 150, "width_m": 6, "pt_i": 7 }, "geometry": { "type": "Point", "coordinates": [ 99.87845707579072, 15.503326136552356 ] } },
{ "type": "Feature", "properties": { "road_key": "61000000ST100.2", "road_name": "ถนนสายบ้านหนองเทียน-บ้านหนองเมน ช่วงที่ 2", "road_no": "0", "aumpher": "อำเภอทัพทัน", "office": "สาขาเมือง", "branch_code": "61000000", "name_short": "None", "price_new": 350, "price_old": 150, "width_m": 6, "pt_i": 8 }, "geometry": { "type": "Point", "coordinates": [ 99.878922319455967, 15.504312616987384 ] } },
{ "type": "Feature", "properties": { "road_key": "61000000ST100.2", "road_name": "ถนนสายบ้านหนองเทียน-บ้านหนองเมน ช่วงที่ 2", "road_no": "0", "aumpher": "อำเภอทัพทัน", "office": "สาขาเมือง", "branch_code": "61000000", "name_short": "None", "price_new": 350, "price_old": 150, "width_m": 6, "pt_i": 9 }, "geometry": { "type": "Point", "coordinates": [ 99.87938198468531, 15.505301601208862 ] } },
{ "type": "Feature", "properties": { "road_key": "61000000ST100.2", "road_name": "ถนนสายบ้านหนองเทียน-บ้านหนองเมน ช่วงที่ 2", "road_no": "0", "aumpher": "อำเภอทัพทัน", "office": "สาขาเมือง", "branch_code": "61000000", "name_short": "None", "price_new": 350, "price_old": 150, "width_m": 6, "pt_i": 10 }, "geometry": { "type": "Point", "coordinates": [ 99.879864019825035, 15.50627964162083 ] } },
{ "type": "Feature", "properties": { "road_key": "61000000ST100.2", "road_name": "ถนนสายบ้านหนองเทียน-บ้านหนองเมน ช่วงที่ 2", "road_no": "0", "aumpher": "อำเภอทัพทัน", "office": "สาขาเมือง", "branch_code": "61000000", "name_short": "None", "price_new": 350, "price_old": 150, "width_m": 6, "pt_i": 11 }, "geometry": { "type": "Point", "coordinates": [ 99.880515205867908, 15.507157017402337 ] } },
{ "type": "Feature", "properties": { "road_key": "61000000ST100.2", "road_name": "ถนนสายบ้านหนองเทียน-บ้านหนองเมน ช่วงที่ 2", "road_no": "0", "aumpher": "อำเภอทัพทัน", "office": "สาขาเมือง", "branch_code": "61000000", "name_short": "None", "price_new": 350, "price_old": 150, "width_m": 6, "pt_i": 12 }, "geometry": { "type": "Point", "coordinates": [ 99.881261707146706, 15.507964335508964 ] } },
{ "type": "Feature", "properties": { "road_key": "61000000ST100.2", "road_name": "ถนนสายบ้านหนองเทียน-บ้านหนองเมน ช่วงที่ 2", "road_no": "0", "aumpher": "อำเภอทัพทัน", "office": "สาขาเมือง", "branch_code": "61000000", "name_short": "None", "price_new": 350, "price_old": 150, "width_m": 6, "pt_i": 13 }, "geometry": { "type": "Point", "coordinates": [ 99.882025224240905, 15.50875722058699 ] } },
{ "type": "Feature", "properties": { "road_key": "61000000ST100.2", "road_name": "ถนนสายบ้านหนองเทียน-บ้านหนองเมน ช่วงที่ 2", "road_no": "0", "aumpher": "อำเภอทัพทัน", "office": "สาขาเมือง", "branch_code": "61000000", "name_short": "None", "price_new": 350, "price_old": 150, "width_m": 6, "pt_i": 14 }, "geometry": { "type": "Point", "coordinates": [ 99.882788747185316, 15.509550102666445 ] } },
{ "type": "Feature", "properties": { "road_key": "61000000ST100.2", "road_name": "ถนนสายบ้านหนองเทียน-บ้านหนองเมน ช่วงที่ 2", "road_no": "0", "aumpher": "อำเภอทัพทัน", "office": "สาขาเมือง", "branch_code": "61000000", "name_short": "None", "price_new": 350, "price_old": 150, "width_m": 6, "pt_i": 15 }, "geometry": { "type": "Point", "coordinates": [ 99.883555070231495, 15.510340438375115 ] } },
{ "type": "Feature", "properties": { "road_key": "61000000ST100.2", "road_name": "ถนนสายบ้านหนองเทียน-บ้านหนองเมน ช่วงที่ 2", "road_no": "0", "aumpher": "อำเภอทัพทัน", "office": "สาขาเมือง", "branch_code": "61000000", "name_short": "None", "price_new": 350, "price_old": 150, "width_m": 6, "pt_i": 16 }, "geometry": { "type": "Point", "coordinates": [ 99.884322967045534, 15.511129343917393 ] } },
{ "type": "Feature", "properties": { "road_key": "61000000ST100.2", "road_name": "ถนนสายบ้านหนองเทียน-บ้านหนองเมน ช่วงที่ 2", "road_no": "0", "aumpher": "อำเภอทัพทัน", "office": "สาขาเมือง", "branch_code": "61000000", "name_short": "None", "price_new": 350, "price_old": 150, "width_m": 6, "pt_i": 17 }, "geometry": { "type": "Point", "coordinates": [ 99.885090869711448, 15.511918246429937 ] } },
{ "type": "Feature", "properties": { "road_key": "61000000ST100.2", "road_name": "ถนนสายบ้านหนองเทียน-บ้านหนองเมน ช่วงที่ 2", "road_no": "0", "aumpher": "อำเภอทัพทัน", "office": "สาขาเมือง", "branch_code": "61000000", "name_short": "None", "price_new": 350, "price_old": 150, "width_m": 6, "pt_i": 18 }, "geometry": { "type": "Point", "coordinates": [ 99.885858778229561, 15.512707145912323 ] } },
{ "type": "Feature", "properties": { "road_key": "61000000ST100.2", "road_name": "ถนนสายบ้านหนองเทียน-บ้านหนองเมน ช่วงที่ 2", "road_no": "0", "aumpher": "อำเภอทัพทัน", "office": "สาขาเมือง", "branch_code": "61000000", "name_short": "None", "price_new": 350, "price_old": 150, "width_m": 6, "pt_i": 19 }, "geometry": { "type": "Point", "coordinates": [ 99.886635908931666, 15.513487489651878 ] } },
{ "type": "Feature", "properties": { "road_key": "61000000ST100.2", "road_name": "ถนนสายบ้านหนองเทียน-บ้านหนองเมน ช่วงที่ 2", "road_no": "0", "aumpher": "อำเภอทัพทัน", "office": "สาขาเมือง", "branch_code": "61000000", "name_short": "None", "price_new": 350, "price_old": 150, "width_m": 6, "pt_i": 20 }, "geometry": { "type": "Point", "coordinates": [ 99.887415107489943, 15.514265916758879 ] } },
{ "type": "Feature", "properties": { "road_key": "61000000ST100.2", "road_name": "ถนนสายบ้านหนองเทียน-บ้านหนองเมน ช่วงที่ 2", "road_no": "0", "aumpher": "อำเภอทัพทัน", "office": "สาขาเมือง", "branch_code": "61000000", "name_short": "None", "price_new": 350, "price_old": 150, "width_m": 6, "pt_i": 21 }, "geometry": { "type": "Point", "coordinates": [ 99.888208028402858, 15.515030800384009 ] } },
{ "type": "Feature", "properties": { "road_key": "61000000ST100.2", "road_name": "ถนนสายบ้านหนองเทียน-บ้านหนองเมน ช่วงที่ 2", "road_no": "0", "aumpher": "อำเภอทัพทัน", "office": "สาขาเมือง", "branch_code": "61000000", "name_short": "None", "price_new": 350, "price_old": 150, "width_m": 6, "pt_i": 22 }, "geometry": { "type": "Point", "coordinates": [ 99.889024730825085, 15.515772210331411 ] } },
{ "type": "Feature", "properties": { "road_key": "61000000ST100.2", "road_name": "ถนนสายบ้านหนองเทียน-บ้านหนองเมน ช่วงที่ 2", "road_no": "0", "aumpher": "อำเภอทัพทัน", "office": "สาขาเมือง", "branch_code": "61000000", "name_short": "None", "price_new": 350, "price_old": 150, "width_m": 6, "pt_i": 23 }, "geometry": { "type": "Point", "coordinates": [ 99.889821301818998, 15.516526419956588 ] } },
{ "type": "Feature", "properties": { "road_key": "61000000ST100.2", "road_name": "ถนนสายบ้านหนองเทียน-บ้านหนองเมน ช่วงที่ 2", "road_no": "0", "aumpher": "อำเภอทัพทัน", "office": "สาขาเมือง", "branch_code": "61000000", "name_short": "None", "price_new": 350, "price_old": 150, "width_m": 6, "pt_i": 24 }, "geometry": { "type": "Point", "coordinates": [ 99.890790841562534, 15.517057300073438 ] } },
{ "type": "Feature", "properties": { "road_key": "61000000ST100.2", "road_name": "ถนนสายบ้านหนองเทียน-บ้านหนองเมน ช่วงที่ 2", "road_no": "0", "aumpher": "อำเภอทัพทัน", "office": "สาขาเมือง", "branch_code": "61000000", "name_short": "None", "price_new": 350, "price_old": 150, "width_m": 6, "pt_i": 25 }, "geometry": { "type": "Point", "coordinates": [ 99.891234995604989, 15.518037657641852 ] } },
{ "type": "Feature", "properties": { "road_key": "61000000ST100.2", "road_name": "ถนนสายบ้านหนองเทียน-บ้านหนองเมน ช่วงที่ 2", "road_no": "0", "aumpher": "อำเภอทัพทัน", "office": "สาขาเมือง", "branch_code": "61000000", "name_short": "None", "price_new": 350, "price_old": 150, "width_m": 6, "pt_i": 26 }, "geometry": { "type": "Point", "coordinates": [ 99.891755366855023, 15.518967058153288 ] } },
{ "type": "Feature", "properties": { "road_key": "61000000ST100.2", "road_name": "ถนนสายบ้านหนองเทียน-บ้านหนองเมน ช่วงที่ 2", "road_no": "0", "aumpher": "อำเภอทัพทัน", "office": "สาขาเมือง", "branch_code": "61000000", "name_short": "None", "price_new": 350, "price_old": 150, "width_m": 6, "pt_i": 27 }, "geometry": { "type": "Point", "coordinates": [ 99.892323372210299, 15.519886361484858 ] } },
{ "type": "Feature", "properties": { "road_key": "61000000ST100.2", "road_name": "ถนนสายบ้านหนองเทียน-บ้านหนองเมน ช่วงที่ 2", "road_no": "0", "aumpher": "อำเภอทัพทัน", "office": "สาขาเมือง", "branch_code": "61000000", "name_short": "None", "price_new": 350, "price_old": 150, "width_m": 6, "pt_i": 28 }, "geometry": { "type": "Point", "coordinates": [ 99.892757991215475, 15.520885943740991 ] } },
{ "type": "Feature", "properties": { "road_key": "61000000ST100.2", "road_name": "ถนนสายบ้านหนองเทียน-บ้านหนองเมน ช่วงที่ 2", "road_no": "0", "aumpher": "อำเภอทัพทัน", "office": "สาขาเมือง", "branch_code": "61000000", "name_short": "None", "price_new": 350, "price_old": 150, "width_m": 6, "pt_i": 29 }, "geometry": { "type": "Point", "coordinates": [ 99.893197816307335, 15.52188337617344 ] } },
{ "type": "Feature", "properties": { "road_key": "61000000ST100.2", "road_name": "ถนนสายบ้านหนองเทียน-บ้านหนองเมน ช่วงที่ 2", "road_no": "0", "aumpher": "อำเภอทัพทัน", "office": "สาขาเมือง", "branch_code": "61000000", "name_short": "None", "price_new": 350, "price_old": 150, "width_m": 6, "pt_i": 30 }, "geometry": { "type": "Point", "coordinates": [ 99.893640243270724, 15.522879734497677 ] } },
{ "type": "Feature", "properties": { "road_key": "61000000ST100.2", "road_name": "ถนนสายบ้านหนองเทียน-บ้านหนองเมน ช่วงที่ 2", "road_no": "0", "aumpher": "อำเภอทัพทัน", "office": "สาขาเมือง", "branch_code": "61000000", "name_short": "None", "price_new": 350, "price_old": 150, "width_m": 6, "pt_i": 31 }, "geometry": { "type": "Point", "coordinates": [ 99.894082674701252, 15.523876091622359 ] } },
{ "type": "Feature", "properties": { "road_key": "61000000ST100.2", "road_name": "ถนนสายบ้านหนองเทียน-บ้านหนองเมน ช่วงที่ 2", "road_no": "0", "aumpher": "อำเภอทัพทัน", "office": "สาขาเมือง", "branch_code": "61000000", "name_short": "None", "price_new": 350, "price_old": 150, "width_m": 6, "pt_i": 32 }, "geometry": { "type": "Point", "coordinates": [ 99.894477471540952, 15.524890972772509 ] } },
{ "type": "Feature", "properties": { "road_key": "61000000ST100.2", "road_name": "ถนนสายบ้านหนองเทียน-บ้านหนองเมน ช่วงที่ 2", "road_no": "0", "aumpher": "อำเภอทัพทัน", "office": "สาขาเมือง", "branch_code": "61000000", "name_short": "None", "price_new": 350, "price_old": 150, "width_m": 6, "pt_i": 33 }, "geometry": { "type": "Point", "coordinates": [ 99.895021764691791, 15.525829810560696 ] } },
{ "type": "Feature", "properties": { "road_key": "61000000ST100.2", "road_name": "ถนนสายบ้านหนองเทียน-บ้านหนองเมน ช่วงที่ 2", "road_no": "0", "aumpher": "อำเภอทัพทัน", "office": "สาขาเมือง", "branch_code": "61000000", "name_short": "None", "price_new": 350, "price_old": 150, "width_m": 6, "pt_i": 34 }, "geometry": { "type": "Point", "coordinates": [ 99.895836567351694, 15.52657198364636 ] } },
{ "type": "Feature", "properties": { "road_key": "61000000ST100.2", "road_name": "ถนนสายบ้านหนองเทียน-บ้านหนองเมน ช่วงที่ 2", "road_no": "0", "aumpher": "อำเภอทัพทัน", "office": "สาขาเมือง", "branch_code": "61000000", "name_short": "None", "price_new": 350, "price_old": 150, "width_m": 6, "pt_i": 35 }, "geometry": { "type": "Point", "coordinates": [ 99.896617335214046, 15.527344935771209 ] } },
{ "type": "Feature", "properties": { "road_key": "61000000ST100.2", "road_name": "ถนนสายบ้านหนองเทียน-บ้านหนองเมน ช่วงที่ 2", "road_no": "0", "aumpher": "อำเภอทัพทัน", "office": "สาขาเมือง", "branch_code": "61000000", "name_short": "None", "price_new": 350, "price_old": 150, "width_m": 6, "pt_i": 36 }, "geometry": { "type": "Point", "coordinates": [ 99.897346131707323, 15.528167955215086 ] } },
{ "type": "Feature", "properties": { "road_key": "61000000ST100.2", "road_name": "ถนนสายบ้านหนองเทียน-บ้านหนองเมน ช่วงที่ 2", "road_no": "0", "aumpher": "อำเภอทัพทัน", "office": "สาขาเมือง", "branch_code": "61000000", "name_short": "None", "price_new": 350, "price_old": 150, "width_m": 6, "pt_i": 37 }, "geometry": { "type": "Point", "coordinates": [ 99.898042351782777, 15.529015325552232 ] } },
{ "type": "Feature", "properties": { "road_key": "61000000ST107", "road_name": "ถนนสายบ้านหนองเรือโกลน", "road_no": "0", "aumpher": "อำเภอทัพทัน", "office": "สาขาเมือง", "branch_code": "61000000", "name_short": "None", "price_new": 250, "price_old": 150, "width_m": 4, "pt_i": 0 }, "geometry": { "type": "Point", "coordinates": [ 99.867670899919972, 15.466057798062792 ] } },
{ "type": "Feature", "properties": { "road_key": "61000000ST107", "road_name": "ถนนสายบ้านหนองเรือโกลน", "road_no": "0", "aumpher": "อำเภอทัพทัน", "office": "สาขาเมือง", "branch_code": "61000000", "name_short": "None", "price_new": 250, "price_old": 150, "width_m": 4, "pt_i": 1 }, "geometry": { "type": "Point", "coordinates": [ 99.867410293056082, 15.465002865694887 ] } },
{ "type": "Feature", "properties": { "road_key": "61000000ST107", "road_name": "ถนนสายบ้านหนองเรือโกลน", "road_no": "0", "aumpher": "อำเภอทัพทัน", "office": "สาขาเมือง", "branch_code": "61000000", "name_short": "None", "price_new": 250, "price_old": 150, "width_m": 4, "pt_i": 2 }, "geometry": { "type": "Point", "coordinates": [ 99.867118218621272, 15.463956026676319 ] } },
{ "type": "Feature", "properties": { "road_key": "61000000ST107", "road_name": "ถนนสายบ้านหนองเรือโกลน", "road_no": "0", "aumpher": "อำเภอทัพทัน", "office": "สาขาเมือง", "branch_code": "61000000", "name_short": "None", "price_new": 250, "price_old": 150, "width_m": 4, "pt_i": 3 }, "geometry": { "type": "Point", "coordinates": [ 99.866939959884149, 15.462885709650399 ] } },
{ "type": "Feature", "properties": { "road_key": "61000000ST107", "road_name": "ถนนสายบ้านหนองเรือโกลน", "road_no": "0", "aumpher": "อำเภอทัพทัน", "office": "สาขาเมือง", "branch_code": "61000000", "name_short": "None", "price_new": 250, "price_old": 150, "width_m": 4, "pt_i": 4 }, "geometry": { "type": "Point", "coordinates": [ 99.866909664730727, 15.461812248703598 ] } },
{ "type": "Feature", "properties": { "road_key": "61000000ST107", "road_name": "ถนนสายบ้านหนองเรือโกลน", "road_no": "0", "aumpher": "อำเภอทัพทัน", "office": "สาขาเมือง", "branch_code": "61000000", "name_short": "None", "price_new": 250, "price_old": 150, "width_m": 4, "pt_i": 5 }, "geometry": { "type": "Point", "coordinates": [ 99.866658890675751, 15.460757863255992 ] } },
{ "type": "Feature", "properties": { "road_key": "61000000ST107", "road_name": "ถนนสายบ้านหนองเรือโกลน", "road_no": "0", "aumpher": "อำเภอทัพทัน", "office": "สาขาเมือง", "branch_code": "61000000", "name_short": "None", "price_new": 250, "price_old": 150, "width_m": 4, "pt_i": 6 }, "geometry": { "type": "Point", "coordinates": [ 99.866469840299658, 15.459688772205096 ] } },
{ "type": "Feature", "properties": { "road_key": "61000000ST107", "road_name": "ถนนสายบ้านหนองเรือโกลน", "road_no": "0", "aumpher": "อำเภอทัพทัน", "office": "สาขาเมือง", "branch_code": "61000000", "name_short": "None", "price_new": 250, "price_old": 150, "width_m": 4, "pt_i": 7 }, "geometry": { "type": "Point", "coordinates": [ 99.866284920021457, 15.458618954302235 ] } },
{ "type": "Feature", "properties": { "road_key": "61000000ST107", "road_name": "ถนนสายบ้านหนองเรือโกลน", "road_no": "0", "aumpher": "อำเภอทัพทัน", "office": "สาขาเมือง", "branch_code": "61000000", "name_short": "None", "price_new": 250, "price_old": 150, "width_m": 4, "pt_i": 8 }, "geometry": { "type": "Point", "coordinates": [ 99.866195848319563, 15.457538628920579 ] } },
{ "type": "Feature", "properties": { "road_key": "61000000ST107", "road_name": "ถนนสายบ้านหนองเรือโกลน", "road_no": "0", "aumpher": "อำเภอทัพทัน", "office": "สาขาเมือง", "branch_code": "61000000", "name_short": "None", "price_new": 250, "price_old": 150, "width_m": 4, "pt_i": 9 }, "geometry": { "type": "Point", "coordinates": [ 99.866029593645379, 15.456468445081745 ] } },
{ "type": "Feature", "properties": { "road_key": "61000000ST107", "road_name": "ถนนสายบ้านหนองเรือโกลน", "road_no": "0", "aumpher": "อำเภอทัพทัน", "office": "สาขาเมือง", "branch_code": "61000000", "name_short": "None", "price_new": 250, "price_old": 150, "width_m": 4, "pt_i": 10 }, "geometry": { "type": "Point", "coordinates": [ 99.865848742439809, 15.455398394332379 ] } },
{ "type": "Feature", "properties": { "road_key": "61000000ST107", "road_name": "ถนนสายบ้านหนองเรือโกลน", "road_no": "0", "aumpher": "อำเภอทัพทัน", "office": "สาขาเมือง", "branch_code": "61000000", "name_short": "None", "price_new": 250, "price_old": 150, "width_m": 4, "pt_i": 11 }, "geometry": { "type": "Point", "coordinates": [ 99.865784014939678, 15.454315510131345 ] } },
{ "type": "Feature", "properties": { "road_key": "61000000ST107", "road_name": "ถนนสายบ้านหนองเรือโกลน", "road_no": "0", "aumpher": "อำเภอทัพทัน", "office": "สาขาเมือง", "branch_code": "61000000", "name_short": "None", "price_new": 250, "price_old": 150, "width_m": 4, "pt_i": 12 }, "geometry": { "type": "Point", "coordinates": [ 99.865708305769346, 15.453233280644454 ] } },
{ "type": "Feature", "properties": { "road_key": "61000000ST108.1", "road_name": "ถนนสายบ้านหนองสระ-บ้านเขาปฐวี ช่วงที่ 1", "road_no": "0", "aumpher": "อำเภอทัพทัน", "office": "สาขาเมือง", "branch_code": "61000000", "name_short": "None", "price_new": 600, "price_old": 300, "width_m": 6, "pt_i": 0 }, "geometry": { "type": "Point", "coordinates": [ 99.76321521416854, 15.47539520063323 ] } },
{ "type": "Feature", "properties": { "road_key": "61000000ST108.1", "road_name": "ถนนสายบ้านหนองสระ-บ้านเขาปฐวี ช่วงที่ 1", "road_no": "0", "aumpher": "อำเภอทัพทัน", "office": "สาขาเมือง", "branch_code": "61000000", "name_short": "None", "price_new": 600, "price_old": 300, "width_m": 6, "pt_i": 1 }, "geometry": { "type": "Point", "coordinates": [ 99.762099789409078, 15.475360078422641 ] } },
{ "type": "Feature", "properties": { "road_key": "61000000ST108.1", "road_name": "ถนนสายบ้านหนองสระ-บ้านเขาปฐวี ช่วงที่ 1", "road_no": "0", "aumpher": "อำเภอทัพทัน", "office": "สาขาเมือง", "branch_code": "61000000", "name_short": "None", "price_new": 600, "price_old": 300, "width_m": 6, "pt_i": 2 }, "geometry": { "type": "Point", "coordinates": [ 99.760996876251866, 15.47517916275339 ] } },
{ "type": "Feature", "properties": { "road_key": "61000000ST108.2", "road_name": "ถนนสายบ้านหนองสระ-บ้านเขาปฐวี ช่วงที่ 2", "road_no": "0", "aumpher": "อำเภอทัพทัน", "office": "สาขาเมือง", "branch_code": "61000000", "name_short": "None", "price_new": 300, "price_old": 300, "width_m": 6, "pt_i": 0 }, "geometry": { "type": "Point", "coordinates": [ 99.794465249208784, 15.469409074994568 ] } },
{ "type": "Feature", "properties": { "road_key": "61000000ST108.2", "road_name": "ถนนสายบ้านหนองสระ-บ้านเขาปฐวี ช่วงที่ 2", "road_no": "0", "aumpher": "อำเภอทัพทัน", "office": "สาขาเมือง", "branch_code": "61000000", "name_short": "None", "price_new": 300, "price_old": 300, "width_m": 6, "pt_i": 1 }, "geometry": { "type": "Point", "coordinates": [ 99.795200919167158, 15.470194273801019 ] } },
{ "type": "Feature", "properties": { "road_key": "61000000ST108.2", "road_name": "ถนนสายบ้านหนองสระ-บ้านเขาปฐวี ช่วงที่ 2", "road_no": "0", "aumpher": "อำเภอทัพทัน", "office": "สาขาเมือง", "branch_code": "61000000", "name_short": "None", "price_new": 300, "price_old": 300, "width_m": 6, "pt_i": 2 }, "geometry": { "type": "Point", "coordinates": [ 99.794765080499758, 15.471184499025087 ] } },
{ "type": "Feature", "properties": { "road_key": "61000000ST108.2", "road_name": "ถนนสายบ้านหนองสระ-บ้านเขาปฐวี ช่วงที่ 2", "road_no": "0", "aumpher": "อำเภอทัพทัน", "office": "สาขาเมือง", "branch_code": "61000000", "name_short": "None", "price_new": 300, "price_old": 300, "width_m": 6, "pt_i": 3 }, "geometry": { "type": "Point", "coordinates": [ 99.794509549762935, 15.472229966234995 ] } },
{ "type": "Feature", "properties": { "road_key": "61000000ST108.2", "road_name": "ถนนสายบ้านหนองสระ-บ้านเขาปฐวี ช่วงที่ 2", "road_no": "0", "aumpher": "อำเภอทัพทัน", "office": "สาขาเมือง", "branch_code": "61000000", "name_short": "None", "price_new": 300, "price_old": 300, "width_m": 6, "pt_i": 4 }, "geometry": { "type": "Point", "coordinates": [ 99.794521887238957, 15.473309242197962 ] } },
{ "type": "Feature", "properties": { "road_key": "61000000ST108.2", "road_name": "ถนนสายบ้านหนองสระ-บ้านเขาปฐวี ช่วงที่ 2", "road_no": "0", "aumpher": "อำเภอทัพทัน", "office": "สาขาเมือง", "branch_code": "61000000", "name_short": "None", "price_new": 300, "price_old": 300, "width_m": 6, "pt_i": 5 }, "geometry": { "type": "Point", "coordinates": [ 99.794534679367288, 15.474390427315527 ] } },
{ "type": "Feature", "properties": { "road_key": "61000000ST108.2", "road_name": "ถนนสายบ้านหนองสระ-บ้านเขาปฐวี ช่วงที่ 2", "road_no": "0", "aumpher": "อำเภอทัพทัน", "office": "สาขาเมือง", "branch_code": "61000000", "name_short": "None", "price_new": 300, "price_old": 300, "width_m": 6, "pt_i": 6 }, "geometry": { "type": "Point", "coordinates": [ 99.794382029383996, 15.475429407860181 ] } },
{ "type": "Feature", "properties": { "road_key": "61000000ST108.2", "road_name": "ถนนสายบ้านหนองสระ-บ้านเขาปฐวี ช่วงที่ 2", "road_no": "0", "aumpher": "อำเภอทัพทัน", "office": "สาขาเมือง", "branch_code": "61000000", "name_short": "None", "price_new": 300, "price_old": 300, "width_m": 6, "pt_i": 7 }, "geometry": { "type": "Point", "coordinates": [ 99.79344218419034, 15.476017674525648 ] } },
{ "type": "Feature", "properties": { "road_key": "61000000ST108.2", "road_name": "ถนนสายบ้านหนองสระ-บ้านเขาปฐวี ช่วงที่ 2", "road_no": "0", "aumpher": "อำเภอทัพทัน", "office": "สาขาเมือง", "branch_code": "61000000", "name_short": "None", "price_new": 300, "price_old": 300, "width_m": 6, "pt_i": 8 }, "geometry": { "type": "Point", "coordinates": [ 99.792372537983141, 15.476238002206459 ] } },
{ "type": "Feature", "properties": { "road_key": "61000000ST108.2", "road_name": "ถนนสายบ้านหนองสระ-บ้านเขาปฐวี ช่วงที่ 2", "road_no": "0", "aumpher": "อำเภอทัพทัน", "office": "สาขาเมือง", "branch_code": "61000000", "name_short": "None", "price_new": 300, "price_old": 300, "width_m": 6, "pt_i": 9 }, "geometry": { "type": "Point", "coordinates": [ 99.791476734543181, 15.475697062225116 ] } },
{ "type": "Feature", "properties": { "road_key": "61000000ST108.2", "road_name": "ถนนสายบ้านหนองสระ-บ้านเขาปฐวี ช่วงที่ 2", "road_no": "0", "aumpher": "อำเภอทัพทัน", "office": "สาขาเมือง", "branch_code": "61000000", "name_short": "None", "price_new": 300, "price_old": 300, "width_m": 6, "pt_i": 10 }, "geometry": { "type": "Point", "coordinates": [ 99.790376555168748, 15.47560960197699 ] } },
{ "type": "Feature", "properties": { "road_key": "61000000ST108.2", "road_name": "ถนนสายบ้านหนองสระ-บ้านเขาปฐวี ช่วงที่ 2", "road_no": "0", "aumpher": "อำเภอทัพทัน", "office": "สาขาเมือง", "branch_code": "61000000", "name_short": "None", "price_new": 300, "price_old": 300, "width_m": 6, "pt_i": 11 }, "geometry": { "type": "Point", "coordinates": [ 99.789258215472245, 15.475585615780416 ] } },
{ "type": "Feature", "properties": { "road_key": "61000000ST108.2", "road_name": "ถนนสายบ้านหนองสระ-บ้านเขาปฐวี ช่วงที่ 2", "road_no": "0", "aumpher": "อำเภอทัพทัน", "office": "สาขาเมือง", "branch_code": "61000000", "name_short": "None", "price_new": 300, "price_old": 300, "width_m": 6, "pt_i": 12 }, "geometry": { "type": "Point", "coordinates": [ 99.788139875752535, 15.475561623922296 ] } },
{ "type": "Feature", "properties": { "road_key": "61000000ST108.2", "road_name": "ถนนสายบ้านหนองสระ-บ้านเขาปฐวี ช่วงที่ 2", "road_no": "0", "aumpher": "อำเภอทัพทัน", "office": "สาขาเมือง", "branch_code": "61000000", "name_short": "None", "price_new": 300, "price_old": 300, "width_m": 6, "pt_i": 13 }, "geometry": { "type": "Point", "coordinates": [ 99.787021624390249, 15.475534181182979 ] } },
{ "type": "Feature", "properties": { "road_key": "61000000ST108.2", "road_name": "ถนนสายบ้านหนองสระ-บ้านเขาปฐวี ช่วงที่ 2", "road_no": "0", "aumpher": "อำเภอทัพทัน", "office": "สาขาเมือง", "branch_code": "61000000", "name_short": "None", "price_new": 300, "price_old": 300, "width_m": 6, "pt_i": 14 }, "geometry": { "type": "Point", "coordinates": [ 99.785903437498746, 15.475504220696298 ] } },
{ "type": "Feature", "properties": { "road_key": "61000000ST108.2", "road_name": "ถนนสายบ้านหนองสระ-บ้านเขาปฐวี ช่วงที่ 2", "road_no": "0", "aumpher": "อำเภอทัพทัน", "office": "สาขาเมือง", "branch_code": "61000000", "name_short": "None", "price_new": 300, "price_old": 300, "width_m": 6, "pt_i": 15 }, "geometry": { "type": "Point", "coordinates": [ 99.78478525064952, 15.475474254546688 ] } },
{ "type": "Feature", "properties": { "road_key": "61000000ST108.2", "road_name": "ถนนสายบ้านหนองสระ-บ้านเขาปฐวี ช่วงที่ 2", "road_no": "0", "aumpher": "อำเภอทัพทัน", "office": "สาขาเมือง", "branch_code": "61000000", "name_short": "None", "price_new": 300, "price_old": 300, "width_m": 6, "pt_i": 16 }, "geometry": { "type": "Point", "coordinates": [ 99.783666861146074, 15.475457609494747 ] } },
{ "type": "Feature", "properties": { "road_key": "61000000ST108.2", "road_name": "ถนนสายบ้านหนองสระ-บ้านเขาปฐวี ช่วงที่ 2", "road_no": "0", "aumpher": "อำเภอทัพทัน", "office": "สาขาเมือง", "branch_code": "61000000", "name_short": "None", "price_new": 300, "price_old": 300, "width_m": 6, "pt_i": 17 }, "geometry": { "type": "Point", "coordinates": [ 99.782548248995695, 15.475455585448012 ] } },
{ "type": "Feature", "properties": { "road_key": "61000000ST108.2", "road_name": "ถนนสายบ้านหนองสระ-บ้านเขาปฐวี ช่วงที่ 2", "road_no": "0", "aumpher": "อำเภอทัพทัน", "office": "สาขาเมือง", "branch_code": "61000000", "name_short": "None", "price_new": 300, "price_old": 300, "width_m": 6, "pt_i": 18 }, "geometry": { "type": "Point", "coordinates": [ 99.781429636588285, 15.475453555748123 ] } },
{ "type": "Feature", "properties": { "road_key": "61000000ST108.2", "road_name": "ถนนสายบ้านหนองสระ-บ้านเขาปฐวี ช่วงที่ 2", "road_no": "0", "aumpher": "อำเภอทัพทัน", "office": "สาขาเมือง", "branch_code": "61000000", "name_short": "None", "price_new": 300, "price_old": 300, "width_m": 6, "pt_i": 19 }, "geometry": { "type": "Point", "coordinates": [ 99.780311023924327, 15.475451520395087 ] } },
{ "type": "Feature", "properties": { "road_key": "61000000ST108.2", "road_name": "ถนนสายบ้านหนองสระ-บ้านเขาปฐวี ช่วงที่ 2", "road_no": "0", "aumpher": "อำเภอทัพทัน", "office": "สาขาเมือง", "branch_code": "61000000", "name_short": "None", "price_new": 300, "price_old": 300, "width_m": 6, "pt_i": 20 }, "geometry": { "type": "Point", "coordinates": [ 99.779192410941945, 15.475449512026488 ] } },
{ "type": "Feature", "properties": { "road_key": "61000000ST108.2", "road_name": "ถนนสายบ้านหนองสระ-บ้านเขาปฐวี ช่วงที่ 2", "road_no": "0", "aumpher": "อำเภอทัพทัน", "office": "สาขาเมือง", "branch_code": "61000000", "name_short": "None", "price_new": 300, "price_old": 300, "width_m": 6, "pt_i": 21 }, "geometry": { "type": "Point", "coordinates": [ 99.778073797635031, 15.475447533783008 ] } },
{ "type": "Feature", "properties": { "road_key": "61000000ST108.2", "road_name": "ถนนสายบ้านหนองสระ-บ้านเขาปฐวี ช่วงที่ 2", "road_no": "0", "aumpher": "อำเภอทัพทัน", "office": "สาขาเมือง", "branch_code": "61000000", "name_short": "None", "price_new": 300, "price_old": 300, "width_m": 6, "pt_i": 22 }, "geometry": { "type": "Point", "coordinates": [ 99.776955184072193, 15.475445549886405 ] } },
{ "type": "Feature", "properties": { "road_key": "61000000ST108.2", "road_name": "ถนนสายบ้านหนองสระ-บ้านเขาปฐวี ช่วงที่ 2", "road_no": "0", "aumpher": "อำเภอทัพทัน", "office": "สาขาเมือง", "branch_code": "61000000", "name_short": "None", "price_new": 300, "price_old": 300, "width_m": 6, "pt_i": 23 }, "geometry": { "type": "Point", "coordinates": [ 99.77583663069575, 15.475438491187241 ] } },
{ "type": "Feature", "properties": { "road_key": "61000000ST108.2", "road_name": "ถนนสายบ้านหนองสระ-บ้านเขาปฐวี ช่วงที่ 2", "road_no": "0", "aumpher": "อำเภอทัพทัน", "office": "สาขาเมือง", "branch_code": "61000000", "name_short": "None", "price_new": 300, "price_old": 300, "width_m": 6, "pt_i": 24 }, "geometry": { "type": "Point", "coordinates": [ 99.774718268347229, 15.475415396071838 ] } },
{ "type": "Feature", "properties": { "road_key": "61000000ST108.2", "road_name": "ถนนสายบ้านหนองสระ-บ้านเขาปฐวี ช่วงที่ 2", "road_no": "0", "aumpher": "อำเภอทัพทัน", "office": "สาขาเมือง", "branch_code": "61000000", "name_short": "None", "price_new": 300, "price_old": 300, "width_m": 6, "pt_i": 25 }, "geometry": { "type": "Point", "coordinates": [ 99.773599905971096, 15.475392295295418 ] } },
{ "type": "Feature", "properties": { "road_key": "61000000ST108.2", "road_name": "ถนนสายบ้านหนองสระ-บ้านเขาปฐวี ช่วงที่ 2", "road_no": "0", "aumpher": "อำเภอทัพทัน", "office": "สาขาเมือง", "branch_code": "61000000", "name_short": "None", "price_new": 300, "price_old": 300, "width_m": 6, "pt_i": 26 }, "geometry": { "type": "Point", "coordinates": [ 99.772481543567821, 15.475369188857988 ] } },
{ "type": "Feature", "properties": { "road_key": "61000000ST108.2", "road_name": "ถนนสายบ้านหนองสระ-บ้านเขาปฐวี ช่วงที่ 2", "road_no": "0", "aumpher": "อำเภอทัพทัน", "office": "สาขาเมือง", "branch_code": "61000000", "name_short": "None", "price_new": 300, "price_old": 300, "width_m": 6, "pt_i": 27 }, "geometry": { "type": "Point", "coordinates": [ 99.771363393232775, 15.475338300758077 ] } },
{ "type": "Feature", "properties": { "road_key": "61000000ST108.2", "road_name": "ถนนสายบ้านหนองสระ-บ้านเขาปฐวี ช่วงที่ 2", "road_no": "0", "aumpher": "อำเภอทัพทัน", "office": "สาขาเมือง", "branch_code": "61000000", "name_short": "None", "price_new": 300, "price_old": 300, "width_m": 6, "pt_i": 28 }, "geometry": { "type": "Point", "coordinates": [ 99.770245334686933, 15.475304044511715 ] } },
{ "type": "Feature", "properties": { "road_key": "61000000ST108.2", "road_name": "ถนนสายบ้านหนองสระ-บ้านเขาปฐวี ช่วงที่ 2", "road_no": "0", "aumpher": "อำเภอทัพทัน", "office": "สาขาเมือง", "branch_code": "61000000", "name_short": "None", "price_new": 300, "price_old": 300, "width_m": 6, "pt_i": 29 }, "geometry": { "type": "Point", "coordinates": [ 99.769127276235167, 15.475269782601989 ] } },
{ "type": "Feature", "properties": { "road_key": "61000000ST108.2", "road_name": "ถนนสายบ้านหนองสระ-บ้านเขาปฐวี ช่วงที่ 2", "road_no": "0", "aumpher": "อำเภอทัพทัน", "office": "สาขาเมือง", "branch_code": "61000000", "name_short": "None", "price_new": 300, "price_old": 300, "width_m": 6, "pt_i": 30 }, "geometry": { "type": "Point", "coordinates": [ 99.768009217877932, 15.475235515028929 ] } },
{ "type": "Feature", "properties": { "road_key": "61000000ST108.2", "road_name": "ถนนสายบ้านหนองสระ-บ้านเขาปฐวี ช่วงที่ 2", "road_no": "0", "aumpher": "อำเภอทัพทัน", "office": "สาขาเมือง", "branch_code": "61000000", "name_short": "None", "price_new": 300, "price_old": 300, "width_m": 6, "pt_i": 31 }, "geometry": { "type": "Point", "coordinates": [ 99.766890749394605, 15.475220507742957 ] } },
{ "type": "Feature", "properties": { "road_key": "61000000ST108.2", "road_name": "ถนนสายบ้านหนองสระ-บ้านเขาปฐวี ช่วงที่ 2", "road_no": "0", "aumpher": "อำเภอทัพทัน", "office": "สาขาเมือง", "branch_code": "61000000", "name_short": "None", "price_new": 300, "price_old": 300, "width_m": 6, "pt_i": 32 }, "geometry": { "type": "Point", "coordinates": [ 99.765772233360764, 15.475215732790259 ] } },
{ "type": "Feature", "properties": { "road_key": "61000000ST108.2", "road_name": "ถนนสายบ้านหนองสระ-บ้านเขาปฐวี ช่วงที่ 2", "road_no": "0", "aumpher": "อำเภอทัพทัน", "office": "สาขาเมือง", "branch_code": "61000000", "name_short": "None", "price_new": 300, "price_old": 300, "width_m": 6, "pt_i": 33 }, "geometry": { "type": "Point", "coordinates": [ 99.764656096538445, 15.475284204223504 ] } },
{ "type": "Feature", "properties": { "road_key": "61000000ST108.2", "road_name": "ถนนสายบ้านหนองสระ-บ้านเขาปฐวี ช่วงที่ 2", "road_no": "0", "aumpher": "อำเภอทัพทัน", "office": "สาขาเมือง", "branch_code": "61000000", "name_short": "None", "price_new": 300, "price_old": 300, "width_m": 6, "pt_i": 34 }, "geometry": { "type": "Point", "coordinates": [ 99.763541184793027, 15.475372363226402 ] } },
{ "type": "Feature", "properties": { "road_key": "61000000ST108.3", "road_name": "ถนนสายบ้านหนองสระ-บ้านเขาปฐวี ช่วงที่ 3", "road_no": "0", "aumpher": "อำเภอทัพทัน", "office": "สาขาเมือง", "branch_code": "61000000", "name_short": "None", "price_new": 350, "price_old": 300, "width_m": 6, "pt_i": 0 }, "geometry": { "type": "Point", "coordinates": [ 99.796436101180021, 15.465513809162809 ] } },
{ "type": "Feature", "properties": { "road_key": "61000000ST108.3", "road_name": "ถนนสายบ้านหนองสระ-บ้านเขาปฐวี ช่วงที่ 3", "road_no": "0", "aumpher": "อำเภอทัพทัน", "office": "สาขาเมือง", "branch_code": "61000000", "name_short": "None", "price_new": 350, "price_old": 300, "width_m": 6, "pt_i": 1 }, "geometry": { "type": "Point", "coordinates": [ 99.795677312658498, 15.466307783501566 ] } },
{ "type": "Feature", "properties": { "road_key": "61000000ST108.3", "road_name": "ถนนสายบ้านหนองสระ-บ้านเขาปฐวี ช่วงที่ 3", "road_no": "0", "aumpher": "อำเภอทัพทัน", "office": "สาขาเมือง", "branch_code": "61000000", "name_short": "None", "price_new": 350, "price_old": 300, "width_m": 6, "pt_i": 2 }, "geometry": { "type": "Point", "coordinates": [ 99.79464140988533, 15.466713716451274 ] } },
{ "type": "Feature", "properties": { "road_key": "61000000ST108.3", "road_name": "ถนนสายบ้านหนองสระ-บ้านเขาปฐวี ช่วงที่ 3", "road_no": "0", "aumpher": "อำเภอทัพทัน", "office": "สาขาเมือง", "branch_code": "61000000", "name_short": "None", "price_new": 350, "price_old": 300, "width_m": 6, "pt_i": 3 }, "geometry": { "type": "Point", "coordinates": [ 99.793696224618273, 15.467169652405561 ] } },
{ "type": "Feature", "properties": { "road_key": "61000000ST108.3", "road_name": "ถนนสายบ้านหนองสระ-บ้านเขาปฐวี ช่วงที่ 3", "road_no": "0", "aumpher": "อำเภอทัพทัน", "office": "สาขาเมือง", "branch_code": "61000000", "name_short": "None", "price_new": 350, "price_old": 300, "width_m": 6, "pt_i": 4 }, "geometry": { "type": "Point", "coordinates": [ 99.793905000589731, 15.468214740907198 ] } },
{ "type": "Feature", "properties": { "road_key": "61000000ST108.3", "road_name": "ถนนสายบ้านหนองสระ-บ้านเขาปฐวี ช่วงที่ 3", "road_no": "0", "aumpher": "อำเภอทัพทัน", "office": "สาขาเมือง", "branch_code": "61000000", "name_short": "None", "price_new": 350, "price_old": 300, "width_m": 6, "pt_i": 5 }, "geometry": { "type": "Point", "coordinates": [ 99.794287602188433, 15.469225371263963 ] } },
{ "type": "Feature", "properties": { "road_key": "61000000ST108.4", "road_name": "ถนนสายบ้านหนองสระ-บ้านเขาปฐวี ช่วงที่ 4", "road_no": "0", "aumpher": "อำเภอทัพทัน", "office": "สาขาเมือง", "branch_code": "61000000", "name_short": "None", "price_new": 300, "price_old": 300, "width_m": 6, "pt_i": 0 }, "geometry": { "type": "Point", "coordinates": [ 99.809853727174655, 15.45151876423192 ] } },
{ "type": "Feature", "properties": { "road_key": "61000000ST108.4", "road_name": "ถนนสายบ้านหนองสระ-บ้านเขาปฐวี ช่วงที่ 4", "road_no": "0", "aumpher": "อำเภอทัพทัน", "office": "สาขาเมือง", "branch_code": "61000000", "name_short": "None", "price_new": 300, "price_old": 300, "width_m": 6, "pt_i": 1 }, "geometry": { "type": "Point", "coordinates": [ 99.809101198278768, 15.452317280309146 ] } },
{ "type": "Feature", "properties": { "road_key": "61000000ST108.4", "road_name": "ถนนสายบ้านหนองสระ-บ้านเขาปฐวี ช่วงที่ 4", "road_no": "0", "aumpher": "อำเภอทัพทัน", "office": "สาขาเมือง", "branch_code": "61000000", "name_short": "None", "price_new": 300, "price_old": 300, "width_m": 6, "pt_i": 2 }, "geometry": { "type": "Point", "coordinates": [ 99.808327029536656, 15.453100232038887 ] } },
{ "type": "Feature", "properties": { "road_key": "61000000ST108.4", "road_name": "ถนนสายบ้านหนองสระ-บ้านเขาปฐวี ช่วงที่ 4", "road_no": "0", "aumpher": "อำเภอทัพทัน", "office": "สาขาเมือง", "branch_code": "61000000", "name_short": "None", "price_new": 300, "price_old": 300, "width_m": 6, "pt_i": 3 }, "geometry": { "type": "Point", "coordinates": [ 99.807553209389383, 15.453883511001239 ] } },
{ "type": "Feature", "properties": { "road_key": "61000000ST108.4", "road_name": "ถนนสายบ้านหนองสระ-บ้านเขาปฐวี ช่วงที่ 4", "road_no": "0", "aumpher": "อำเภอทัพทัน", "office": "สาขาเมือง", "branch_code": "61000000", "name_short": "None", "price_new": 300, "price_old": 300, "width_m": 6, "pt_i": 4 }, "geometry": { "type": "Point", "coordinates": [ 99.806777971293215, 15.454665472912927 ] } },
{ "type": "Feature", "properties": { "road_key": "61000000ST108.4", "road_name": "ถนนสายบ้านหนองสระ-บ้านเขาปฐวี ช่วงที่ 4", "road_no": "0", "aumpher": "อำเภอทัพทัน", "office": "สาขาเมือง", "branch_code": "61000000", "name_short": "None", "price_new": 300, "price_old": 300, "width_m": 6, "pt_i": 5 }, "geometry": { "type": "Point", "coordinates": [ 99.806002727393263, 15.455447432337166 ] } },
{ "type": "Feature", "properties": { "road_key": "61000000ST108.4", "road_name": "ถนนสายบ้านหนองสระ-บ้านเขาปฐวี ช่วงที่ 4", "road_no": "0", "aumpher": "อำเภอทัพทัน", "office": "สาขาเมือง", "branch_code": "61000000", "name_short": "None", "price_new": 300, "price_old": 300, "width_m": 6, "pt_i": 6 }, "geometry": { "type": "Point", "coordinates": [ 99.80524426621183, 15.456244488220802 ] } },
{ "type": "Feature", "properties": { "road_key": "61000000ST108.4", "road_name": "ถนนสายบ้านหนองสระ-บ้านเขาปฐวี ช่วงที่ 4", "road_no": "0", "aumpher": "อำเภอทัพทัน", "office": "สาขาเมือง", "branch_code": "61000000", "name_short": "None", "price_new": 300, "price_old": 300, "width_m": 6, "pt_i": 7 }, "geometry": { "type": "Point", "coordinates": [ 99.804498707302344, 15.457053150758753 ] } },
{ "type": "Feature", "properties": { "road_key": "61000000ST108.4", "road_name": "ถนนสายบ้านหนองสระ-บ้านเขาปฐวี ช่วงที่ 4", "road_no": "0", "aumpher": "อำเภอทัพทัน", "office": "สาขาเมือง", "branch_code": "61000000", "name_short": "None", "price_new": 300, "price_old": 300, "width_m": 6, "pt_i": 8 }, "geometry": { "type": "Point", "coordinates": [ 99.803752521657742, 15.457861264058293 ] } },
{ "type": "Feature", "properties": { "road_key": "61000000ST108.4", "road_name": "ถนนสายบ้านหนองสระ-บ้านเขาปฐวี ช่วงที่ 4", "road_no": "0", "aumpher": "อำเภอทัพทัน", "office": "สาขาเมือง", "branch_code": "61000000", "name_short": "None", "price_new": 300, "price_old": 300, "width_m": 6, "pt_i": 9 }, "geometry": { "type": "Point", "coordinates": [ 99.802994196690747, 15.458658688049869 ] } },
{ "type": "Feature", "properties": { "road_key": "61000000ST108.4", "road_name": "ถนนสายบ้านหนองสระ-บ้านเขาปฐวี ช่วงที่ 4", "road_no": "0", "aumpher": "อำเภอทัพทัน", "office": "สาขาเมือง", "branch_code": "61000000", "name_short": "None", "price_new": 300, "price_old": 300, "width_m": 6, "pt_i": 10 }, "geometry": { "type": "Point", "coordinates": [ 99.802233583509107, 15.459454060619619 ] } },
{ "type": "Feature", "properties": { "road_key": "61000000ST108.4", "road_name": "ถนนสายบ้านหนองสระ-บ้านเขาปฐวี ช่วงที่ 4", "road_no": "0", "aumpher": "อำเภอทัพทัน", "office": "สาขาเมือง", "branch_code": "61000000", "name_short": "None", "price_new": 300, "price_old": 300, "width_m": 6, "pt_i": 11 }, "geometry": { "type": "Point", "coordinates": [ 99.801472292375024, 15.460248827360061 ] } },
{ "type": "Feature", "properties": { "road_key": "61000000ST108.4", "road_name": "ถนนสายบ้านหนองสระ-บ้านเขาปฐวี ช่วงที่ 4", "road_no": "0", "aumpher": "อำเภอทัพทัน", "office": "สาขาเมือง", "branch_code": "61000000", "name_short": "None", "price_new": 300, "price_old": 300, "width_m": 6, "pt_i": 12 }, "geometry": { "type": "Point", "coordinates": [ 99.800714023495985, 15.461046307242457 ] } },
{ "type": "Feature", "properties": { "road_key": "61000000ST108.4", "road_name": "ถนนสายบ้านหนองสระ-บ้านเขาปฐวี ช่วงที่ 4", "road_no": "0", "aumpher": "อำเภอทัพทัน", "office": "สาขาเมือง", "branch_code": "61000000", "name_short": "None", "price_new": 300, "price_old": 300, "width_m": 6, "pt_i": 13 }, "geometry": { "type": "Point", "coordinates": [ 99.799955296581317, 15.461843371899253 ] } },
{ "type": "Feature", "properties": { "road_key": "61000000ST108.4", "road_name": "ถนนสายบ้านหนองสระ-บ้านเขาปฐวี ช่วงที่ 4", "road_no": "0", "aumpher": "อำเภอทัพทัน", "office": "สาขาเมือง", "branch_code": "61000000", "name_short": "None", "price_new": 300, "price_old": 300, "width_m": 6, "pt_i": 14 }, "geometry": { "type": "Point", "coordinates": [ 99.799188725611472, 15.462633359243545 ] } },
{ "type": "Feature", "properties": { "road_key": "61000000ST108.4", "road_name": "ถนนสายบ้านหนองสระ-บ้านเขาปฐวี ช่วงที่ 4", "road_no": "0", "aumpher": "อำเภอทัพทัน", "office": "สาขาเมือง", "branch_code": "61000000", "name_short": "None", "price_new": 300, "price_old": 300, "width_m": 6, "pt_i": 15 }, "geometry": { "type": "Point", "coordinates": [ 99.798422148846754, 15.463423344155368 ] } },
{ "type": "Feature", "properties": { "road_key": "61000000ST108.4", "road_name": "ถนนสายบ้านหนองสระ-บ้านเขาปฐวี ช่วงที่ 4", "road_no": "0", "aumpher": "อำเภอทัพทัน", "office": "สาขาเมือง", "branch_code": "61000000", "name_short": "None", "price_new": 300, "price_old": 300, "width_m": 6, "pt_i": 16 }, "geometry": { "type": "Point", "coordinates": [ 99.797656608067385, 15.464214271677108 ] } },
{ "type": "Feature", "properties": { "road_key": "61000000ST108.4", "road_name": "ถนนสายบ้านหนองสระ-บ้านเขาปฐวี ช่วงที่ 4", "road_no": "0", "aumpher": "อำเภอทัพทัน", "office": "สาขาเมือง", "branch_code": "61000000", "name_short": "None", "price_new": 300, "price_old": 300, "width_m": 6, "pt_i": 17 }, "geometry": { "type": "Point", "coordinates": [ 99.79689501264923, 15.465008781048843 ] } },
{ "type": "Feature", "properties": { "road_key": "61000000ST113.1", "road_name": "ถนนสายบ้ายอีจาง-บ้านตลุกหมู ช่วงที่ 1", "road_no": "0", "aumpher": "อำเภอทัพทัน", "office": "สาขาเมือง", "branch_code": "61000000", "name_short": "None", "price_new": 300, "price_old": 300, "width_m": 4, "pt_i": 0 }, "geometry": { "type": "Point", "coordinates": [ 99.836799422934945, 15.450125437818674 ] } },
{ "type": "Feature", "properties": { "road_key": "61000000ST113.1", "road_name": "ถนนสายบ้ายอีจาง-บ้านตลุกหมู ช่วงที่ 1", "road_no": "0", "aumpher": "อำเภอทัพทัน", "office": "สาขาเมือง", "branch_code": "61000000", "name_short": "None", "price_new": 300, "price_old": 300, "width_m": 4, "pt_i": 1 }, "geometry": { "type": "Point", "coordinates": [ 99.836666858462166, 15.451192332734356 ] } },
{ "type": "Feature", "properties": { "road_key": "61000000ST113.1", "road_name": "ถนนสายบ้ายอีจาง-บ้านตลุกหมู ช่วงที่ 1", "road_no": "0", "aumpher": "อำเภอทัพทัน", "office": "สาขาเมือง", "branch_code": "61000000", "name_short": "None", "price_new": 300, "price_old": 300, "width_m": 4, "pt_i": 2 }, "geometry": { "type": "Point", "coordinates": [ 99.836696798184988, 15.452188231938164 ] } },
{ "type": "Feature", "properties": { "road_key": "61000000ST113.1", "road_name": "ถนนสายบ้ายอีจาง-บ้านตลุกหมู ช่วงที่ 1", "road_no": "0", "aumpher": "อำเภอทัพทัน", "office": "สาขาเมือง", "branch_code": "61000000", "name_short": "None", "price_new": 300, "price_old": 300, "width_m": 4, "pt_i": 3 }, "geometry": { "type": "Point", "coordinates": [ 99.836102366647523, 15.453107141180634 ] } },
{ "type": "Feature", "properties": { "road_key": "61000000ST113.1", "road_name": "ถนนสายบ้ายอีจาง-บ้านตลุกหมู ช่วงที่ 1", "road_no": "0", "aumpher": "อำเภอทัพทัน", "office": "สาขาเมือง", "branch_code": "61000000", "name_short": "None", "price_new": 300, "price_old": 300, "width_m": 4, "pt_i": 4 }, "geometry": { "type": "Point", "coordinates": [ 99.835505987112342, 15.454024831090004 ] } },
{ "type": "Feature", "properties": { "road_key": "61000000ST113.1", "road_name": "ถนนสายบ้ายอีจาง-บ้านตลุกหมู ช่วงที่ 1", "road_no": "0", "aumpher": "อำเภอทัพทัน", "office": "สาขาเมือง", "branch_code": "61000000", "name_short": "None", "price_new": 300, "price_old": 300, "width_m": 4, "pt_i": 5 }, "geometry": { "type": "Point", "coordinates": [ 99.834886260762801, 15.454927887526829 ] } },
{ "type": "Feature", "properties": { "road_key": "61000000ST113.1", "road_name": "ถนนสายบ้ายอีจาง-บ้านตลุกหมู ช่วงที่ 1", "road_no": "0", "aumpher": "อำเภอทัพทัน", "office": "สาขาเมือง", "branch_code": "61000000", "name_short": "None", "price_new": 300, "price_old": 300, "width_m": 4, "pt_i": 6 }, "geometry": { "type": "Point", "coordinates": [ 99.834260499528938, 15.455826963591162 ] } },
{ "type": "Feature", "properties": { "road_key": "61000000ST113.1", "road_name": "ถนนสายบ้ายอีจาง-บ้านตลุกหมู ช่วงที่ 1", "road_no": "0", "aumpher": "อำเภอทัพทัน", "office": "สาขาเมือง", "branch_code": "61000000", "name_short": "None", "price_new": 300, "price_old": 300, "width_m": 4, "pt_i": 7 }, "geometry": { "type": "Point", "coordinates": [ 99.833458953565099, 15.456579034786005 ] } },
{ "type": "Feature", "properties": { "road_key": "61000000ST113.1", "road_name": "ถนนสายบ้ายอีจาง-บ้านตลุกหมู ช่วงที่ 1", "road_no": "0", "aumpher": "อำเภอทัพทัน", "office": "สาขาเมือง", "branch_code": "61000000", "name_short": "None", "price_new": 300, "price_old": 300, "width_m": 4, "pt_i": 8 }, "geometry": { "type": "Point", "coordinates": [ 99.83276186921546, 15.457420855820461 ] } },
{ "type": "Feature", "properties": { "road_key": "61000000ST113.1", "road_name": "ถนนสายบ้ายอีจาง-บ้านตลุกหมู ช่วงที่ 1", "road_no": "0", "aumpher": "อำเภอทัพทัน", "office": "สาขาเมือง", "branch_code": "61000000", "name_short": "None", "price_new": 300, "price_old": 300, "width_m": 4, "pt_i": 9 }, "geometry": { "type": "Point", "coordinates": [ 99.832184941828402, 15.458350209708204 ] } },
{ "type": "Feature", "properties": { "road_key": "61000000ST113.1", "road_name": "ถนนสายบ้ายอีจาง-บ้านตลุกหมู ช่วงที่ 1", "road_no": "0", "aumpher": "อำเภอทัพทัน", "office": "สาขาเมือง", "branch_code": "61000000", "name_short": "None", "price_new": 300, "price_old": 300, "width_m": 4, "pt_i": 10 }, "geometry": { "type": "Point", "coordinates": [ 99.831617047021453, 15.459284715469797 ] } },
{ "type": "Feature", "properties": { "road_key": "61000000ST113.1", "road_name": "ถนนสายบ้ายอีจาง-บ้านตลุกหมู ช่วงที่ 1", "road_no": "0", "aumpher": "อำเภอทัพทัน", "office": "สาขาเมือง", "branch_code": "61000000", "name_short": "None", "price_new": 300, "price_old": 300, "width_m": 4, "pt_i": 11 }, "geometry": { "type": "Point", "coordinates": [ 99.831060526091264, 15.460225702867616 ] } },
{ "type": "Feature", "properties": { "road_key": "61000000ST113.2", "road_name": "ถนนสายบ้ายอีจาง-บ้านตลุกหมู ช่วงที่ 2", "road_no": "0", "aumpher": "อำเภอทัพทัน", "office": "สาขาเมือง", "branch_code": "61000000", "name_short": "None", "price_new": 300, "price_old": 300, "width_m": 4, "pt_i": 0 }, "geometry": { "type": "Point", "coordinates": [ 99.830937968400491, 15.46043838250433 ] } },
{ "type": "Feature", "properties": { "road_key": "61000000ST113.2", "road_name": "ถนนสายบ้ายอีจาง-บ้านตลุกหมู ช่วงที่ 2", "road_no": "0", "aumpher": "อำเภอทัพทัน", "office": "สาขาเมือง", "branch_code": "61000000", "name_short": "None", "price_new": 300, "price_old": 300, "width_m": 4, "pt_i": 1 }, "geometry": { "type": "Point", "coordinates": [ 99.830207473940135, 15.461223801783834 ] } },
{ "type": "Feature", "properties": { "road_key": "61000000ST113.2", "road_name": "ถนนสายบ้ายอีจาง-บ้านตลุกหมู ช่วงที่ 2", "road_no": "0", "aumpher": "อำเภอทัพทัน", "office": "สาขาเมือง", "branch_code": "61000000", "name_short": "None", "price_new": 300, "price_old": 300, "width_m": 4, "pt_i": 2 }, "geometry": { "type": "Point", "coordinates": [ 99.829232077140489, 15.461754604996118 ] } },
{ "type": "Feature", "properties": { "road_key": "61000000ST113.2", "road_name": "ถนนสายบ้ายอีจาง-บ้านตลุกหมู ช่วงที่ 2", "road_no": "0", "aumpher": "อำเภอทัพทัน", "office": "สาขาเมือง", "branch_code": "61000000", "name_short": "None", "price_new": 300, "price_old": 300, "width_m": 4, "pt_i": 3 }, "geometry": { "type": "Point", "coordinates": [ 99.828264620557036, 15.46229699751655 ] } },
{ "type": "Feature", "properties": { "road_key": "61000000ST113.2", "road_name": "ถนนสายบ้ายอีจาง-บ้านตลุกหมู ช่วงที่ 2", "road_no": "0", "aumpher": "อำเภอทัพทัน", "office": "สาขาเมือง", "branch_code": "61000000", "name_short": "None", "price_new": 300, "price_old": 300, "width_m": 4, "pt_i": 4 }, "geometry": { "type": "Point", "coordinates": [ 99.827352727192462, 15.462925201375109 ] } },
{ "type": "Feature", "properties": { "road_key": "61000000ST113.2", "road_name": "ถนนสายบ้ายอีจาง-บ้านตลุกหมู ช่วงที่ 2", "road_no": "0", "aumpher": "อำเภอทัพทัน", "office": "สาขาเมือง", "branch_code": "61000000", "name_short": "None", "price_new": 300, "price_old": 300, "width_m": 4, "pt_i": 5 }, "geometry": { "type": "Point", "coordinates": [ 99.826455842766137, 15.463567061646497 ] } },
{ "type": "Feature", "properties": { "road_key": "61000000ST113.2", "road_name": "ถนนสายบ้ายอีจาง-บ้านตลุกหมู ช่วงที่ 2", "road_no": "0", "aumpher": "อำเภอทัพทัน", "office": "สาขาเมือง", "branch_code": "61000000", "name_short": "None", "price_new": 300, "price_old": 300, "width_m": 4, "pt_i": 6 }, "geometry": { "type": "Point", "coordinates": [ 99.825637387995599, 15.464091566162077 ] } },
{ "type": "Feature", "properties": { "road_key": "61000000ST113.2", "road_name": "ถนนสายบ้ายอีจาง-บ้านตลุกหมู ช่วงที่ 2", "road_no": "0", "aumpher": "อำเภอทัพทัน", "office": "สาขาเมือง", "branch_code": "61000000", "name_short": "None", "price_new": 300, "price_old": 300, "width_m": 4, "pt_i": 7 }, "geometry": { "type": "Point", "coordinates": [ 99.825157087693569, 15.465020975823169 ] } },
{ "type": "Feature", "properties": { "road_key": "61000000ST113.2", "road_name": "ถนนสายบ้ายอีจาง-บ้านตลุกหมู ช่วงที่ 2", "road_no": "0", "aumpher": "อำเภอทัพทัน", "office": "สาขาเมือง", "branch_code": "61000000", "name_short": "None", "price_new": 300, "price_old": 300, "width_m": 4, "pt_i": 8 }, "geometry": { "type": "Point", "coordinates": [ 99.824360467883096, 15.465779957070129 ] } },
{ "type": "Feature", "properties": { "road_key": "61000000ST113.2", "road_name": "ถนนสายบ้ายอีจาง-บ้านตลุกหมู ช่วงที่ 2", "road_no": "0", "aumpher": "อำเภอทัพทัน", "office": "สาขาเมือง", "branch_code": "61000000", "name_short": "None", "price_new": 300, "price_old": 300, "width_m": 4, "pt_i": 9 }, "geometry": { "type": "Point", "coordinates": [ 99.823363430793052, 15.466202311277168 ] } },
{ "type": "Feature", "properties": { "road_key": "61000000ST113.2", "road_name": "ถนนสายบ้ายอีจาง-บ้านตลุกหมู ช่วงที่ 2", "road_no": "0", "aumpher": "อำเภอทัพทัน", "office": "สาขาเมือง", "branch_code": "61000000", "name_short": "None", "price_new": 300, "price_old": 300, "width_m": 4, "pt_i": 10 }, "geometry": { "type": "Point", "coordinates": [ 99.822612369267262, 15.466922383808582 ] } },
{ "type": "Feature", "properties": { "road_key": "61000000ST113.2", "road_name": "ถนนสายบ้ายอีจาง-บ้านตลุกหมู ช่วงที่ 2", "road_no": "0", "aumpher": "อำเภอทัพทัน", "office": "สาขาเมือง", "branch_code": "61000000", "name_short": "None", "price_new": 300, "price_old": 300, "width_m": 4, "pt_i": 11 }, "geometry": { "type": "Point", "coordinates": [ 99.822185883090356, 15.467923066672357 ] } },
{ "type": "Feature", "properties": { "road_key": "61000000ST113.2", "road_name": "ถนนสายบ้ายอีจาง-บ้านตลุกหมู ช่วงที่ 2", "road_no": "0", "aumpher": "อำเภอทัพทัน", "office": "สาขาเมือง", "branch_code": "61000000", "name_short": "None", "price_new": 300, "price_old": 300, "width_m": 4, "pt_i": 12 }, "geometry": { "type": "Point", "coordinates": [ 99.821819063088014, 15.46894786588549 ] } },
{ "type": "Feature", "properties": { "road_key": "61000000ST113.2", "road_name": "ถนนสายบ้ายอีจาง-บ้านตลุกหมู ช่วงที่ 2", "road_no": "0", "aumpher": "อำเภอทัพทัน", "office": "สาขาเมือง", "branch_code": "61000000", "name_short": "None", "price_new": 300, "price_old": 300, "width_m": 4, "pt_i": 13 }, "geometry": { "type": "Point", "coordinates": [ 99.821444570499736, 15.469970061072404 ] } },
{ "type": "Feature", "properties": { "road_key": "61000000ST113.2", "road_name": "ถนนสายบ้ายอีจาง-บ้านตลุกหมู ช่วงที่ 2", "road_no": "0", "aumpher": "อำเภอทัพทัน", "office": "สาขาเมือง", "branch_code": "61000000", "name_short": "None", "price_new": 300, "price_old": 300, "width_m": 4, "pt_i": 14 }, "geometry": { "type": "Point", "coordinates": [ 99.821070074462611, 15.47099225571186 ] } },
{ "type": "Feature", "properties": { "road_key": "61000000ST113.2", "road_name": "ถนนสายบ้ายอีจาง-บ้านตลุกหมู ช่วงที่ 2", "road_no": "0", "aumpher": "อำเภอทัพทัน", "office": "สาขาเมือง", "branch_code": "61000000", "name_short": "None", "price_new": 300, "price_old": 300, "width_m": 4, "pt_i": 15 }, "geometry": { "type": "Point", "coordinates": [ 99.820695574976227, 15.472014449803735 ] } },
{ "type": "Feature", "properties": { "road_key": "61000000ST113.2", "road_name": "ถนนสายบ้ายอีจาง-บ้านตลุกหมู ช่วงที่ 2", "road_no": "0", "aumpher": "อำเภอทัพทัน", "office": "สาขาเมือง", "branch_code": "61000000", "name_short": "None", "price_new": 300, "price_old": 300, "width_m": 4, "pt_i": 16 }, "geometry": { "type": "Point", "coordinates": [ 99.820334439572107, 15.47304113909437 ] } },
{ "type": "Feature", "properties": { "road_key": "61000000ST113.2", "road_name": "ถนนสายบ้ายอีจาง-บ้านตลุกหมู ช่วงที่ 2", "road_no": "0", "aumpher": "อำเภอทัพทัน", "office": "สาขาเมือง", "branch_code": "61000000", "name_short": "None", "price_new": 300, "price_old": 300, "width_m": 4, "pt_i": 17 }, "geometry": { "type": "Point", "coordinates": [ 99.819975946549391, 15.474068717675907 ] } },
{ "type": "Feature", "properties": { "road_key": "61000000ST113.2", "road_name": "ถนนสายบ้ายอีจาง-บ้านตลุกหมู ช่วงที่ 2", "road_no": "0", "aumpher": "อำเภอทัพทัน", "office": "สาขาเมือง", "branch_code": "61000000", "name_short": "None", "price_new": 300, "price_old": 300, "width_m": 4, "pt_i": 18 }, "geometry": { "type": "Point", "coordinates": [ 99.81961745022042, 15.475096295754732 ] } },
{ "type": "Feature", "properties": { "road_key": "61000000ST113.2", "road_name": "ถนนสายบ้ายอีจาง-บ้านตลุกหมู ช่วงที่ 2", "road_no": "0", "aumpher": "อำเภอทัพทัน", "office": "สาขาเมือง", "branch_code": "61000000", "name_short": "None", "price_new": 300, "price_old": 300, "width_m": 4, "pt_i": 19 }, "geometry": { "type": "Point", "coordinates": [ 99.81922101357911, 15.476110510281531 ] } },
{ "type": "Feature", "properties": { "road_key": "61000000ST113.2", "road_name": "ถนนสายบ้ายอีจาง-บ้านตลุกหมู ช่วงที่ 2", "road_no": "0", "aumpher": "อำเภอทัพทัน", "office": "สาขาเมือง", "branch_code": "61000000", "name_short": "None", "price_new": 300, "price_old": 300, "width_m": 4, "pt_i": 20 }, "geometry": { "type": "Point", "coordinates": [ 99.818815917357242, 15.477121675198806 ] } },
{ "type": "Feature", "properties": { "road_key": "61000000ST113.2", "road_name": "ถนนสายบ้ายอีจาง-บ้านตลุกหมู ช่วงที่ 2", "road_no": "0", "aumpher": "อำเภอทัพทัน", "office": "สาขาเมือง", "branch_code": "61000000", "name_short": "None", "price_new": 300, "price_old": 300, "width_m": 4, "pt_i": 21 }, "geometry": { "type": "Point", "coordinates": [ 99.818410817415284, 15.478132839474455 ] } },
{ "type": "Feature", "properties": { "road_key": "61000000ST113.2", "road_name": "ถนนสายบ้ายอีจาง-บ้านตลุกหมู ช่วงที่ 2", "road_no": "0", "aumpher": "อำเภอทัพทัน", "office": "สาขาเมือง", "branch_code": "61000000", "name_short": "None", "price_new": 300, "price_old": 300, "width_m": 4, "pt_i": 22 }, "geometry": { "type": "Point", "coordinates": [ 99.818002378936285, 15.479142736820187 ] } },
{ "type": "Feature", "properties": { "road_key": "61000000ST113.2", "road_name": "ถนนสายบ้ายอีจาง-บ้านตลุกหมู ช่วงที่ 2", "road_no": "0", "aumpher": "อำเภอทัพทัน", "office": "สาขาเมือง", "branch_code": "61000000", "name_short": "None", "price_new": 300, "price_old": 300, "width_m": 4, "pt_i": 23 }, "geometry": { "type": "Point", "coordinates": [ 99.817591774421757, 15.480151812455521 ] } },
{ "type": "Feature", "properties": { "road_key": "61000000ST113.2", "road_name": "ถนนสายบ้ายอีจาง-บ้านตลุกหมู ช่วงที่ 2", "road_no": "0", "aumpher": "อำเภอทัพทัน", "office": "สาขาเมือง", "branch_code": "61000000", "name_short": "None", "price_new": 300, "price_old": 300, "width_m": 4, "pt_i": 24 }, "geometry": { "type": "Point", "coordinates": [ 99.817181166138639, 15.481160887431059 ] } },
{ "type": "Feature", "properties": { "road_key": "61000000ST113.2", "road_name": "ถนนสายบ้ายอีจาง-บ้านตลุกหมู ช่วงที่ 2", "road_no": "0", "aumpher": "อำเภอทัพทัน", "office": "สาขาเมือง", "branch_code": "61000000", "name_short": "None", "price_new": 300, "price_old": 300, "width_m": 4, "pt_i": 25 }, "geometry": { "type": "Point", "coordinates": [ 99.817140002218267, 15.482188163057858 ] } },
{ "type": "Feature", "properties": { "road_key": "61000000ST113.2", "road_name": "ถนนสายบ้ายอีจาง-บ้านตลุกหมู ช่วงที่ 2", "road_no": "0", "aumpher": "อำเภอทัพทัน", "office": "สาขาเมือง", "branch_code": "61000000", "name_short": "None", "price_new": 300, "price_old": 300, "width_m": 4, "pt_i": 26 }, "geometry": { "type": "Point", "coordinates": [ 99.816955654181157, 15.483258129131352 ] } },
{ "type": "Feature", "properties": { "road_key": "61000000ST113.2", "road_name": "ถนนสายบ้ายอีจาง-บ้านตลุกหมู ช่วงที่ 2", "road_no": "0", "aumpher": "อำเภอทัพทัน", "office": "สาขาเมือง", "branch_code": "61000000", "name_short": "None", "price_new": 300, "price_old": 300, "width_m": 4, "pt_i": 27 }, "geometry": { "type": "Point", "coordinates": [ 99.816768975388257, 15.484327661188813 ] } },
{ "type": "Feature", "properties": { "road_key": "61000000ST113.2", "road_name": "ถนนสายบ้ายอีจาง-บ้านตลุกหมู ช่วงที่ 2", "road_no": "0", "aumpher": "อำเภอทัพทัน", "office": "สาขาเมือง", "branch_code": "61000000", "name_short": "None", "price_new": 300, "price_old": 300, "width_m": 4, "pt_i": 28 }, "geometry": { "type": "Point", "coordinates": [ 99.816429826492183, 15.485356058334165 ] } },
{ "type": "Feature", "properties": { "road_key": "61000000ST113.2", "road_name": "ถนนสายบ้ายอีจาง-บ้านตลุกหมู ช่วงที่ 2", "road_no": "0", "aumpher": "อำเภอทัพทัน", "office": "สาขาเมือง", "branch_code": "61000000", "name_short": "None", "price_new": 300, "price_old": 300, "width_m": 4, "pt_i": 29 }, "geometry": { "type": "Point", "coordinates": [ 99.816086347848938, 15.486387234823152 ] } },
{ "type": "Feature", "properties": { "road_key": "61000000ST113.2", "road_name": "ถนนสายบ้ายอีจาง-บ้านตลุกหมู ช่วงที่ 2", "road_no": "0", "aumpher": "อำเภอทัพทัน", "office": "สาขาเมือง", "branch_code": "61000000", "name_short": "None", "price_new": 300, "price_old": 300, "width_m": 4, "pt_i": 30 }, "geometry": { "type": "Point", "coordinates": [ 99.815936468177853, 15.48745736398593 ] } },
{ "type": "Feature", "properties": { "road_key": "61000000ST113.2", "road_name": "ถนนสายบ้ายอีจาง-บ้านตลุกหมู ช่วงที่ 2", "road_no": "0", "aumpher": "อำเภอทัพทัน", "office": "สาขาเมือง", "branch_code": "61000000", "name_short": "None", "price_new": 300, "price_old": 300, "width_m": 4, "pt_i": 31 }, "geometry": { "type": "Point", "coordinates": [ 99.816260049979675, 15.488360457932698 ] } },
{ "type": "Feature", "properties": { "road_key": "61000000ST120", "road_name": "ถนนสายหนองขุย-หนองแขวนกูบ", "road_no": "0", "aumpher": "อำเภอทัพทัน", "office": "สาขาเมือง", "branch_code": "61000000", "name_short": "None", "price_new": 250, "price_old": 200, "width_m": 4, "pt_i": 0 }, "geometry": { "type": "Point", "coordinates": [ 99.803831680721558, 15.499354289682381 ] } },
{ "type": "Feature", "properties": { "road_key": "61000000ST120", "road_name": "ถนนสายหนองขุย-หนองแขวนกูบ", "road_no": "0", "aumpher": "อำเภอทัพทัน", "office": "สาขาเมือง", "branch_code": "61000000", "name_short": "None", "price_new": 250, "price_old": 200, "width_m": 4, "pt_i": 1 }, "geometry": { "type": "Point", "coordinates": [ 99.802866890829293, 15.49881009020927 ] } },
{ "type": "Feature", "properties": { "road_key": "61000000ST120", "road_name": "ถนนสายหนองขุย-หนองแขวนกูบ", "road_no": "0", "aumpher": "อำเภอทัพทัน", "office": "สาขาเมือง", "branch_code": "61000000", "name_short": "None", "price_new": 250, "price_old": 200, "width_m": 4, "pt_i": 2 }, "geometry": { "type": "Point", "coordinates": [ 99.802663648467899, 15.497768223092979 ] } },
{ "type": "Feature", "properties": { "road_key": "61000000ST120", "road_name": "ถนนสายหนองขุย-หนองแขวนกูบ", "road_no": "0", "aumpher": "อำเภอทัพทัน", "office": "สาขาเมือง", "branch_code": "61000000", "name_short": "None", "price_new": 250, "price_old": 200, "width_m": 4, "pt_i": 0 }, "geometry": { "type": "Point", "coordinates": [ 99.803831680721558, 15.499354289682381 ] } },
{ "type": "Feature", "properties": { "road_key": "61000000ST120", "road_name": "ถนนสายหนองขุย-หนองแขวนกูบ", "road_no": "0", "aumpher": "อำเภอทัพทัน", "office": "สาขาเมือง", "branch_code": "61000000", "name_short": "None", "price_new": 250, "price_old": 200, "width_m": 4, "pt_i": 1 }, "geometry": { "type": "Point", "coordinates": [ 99.803658398287254, 15.498290901636036 ] } },
{ "type": "Feature", "properties": { "road_key": "61000000ST120", "road_name": "ถนนสายหนองขุย-หนองแขวนกูบ", "road_no": "0", "aumpher": "อำเภอทัพทัน", "office": "สาขาเมือง", "branch_code": "61000000", "name_short": "None", "price_new": 250, "price_old": 200, "width_m": 4, "pt_i": 0 }, "geometry": { "type": "Point", "coordinates": [ 99.80547554972506, 15.536261509889369 ] } },
{ "type": "Feature", "properties": { "road_key": "61000000ST120", "road_name": "ถนนสายหนองขุย-หนองแขวนกูบ", "road_no": "0", "aumpher": "อำเภอทัพทัน", "office": "สาขาเมือง", "branch_code": "61000000", "name_short": "None", "price_new": 250, "price_old": 200, "width_m": 4, "pt_i": 1 }, "geometry": { "type": "Point", "coordinates": [ 99.80528497112509, 15.535192643462619 ] } },
{ "type": "Feature", "properties": { "road_key": "61000000ST120", "road_name": "ถนนสายหนองขุย-หนองแขวนกูบ", "road_no": "0", "aumpher": "อำเภอทัพทัน", "office": "สาขาเมือง", "branch_code": "61000000", "name_short": "None", "price_new": 250, "price_old": 200, "width_m": 4, "pt_i": 2 }, "geometry": { "type": "Point", "coordinates": [ 99.805033278186869, 15.534135914737945 ] } },
{ "type": "Feature", "properties": { "road_key": "61000000ST120", "road_name": "ถนนสายหนองขุย-หนองแขวนกูบ", "road_no": "0", "aumpher": "อำเภอทัพทัน", "office": "สาขาเมือง", "branch_code": "61000000", "name_short": "None", "price_new": 250, "price_old": 200, "width_m": 4, "pt_i": 3 }, "geometry": { "type": "Point", "coordinates": [ 99.804869806031107, 15.533070137104234 ] } },
{ "type": "Feature", "properties": { "road_key": "61000000ST120", "road_name": "ถนนสายหนองขุย-หนองแขวนกูบ", "road_no": "0", "aumpher": "อำเภอทัพทัน", "office": "สาขาเมือง", "branch_code": "61000000", "name_short": "None", "price_new": 250, "price_old": 200, "width_m": 4, "pt_i": 4 }, "geometry": { "type": "Point", "coordinates": [ 99.804789804389387, 15.531988375596201 ] } },
{ "type": "Feature", "properties": { "road_key": "61000000ST120", "road_name": "ถนนสายหนองขุย-หนองแขวนกูบ", "road_no": "0", "aumpher": "อำเภอทัพทัน", "office": "สาขาเมือง", "branch_code": "61000000", "name_short": "None", "price_new": 250, "price_old": 200, "width_m": 4, "pt_i": 5 }, "geometry": { "type": "Point", "coordinates": [ 99.8046833872164, 15.530908544153789 ] } },
{ "type": "Feature", "properties": { "road_key": "61000000ST120", "road_name": "ถนนสายหนองขุย-หนองแขวนกูบ", "road_no": "0", "aumpher": "อำเภอทัพทัน", "office": "สาขาเมือง", "branch_code": "61000000", "name_short": "None", "price_new": 250, "price_old": 200, "width_m": 4, "pt_i": 6 }, "geometry": { "type": "Point", "coordinates": [ 99.804499606292865, 15.529838480931375 ] } },
{ "type": "Feature", "properties": { "road_key": "61000000ST120", "road_name": "ถนนสายหนองขุย-หนองแขวนกูบ", "road_no": "0", "aumpher": "อำเภอทัพทัน", "office": "สาขาเมือง", "branch_code": "61000000", "name_short": "None", "price_new": 250, "price_old": 200, "width_m": 4, "pt_i": 7 }, "geometry": { "type": "Point", "coordinates": [ 99.804310987446456, 15.528769210421242 ] } },
{ "type": "Feature", "properties": { "road_key": "61000000ST120", "road_name": "ถนนสายหนองขุย-หนองแขวนกูบ", "road_no": "0", "aumpher": "อำเภอทัพทัน", "office": "สาขาเมือง", "branch_code": "61000000", "name_short": "None", "price_new": 250, "price_old": 200, "width_m": 4, "pt_i": 8 }, "geometry": { "type": "Point", "coordinates": [ 99.804093247273116, 15.527705281356209 ] } },
{ "type": "Feature", "properties": { "road_key": "61000000ST120", "road_name": "ถนนสายหนองขุย-หนองแขวนกูบ", "road_no": "0", "aumpher": "อำเภอทัพทัน", "office": "สาขาเมือง", "branch_code": "61000000", "name_short": "None", "price_new": 250, "price_old": 200, "width_m": 4, "pt_i": 9 }, "geometry": { "type": "Point", "coordinates": [ 99.803841793717169, 15.52664880525086 ] } },
{ "type": "Feature", "properties": { "road_key": "61000000ST120", "road_name": "ถนนสายหนองขุย-หนองแขวนกูบ", "road_no": "0", "aumpher": "อำเภอทัพทัน", "office": "สาขาเมือง", "branch_code": "61000000", "name_short": "None", "price_new": 250, "price_old": 200, "width_m": 4, "pt_i": 10 }, "geometry": { "type": "Point", "coordinates": [ 99.803539629486025, 15.525604315356864 ] } },
{ "type": "Feature", "properties": { "road_key": "61000000ST120", "road_name": "ถนนสายหนองขุย-หนองแขวนกูบ", "road_no": "0", "aumpher": "อำเภอทัพทัน", "office": "สาขาเมือง", "branch_code": "61000000", "name_short": "None", "price_new": 250, "price_old": 200, "width_m": 4, "pt_i": 11 }, "geometry": { "type": "Point", "coordinates": [ 99.803236489059032, 15.524560100747111 ] } },
{ "type": "Feature", "properties": { "road_key": "61000000ST120", "road_name": "ถนนสายหนองขุย-หนองแขวนกูบ", "road_no": "0", "aumpher": "อำเภอทัพทัน", "office": "สาขาเมือง", "branch_code": "61000000", "name_short": "None", "price_new": 250, "price_old": 200, "width_m": 4, "pt_i": 12 }, "geometry": { "type": "Point", "coordinates": [ 99.802914281119143, 15.523521258102011 ] } },
{ "type": "Feature", "properties": { "road_key": "61000000ST120", "road_name": "ถนนสายหนองขุย-หนองแขวนกูบ", "road_no": "0", "aumpher": "อำเภอทัพทัน", "office": "สาขาเมือง", "branch_code": "61000000", "name_short": "None", "price_new": 250, "price_old": 200, "width_m": 4, "pt_i": 13 }, "geometry": { "type": "Point", "coordinates": [ 99.802641497027921, 15.522470331225723 ] } },
{ "type": "Feature", "properties": { "road_key": "61000000ST120", "road_name": "ถนนสายหนองขุย-หนองแขวนกูบ", "road_no": "0", "aumpher": "อำเภอทัพทัน", "office": "สาขาเมือง", "branch_code": "61000000", "name_short": "None", "price_new": 250, "price_old": 200, "width_m": 4, "pt_i": 14 }, "geometry": { "type": "Point", "coordinates": [ 99.80245989632553, 15.521399918037071 ] } },
{ "type": "Feature", "properties": { "road_key": "61000000ST120", "road_name": "ถนนสายหนองขุย-หนองแขวนกูบ", "road_no": "0", "aumpher": "อำเภอทัพทัน", "office": "สาขาเมือง", "branch_code": "61000000", "name_short": "None", "price_new": 250, "price_old": 200, "width_m": 4, "pt_i": 15 }, "geometry": { "type": "Point", "coordinates": [ 99.802330758192397, 15.520324619623779 ] } },
{ "type": "Feature", "properties": { "road_key": "61000000ST120", "road_name": "ถนนสายหนองขุย-หนองแขวนกูบ", "road_no": "0", "aumpher": "อำเภอทัพทัน", "office": "สาขาเมือง", "branch_code": "61000000", "name_short": "None", "price_new": 250, "price_old": 200, "width_m": 4, "pt_i": 16 }, "geometry": { "type": "Point", "coordinates": [ 99.802341997323708, 15.519239876506544 ] } },
{ "type": "Feature", "properties": { "road_key": "61000000ST120", "road_name": "ถนนสายหนองขุย-หนองแขวนกูบ", "road_no": "0", "aumpher": "อำเภอทัพทัน", "office": "สาขาเมือง", "branch_code": "61000000", "name_short": "None", "price_new": 250, "price_old": 200, "width_m": 4, "pt_i": 17 }, "geometry": { "type": "Point", "coordinates": [ 99.802355685888003, 15.518155170636339 ] } },
{ "type": "Feature", "properties": { "road_key": "61000000ST120", "road_name": "ถนนสายหนองขุย-หนองแขวนกูบ", "road_no": "0", "aumpher": "อำเภอทัพทัน", "office": "สาขาเมือง", "branch_code": "61000000", "name_short": "None", "price_new": 250, "price_old": 200, "width_m": 4, "pt_i": 18 }, "geometry": { "type": "Point", "coordinates": [ 99.802379633310494, 15.517070621098089 ] } },
{ "type": "Feature", "properties": { "road_key": "61000000ST120", "road_name": "ถนนสายหนองขุย-หนองแขวนกูบ", "road_no": "0", "aumpher": "อำเภอทัพทัน", "office": "สาขาเมือง", "branch_code": "61000000", "name_short": "None", "price_new": 250, "price_old": 200, "width_m": 4, "pt_i": 19 }, "geometry": { "type": "Point", "coordinates": [ 99.802392632962523, 15.515985928738468 ] } },
{ "type": "Feature", "properties": { "road_key": "61000000ST120", "road_name": "ถนนสายหนองขุย-หนองแขวนกูบ", "road_no": "0", "aumpher": "อำเภอทัพทัน", "office": "สาขาเมือง", "branch_code": "61000000", "name_short": "None", "price_new": 250, "price_old": 200, "width_m": 4, "pt_i": 20 }, "geometry": { "type": "Point", "coordinates": [ 99.802446278860316, 15.5149032152553 ] } },
{ "type": "Feature", "properties": { "road_key": "61000000ST120", "road_name": "ถนนสายหนองขุย-หนองแขวนกูบ", "road_no": "0", "aumpher": "อำเภอทัพทัน", "office": "สาขาเมือง", "branch_code": "61000000", "name_short": "None", "price_new": 250, "price_old": 200, "width_m": 4, "pt_i": 21 }, "geometry": { "type": "Point", "coordinates": [ 99.802414726766656, 15.513822192617626 ] } },
{ "type": "Feature", "properties": { "road_key": "61000000ST120", "road_name": "ถนนสายหนองขุย-หนองแขวนกูบ", "road_no": "0", "aumpher": "อำเภอทัพทัน", "office": "สาขาเมือง", "branch_code": "61000000", "name_short": "None", "price_new": 250, "price_old": 200, "width_m": 4, "pt_i": 22 }, "geometry": { "type": "Point", "coordinates": [ 99.80231245987801, 15.512741992582178 ] } },
{ "type": "Feature", "properties": { "road_key": "61000000ST120", "road_name": "ถนนสายหนองขุย-หนองแขวนกูบ", "road_no": "0", "aumpher": "อำเภอทัพทัน", "office": "สาขาเมือง", "branch_code": "61000000", "name_short": "None", "price_new": 250, "price_old": 200, "width_m": 4, "pt_i": 23 }, "geometry": { "type": "Point", "coordinates": [ 99.802223651082983, 15.511660616975394 ] } },
{ "type": "Feature", "properties": { "road_key": "61000000ST120", "road_name": "ถนนสายหนองขุย-หนองแขวนกูบ", "road_no": "0", "aumpher": "อำเภอทัพทัน", "office": "สาขาเมือง", "branch_code": "61000000", "name_short": "None", "price_new": 250, "price_old": 200, "width_m": 4, "pt_i": 24 }, "geometry": { "type": "Point", "coordinates": [ 99.802213247759312, 15.510576461150512 ] } },
{ "type": "Feature", "properties": { "road_key": "61000000ST120", "road_name": "ถนนสายหนองขุย-หนองแขวนกูบ", "road_no": "0", "aumpher": "อำเภอทัพทัน", "office": "สาขาเมือง", "branch_code": "61000000", "name_short": "None", "price_new": 250, "price_old": 200, "width_m": 4, "pt_i": 25 }, "geometry": { "type": "Point", "coordinates": [ 99.802254408201065, 15.509492451907599 ] } },
{ "type": "Feature", "properties": { "road_key": "61000000ST120", "road_name": "ถนนสายหนองขุย-หนองแขวนกูบ", "road_no": "0", "aumpher": "อำเภอทัพทัน", "office": "สาขาเมือง", "branch_code": "61000000", "name_short": "None", "price_new": 250, "price_old": 200, "width_m": 4, "pt_i": 26 }, "geometry": { "type": "Point", "coordinates": [ 99.802304295722152, 15.508408731993656 ] } },
{ "type": "Feature", "properties": { "road_key": "61000000ST120", "road_name": "ถนนสายหนองขุย-หนองแขวนกูบ", "road_no": "0", "aumpher": "อำเภอทัพทัน", "office": "สาขาเมือง", "branch_code": "61000000", "name_short": "None", "price_new": 250, "price_old": 200, "width_m": 4, "pt_i": 27 }, "geometry": { "type": "Point", "coordinates": [ 99.802382404953519, 15.507326679303661 ] } },
{ "type": "Feature", "properties": { "road_key": "61000000ST120", "road_name": "ถนนสายหนองขุย-หนองแขวนกูบ", "road_no": "0", "aumpher": "อำเภอทัพทัน", "office": "สาขาเมือง", "branch_code": "61000000", "name_short": "None", "price_new": 250, "price_old": 200, "width_m": 4, "pt_i": 28 }, "geometry": { "type": "Point", "coordinates": [ 99.802472148768643, 15.50624539556652 ] } },
{ "type": "Feature", "properties": { "road_key": "61000000ST120", "road_name": "ถนนสายหนองขุย-หนองแขวนกูบ", "road_no": "0", "aumpher": "อำเภอทัพทัน", "office": "สาขาเมือง", "branch_code": "61000000", "name_short": "None", "price_new": 250, "price_old": 200, "width_m": 4, "pt_i": 29 }, "geometry": { "type": "Point", "coordinates": [ 99.802602727886963, 15.505168773923256 ] } },
{ "type": "Feature", "properties": { "road_key": "61000000ST120", "road_name": "ถนนสายหนองขุย-หนองแขวนกูบ", "road_no": "0", "aumpher": "อำเภอทัพทัน", "office": "สาขาเมือง", "branch_code": "61000000", "name_short": "None", "price_new": 250, "price_old": 200, "width_m": 4, "pt_i": 30 }, "geometry": { "type": "Point", "coordinates": [ 99.802799725882949, 15.504100963217713 ] } },
{ "type": "Feature", "properties": { "road_key": "61000000ST120", "road_name": "ถนนสายหนองขุย-หนองแขวนกูบ", "road_no": "0", "aumpher": "อำเภอทัพทัน", "office": "สาขาเมือง", "branch_code": "61000000", "name_short": "None", "price_new": 250, "price_old": 200, "width_m": 4, "pt_i": 31 }, "geometry": { "type": "Point", "coordinates": [ 99.803011598045273, 15.50303579485043 ] } },
{ "type": "Feature", "properties": { "road_key": "61000000ST120", "road_name": "ถนนสายหนองขุย-หนองแขวนกูบ", "road_no": "0", "aumpher": "อำเภอทัพทัน", "office": "สาขาเมือง", "branch_code": "61000000", "name_short": "None", "price_new": 250, "price_old": 200, "width_m": 4, "pt_i": 32 }, "geometry": { "type": "Point", "coordinates": [ 99.803270950907176, 15.501980778240547 ] } },
{ "type": "Feature", "properties": { "road_key": "61000000ST120", "road_name": "ถนนสายหนองขุย-หนองแขวนกูบ", "road_no": "0", "aumpher": "อำเภอทัพทัน", "office": "สาขาเมือง", "branch_code": "61000000", "name_short": "None", "price_new": 250, "price_old": 200, "width_m": 4, "pt_i": 33 }, "geometry": { "type": "Point", "coordinates": [ 99.803540697709479, 15.500927984123503 ] } },
{ "type": "Feature", "properties": { "road_key": "61000000ST120", "road_name": "ถนนสายหนองขุย-หนองแขวนกูบ", "road_no": "0", "aumpher": "อำเภอทัพทัน", "office": "สาขาเมือง", "branch_code": "61000000", "name_short": "None", "price_new": 250, "price_old": 200, "width_m": 4, "pt_i": 34 }, "geometry": { "type": "Point", "coordinates": [ 99.803805144384654, 15.499873981794737 ] } },
{ "type": "Feature", "properties": { "road_key": "61000000ST122", "road_name": "ถนนสาสยบ้านหนองหญ้าปล้อง", "road_no": "0", "aumpher": "อำเภอทัพทัน", "office": "สาขาเมือง", "branch_code": "61000000", "name_short": "None", "price_new": 250, "price_old": 150, "width_m": 4, "pt_i": 0 }, "geometry": { "type": "Point", "coordinates": [ 99.755163373365122, 15.497901470947175 ] } },
{ "type": "Feature", "properties": { "road_key": "61000000ST122", "road_name": "ถนนสาสยบ้านหนองหญ้าปล้อง", "road_no": "0", "aumpher": "อำเภอทัพทัน", "office": "สาขาเมือง", "branch_code": "61000000", "name_short": "None", "price_new": 250, "price_old": 150, "width_m": 4, "pt_i": 1 }, "geometry": { "type": "Point", "coordinates": [ 99.755718497781956, 15.498841014360936 ] } },
{ "type": "Feature", "properties": { "road_key": "61000000ST122", "road_name": "ถนนสาสยบ้านหนองหญ้าปล้อง", "road_no": "0", "aumpher": "อำเภอทัพทัน", "office": "สาขาเมือง", "branch_code": "61000000", "name_short": "None", "price_new": 250, "price_old": 150, "width_m": 4, "pt_i": 2 }, "geometry": { "type": "Point", "coordinates": [ 99.75623698870443, 15.49980227472672 ] } },
{ "type": "Feature", "properties": { "road_key": "61000000ST122", "road_name": "ถนนสาสยบ้านหนองหญ้าปล้อง", "road_no": "0", "aumpher": "อำเภอทัพทัน", "office": "สาขาเมือง", "branch_code": "61000000", "name_short": "None", "price_new": 250, "price_old": 150, "width_m": 4, "pt_i": 3 }, "geometry": { "type": "Point", "coordinates": [ 99.7567577703539, 15.500762289991593 ] } },
{ "type": "Feature", "properties": { "road_key": "61000000ST122", "road_name": "ถนนสาสยบ้านหนองหญ้าปล้อง", "road_no": "0", "aumpher": "อำเภอทัพทัน", "office": "สาขาเมือง", "branch_code": "61000000", "name_short": "None", "price_new": 250, "price_old": 150, "width_m": 4, "pt_i": 4 }, "geometry": { "type": "Point", "coordinates": [ 99.757230986074546, 15.501740007061516 ] } },
{ "type": "Feature", "properties": { "road_key": "61000000ST122", "road_name": "ถนนสาสยบ้านหนองหญ้าปล้อง", "road_no": "0", "aumpher": "อำเภอทัพทัน", "office": "สาขาเมือง", "branch_code": "61000000", "name_short": "None", "price_new": 250, "price_old": 150, "width_m": 4, "pt_i": 5 }, "geometry": { "type": "Point", "coordinates": [ 99.757847712764956, 15.502644632854636 ] } },
{ "type": "Feature", "properties": { "road_key": "61000000ST122", "road_name": "ถนนสาสยบ้านหนองหญ้าปล้อง", "road_no": "0", "aumpher": "อำเภอทัพทัน", "office": "สาขาเมือง", "branch_code": "61000000", "name_short": "None", "price_new": 250, "price_old": 150, "width_m": 4, "pt_i": 0 }, "geometry": { "type": "Point", "coordinates": [ 99.757998478149716, 15.502891268392176 ] } },
{ "type": "Feature", "properties": { "road_key": "61000000ST122", "road_name": "ถนนสาสยบ้านหนองหญ้าปล้อง", "road_no": "0", "aumpher": "อำเภอทัพทัน", "office": "สาขาเมือง", "branch_code": "61000000", "name_short": "None", "price_new": 250, "price_old": 150, "width_m": 4, "pt_i": 1 }, "geometry": { "type": "Point", "coordinates": [ 99.75854301517505, 15.503836448019257 ] } },
{ "type": "Feature", "properties": { "road_key": "61000000ST122", "road_name": "ถนนสาสยบ้านหนองหญ้าปล้อง", "road_no": "0", "aumpher": "อำเภอทัพทัน", "office": "สาขาเมือง", "branch_code": "61000000", "name_short": "None", "price_new": 250, "price_old": 150, "width_m": 4, "pt_i": 2 }, "geometry": { "type": "Point", "coordinates": [ 99.758960669842708, 15.504842831150238 ] } },
{ "type": "Feature", "properties": { "road_key": "61000000ST122", "road_name": "ถนนสาสยบ้านหนองหญ้าปล้อง", "road_no": "0", "aumpher": "อำเภอทัพทัน", "office": "สาขาเมือง", "branch_code": "61000000", "name_short": "None", "price_new": 250, "price_old": 150, "width_m": 4, "pt_i": 3 }, "geometry": { "type": "Point", "coordinates": [ 99.759375570331002, 15.505850279834945 ] } },
{ "type": "Feature", "properties": { "road_key": "61000000ST122", "road_name": "ถนนสาสยบ้านหนองหญ้าปล้อง", "road_no": "0", "aumpher": "อำเภอทัพทัน", "office": "สาขาเมือง", "branch_code": "61000000", "name_short": "None", "price_new": 250, "price_old": 150, "width_m": 4, "pt_i": 4 }, "geometry": { "type": "Point", "coordinates": [ 99.759846133880785, 15.506832980873392 ] } },
{ "type": "Feature", "properties": { "road_key": "61000000ST122", "road_name": "ถนนสาสยบ้านหนองหญ้าปล้อง", "road_no": "0", "aumpher": "อำเภอทัพทัน", "office": "สาขาเมือง", "branch_code": "61000000", "name_short": "None", "price_new": 250, "price_old": 150, "width_m": 4, "pt_i": 5 }, "geometry": { "type": "Point", "coordinates": [ 99.760369634389377, 15.507791574211479 ] } },
{ "type": "Feature", "properties": { "road_key": "61000000ST122", "road_name": "ถนนสาสยบ้านหนองหญ้าปล้อง", "road_no": "0", "aumpher": "อำเภอทัพทัน", "office": "สาขาเมือง", "branch_code": "61000000", "name_short": "None", "price_new": 250, "price_old": 150, "width_m": 4, "pt_i": 6 }, "geometry": { "type": "Point", "coordinates": [ 99.760975862839331, 15.508701077061502 ] } },
{ "type": "Feature", "properties": { "road_key": "61000000ST122", "road_name": "ถนนสาสยบ้านหนองหญ้าปล้อง", "road_no": "0", "aumpher": "อำเภอทัพทัน", "office": "สาขาเมือง", "branch_code": "61000000", "name_short": "None", "price_new": 250, "price_old": 150, "width_m": 4, "pt_i": 7 }, "geometry": { "type": "Point", "coordinates": [ 99.761713893167794, 15.509515664039398 ] } },
{ "type": "Feature", "properties": { "road_key": "61000000ST122", "road_name": "ถนนสาสยบ้านหนองหญ้าปล้อง", "road_no": "0", "aumpher": "อำเภอทัพทัน", "office": "สาขาเมือง", "branch_code": "61000000", "name_short": "None", "price_new": 250, "price_old": 150, "width_m": 4, "pt_i": 0 }, "geometry": { "type": "Point", "coordinates": [ 99.754610720331641, 15.503713980851245 ] } },
{ "type": "Feature", "properties": { "road_key": "61000000ST122", "road_name": "ถนนสาสยบ้านหนองหญ้าปล้อง", "road_no": "0", "aumpher": "อำเภอทัพทัน", "office": "สาขาเมือง", "branch_code": "61000000", "name_short": "None", "price_new": 250, "price_old": 150, "width_m": 4, "pt_i": 1 }, "geometry": { "type": "Point", "coordinates": [ 99.755713347143299, 15.503531365926195 ] } },
{ "type": "Feature", "properties": { "road_key": "61000000ST122", "road_name": "ถนนสาสยบ้านหนองหญ้าปล้อง", "road_no": "0", "aumpher": "อำเภอทัพทัน", "office": "สาขาเมือง", "branch_code": "61000000", "name_short": "None", "price_new": 250, "price_old": 150, "width_m": 4, "pt_i": 2 }, "geometry": { "type": "Point", "coordinates": [ 99.756796103440834, 15.503266975222029 ] } },
{ "type": "Feature", "properties": { "road_key": "61000000ST122", "road_name": "ถนนสาสยบ้านหนองหญ้าปล้อง", "road_no": "0", "aumpher": "อำเภอทัพทัน", "office": "สาขาเมือง", "branch_code": "61000000", "name_short": "None", "price_new": 250, "price_old": 150, "width_m": 4, "pt_i": 3 }, "geometry": { "type": "Point", "coordinates": [ 99.757859714041913, 15.502931423676753 ] } },
{ "type": "Feature", "properties": { "road_key": "61000000ST129", "road_name": "ถนนบ้านเขาแหลม", "road_no": "0", "aumpher": "อำเภอทัพทัน", "office": "สาขาเมือง", "branch_code": "61000000", "name_short": "None", "price_new": 250, "price_old": 150, "width_m": 4, "pt_i": 0 }, "geometry": { "type": "Point", "coordinates": [ 99.93129150457537, 15.448453586981868 ] } },
{ "type": "Feature", "properties": { "road_key": "61000000ST129", "road_name": "ถนนบ้านเขาแหลม", "road_no": "0", "aumpher": "อำเภอทัพทัน", "office": "สาขาเมือง", "branch_code": "61000000", "name_short": "None", "price_new": 250, "price_old": 150, "width_m": 4, "pt_i": 1 }, "geometry": { "type": "Point", "coordinates": [ 99.93240970806275, 15.448433886835218 ] } },
{ "type": "Feature", "properties": { "road_key": "61000000ST129", "road_name": "ถนนบ้านเขาแหลม", "road_no": "0", "aumpher": "อำเภอทัพทัน", "office": "สาขาเมือง", "branch_code": "61000000", "name_short": "None", "price_new": 250, "price_old": 150, "width_m": 4, "pt_i": 2 }, "geometry": { "type": "Point", "coordinates": [ 99.933527083442328, 15.448434925809968 ] } },
{ "type": "Feature", "properties": { "road_key": "61000000ST129", "road_name": "ถนนบ้านเขาแหลม", "road_no": "0", "aumpher": "อำเภอทัพทัน", "office": "สาขาเมือง", "branch_code": "61000000", "name_short": "None", "price_new": 250, "price_old": 150, "width_m": 4, "pt_i": 3 }, "geometry": { "type": "Point", "coordinates": [ 99.934638947405872, 15.448541662834403 ] } },
{ "type": "Feature", "properties": { "road_key": "61000000ST129", "road_name": "ถนนบ้านเขาแหลม", "road_no": "0", "aumpher": "อำเภอทัพทัน", "office": "สาขาเมือง", "branch_code": "61000000", "name_short": "None", "price_new": 250, "price_old": 150, "width_m": 4, "pt_i": 4 }, "geometry": { "type": "Point", "coordinates": [ 99.935682484899772, 15.448913478933186 ] } },
{ "type": "Feature", "properties": { "road_key": "61000000ST129", "road_name": "ถนนบ้านเขาแหลม", "road_no": "0", "aumpher": "อำเภอทัพทัน", "office": "สาขาเมือง", "branch_code": "61000000", "name_short": "None", "price_new": 250, "price_old": 150, "width_m": 4, "pt_i": 5 }, "geometry": { "type": "Point", "coordinates": [ 99.936737931739927, 15.449227736023902 ] } },
{ "type": "Feature", "properties": { "road_key": "61000000ST129", "road_name": "ถนนบ้านเขาแหลม", "road_no": "0", "aumpher": "อำเภอทัพทัน", "office": "สาขาเมือง", "branch_code": "61000000", "name_short": "None", "price_new": 250, "price_old": 150, "width_m": 4, "pt_i": 6 }, "geometry": { "type": "Point", "coordinates": [ 99.937841794787644, 15.449402217639477 ] } },
{ "type": "Feature", "properties": { "road_key": "61000000ST129", "road_name": "ถนนบ้านเขาแหลม", "road_no": "0", "aumpher": "อำเภอทัพทัน", "office": "สาขาเมือง", "branch_code": "61000000", "name_short": "None", "price_new": 250, "price_old": 150, "width_m": 4, "pt_i": 7 }, "geometry": { "type": "Point", "coordinates": [ 99.938951070040105, 15.449334577818519 ] } },
{ "type": "Feature", "properties": { "road_key": "61000000ST129", "road_name": "ถนนบ้านเขาแหลม", "road_no": "0", "aumpher": "อำเภอทัพทัน", "office": "สาขาเมือง", "branch_code": "61000000", "name_short": "None", "price_new": 250, "price_old": 150, "width_m": 4, "pt_i": 8 }, "geometry": { "type": "Point", "coordinates": [ 99.940043484353922, 15.449109590122353 ] } },
{ "type": "Feature", "properties": { "road_key": "61000000ST129", "road_name": "ถนนบ้านเขาแหลม", "road_no": "0", "aumpher": "อำเภอทัพทัน", "office": "สาขาเมือง", "branch_code": "61000000", "name_short": "None", "price_new": 250, "price_old": 150, "width_m": 4, "pt_i": 9 }, "geometry": { "type": "Point", "coordinates": [ 99.941117671375139, 15.449303615590125 ] } },
{ "type": "Feature", "properties": { "road_key": "61000000ST129", "road_name": "ถนนบ้านเขาแหลม", "road_no": "0", "aumpher": "อำเภอทัพทัน", "office": "สาขาเมือง", "branch_code": "61000000", "name_short": "None", "price_new": 250, "price_old": 150, "width_m": 4, "pt_i": 10 }, "geometry": { "type": "Point", "coordinates": [ 99.942227218167361, 15.449347341762104 ] } },
{ "type": "Feature", "properties": { "road_key": "61000000ST130.1", "road_name": "ถนนบ้านเพชรผาลาด ช่วงที่ 1", "road_no": "0", "aumpher": "อำเภอทัพทัน", "office": "สาขาเมือง", "branch_code": "61000000", "name_short": "None", "price_new": 250, "price_old": 200, "width_m": 4, "pt_i": 0 }, "geometry": { "type": "Point", "coordinates": [ 99.701528559921982, 15.445875672733408 ] } },
{ "type": "Feature", "properties": { "road_key": "61000000ST130.1", "road_name": "ถนนบ้านเพชรผาลาด ช่วงที่ 1", "road_no": "0", "aumpher": "อำเภอทัพทัน", "office": "สาขาเมือง", "branch_code": "61000000", "name_short": "None", "price_new": 250, "price_old": 200, "width_m": 4, "pt_i": 1 }, "geometry": { "type": "Point", "coordinates": [ 99.702631151014202, 15.445693754950026 ] } },
{ "type": "Feature", "properties": { "road_key": "61000000ST130.1", "road_name": "ถนนบ้านเพชรผาลาด ช่วงที่ 1", "road_no": "0", "aumpher": "อำเภอทัพทัน", "office": "สาขาเมือง", "branch_code": "61000000", "name_short": "None", "price_new": 250, "price_old": 200, "width_m": 4, "pt_i": 2 }, "geometry": { "type": "Point", "coordinates": [ 99.703714682202516, 15.445510123916518 ] } },
{ "type": "Feature", "properties": { "road_key": "61000000ST130.1", "road_name": "ถนนบ้านเพชรผาลาด ช่วงที่ 1", "road_no": "0", "aumpher": "อำเภอทัพทัน", "office": "สาขาเมือง", "branch_code": "61000000", "name_short": "None", "price_new": 250, "price_old": 200, "width_m": 4, "pt_i": 3 }, "geometry": { "type": "Point", "coordinates": [ 99.704813128616422, 15.445316765503025 ] } },
{ "type": "Feature", "properties": { "road_key": "61000000ST130.1", "road_name": "ถนนบ้านเพชรผาลาด ช่วงที่ 1", "road_no": "0", "aumpher": "อำเภอทัพทัน", "office": "สาขาเมือง", "branch_code": "61000000", "name_short": "None", "price_new": 250, "price_old": 200, "width_m": 4, "pt_i": 4 }, "geometry": { "type": "Point", "coordinates": [ 99.705924794553425, 15.445224785589435 ] } },
{ "type": "Feature", "properties": { "road_key": "61000000ST130.1", "road_name": "ถนนบ้านเพชรผาลาด ช่วงที่ 1", "road_no": "0", "aumpher": "อำเภอทัพทัน", "office": "สาขาเมือง", "branch_code": "61000000", "name_short": "None", "price_new": 250, "price_old": 200, "width_m": 4, "pt_i": 5 }, "geometry": { "type": "Point", "coordinates": [ 99.707042196339486, 15.445214898081064 ] } },
{ "type": "Feature", "properties": { "road_key": "61000000ST130.1", "road_name": "ถนนบ้านเพชรผาลาด ช่วงที่ 1", "road_no": "0", "aumpher": "อำเภอทัพทัน", "office": "สาขาเมือง", "branch_code": "61000000", "name_short": "None", "price_new": 250, "price_old": 200, "width_m": 4, "pt_i": 6 }, "geometry": { "type": "Point", "coordinates": [ 99.708160378763836, 15.44523869849426 ] } },
{ "type": "Feature", "properties": { "road_key": "61000000ST130.1", "road_name": "ถนนบ้านเพชรผาลาด ช่วงที่ 1", "road_no": "0", "aumpher": "อำเภอทัพทัน", "office": "สาขาเมือง", "branch_code": "61000000", "name_short": "None", "price_new": 250, "price_old": 200, "width_m": 4, "pt_i": 7 }, "geometry": { "type": "Point", "coordinates": [ 99.709278642594214, 15.445254701391544 ] } },
{ "type": "Feature", "properties": { "road_key": "61000000ST130.1", "road_name": "ถนนบ้านเพชรผาลาด ช่วงที่ 1", "road_no": "0", "aumpher": "อำเภอทัพทัน", "office": "สาขาเมือง", "branch_code": "61000000", "name_short": "None", "price_new": 250, "price_old": 200, "width_m": 4, "pt_i": 8 }, "geometry": { "type": "Point", "coordinates": [ 99.710392365013249, 15.445337638578458 ] } },
{ "type": "Feature", "properties": { "road_key": "61000000ST130.1", "road_name": "ถนนบ้านเพชรผาลาด ช่วงที่ 1", "road_no": "0", "aumpher": "อำเภอทัพทัน", "office": "สาขาเมือง", "branch_code": "61000000", "name_short": "None", "price_new": 250, "price_old": 200, "width_m": 4, "pt_i": 9 }, "geometry": { "type": "Point", "coordinates": [ 99.711429889025794, 15.445742771351627 ] } },
{ "type": "Feature", "properties": { "road_key": "61000000ST130.1", "road_name": "ถนนบ้านเพชรผาลาด ช่วงที่ 1", "road_no": "0", "aumpher": "อำเภอทัพทัน", "office": "สาขาเมือง", "branch_code": "61000000", "name_short": "None", "price_new": 250, "price_old": 200, "width_m": 4, "pt_i": 10 }, "geometry": { "type": "Point", "coordinates": [ 99.71246601755513, 15.446151311328613 ] } },
{ "type": "Feature", "properties": { "road_key": "61000000ST130.1", "road_name": "ถนนบ้านเพชรผาลาด ช่วงที่ 1", "road_no": "0", "aumpher": "อำเภอทัพทัน", "office": "สาขาเมือง", "branch_code": "61000000", "name_short": "None", "price_new": 250, "price_old": 200, "width_m": 4, "pt_i": 11 }, "geometry": { "type": "Point", "coordinates": [ 99.713400775004587, 15.446717827828611 ] } },
{ "type": "Feature", "properties": { "road_key": "61000000ST130.1", "road_name": "ถนนบ้านเพชรผาลาด ช่วงที่ 1", "road_no": "0", "aumpher": "อำเภอทัพทัน", "office": "สาขาเมือง", "branch_code": "61000000", "name_short": "None", "price_new": 250, "price_old": 200, "width_m": 4, "pt_i": 12 }, "geometry": { "type": "Point", "coordinates": [ 99.714144486554417, 15.447453208729284 ] } },
{ "type": "Feature", "properties": { "road_key": "61000000ST130.1", "road_name": "ถนนบ้านเพชรผาลาด ช่วงที่ 1", "road_no": "0", "aumpher": "อำเภอทัพทัน", "office": "สาขาเมือง", "branch_code": "61000000", "name_short": "None", "price_new": 250, "price_old": 200, "width_m": 4, "pt_i": 13 }, "geometry": { "type": "Point", "coordinates": [ 99.715262121981567, 15.447448269401383 ] } },
{ "type": "Feature", "properties": { "road_key": "61000000ST130.1", "road_name": "ถนนบ้านเพชรผาลาด ช่วงที่ 1", "road_no": "0", "aumpher": "อำเภอทัพทัน", "office": "สาขาเมือง", "branch_code": "61000000", "name_short": "None", "price_new": 250, "price_old": 200, "width_m": 4, "pt_i": 14 }, "geometry": { "type": "Point", "coordinates": [ 99.716380595614197, 15.447444659622485 ] } },
{ "type": "Feature", "properties": { "road_key": "61000000ST130.1", "road_name": "ถนนบ้านเพชรผาลาด ช่วงที่ 1", "road_no": "0", "aumpher": "อำเภอทัพทัน", "office": "สาขาเมือง", "branch_code": "61000000", "name_short": "None", "price_new": 250, "price_old": 200, "width_m": 4, "pt_i": 15 }, "geometry": { "type": "Point", "coordinates": [ 99.717499049911524, 15.447447852153246 ] } },
{ "type": "Feature", "properties": { "road_key": "61000000ST130.1", "road_name": "ถนนบ้านเพชรผาลาด ช่วงที่ 1", "road_no": "0", "aumpher": "อำเภอทัพทัน", "office": "สาขาเมือง", "branch_code": "61000000", "name_short": "None", "price_new": 250, "price_old": 200, "width_m": 4, "pt_i": 16 }, "geometry": { "type": "Point", "coordinates": [ 99.71861747938911, 15.447457986363498 ] } },
{ "type": "Feature", "properties": { "road_key": "61000000ST130.1", "road_name": "ถนนบ้านเพชรผาลาด ช่วงที่ 1", "road_no": "0", "aumpher": "อำเภอทัพทัน", "office": "สาขาเมือง", "branch_code": "61000000", "name_short": "None", "price_new": 250, "price_old": 200, "width_m": 4, "pt_i": 17 }, "geometry": { "type": "Point", "coordinates": [ 99.719735869749783, 15.447471655710427 ] } },
{ "type": "Feature", "properties": { "road_key": "61000000ST130.2", "road_name": "ถนนบ้านเพชรผาลาด ช่วงที่ 2", "road_no": "0", "aumpher": "อำเภอทัพทัน", "office": "สาขาเมือง", "branch_code": "61000000", "name_short": "None", "price_new": 250, "price_old": 200, "width_m": 4, "pt_i": 0 }, "geometry": { "type": "Point", "coordinates": [ 99.719878145761911, 15.447480496657205 ] } },
{ "type": "Feature", "properties": { "road_key": "61000000ST130.2", "road_name": "ถนนบ้านเพชรผาลาด ช่วงที่ 2", "road_no": "0", "aumpher": "อำเภอทัพทัน", "office": "สาขาเมือง", "branch_code": "61000000", "name_short": "None", "price_new": 250, "price_old": 200, "width_m": 4, "pt_i": 1 }, "geometry": { "type": "Point", "coordinates": [ 99.720993871452407, 15.447545917110277 ] } },
{ "type": "Feature", "properties": { "road_key": "61000000ST130.2", "road_name": "ถนนบ้านเพชรผาลาด ช่วงที่ 2", "road_no": "0", "aumpher": "อำเภอทัพทัน", "office": "สาขาเมือง", "branch_code": "61000000", "name_short": "None", "price_new": 250, "price_old": 200, "width_m": 4, "pt_i": 2 }, "geometry": { "type": "Point", "coordinates": [ 99.722108957418257, 15.447628818950799 ] } },
{ "type": "Feature", "properties": { "road_key": "61000000ST130.2", "road_name": "ถนนบ้านเพชรผาลาด ช่วงที่ 2", "road_no": "0", "aumpher": "อำเภอทัพทัน", "office": "สาขาเมือง", "branch_code": "61000000", "name_short": "None", "price_new": 250, "price_old": 200, "width_m": 4, "pt_i": 3 }, "geometry": { "type": "Point", "coordinates": [ 99.723225595970376, 15.447690713548653 ] } },
{ "type": "Feature", "properties": { "road_key": "61000000ST130.2", "road_name": "ถนนบ้านเพชรผาลาด ช่วงที่ 2", "road_no": "0", "aumpher": "อำเภอทัพทัน", "office": "สาขาเมือง", "branch_code": "61000000", "name_short": "None", "price_new": 250, "price_old": 200, "width_m": 4, "pt_i": 4 }, "geometry": { "type": "Point", "coordinates": [ 99.724013148270615, 15.447259173649371 ] } },
{ "type": "Feature", "properties": { "road_key": "61000000ST130.2", "road_name": "ถนนบ้านเพชรผาลาด ช่วงที่ 2", "road_no": "0", "aumpher": "อำเภอทัพทัน", "office": "สาขาเมือง", "branch_code": "61000000", "name_short": "None", "price_new": 250, "price_old": 200, "width_m": 4, "pt_i": 5 }, "geometry": { "type": "Point", "coordinates": [ 99.724235725953548, 15.446198940200853 ] } },
{ "type": "Feature", "properties": { "road_key": "61000000ST130.2", "road_name": "ถนนบ้านเพชรผาลาด ช่วงที่ 2", "road_no": "0", "aumpher": "อำเภอทัพทัน", "office": "สาขาเมือง", "branch_code": "61000000", "name_short": "None", "price_new": 250, "price_old": 200, "width_m": 4, "pt_i": 6 }, "geometry": { "type": "Point", "coordinates": [ 99.724285289573416, 15.445116493869421 ] } },
{ "type": "Feature", "properties": { "road_key": "61000000ST130.2", "road_name": "ถนนบ้านเพชรผาลาด ช่วงที่ 2", "road_no": "0", "aumpher": "อำเภอทัพทัน", "office": "สาขาเมือง", "branch_code": "61000000", "name_short": "None", "price_new": 250, "price_old": 200, "width_m": 4, "pt_i": 7 }, "geometry": { "type": "Point", "coordinates": [ 99.72450191516765, 15.444055280818644 ] } },
{ "type": "Feature", "properties": { "road_key": "61000000ST130.2", "road_name": "ถนนบ้านเพชรผาลาด ช่วงที่ 2", "road_no": "0", "aumpher": "อำเภอทัพทัน", "office": "สาขาเมือง", "branch_code": "61000000", "name_short": "None", "price_new": 250, "price_old": 200, "width_m": 4, "pt_i": 8 }, "geometry": { "type": "Point", "coordinates": [ 99.724701790667268, 15.442988462700736 ] } },
{ "type": "Feature", "properties": { "road_key": "61000000ST130.2", "road_name": "ถนนบ้านเพชรผาลาด ช่วงที่ 2", "road_no": "0", "aumpher": "อำเภอทัพทัน", "office": "สาขาเมือง", "branch_code": "61000000", "name_short": "None", "price_new": 250, "price_old": 200, "width_m": 4, "pt_i": 9 }, "geometry": { "type": "Point", "coordinates": [ 99.72486079065213, 15.441914657002542 ] } },
{ "type": "Feature", "properties": { "road_key": "61000000ST130.2", "road_name": "ถนนบ้านเพชรผาลาด ช่วงที่ 2", "road_no": "0", "aumpher": "อำเภอทัพทัน", "office": "สาขาเมือง", "branch_code": "61000000", "name_short": "None", "price_new": 250, "price_old": 200, "width_m": 4, "pt_i": 10 }, "geometry": { "type": "Point", "coordinates": [ 99.725013209358579, 15.44084258843133 ] } },
{ "type": "Feature", "properties": { "road_key": "61000000ST130.2", "road_name": "ถนนบ้านเพชรผาลาด ช่วงที่ 2", "road_no": "0", "aumpher": "อำเภอทัพทัน", "office": "สาขาเมือง", "branch_code": "61000000", "name_short": "None", "price_new": 250, "price_old": 200, "width_m": 4, "pt_i": 11 }, "geometry": { "type": "Point", "coordinates": [ 99.725316473584769, 15.43981918816319 ] } },
{ "type": "Feature", "properties": { "road_key": "61000000ST130.2", "road_name": "ถนนบ้านเพชรผาลาด ช่วงที่ 2", "road_no": "0", "aumpher": "อำเภอทัพทัน", "office": "สาขาเมือง", "branch_code": "61000000", "name_short": "None", "price_new": 250, "price_old": 200, "width_m": 4, "pt_i": 12 }, "geometry": { "type": "Point", "coordinates": [ 99.725544781812346, 15.438757259004777 ] } },
{ "type": "Feature", "properties": { "road_key": "61000000ST130.2", "road_name": "ถนนบ้านเพชรผาลาด ช่วงที่ 2", "road_no": "0", "aumpher": "อำเภอทัพทัน", "office": "สาขาเมือง", "branch_code": "61000000", "name_short": "None", "price_new": 250, "price_old": 200, "width_m": 4, "pt_i": 13 }, "geometry": { "type": "Point", "coordinates": [ 99.725703717416138, 15.437685060250288 ] } },
{ "type": "Feature", "properties": { "road_key": "61000000ST130.2", "road_name": "ถนนบ้านเพชรผาลาด ช่วงที่ 2", "road_no": "0", "aumpher": "อำเภอทัพทัน", "office": "สาขาเมือง", "branch_code": "61000000", "name_short": "None", "price_new": 250, "price_old": 200, "width_m": 4, "pt_i": 14 }, "geometry": { "type": "Point", "coordinates": [ 99.725714409432328, 15.436600958415603 ] } },
{ "type": "Feature", "properties": { "road_key": "61000000ST130.2", "road_name": "ถนนบ้านเพชรผาลาด ช่วงที่ 2", "road_no": "0", "aumpher": "อำเภอทัพทัน", "office": "สาขาเมือง", "branch_code": "61000000", "name_short": "None", "price_new": 250, "price_old": 200, "width_m": 4, "pt_i": 15 }, "geometry": { "type": "Point", "coordinates": [ 99.725607843688806, 15.435527165847065 ] } },
{ "type": "Feature", "properties": { "road_key": "61000000ST130.2", "road_name": "ถนนบ้านเพชรผาลาด ช่วงที่ 2", "road_no": "0", "aumpher": "อำเภอทัพทัน", "office": "สาขาเมือง", "branch_code": "61000000", "name_short": "None", "price_new": 250, "price_old": 200, "width_m": 4, "pt_i": 16 }, "geometry": { "type": "Point", "coordinates": [ 99.725276028925407, 15.434493559149967 ] } },
{ "type": "Feature", "properties": { "road_key": "61000000ST130.2", "road_name": "ถนนบ้านเพชรผาลาด ช่วงที่ 2", "road_no": "0", "aumpher": "อำเภอทัพทัน", "office": "สาขาเมือง", "branch_code": "61000000", "name_short": "None", "price_new": 250, "price_old": 200, "width_m": 4, "pt_i": 17 }, "geometry": { "type": "Point", "coordinates": [ 99.725492300452018, 15.433434828973551 ] } },
{ "type": "Feature", "properties": { "road_key": "61000000ST130.2", "road_name": "ถนนบ้านเพชรผาลาด ช่วงที่ 2", "road_no": "0", "aumpher": "อำเภอทัพทัน", "office": "สาขาเมือง", "branch_code": "61000000", "name_short": "None", "price_new": 250, "price_old": 200, "width_m": 4, "pt_i": 18 }, "geometry": { "type": "Point", "coordinates": [ 99.725824732805165, 15.432400104183785 ] } },
{ "type": "Feature", "properties": { "road_key": "61000000ST130.2", "road_name": "ถนนบ้านเพชรผาลาด ช่วงที่ 2", "road_no": "0", "aumpher": "อำเภอทัพทัน", "office": "สาขาเมือง", "branch_code": "61000000", "name_short": "None", "price_new": 250, "price_old": 200, "width_m": 4, "pt_i": 19 }, "geometry": { "type": "Point", "coordinates": [ 99.725960956693001, 15.431326259604795 ] } },
{ "type": "Feature", "properties": { "road_key": "61000000ST130.2", "road_name": "ถนนบ้านเพชรผาลาด ช่วงที่ 2", "road_no": "0", "aumpher": "อำเภอทัพทัน", "office": "สาขาเมือง", "branch_code": "61000000", "name_short": "None", "price_new": 250, "price_old": 200, "width_m": 4, "pt_i": 20 }, "geometry": { "type": "Point", "coordinates": [ 99.725719743322514, 15.430268657550981 ] } },
{ "type": "Feature", "properties": { "road_key": "61000000ST130.2", "road_name": "ถนนบ้านเพชรผาลาด ช่วงที่ 2", "road_no": "0", "aumpher": "อำเภอทัพทัน", "office": "สาขาเมือง", "branch_code": "61000000", "name_short": "None", "price_new": 250, "price_old": 200, "width_m": 4, "pt_i": 21 }, "geometry": { "type": "Point", "coordinates": [ 99.725651427019571, 15.429194249888418 ] } },
{ "type": "Feature", "properties": { "road_key": "61000000ST130.2", "road_name": "ถนนบ้านเพชรผาลาด ช่วงที่ 2", "road_no": "0", "aumpher": "อำเภอทัพทัน", "office": "สาขาเมือง", "branch_code": "61000000", "name_short": "None", "price_new": 250, "price_old": 200, "width_m": 4, "pt_i": 22 }, "geometry": { "type": "Point", "coordinates": [ 99.725923053361754, 15.428146504665788 ] } },
{ "type": "Feature", "properties": { "road_key": "61000000ST130.2", "road_name": "ถนนบ้านเพชรผาลาด ช่วงที่ 2", "road_no": "0", "aumpher": "อำเภอทัพทัน", "office": "สาขาเมือง", "branch_code": "61000000", "name_short": "None", "price_new": 250, "price_old": 200, "width_m": 4, "pt_i": 23 }, "geometry": { "type": "Point", "coordinates": [ 99.726454960239053, 15.427206004433776 ] } },
{ "type": "Feature", "properties": { "road_key": "61000000ST130.2", "road_name": "ถนนบ้านเพชรผาลาด ช่วงที่ 2", "road_no": "0", "aumpher": "อำเภอทัพทัน", "office": "สาขาเมือง", "branch_code": "61000000", "name_short": "None", "price_new": 250, "price_old": 200, "width_m": 4, "pt_i": 24 }, "geometry": { "type": "Point", "coordinates": [ 99.726845139171488, 15.42619245064399 ] } },
{ "type": "Feature", "properties": { "road_key": "61000000ST132", "road_name": "ถนนบ้านหนองกระทุ่ม", "road_no": "0", "aumpher": "อำเภอทัพทัน", "office": "สาขาเมือง", "branch_code": "61000000", "name_short": "None", "price_new": 250, "price_old": 150, "width_m": 4, "pt_i": 0 }, "geometry": { "type": "Point", "coordinates": [ 99.828833536316836, 15.465757852096818 ] } },
{ "type": "Feature", "properties": { "road_key": "61000000ST132", "road_name": "ถนนบ้านหนองกระทุ่ม", "road_no": "0", "aumpher": "อำเภอทัพทัน", "office": "สาขาเมือง", "branch_code": "61000000", "name_short": "None", "price_new": 250, "price_old": 150, "width_m": 4, "pt_i": 1 }, "geometry": { "type": "Point", "coordinates": [ 99.829051834408745, 15.4668069691303 ] } },
{ "type": "Feature", "properties": { "road_key": "61000000ST132", "road_name": "ถนนบ้านหนองกระทุ่ม", "road_no": "0", "aumpher": "อำเภอทัพทัน", "office": "สาขาเมือง", "branch_code": "61000000", "name_short": "None", "price_new": 250, "price_old": 150, "width_m": 4, "pt_i": 2 }, "geometry": { "type": "Point", "coordinates": [ 99.829495129461733, 15.467676530861064 ] } },
{ "type": "Feature", "properties": { "road_key": "61000000ST132", "road_name": "ถนนบ้านหนองกระทุ่ม", "road_no": "0", "aumpher": "อำเภอทัพทัน", "office": "สาขาเมือง", "branch_code": "61000000", "name_short": "None", "price_new": 250, "price_old": 150, "width_m": 4, "pt_i": 3 }, "geometry": { "type": "Point", "coordinates": [ 99.830440419969975, 15.468256066640631 ] } },
{ "type": "Feature", "properties": { "road_key": "61000000ST132", "road_name": "ถนนบ้านหนองกระทุ่ม", "road_no": "0", "aumpher": "อำเภอทัพทัน", "office": "สาขาเมือง", "branch_code": "61000000", "name_short": "None", "price_new": 250, "price_old": 150, "width_m": 4, "pt_i": 4 }, "geometry": { "type": "Point", "coordinates": [ 99.831380917789886, 15.468791219073182 ] } },
{ "type": "Feature", "properties": { "road_key": "61000000ST132", "road_name": "ถนนบ้านหนองกระทุ่ม", "road_no": "0", "aumpher": "อำเภอทัพทัน", "office": "สาขาเมือง", "branch_code": "61000000", "name_short": "None", "price_new": 250, "price_old": 150, "width_m": 4, "pt_i": 5 }, "geometry": { "type": "Point", "coordinates": [ 99.832120429007531, 15.469605116465903 ] } },
{ "type": "Feature", "properties": { "road_key": "61000000ST132", "road_name": "ถนนบ้านหนองกระทุ่ม", "road_no": "0", "aumpher": "อำเภอทัพทัน", "office": "สาขาเมือง", "branch_code": "61000000", "name_short": "None", "price_new": 250, "price_old": 150, "width_m": 4, "pt_i": 6 }, "geometry": { "type": "Point", "coordinates": [ 99.832848101784847, 15.470428634519545 ] } },
{ "type": "Feature", "properties": { "road_key": "61000000ST132", "road_name": "ถนนบ้านหนองกระทุ่ม", "road_no": "0", "aumpher": "อำเภอทัพทัน", "office": "สาขาเมือง", "branch_code": "61000000", "name_short": "None", "price_new": 250, "price_old": 150, "width_m": 4, "pt_i": 7 }, "geometry": { "type": "Point", "coordinates": [ 99.833585791301999, 15.47124112652212 ] } },
{ "type": "Feature", "properties": { "road_key": "61000000ST132", "road_name": "ถนนบ้านหนองกระทุ่ม", "road_no": "0", "aumpher": "อำเภอทัพทัน", "office": "สาขาเมือง", "branch_code": "61000000", "name_short": "None", "price_new": 250, "price_old": 150, "width_m": 4, "pt_i": 8 }, "geometry": { "type": "Point", "coordinates": [ 99.833886542725566, 15.472159338374627 ] } },
{ "type": "Feature", "properties": { "road_key": "61000000ST132", "road_name": "ถนนบ้านหนองกระทุ่ม", "road_no": "0", "aumpher": "อำเภอทัพทัน", "office": "สาขาเมือง", "branch_code": "61000000", "name_short": "None", "price_new": 250, "price_old": 150, "width_m": 4, "pt_i": 9 }, "geometry": { "type": "Point", "coordinates": [ 99.834848235756525, 15.472642438572935 ] } },
{ "type": "Feature", "properties": { "road_key": "61000000ST132", "road_name": "ถนนบ้านหนองกระทุ่ม", "road_no": "0", "aumpher": "อำเภอทัพทัน", "office": "สาขาเมือง", "branch_code": "61000000", "name_short": "None", "price_new": 250, "price_old": 150, "width_m": 4, "pt_i": 10 }, "geometry": { "type": "Point", "coordinates": [ 99.835715971133794, 15.473323529792173 ] } },
{ "type": "Feature", "properties": { "road_key": "61000000ST132", "road_name": "ถนนบ้านหนองกระทุ่ม", "road_no": "0", "aumpher": "อำเภอทัพทัน", "office": "สาขาเมือง", "branch_code": "61000000", "name_short": "None", "price_new": 250, "price_old": 150, "width_m": 4, "pt_i": 11 }, "geometry": { "type": "Point", "coordinates": [ 99.836644213021287, 15.473763733640808 ] } },
{ "type": "Feature", "properties": { "road_key": "61000000ST132", "road_name": "ถนนบ้านหนองกระทุ่ม", "road_no": "0", "aumpher": "อำเภอทัพทัน", "office": "สาขาเมือง", "branch_code": "61000000", "name_short": "None", "price_new": 250, "price_old": 150, "width_m": 4, "pt_i": 12 }, "geometry": { "type": "Point", "coordinates": [ 99.837713504701384, 15.47406101842927 ] } },
{ "type": "Feature", "properties": { "road_key": "61000000ST132", "road_name": "ถนนบ้านหนองกระทุ่ม", "road_no": "0", "aumpher": "อำเภอทัพทัน", "office": "สาขาเมือง", "branch_code": "61000000", "name_short": "None", "price_new": 250, "price_old": 150, "width_m": 4, "pt_i": 13 }, "geometry": { "type": "Point", "coordinates": [ 99.83880109800657, 15.474311781399237 ] } },
{ "type": "Feature", "properties": { "road_key": "61000000ST132", "road_name": "ถนนบ้านหนองกระทุ่ม", "road_no": "0", "aumpher": "อำเภอทัพทัน", "office": "สาขาเมือง", "branch_code": "61000000", "name_short": "None", "price_new": 250, "price_old": 150, "width_m": 4, "pt_i": 14 }, "geometry": { "type": "Point", "coordinates": [ 99.83913954744753, 15.475214031352856 ] } },
{ "type": "Feature", "properties": { "road_key": "61000000ST132", "road_name": "ถนนบ้านหนองกระทุ่ม", "road_no": "0", "aumpher": "อำเภอทัพทัน", "office": "สาขาเมือง", "branch_code": "61000000", "name_short": "None", "price_new": 250, "price_old": 150, "width_m": 4, "pt_i": 15 }, "geometry": { "type": "Point", "coordinates": [ 99.839245501995222, 15.476288469094719 ] } },
{ "type": "Feature", "properties": { "road_key": "61000000ST132", "road_name": "ถนนบ้านหนองกระทุ่ม", "road_no": "0", "aumpher": "อำเภอทัพทัน", "office": "สาขาเมือง", "branch_code": "61000000", "name_short": "None", "price_new": 250, "price_old": 150, "width_m": 4, "pt_i": 16 }, "geometry": { "type": "Point", "coordinates": [ 99.839794184491424, 15.477205785748129 ] } },
{ "type": "Feature", "properties": { "road_key": "61000000ST132", "road_name": "ถนนบ้านหนองกระทุ่ม", "road_no": "0", "aumpher": "อำเภอทัพทัน", "office": "สาขาเมือง", "branch_code": "61000000", "name_short": "None", "price_new": 250, "price_old": 150, "width_m": 4, "pt_i": 17 }, "geometry": { "type": "Point", "coordinates": [ 99.840372492227672, 15.478125279292758 ] } },
{ "type": "Feature", "properties": { "road_key": "61000000ST132", "road_name": "ถนนบ้านหนองกระทุ่ม", "road_no": "0", "aumpher": "อำเภอทัพทัน", "office": "สาขาเมือง", "branch_code": "61000000", "name_short": "None", "price_new": 250, "price_old": 150, "width_m": 4, "pt_i": 18 }, "geometry": { "type": "Point", "coordinates": [ 99.840967576237603, 15.479003113919717 ] } },
{ "type": "Feature", "properties": { "road_key": "61000000ST138", "road_name": "ถนนสายบ้านเขาขี้ฝอย", "road_no": "0", "aumpher": "อำเภอทัพทัน", "office": "สาขาเมือง", "branch_code": "61000000", "name_short": "None", "price_new": 250, "price_old": 150, "width_m": 4, "pt_i": 0 }, "geometry": { "type": "Point", "coordinates": [ 99.937021247121237, 15.474995618699511 ] } },
{ "type": "Feature", "properties": { "road_key": "61000000ST138", "road_name": "ถนนสายบ้านเขาขี้ฝอย", "road_no": "0", "aumpher": "อำเภอทัพทัน", "office": "สาขาเมือง", "branch_code": "61000000", "name_short": "None", "price_new": 250, "price_old": 150, "width_m": 4, "pt_i": 1 }, "geometry": { "type": "Point", "coordinates": [ 99.936432004780215, 15.474082827445116 ] } },
{ "type": "Feature", "properties": { "road_key": "61000000ST138", "road_name": "ถนนสายบ้านเขาขี้ฝอย", "road_no": "0", "aumpher": "อำเภอทัพทัน", "office": "สาขาเมือง", "branch_code": "61000000", "name_short": "None", "price_new": 250, "price_old": 150, "width_m": 4, "pt_i": 2 }, "geometry": { "type": "Point", "coordinates": [ 99.935799836215608, 15.473187917684559 ] } },
{ "type": "Feature", "properties": { "road_key": "61000000ST138", "road_name": "ถนนสายบ้านเขาขี้ฝอย", "road_no": "0", "aumpher": "อำเภอทัพทัน", "office": "สาขาเมือง", "branch_code": "61000000", "name_short": "None", "price_new": 250, "price_old": 150, "width_m": 4, "pt_i": 3 }, "geometry": { "type": "Point", "coordinates": [ 99.93515067156045, 15.472304784889918 ] } },
{ "type": "Feature", "properties": { "road_key": "61000000ST138", "road_name": "ถนนสายบ้านเขาขี้ฝอย", "road_no": "0", "aumpher": "อำเภอทัพทัน", "office": "สาขาเมือง", "branch_code": "61000000", "name_short": "None", "price_new": 250, "price_old": 150, "width_m": 4, "pt_i": 4 }, "geometry": { "type": "Point", "coordinates": [ 99.934658344393668, 15.471334619100022 ] } },
{ "type": "Feature", "properties": { "road_key": "61000000ST138", "road_name": "ถนนสายบ้านเขาขี้ฝอย", "road_no": "0", "aumpher": "อำเภอทัพทัน", "office": "สาขาเมือง", "branch_code": "61000000", "name_short": "None", "price_new": 250, "price_old": 150, "width_m": 4, "pt_i": 5 }, "geometry": { "type": "Point", "coordinates": [ 99.934211789710972, 15.470340048097725 ] } },
{ "type": "Feature", "properties": { "road_key": "61000000ST138", "road_name": "ถนนสายบ้านเขาขี้ฝอย", "road_no": "0", "aumpher": "อำเภอทัพทัน", "office": "สาขาเมือง", "branch_code": "61000000", "name_short": "None", "price_new": 250, "price_old": 150, "width_m": 4, "pt_i": 6 }, "geometry": { "type": "Point", "coordinates": [ 99.933765959068594, 15.469345172421091 ] } },
{ "type": "Feature", "properties": { "road_key": "61000000ST138", "road_name": "ถนนสายบ้านเขาขี้ฝอย", "road_no": "0", "aumpher": "อำเภอทัพทัน", "office": "สาขาเมือง", "branch_code": "61000000", "name_short": "None", "price_new": 250, "price_old": 150, "width_m": 4, "pt_i": 7 }, "geometry": { "type": "Point", "coordinates": [ 99.933320432961466, 15.468350169002273 ] } },
{ "type": "Feature", "properties": { "road_key": "61000000ST138", "road_name": "ถนนสายบ้านเขาขี้ฝอย", "road_no": "0", "aumpher": "อำเภอทัพทัน", "office": "สาขาเมือง", "branch_code": "61000000", "name_short": "None", "price_new": 250, "price_old": 150, "width_m": 4, "pt_i": 8 }, "geometry": { "type": "Point", "coordinates": [ 99.932875046118298, 15.467355107611207 ] } },
{ "type": "Feature", "properties": { "road_key": "61000000ST138", "road_name": "ถนนสายบ้านเขาขี้ฝอย", "road_no": "0", "aumpher": "อำเภอทัพทัน", "office": "สาขาเมือง", "branch_code": "61000000", "name_short": "None", "price_new": 250, "price_old": 150, "width_m": 4, "pt_i": 9 }, "geometry": { "type": "Point", "coordinates": [ 99.932429663757262, 15.466360045000972 ] } },
{ "type": "Feature", "properties": { "road_key": "61000000ST143", "road_name": "ถนนสายบ้านชุมยาง-บ้านสาลี", "road_no": "0", "aumpher": "อำเภอทัพทัน", "office": "สาขาเมือง", "branch_code": "61000000", "name_short": "None", "price_new": 250, "price_old": 200, "width_m": 4, "pt_i": 0 }, "geometry": { "type": "Point", "coordinates": [ 99.693812322863451, 15.484980174489188 ] } },
{ "type": "Feature", "properties": { "road_key": "61000000ST143", "road_name": "ถนนสายบ้านชุมยาง-บ้านสาลี", "road_no": "0", "aumpher": "อำเภอทัพทัน", "office": "สาขาเมือง", "branch_code": "61000000", "name_short": "None", "price_new": 250, "price_old": 200, "width_m": 4, "pt_i": 1 }, "geometry": { "type": "Point", "coordinates": [ 99.692882027291034, 15.485546978647903 ] } },
{ "type": "Feature", "properties": { "road_key": "61000000ST143", "road_name": "ถนนสายบ้านชุมยาง-บ้านสาลี", "road_no": "0", "aumpher": "อำเภอทัพทัน", "office": "สาขาเมือง", "branch_code": "61000000", "name_short": "None", "price_new": 250, "price_old": 200, "width_m": 4, "pt_i": 2 }, "geometry": { "type": "Point", "coordinates": [ 99.692041191081714, 15.486260008600171 ] } },
{ "type": "Feature", "properties": { "road_key": "61000000ST143", "road_name": "ถนนสายบ้านชุมยาง-บ้านสาลี", "road_no": "0", "aumpher": "อำเภอทัพทัน", "office": "สาขาเมือง", "branch_code": "61000000", "name_short": "None", "price_new": 250, "price_old": 200, "width_m": 4, "pt_i": 3 }, "geometry": { "type": "Point", "coordinates": [ 99.69112077280576, 15.486721174395292 ] } },
{ "type": "Feature", "properties": { "road_key": "61000000ST143", "road_name": "ถนนสายบ้านชุมยาง-บ้านสาลี", "road_no": "0", "aumpher": "อำเภอทัพทัน", "office": "สาขาเมือง", "branch_code": "61000000", "name_short": "None", "price_new": 250, "price_old": 200, "width_m": 4, "pt_i": 4 }, "geometry": { "type": "Point", "coordinates": [ 99.690016277373431, 15.486605792079287 ] } },
{ "type": "Feature", "properties": { "road_key": "61000000ST143", "road_name": "ถนนสายบ้านชุมยาง-บ้านสาลี", "road_no": "0", "aumpher": "อำเภอทัพทัน", "office": "สาขาเมือง", "branch_code": "61000000", "name_short": "None", "price_new": 250, "price_old": 200, "width_m": 4, "pt_i": 5 }, "geometry": { "type": "Point", "coordinates": [ 99.688906554909408, 15.48659299674749 ] } },
{ "type": "Feature", "properties": { "road_key": "61000000ST143", "road_name": "ถนนสายบ้านชุมยาง-บ้านสาลี", "road_no": "0", "aumpher": "อำเภอทัพทัน", "office": "สาขาเมือง", "branch_code": "61000000", "name_short": "None", "price_new": 250, "price_old": 200, "width_m": 4, "pt_i": 6 }, "geometry": { "type": "Point", "coordinates": [ 99.687789794412112, 15.486530110636183 ] } },
{ "type": "Feature", "properties": { "road_key": "61000000ST143", "road_name": "ถนนสายบ้านชุมยาง-บ้านสาลี", "road_no": "0", "aumpher": "อำเภอทัพทัน", "office": "สาขาเมือง", "branch_code": "61000000", "name_short": "None", "price_new": 250, "price_old": 200, "width_m": 4, "pt_i": 7 }, "geometry": { "type": "Point", "coordinates": [ 99.686675789033117, 15.486430874525617 ] } },
{ "type": "Feature", "properties": { "road_key": "61000000ST143", "road_name": "ถนนสายบ้านชุมยาง-บ้านสาลี", "road_no": "0", "aumpher": "อำเภอทัพทัน", "office": "สาขาเมือง", "branch_code": "61000000", "name_short": "None", "price_new": 250, "price_old": 200, "width_m": 4, "pt_i": 8 }, "geometry": { "type": "Point", "coordinates": [ 99.68556019892992, 15.486351528152605 ] } },
{ "type": "Feature", "properties": { "road_key": "61000000ST143", "road_name": "ถนนสายบ้านชุมยาง-บ้านสาลี", "road_no": "0", "aumpher": "อำเภอทัพทัน", "office": "สาขาเมือง", "branch_code": "61000000", "name_short": "None", "price_new": 250, "price_old": 200, "width_m": 4, "pt_i": 9 }, "geometry": { "type": "Point", "coordinates": [ 99.684442391520562, 15.486370058968324 ] } },
{ "type": "Feature", "properties": { "road_key": "61000000ST143", "road_name": "ถนนสายบ้านชุมยาง-บ้านสาลี", "road_no": "0", "aumpher": "อำเภอทัพทัน", "office": "สาขาเมือง", "branch_code": "61000000", "name_short": "None", "price_new": 250, "price_old": 200, "width_m": 4, "pt_i": 10 }, "geometry": { "type": "Point", "coordinates": [ 99.683333714714351, 15.486485162652682 ] } },
{ "type": "Feature", "properties": { "road_key": "61000000ST143", "road_name": "ถนนสายบ้านชุมยาง-บ้านสาลี", "road_no": "0", "aumpher": "อำเภอทัพทัน", "office": "สาขาเมือง", "branch_code": "61000000", "name_short": "None", "price_new": 250, "price_old": 200, "width_m": 4, "pt_i": 11 }, "geometry": { "type": "Point", "coordinates": [ 99.682264960465503, 15.486804851964632 ] } },
{ "type": "Feature", "properties": { "road_key": "61000000ST143", "road_name": "ถนนสายบ้านชุมยาง-บ้านสาลี", "road_no": "0", "aumpher": "อำเภอทัพทัน", "office": "สาขาเมือง", "branch_code": "61000000", "name_short": "None", "price_new": 250, "price_old": 200, "width_m": 4, "pt_i": 12 }, "geometry": { "type": "Point", "coordinates": [ 99.681197928199865, 15.487130704245949 ] } },
{ "type": "Feature", "properties": { "road_key": "61000000ST143", "road_name": "ถนนสายบ้านชุมยาง-บ้านสาลี", "road_no": "0", "aumpher": "อำเภอทัพทัน", "office": "สาขาเมือง", "branch_code": "61000000", "name_short": "None", "price_new": 250, "price_old": 200, "width_m": 4, "pt_i": 13 }, "geometry": { "type": "Point", "coordinates": [ 99.680134530487535, 15.487467574111058 ] } },
{ "type": "Feature", "properties": { "road_key": "61000000ST143", "road_name": "ถนนสายบ้านชุมยาง-บ้านสาลี", "road_no": "0", "aumpher": "อำเภอทัพทัน", "office": "สาขาเมือง", "branch_code": "61000000", "name_short": "None", "price_new": 250, "price_old": 200, "width_m": 4, "pt_i": 14 }, "geometry": { "type": "Point", "coordinates": [ 99.67907013984815, 15.487801477865654 ] } },
{ "type": "Feature", "properties": { "road_key": "61000000ST143", "road_name": "ถนนสายบ้านชุมยาง-บ้านสาลี", "road_no": "0", "aumpher": "อำเภอทัพทัน", "office": "สาขาเมือง", "branch_code": "61000000", "name_short": "None", "price_new": 250, "price_old": 200, "width_m": 4, "pt_i": 15 }, "geometry": { "type": "Point", "coordinates": [ 99.678022048540143, 15.488177778629915 ] } },
{ "type": "Feature", "properties": { "road_key": "61000000ST143", "road_name": "ถนนสายบ้านชุมยาง-บ้านสาลี", "road_no": "0", "aumpher": "อำเภอทัพทัน", "office": "สาขาเมือง", "branch_code": "61000000", "name_short": "None", "price_new": 250, "price_old": 200, "width_m": 4, "pt_i": 16 }, "geometry": { "type": "Point", "coordinates": [ 99.676989295362063, 15.488594752148815 ] } },
{ "type": "Feature", "properties": { "road_key": "61000000ST143", "road_name": "ถนนสายบ้านชุมยาง-บ้านสาลี", "road_no": "0", "aumpher": "อำเภอทัพทัน", "office": "สาขาเมือง", "branch_code": "61000000", "name_short": "None", "price_new": 250, "price_old": 200, "width_m": 4, "pt_i": 17 }, "geometry": { "type": "Point", "coordinates": [ 99.675938265701959, 15.488959291258077 ] } },
{ "type": "Feature", "properties": { "road_key": "61000000ST143", "road_name": "ถนนสายบ้านชุมยาง-บ้านสาลี", "road_no": "0", "aumpher": "อำเภอทัพทัน", "office": "สาขาเมือง", "branch_code": "61000000", "name_short": "None", "price_new": 250, "price_old": 200, "width_m": 4, "pt_i": 18 }, "geometry": { "type": "Point", "coordinates": [ 99.674824615544992, 15.488897386851502 ] } },
{ "type": "Feature", "properties": { "road_key": "61000000ST143", "road_name": "ถนนสายบ้านชุมยาง-บ้านสาลี", "road_no": "0", "aumpher": "อำเภอทัพทัน", "office": "สาขาเมือง", "branch_code": "61000000", "name_short": "None", "price_new": 250, "price_old": 200, "width_m": 4, "pt_i": 19 }, "geometry": { "type": "Point", "coordinates": [ 99.673715605181656, 15.488754832918575 ] } },
{ "type": "Feature", "properties": { "road_key": "61000000ST143", "road_name": "ถนนสายบ้านชุมยาง-บ้านสาลี", "road_no": "0", "aumpher": "อำเภอทัพทัน", "office": "สาขาเมือง", "branch_code": "61000000", "name_short": "None", "price_new": 250, "price_old": 200, "width_m": 4, "pt_i": 20 }, "geometry": { "type": "Point", "coordinates": [ 99.672606379396512, 15.488613929525568 ] } },
{ "type": "Feature", "properties": { "road_key": "61000000ST143", "road_name": "ถนนสายบ้านชุมยาง-บ้านสาลี", "road_no": "0", "aumpher": "อำเภอทัพทัน", "office": "สาขาเมือง", "branch_code": "61000000", "name_short": "None", "price_new": 250, "price_old": 200, "width_m": 4, "pt_i": 21 }, "geometry": { "type": "Point", "coordinates": [ 99.671495286414299, 15.488487853826193 ] } },
{ "type": "Feature", "properties": { "road_key": "61000000ST143", "road_name": "ถนนสายบ้านชุมยาง-บ้านสาลี", "road_no": "0", "aumpher": "อำเภอทัพทัน", "office": "สาขาเมือง", "branch_code": "61000000", "name_short": "None", "price_new": 250, "price_old": 200, "width_m": 4, "pt_i": 22 }, "geometry": { "type": "Point", "coordinates": [ 99.670379832800705, 15.4884504541272 ] } },
{ "type": "Feature", "properties": { "road_key": "61000000ST143", "road_name": "ถนนสายบ้านชุมยาง-บ้านสาลี", "road_no": "0", "aumpher": "อำเภอทัพทัน", "office": "สาขาเมือง", "branch_code": "61000000", "name_short": "None", "price_new": 250, "price_old": 200, "width_m": 4, "pt_i": 23 }, "geometry": { "type": "Point", "coordinates": [ 99.669390013401681, 15.488894662844743 ] } },
{ "type": "Feature", "properties": { "road_key": "61000000ST143", "road_name": "ถนนสายบ้านชุมยาง-บ้านสาลี", "road_no": "0", "aumpher": "อำเภอทัพทัน", "office": "สาขาเมือง", "branch_code": "61000000", "name_short": "None", "price_new": 250, "price_old": 200, "width_m": 4, "pt_i": 24 }, "geometry": { "type": "Point", "coordinates": [ 99.668649979619104, 15.489673690744299 ] } },
{ "type": "Feature", "properties": { "road_key": "61000000ST143", "road_name": "ถนนสายบ้านชุมยาง-บ้านสาลี", "road_no": "0", "aumpher": "อำเภอทัพทัน", "office": "สาขาเมือง", "branch_code": "61000000", "name_short": "None", "price_new": 250, "price_old": 200, "width_m": 4, "pt_i": 25 }, "geometry": { "type": "Point", "coordinates": [ 99.668227649901084, 15.490678179351049 ] } },
{ "type": "Feature", "properties": { "road_key": "61000000ST143", "road_name": "ถนนสายบ้านชุมยาง-บ้านสาลี", "road_no": "0", "aumpher": "อำเภอทัพทัน", "office": "สาขาเมือง", "branch_code": "61000000", "name_short": "None", "price_new": 250, "price_old": 200, "width_m": 4, "pt_i": 26 }, "geometry": { "type": "Point", "coordinates": [ 99.667827567081062, 15.491691265946384 ] } },
{ "type": "Feature", "properties": { "road_key": "61000000ST143", "road_name": "ถนนสายบ้านชุมยาง-บ้านสาลี", "road_no": "0", "aumpher": "อำเภอทัพทัน", "office": "สาขาเมือง", "branch_code": "61000000", "name_short": "None", "price_new": 250, "price_old": 200, "width_m": 4, "pt_i": 27 }, "geometry": { "type": "Point", "coordinates": [ 99.667309655473119, 15.4926516604545 ] } },
{ "type": "Feature", "properties": { "road_key": "61000000ST144", "road_name": "ถนนสายบ้านตะกรุด", "road_no": "0", "aumpher": "อำเภอทัพทัน", "office": "สาขาเมือง", "branch_code": "61000000", "name_short": "None", "price_new": 300, "price_old": 300, "width_m": 4, "pt_i": 0 }, "geometry": { "type": "Point", "coordinates": [ 99.825705784389839, 15.463783409285263 ] } },
{ "type": "Feature", "properties": { "road_key": "61000000ST144", "road_name": "ถนนสายบ้านตะกรุด", "road_no": "0", "aumpher": "อำเภอทัพทัน", "office": "สาขาเมือง", "branch_code": "61000000", "name_short": "None", "price_new": 300, "price_old": 300, "width_m": 4, "pt_i": 1 }, "geometry": { "type": "Point", "coordinates": [ 99.825089967144038, 15.462881331615172 ] } },
{ "type": "Feature", "properties": { "road_key": "61000000ST144", "road_name": "ถนนสายบ้านตะกรุด", "road_no": "0", "aumpher": "อำเภอทัพทัน", "office": "สาขาเมือง", "branch_code": "61000000", "name_short": "None", "price_new": 300, "price_old": 300, "width_m": 4, "pt_i": 2 }, "geometry": { "type": "Point", "coordinates": [ 99.824339925555037, 15.462077279189527 ] } },
{ "type": "Feature", "properties": { "road_key": "61000000ST144", "road_name": "ถนนสายบ้านตะกรุด", "road_no": "0", "aumpher": "อำเภอทัพทัน", "office": "สาขาเมือง", "branch_code": "61000000", "name_short": "None", "price_new": 300, "price_old": 300, "width_m": 4, "pt_i": 3 }, "geometry": { "type": "Point", "coordinates": [ 99.823415306543893, 15.461518377647282 ] } },
{ "type": "Feature", "properties": { "road_key": "61000000ST144", "road_name": "ถนนสายบ้านตะกรุด", "road_no": "0", "aumpher": "อำเภอทัพทัน", "office": "สาขาเมือง", "branch_code": "61000000", "name_short": "None", "price_new": 300, "price_old": 300, "width_m": 4, "pt_i": 4 }, "geometry": { "type": "Point", "coordinates": [ 99.822319797406621, 15.461319069545107 ] } },
{ "type": "Feature", "properties": { "road_key": "61000000ST144", "road_name": "ถนนสายบ้านตะกรุด", "road_no": "0", "aumpher": "อำเภอทัพทัน", "office": "สาขาเมือง", "branch_code": "61000000", "name_short": "None", "price_new": 300, "price_old": 300, "width_m": 4, "pt_i": 5 }, "geometry": { "type": "Point", "coordinates": [ 99.821238070963759, 15.461066120374987 ] } },
{ "type": "Feature", "properties": { "road_key": "61000000ST144", "road_name": "ถนนสายบ้านตะกรุด", "road_no": "0", "aumpher": "อำเภอทัพทัน", "office": "สาขาเมือง", "branch_code": "61000000", "name_short": "None", "price_new": 300, "price_old": 300, "width_m": 4, "pt_i": 6 }, "geometry": { "type": "Point", "coordinates": [ 99.820769092321967, 15.46040713205397 ] } },
{ "type": "Feature", "properties": { "road_key": "61000000ST144", "road_name": "ถนนสายบ้านตะกรุด", "road_no": "0", "aumpher": "อำเภอทัพทัน", "office": "สาขาเมือง", "branch_code": "61000000", "name_short": "None", "price_new": 300, "price_old": 300, "width_m": 4, "pt_i": 7 }, "geometry": { "type": "Point", "coordinates": [ 99.819833492349019, 15.460609004226264 ] } },
{ "type": "Feature", "properties": { "road_key": "61000000ST144", "road_name": "ถนนสายบ้านตะกรุด", "road_no": "0", "aumpher": "อำเภอทัพทัน", "office": "สาขาเมือง", "branch_code": "61000000", "name_short": "None", "price_new": 300, "price_old": 300, "width_m": 4, "pt_i": 8 }, "geometry": { "type": "Point", "coordinates": [ 99.819120557801696, 15.461153150089618 ] } },
{ "type": "Feature", "properties": { "road_key": "61000000ST144", "road_name": "ถนนสายบ้านตะกรุด", "road_no": "0", "aumpher": "อำเภอทัพทัน", "office": "สาขาเมือง", "branch_code": "61000000", "name_short": "None", "price_new": 300, "price_old": 300, "width_m": 4, "pt_i": 9 }, "geometry": { "type": "Point", "coordinates": [ 99.818084889693068, 15.461115759504874 ] } },
{ "type": "Feature", "properties": { "road_key": "61000000ST144", "road_name": "ถนนสายบ้านตะกรุด", "road_no": "0", "aumpher": "อำเภอทัพทัน", "office": "สาขาเมือง", "branch_code": "61000000", "name_short": "None", "price_new": 300, "price_old": 300, "width_m": 4, "pt_i": 10 }, "geometry": { "type": "Point", "coordinates": [ 99.817448828983643, 15.460224434636856 ] } },
{ "type": "Feature", "properties": { "road_key": "61000000ST145", "road_name": "ถนนสายบ้านทับทราย", "road_no": "0", "aumpher": "อำเภอทัพทัน", "office": "สาขาเมือง", "branch_code": "61000000", "name_short": "None", "price_new": 250, "price_old": 150, "width_m": 4, "pt_i": 0 }, "geometry": { "type": "Point", "coordinates": [ 99.875922631486674, 15.440028324913722 ] } },
{ "type": "Feature", "properties": { "road_key": "61000000ST145", "road_name": "ถนนสายบ้านทับทราย", "road_no": "0", "aumpher": "อำเภอทัพทัน", "office": "สาขาเมือง", "branch_code": "61000000", "name_short": "None", "price_new": 250, "price_old": 150, "width_m": 4, "pt_i": 1 }, "geometry": { "type": "Point", "coordinates": [ 99.877023874956407, 15.439839051892156 ] } },
{ "type": "Feature", "properties": { "road_key": "61000000ST145", "road_name": "ถนนสายบ้านทับทราย", "road_no": "0", "aumpher": "อำเภอทัพทัน", "office": "สาขาเมือง", "branch_code": "61000000", "name_short": "None", "price_new": 250, "price_old": 150, "width_m": 4, "pt_i": 2 }, "geometry": { "type": "Point", "coordinates": [ 99.878117092239407, 15.439837109770879 ] } },
{ "type": "Feature", "properties": { "road_key": "61000000ST145", "road_name": "ถนนสายบ้านทับทราย", "road_no": "0", "aumpher": "อำเภอทัพทัน", "office": "สาขาเมือง", "branch_code": "61000000", "name_short": "None", "price_new": 250, "price_old": 150, "width_m": 4, "pt_i": 3 }, "geometry": { "type": "Point", "coordinates": [ 99.879155209454694, 15.440240691529702 ] } },
{ "type": "Feature", "properties": { "road_key": "61000000ST145", "road_name": "ถนนสายบ้านทับทราย", "road_no": "0", "aumpher": "อำเภอทัพทัน", "office": "สาขาเมือง", "branch_code": "61000000", "name_short": "None", "price_new": 250, "price_old": 150, "width_m": 4, "pt_i": 4 }, "geometry": { "type": "Point", "coordinates": [ 99.880265063760092, 15.440218456978439 ] } },
{ "type": "Feature", "properties": { "road_key": "61000000ST145", "road_name": "ถนนสายบ้านทับทราย", "road_no": "0", "aumpher": "อำเภอทัพทัน", "office": "สาขาเมือง", "branch_code": "61000000", "name_short": "None", "price_new": 250, "price_old": 150, "width_m": 4, "pt_i": 5 }, "geometry": { "type": "Point", "coordinates": [ 99.881325098726364, 15.439918426009143 ] } },
{ "type": "Feature", "properties": { "road_key": "61000000ST145", "road_name": "ถนนสายบ้านทับทราย", "road_no": "0", "aumpher": "อำเภอทัพทัน", "office": "สาขาเมือง", "branch_code": "61000000", "name_short": "None", "price_new": 250, "price_old": 150, "width_m": 4, "pt_i": 6 }, "geometry": { "type": "Point", "coordinates": [ 99.882329115946803, 15.439469611496305 ] } },
{ "type": "Feature", "properties": { "road_key": "61000000ST145", "road_name": "ถนนสายบ้านทับทราย", "road_no": "0", "aumpher": "อำเภอทัพทัน", "office": "สาขาเมือง", "branch_code": "61000000", "name_short": "None", "price_new": 250, "price_old": 150, "width_m": 4, "pt_i": 7 }, "geometry": { "type": "Point", "coordinates": [ 99.883386962977667, 15.439585736544982 ] } },
{ "type": "Feature", "properties": { "road_key": "61000000ST145", "road_name": "ถนนสายบ้านทับทราย", "road_no": "0", "aumpher": "อำเภอทัพทัน", "office": "สาขาเมือง", "branch_code": "61000000", "name_short": "None", "price_new": 250, "price_old": 150, "width_m": 4, "pt_i": 8 }, "geometry": { "type": "Point", "coordinates": [ 99.884425817855785, 15.439225751498521 ] } },
{ "type": "Feature", "properties": { "road_key": "61000000ST145", "road_name": "ถนนสายบ้านทับทราย", "road_no": "0", "aumpher": "อำเภอทัพทัน", "office": "สาขาเมือง", "branch_code": "61000000", "name_short": "None", "price_new": 250, "price_old": 150, "width_m": 4, "pt_i": 9 }, "geometry": { "type": "Point", "coordinates": [ 99.885331026235605, 15.438590904487207 ] } },
{ "type": "Feature", "properties": { "road_key": "61000000ST145", "road_name": "ถนนสายบ้านทับทราย", "road_no": "0", "aumpher": "อำเภอทัพทัน", "office": "สาขาเมือง", "branch_code": "61000000", "name_short": "None", "price_new": 250, "price_old": 150, "width_m": 4, "pt_i": 10 }, "geometry": { "type": "Point", "coordinates": [ 99.886358655526806, 15.438312741706213 ] } },
{ "type": "Feature", "properties": { "road_key": "61000000ST145", "road_name": "ถนนสายบ้านทับทราย", "road_no": "0", "aumpher": "อำเภอทัพทัน", "office": "สาขาเมือง", "branch_code": "61000000", "name_short": "None", "price_new": 250, "price_old": 150, "width_m": 4, "pt_i": 11 }, "geometry": { "type": "Point", "coordinates": [ 99.887423818347102, 15.43802005071311 ] } },
{ "type": "Feature", "properties": { "road_key": "61000000ST145", "road_name": "ถนนสายบ้านทับทราย", "road_no": "0", "aumpher": "อำเภอทัพทัน", "office": "สาขาเมือง", "branch_code": "61000000", "name_short": "None", "price_new": 250, "price_old": 150, "width_m": 4, "pt_i": 12 }, "geometry": { "type": "Point", "coordinates": [ 99.888483417425491, 15.437673003909694 ] } },
{ "type": "Feature", "properties": { "road_key": "61000000ST145", "road_name": "ถนนสายบ้านทับทราย", "road_no": "0", "aumpher": "อำเภอทัพทัน", "office": "สาขาเมือง", "branch_code": "61000000", "name_short": "None", "price_new": 250, "price_old": 150, "width_m": 4, "pt_i": 13 }, "geometry": { "type": "Point", "coordinates": [ 99.88956992891049, 15.437883266494531 ] } },
{ "type": "Feature", "properties": { "road_key": "61000000ST145", "road_name": "ถนนสายบ้านทับทราย", "road_no": "0", "aumpher": "อำเภอทัพทัน", "office": "สาขาเมือง", "branch_code": "61000000", "name_short": "None", "price_new": 250, "price_old": 150, "width_m": 4, "pt_i": 14 }, "geometry": { "type": "Point", "coordinates": [ 99.890672800204101, 15.438052912258163 ] } },
{ "type": "Feature", "properties": { "road_key": "61000000ST145", "road_name": "ถนนสายบ้านทับทราย", "road_no": "0", "aumpher": "อำเภอทัพทัน", "office": "สาขาเมือง", "branch_code": "61000000", "name_short": "None", "price_new": 250, "price_old": 150, "width_m": 4, "pt_i": 15 }, "geometry": { "type": "Point", "coordinates": [ 99.891775967347883, 15.438215140587898 ] } },
{ "type": "Feature", "properties": { "road_key": "61000000ST145", "road_name": "ถนนสายบ้านทับทราย", "road_no": "0", "aumpher": "อำเภอทัพทัน", "office": "สาขาเมือง", "branch_code": "61000000", "name_short": "None", "price_new": 250, "price_old": 150, "width_m": 4, "pt_i": 16 }, "geometry": { "type": "Point", "coordinates": [ 99.892874311519023, 15.438419151675724 ] } },
{ "type": "Feature", "properties": { "road_key": "61000000ST145", "road_name": "ถนนสายบ้านทับทราย", "road_no": "0", "aumpher": "อำเภอทัพทัน", "office": "สาขาเมือง", "branch_code": "61000000", "name_short": "None", "price_new": 250, "price_old": 150, "width_m": 4, "pt_i": 17 }, "geometry": { "type": "Point", "coordinates": [ 99.893979654381184, 15.438583320053233 ] } },
{ "type": "Feature", "properties": { "road_key": "61000000ST145", "road_name": "ถนนสายบ้านทับทราย", "road_no": "0", "aumpher": "อำเภอทัพทัน", "office": "สาขาเมือง", "branch_code": "61000000", "name_short": "None", "price_new": 250, "price_old": 150, "width_m": 4, "pt_i": 18 }, "geometry": { "type": "Point", "coordinates": [ 99.895081311741265, 15.438763300506151 ] } },
{ "type": "Feature", "properties": { "road_key": "61000000ST145", "road_name": "ถนนสายบ้านทับทราย", "road_no": "0", "aumpher": "อำเภอทัพทัน", "office": "สาขาเมือง", "branch_code": "61000000", "name_short": "None", "price_new": 250, "price_old": 150, "width_m": 4, "pt_i": 19 }, "geometry": { "type": "Point", "coordinates": [ 99.896175592374348, 15.438981346021674 ] } },
{ "type": "Feature", "properties": { "road_key": "61000000ST145", "road_name": "ถนนสายบ้านทับทราย", "road_no": "0", "aumpher": "อำเภอทัพทัน", "office": "สาขาเมือง", "branch_code": "61000000", "name_short": "None", "price_new": 250, "price_old": 150, "width_m": 4, "pt_i": 20 }, "geometry": { "type": "Point", "coordinates": [ 99.897255985963412, 15.439261698543591 ] } },
{ "type": "Feature", "properties": { "road_key": "61000000ST145", "road_name": "ถนนสายบ้านทับทราย", "road_no": "0", "aumpher": "อำเภอทัพทัน", "office": "สาขาเมือง", "branch_code": "61000000", "name_short": "None", "price_new": 250, "price_old": 150, "width_m": 4, "pt_i": 21 }, "geometry": { "type": "Point", "coordinates": [ 99.898337550107584, 15.439537709835079 ] } },
{ "type": "Feature", "properties": { "road_key": "61000000ST145", "road_name": "ถนนสายบ้านทับทราย", "road_no": "0", "aumpher": "อำเภอทัพทัน", "office": "สาขาเมือง", "branch_code": "61000000", "name_short": "None", "price_new": 250, "price_old": 150, "width_m": 4, "pt_i": 22 }, "geometry": { "type": "Point", "coordinates": [ 99.899423664285976, 15.439795912900143 ] } },
{ "type": "Feature", "properties": { "road_key": "61000000ST157", "road_name": "ถนนสายบ้านหนองกระโดนรี", "road_no": "0", "aumpher": "อำเภอทัพทัน", "office": "สาขาเมือง", "branch_code": "61000000", "name_short": "None", "price_new": 250, "price_old": 150, "width_m": 4, "pt_i": 0 }, "geometry": { "type": "Point", "coordinates": [ 99.866607810684926, 15.443953834969189 ] } },
{ "type": "Feature", "properties": { "road_key": "61000000ST157", "road_name": "ถนนสายบ้านหนองกระโดนรี", "road_no": "0", "aumpher": "อำเภอทัพทัน", "office": "สาขาเมือง", "branch_code": "61000000", "name_short": "None", "price_new": 250, "price_old": 150, "width_m": 4, "pt_i": 1 }, "geometry": { "type": "Point", "coordinates": [ 99.866178089774849, 15.444955357200056 ] } },
{ "type": "Feature", "properties": { "road_key": "61000000ST157", "road_name": "ถนนสายบ้านหนองกระโดนรี", "road_no": "0", "aumpher": "อำเภอทัพทัน", "office": "สาขาเมือง", "branch_code": "61000000", "name_short": "None", "price_new": 250, "price_old": 150, "width_m": 4, "pt_i": 2 }, "geometry": { "type": "Point", "coordinates": [ 99.865713485361951, 15.445941874357468 ] } },
{ "type": "Feature", "properties": { "road_key": "61000000ST157", "road_name": "ถนนสายบ้านหนองกระโดนรี", "road_no": "0", "aumpher": "อำเภอทัพทัน", "office": "สาขาเมือง", "branch_code": "61000000", "name_short": "None", "price_new": 250, "price_old": 150, "width_m": 4, "pt_i": 3 }, "geometry": { "type": "Point", "coordinates": [ 99.865236555396024, 15.446923090323773 ] } },
{ "type": "Feature", "properties": { "road_key": "61000000ST157", "road_name": "ถนนสายบ้านหนองกระโดนรี", "road_no": "0", "aumpher": "อำเภอทัพทัน", "office": "สาขาเมือง", "branch_code": "61000000", "name_short": "None", "price_new": 250, "price_old": 150, "width_m": 4, "pt_i": 4 }, "geometry": { "type": "Point", "coordinates": [ 99.864729964322876, 15.4478900187991 ] } },
{ "type": "Feature", "properties": { "road_key": "61000000ST157", "road_name": "ถนนสายบ้านหนองกระโดนรี", "road_no": "0", "aumpher": "อำเภอทัพทัน", "office": "สาขาเมือง", "branch_code": "61000000", "name_short": "None", "price_new": 250, "price_old": 150, "width_m": 4, "pt_i": 5 }, "geometry": { "type": "Point", "coordinates": [ 99.864294680294336, 15.44888814907905 ] } },
{ "type": "Feature", "properties": { "road_key": "61000000ST157", "road_name": "ถนนสายบ้านหนองกระโดนรี", "road_no": "0", "aumpher": "อำเภอทัพทัน", "office": "สาขาเมือง", "branch_code": "61000000", "name_short": "None", "price_new": 250, "price_old": 150, "width_m": 4, "pt_i": 6 }, "geometry": { "type": "Point", "coordinates": [ 99.863702009380432, 15.449805137039665 ] } },
{ "type": "Feature", "properties": { "road_key": "61000000ST157", "road_name": "ถนนสายบ้านหนองกระโดนรี", "road_no": "0", "aumpher": "อำเภอทัพทัน", "office": "สาขาเมือง", "branch_code": "61000000", "name_short": "None", "price_new": 250, "price_old": 150, "width_m": 4, "pt_i": 7 }, "geometry": { "type": "Point", "coordinates": [ 99.863062072859421, 15.450694335517069 ] } },
{ "type": "Feature", "properties": { "road_key": "61000000ST157", "road_name": "ถนนสายบ้านหนองกระโดนรี", "road_no": "0", "aumpher": "อำเภอทัพทัน", "office": "สาขาเมือง", "branch_code": "61000000", "name_short": "None", "price_new": 250, "price_old": 150, "width_m": 4, "pt_i": 8 }, "geometry": { "type": "Point", "coordinates": [ 99.862718438155909, 15.451722611358845 ] } },
{ "type": "Feature", "properties": { "road_key": "61000000ST160.1", "road_name": "ถนนสายบ้านหนองเทียน-บ้านเขาน้อย ช่วงที่ 1", "road_no": "0", "aumpher": "อำเภอทัพทัน", "office": "สาขาเมือง", "branch_code": "61000000", "name_short": "None", "price_new": 300, "price_old": 200, "width_m": 4, "pt_i": 0 }, "geometry": { "type": "Point", "coordinates": [ 99.902428704369953, 15.530432188366222 ] } },
{ "type": "Feature", "properties": { "road_key": "61000000ST160.1", "road_name": "ถนนสายบ้านหนองเทียน-บ้านเขาน้อย ช่วงที่ 1", "road_no": "0", "aumpher": "อำเภอทัพทัน", "office": "สาขาเมือง", "branch_code": "61000000", "name_short": "None", "price_new": 300, "price_old": 200, "width_m": 4, "pt_i": 1 }, "geometry": { "type": "Point", "coordinates": [ 99.90149177435498, 15.531023697465645 ] } },
{ "type": "Feature", "properties": { "road_key": "61000000ST160.1", "road_name": "ถนนสายบ้านหนองเทียน-บ้านเขาน้อย ช่วงที่ 1", "road_no": "0", "aumpher": "อำเภอทัพทัน", "office": "สาขาเมือง", "branch_code": "61000000", "name_short": "None", "price_new": 300, "price_old": 200, "width_m": 4, "pt_i": 2 }, "geometry": { "type": "Point", "coordinates": [ 99.900794758044356, 15.531860385289429 ] } },
{ "type": "Feature", "properties": { "road_key": "61000000ST160.2", "road_name": "ถนนสายบ้านหนองเทียน-บ้านเขาน้อย ช่วงที่ 2", "road_no": "0", "aumpher": "อำเภอทัพทัน", "office": "สาขาเมือง", "branch_code": "61000000", "name_short": "None", "price_new": 250, "price_old": 200, "width_m": 4, "pt_i": 0 }, "geometry": { "type": "Point", "coordinates": [ 99.917730000153398, 15.508888860685664 ] } },
{ "type": "Feature", "properties": { "road_key": "61000000ST160.2", "road_name": "ถนนสายบ้านหนองเทียน-บ้านเขาน้อย ช่วงที่ 2", "road_no": "0", "aumpher": "อำเภอทัพทัน", "office": "สาขาเมือง", "branch_code": "61000000", "name_short": "None", "price_new": 250, "price_old": 200, "width_m": 4, "pt_i": 1 }, "geometry": { "type": "Point", "coordinates": [ 99.917032613340496, 15.509640234035265 ] } },
{ "type": "Feature", "properties": { "road_key": "61000000ST160.2", "road_name": "ถนนสายบ้านหนองเทียน-บ้านเขาน้อย ช่วงที่ 2", "road_no": "0", "aumpher": "อำเภอทัพทัน", "office": "สาขาเมือง", "branch_code": "61000000", "name_short": "None", "price_new": 250, "price_old": 200, "width_m": 4, "pt_i": 2 }, "geometry": { "type": "Point", "coordinates": [ 99.916160300555589, 15.510287662233864 ] } },
{ "type": "Feature", "properties": { "road_key": "61000000ST160.2", "road_name": "ถนนสายบ้านหนองเทียน-บ้านเขาน้อย ช่วงที่ 2", "road_no": "0", "aumpher": "อำเภอทัพทัน", "office": "สาขาเมือง", "branch_code": "61000000", "name_short": "None", "price_new": 250, "price_old": 200, "width_m": 4, "pt_i": 3 }, "geometry": { "type": "Point", "coordinates": [ 99.915364921774255, 15.511048704975277 ] } },
{ "type": "Feature", "properties": { "road_key": "61000000ST160.2", "road_name": "ถนนสายบ้านหนองเทียน-บ้านเขาน้อย ช่วงที่ 2", "road_no": "0", "aumpher": "อำเภอทัพทัน", "office": "สาขาเมือง", "branch_code": "61000000", "name_short": "None", "price_new": 250, "price_old": 200, "width_m": 4, "pt_i": 4 }, "geometry": { "type": "Point", "coordinates": [ 99.915216255467556, 15.51203884062692 ] } },
{ "type": "Feature", "properties": { "road_key": "61000000ST160.2", "road_name": "ถนนสายบ้านหนองเทียน-บ้านเขาน้อย ช่วงที่ 2", "road_no": "0", "aumpher": "อำเภอทัพทัน", "office": "สาขาเมือง", "branch_code": "61000000", "name_short": "None", "price_new": 250, "price_old": 200, "width_m": 4, "pt_i": 5 }, "geometry": { "type": "Point", "coordinates": [ 99.915303855343666, 15.513105863432186 ] } },
{ "type": "Feature", "properties": { "road_key": "61000000ST160.2", "road_name": "ถนนสายบ้านหนองเทียน-บ้านเขาน้อย ช่วงที่ 2", "road_no": "0", "aumpher": "อำเภอทัพทัน", "office": "สาขาเมือง", "branch_code": "61000000", "name_short": "None", "price_new": 250, "price_old": 200, "width_m": 4, "pt_i": 6 }, "geometry": { "type": "Point", "coordinates": [ 99.915380752793425, 15.514171292673719 ] } },
{ "type": "Feature", "properties": { "road_key": "61000000ST160.2", "road_name": "ถนนสายบ้านหนองเทียน-บ้านเขาน้อย ช่วงที่ 2", "road_no": "0", "aumpher": "อำเภอทัพทัน", "office": "สาขาเมือง", "branch_code": "61000000", "name_short": "None", "price_new": 250, "price_old": 200, "width_m": 4, "pt_i": 7 }, "geometry": { "type": "Point", "coordinates": [ 99.914915267842829, 15.515089375901209 ] } },
{ "type": "Feature", "properties": { "road_key": "61000000ST160.2", "road_name": "ถนนสายบ้านหนองเทียน-บ้านเขาน้อย ช่วงที่ 2", "road_no": "0", "aumpher": "อำเภอทัพทัน", "office": "สาขาเมือง", "branch_code": "61000000", "name_short": "None", "price_new": 250, "price_old": 200, "width_m": 4, "pt_i": 8 }, "geometry": { "type": "Point", "coordinates": [ 99.914681509093256, 15.516135497276521 ] } },
{ "type": "Feature", "properties": { "road_key": "61000000ST160.2", "road_name": "ถนนสายบ้านหนองเทียน-บ้านเขาน้อย ช่วงที่ 2", "road_no": "0", "aumpher": "อำเภอทัพทัน", "office": "สาขาเมือง", "branch_code": "61000000", "name_short": "None", "price_new": 250, "price_old": 200, "width_m": 4, "pt_i": 9 }, "geometry": { "type": "Point", "coordinates": [ 99.914182544335745, 15.517106361228088 ] } },
{ "type": "Feature", "properties": { "road_key": "61000000ST160.2", "road_name": "ถนนสายบ้านหนองเทียน-บ้านเขาน้อย ช่วงที่ 2", "road_no": "0", "aumpher": "อำเภอทัพทัน", "office": "สาขาเมือง", "branch_code": "61000000", "name_short": "None", "price_new": 250, "price_old": 200, "width_m": 4, "pt_i": 10 }, "geometry": { "type": "Point", "coordinates": [ 99.913674428974346, 15.518072803987215 ] } },
{ "type": "Feature", "properties": { "road_key": "61000000ST160.2", "road_name": "ถนนสายบ้านหนองเทียน-บ้านเขาน้อย ช่วงที่ 2", "road_no": "0", "aumpher": "อำเภอทัพทัน", "office": "สาขาเมือง", "branch_code": "61000000", "name_short": "None", "price_new": 250, "price_old": 200, "width_m": 4, "pt_i": 11 }, "geometry": { "type": "Point", "coordinates": [ 99.913166309073034, 15.519039245749189 ] } },
{ "type": "Feature", "properties": { "road_key": "61000000ST160.2", "road_name": "ถนนสายบ้านหนองเทียน-บ้านเขาน้อย ช่วงที่ 2", "road_no": "0", "aumpher": "อำเภอทัพทัน", "office": "สาขาเมือง", "branch_code": "61000000", "name_short": "None", "price_new": 250, "price_old": 200, "width_m": 4, "pt_i": 12 }, "geometry": { "type": "Point", "coordinates": [ 99.912658184631411, 15.520005686513768 ] } },
{ "type": "Feature", "properties": { "road_key": "61000000ST160.2", "road_name": "ถนนสายบ้านหนองเทียน-บ้านเขาน้อย ช่วงที่ 2", "road_no": "0", "aumpher": "อำเภอทัพทัน", "office": "สาขาเมือง", "branch_code": "61000000", "name_short": "None", "price_new": 250, "price_old": 200, "width_m": 4, "pt_i": 13 }, "geometry": { "type": "Point", "coordinates": [ 99.912091461833555, 15.520937452828576 ] } },
{ "type": "Feature", "properties": { "road_key": "61000000ST160.2", "road_name": "ถนนสายบ้านหนองเทียน-บ้านเขาน้อย ช่วงที่ 2", "road_no": "0", "aumpher": "อำเภอทัพทัน", "office": "สาขาเมือง", "branch_code": "61000000", "name_short": "None", "price_new": 250, "price_old": 200, "width_m": 4, "pt_i": 14 }, "geometry": { "type": "Point", "coordinates": [ 99.911432324449635, 15.521813965395074 ] } },
{ "type": "Feature", "properties": { "road_key": "61000000ST160.2", "road_name": "ถนนสายบ้านหนองเทียน-บ้านเขาน้อย ช่วงที่ 2", "road_no": "0", "aumpher": "อำเภอทัพทัน", "office": "สาขาเมือง", "branch_code": "61000000", "name_short": "None", "price_new": 250, "price_old": 200, "width_m": 4, "pt_i": 15 }, "geometry": { "type": "Point", "coordinates": [ 99.910768275845854, 15.522687008386287 ] } },
{ "type": "Feature", "properties": { "road_key": "61000000ST160.2", "road_name": "ถนนสายบ้านหนองเทียน-บ้านเขาน้อย ช่วงที่ 2", "road_no": "0", "aumpher": "อำเภอทัพทัน", "office": "สาขาเมือง", "branch_code": "61000000", "name_short": "None", "price_new": 250, "price_old": 200, "width_m": 4, "pt_i": 16 }, "geometry": { "type": "Point", "coordinates": [ 99.910092557796716, 15.523551091985267 ] } },
{ "type": "Feature", "properties": { "road_key": "61000000ST160.2", "road_name": "ถนนสายบ้านหนองเทียน-บ้านเขาน้อย ช่วงที่ 2", "road_no": "0", "aumpher": "อำเภอทัพทัน", "office": "สาขาเมือง", "branch_code": "61000000", "name_short": "None", "price_new": 250, "price_old": 200, "width_m": 4, "pt_i": 17 }, "geometry": { "type": "Point", "coordinates": [ 99.909368042161489, 15.52437770258889 ] } },
{ "type": "Feature", "properties": { "road_key": "61000000ST160.2", "road_name": "ถนนสายบ้านหนองเทียน-บ้านเขาน้อย ช่วงที่ 2", "road_no": "0", "aumpher": "อำเภอทัพทัน", "office": "สาขาเมือง", "branch_code": "61000000", "name_short": "None", "price_new": 250, "price_old": 200, "width_m": 4, "pt_i": 18 }, "geometry": { "type": "Point", "coordinates": [ 99.908643520806123, 15.525204311063474 ] } },
{ "type": "Feature", "properties": { "road_key": "61000000ST160.2", "road_name": "ถนนสายบ้านหนองเทียน-บ้านเขาน้อย ช่วงที่ 2", "road_no": "0", "aumpher": "อำเภอทัพทัน", "office": "สาขาเมือง", "branch_code": "61000000", "name_short": "None", "price_new": 250, "price_old": 200, "width_m": 4, "pt_i": 19 }, "geometry": { "type": "Point", "coordinates": [ 99.907915956832781, 15.526028404638405 ] } },
{ "type": "Feature", "properties": { "road_key": "61000000ST160.2", "road_name": "ถนนสายบ้านหนองเทียน-บ้านเขาน้อย ช่วงที่ 2", "road_no": "0", "aumpher": "อำเภอทัพทัน", "office": "สาขาเมือง", "branch_code": "61000000", "name_short": "None", "price_new": 250, "price_old": 200, "width_m": 4, "pt_i": 20 }, "geometry": { "type": "Point", "coordinates": [ 99.907166183926506, 15.526829865012099 ] } },
{ "type": "Feature", "properties": { "road_key": "61000000ST160.2", "road_name": "ถนนสายบ้านหนองเทียน-บ้านเขาน้อย ช่วงที่ 2", "road_no": "0", "aumpher": "อำเภอทัพทัน", "office": "สาขาเมือง", "branch_code": "61000000", "name_short": "None", "price_new": 250, "price_old": 200, "width_m": 4, "pt_i": 21 }, "geometry": { "type": "Point", "coordinates": [ 99.906279342802577, 15.527491232262896 ] } },
{ "type": "Feature", "properties": { "road_key": "61000000ST160.2", "road_name": "ถนนสายบ้านหนองเทียน-บ้านเขาน้อย ช่วงที่ 2", "road_no": "0", "aumpher": "อำเภอทัพทัน", "office": "สาขาเมือง", "branch_code": "61000000", "name_short": "None", "price_new": 250, "price_old": 200, "width_m": 4, "pt_i": 22 }, "geometry": { "type": "Point", "coordinates": [ 99.905402493825136, 15.528165030494879 ] } },
{ "type": "Feature", "properties": { "road_key": "61000000ST160.2", "road_name": "ถนนสายบ้านหนองเทียน-บ้านเขาน้อย ช่วงที่ 2", "road_no": "0", "aumpher": "อำเภอทัพทัน", "office": "สาขาเมือง", "branch_code": "61000000", "name_short": "None", "price_new": 250, "price_old": 200, "width_m": 4, "pt_i": 23 }, "geometry": { "type": "Point", "coordinates": [ 99.904525639078017, 15.528838825506901 ] } },
{ "type": "Feature", "properties": { "road_key": "61000000ST160.2", "road_name": "ถนนสายบ้านหนองเทียน-บ้านเขาน้อย ช่วงที่ 2", "road_no": "0", "aumpher": "อำเภอทัพทัน", "office": "สาขาเมือง", "branch_code": "61000000", "name_short": "None", "price_new": 250, "price_old": 200, "width_m": 4, "pt_i": 24 }, "geometry": { "type": "Point", "coordinates": [ 99.903648778560992, 15.529512617298497 ] } },
{ "type": "Feature", "properties": { "road_key": "61000000ST160.2", "road_name": "ถนนสายบ้านหนองเทียน-บ้านเขาน้อย ช่วงที่ 2", "road_no": "0", "aumpher": "อำเภอทัพทัน", "office": "สาขาเมือง", "branch_code": "61000000", "name_short": "None", "price_new": 250, "price_old": 200, "width_m": 4, "pt_i": 25 }, "geometry": { "type": "Point", "coordinates": [ 99.902773094311343, 15.53018784851109 ] } },
{ "type": "Feature", "properties": { "road_key": "61000000ST162", "road_name": "ถนนสายบ้านหนองไผ่ล้อม-บ้านหนองมะเขือ", "road_no": "0", "aumpher": "อำเภอทัพทัน", "office": "สาขาเมือง", "branch_code": "61000000", "name_short": "None", "price_new": 250, "price_old": 150, "width_m": 4, "pt_i": 0 }, "geometry": { "type": "Point", "coordinates": [ 99.851864420515639, 15.475251380885581 ] } },
{ "type": "Feature", "properties": { "road_key": "61000000ST162", "road_name": "ถนนสายบ้านหนองไผ่ล้อม-บ้านหนองมะเขือ", "road_no": "0", "aumpher": "อำเภอทัพทัน", "office": "สาขาเมือง", "branch_code": "61000000", "name_short": "None", "price_new": 250, "price_old": 150, "width_m": 4, "pt_i": 1 }, "geometry": { "type": "Point", "coordinates": [ 99.851471671494139, 15.476255509387659 ] } },
{ "type": "Feature", "properties": { "road_key": "61000000ST162", "road_name": "ถนนสายบ้านหนองไผ่ล้อม-บ้านหนองมะเขือ", "road_no": "0", "aumpher": "อำเภอทัพทัน", "office": "สาขาเมือง", "branch_code": "61000000", "name_short": "None", "price_new": 250, "price_old": 150, "width_m": 4, "pt_i": 2 }, "geometry": { "type": "Point", "coordinates": [ 99.850951921309971, 15.477216026422255 ] } },
{ "type": "Feature", "properties": { "road_key": "61000000ST162", "road_name": "ถนนสายบ้านหนองไผ่ล้อม-บ้านหนองมะเขือ", "road_no": "0", "aumpher": "อำเภอทัพทัน", "office": "สาขาเมือง", "branch_code": "61000000", "name_short": "None", "price_new": 250, "price_old": 150, "width_m": 4, "pt_i": 3 }, "geometry": { "type": "Point", "coordinates": [ 99.850550396562326, 15.478145356109213 ] } },
{ "type": "Feature", "properties": { "road_key": "61000000ST162", "road_name": "ถนนสายบ้านหนองไผ่ล้อม-บ้านหนองมะเขือ", "road_no": "0", "aumpher": "อำเภอทัพทัน", "office": "สาขาเมือง", "branch_code": "61000000", "name_short": "None", "price_new": 250, "price_old": 150, "width_m": 4, "pt_i": 4 }, "geometry": { "type": "Point", "coordinates": [ 99.851093792388681, 15.479077297769784 ] } },
{ "type": "Feature", "properties": { "road_key": "61000000ST162", "road_name": "ถนนสายบ้านหนองไผ่ล้อม-บ้านหนองมะเขือ", "road_no": "0", "aumpher": "อำเภอทัพทัน", "office": "สาขาเมือง", "branch_code": "61000000", "name_short": "None", "price_new": 250, "price_old": 150, "width_m": 4, "pt_i": 5 }, "geometry": { "type": "Point", "coordinates": [ 99.851111179829218, 15.480158686217404 ] } },
{ "type": "Feature", "properties": { "road_key": "61000000ST162", "road_name": "ถนนสายบ้านหนองไผ่ล้อม-บ้านหนองมะเขือ", "road_no": "0", "aumpher": "อำเภอทัพทัน", "office": "สาขาเมือง", "branch_code": "61000000", "name_short": "None", "price_new": 250, "price_old": 150, "width_m": 4, "pt_i": 6 }, "geometry": { "type": "Point", "coordinates": [ 99.851157270954772, 15.48124238630427 ] } },
{ "type": "Feature", "properties": { "road_key": "61000000ST162", "road_name": "ถนนสายบ้านหนองไผ่ล้อม-บ้านหนองมะเขือ", "road_no": "0", "aumpher": "อำเภอทัพทัน", "office": "สาขาเมือง", "branch_code": "61000000", "name_short": "None", "price_new": 250, "price_old": 150, "width_m": 4, "pt_i": 7 }, "geometry": { "type": "Point", "coordinates": [ 99.851062405749076, 15.482317975553567 ] } },
{ "type": "Feature", "properties": { "road_key": "61000000ST162", "road_name": "ถนนสายบ้านหนองไผ่ล้อม-บ้านหนองมะเขือ", "road_no": "0", "aumpher": "อำเภอทัพทัน", "office": "สาขาเมือง", "branch_code": "61000000", "name_short": "None", "price_new": 250, "price_old": 150, "width_m": 4, "pt_i": 8 }, "geometry": { "type": "Point", "coordinates": [ 99.850932976546943, 15.483390695484653 ] } },
{ "type": "Feature", "properties": { "road_key": "61000000ST162", "road_name": "ถนนสายบ้านหนองไผ่ล้อม-บ้านหนองมะเขือ", "road_no": "0", "aumpher": "อำเภอทัพทัน", "office": "สาขาเมือง", "branch_code": "61000000", "name_short": "None", "price_new": 250, "price_old": 150, "width_m": 4, "pt_i": 9 }, "geometry": { "type": "Point", "coordinates": [ 99.85071150445053, 15.484380042742346 ] } },
{ "type": "Feature", "properties": { "road_key": "61000000ST162", "road_name": "ถนนสายบ้านหนองไผ่ล้อม-บ้านหนองมะเขือ", "road_no": "0", "aumpher": "อำเภอทัพทัน", "office": "สาขาเมือง", "branch_code": "61000000", "name_short": "None", "price_new": 250, "price_old": 150, "width_m": 4, "pt_i": 10 }, "geometry": { "type": "Point", "coordinates": [ 99.849700215596954, 15.484652144210209 ] } },
{ "type": "Feature", "properties": { "road_key": "61000000ST162", "road_name": "ถนนสายบ้านหนองไผ่ล้อม-บ้านหนองมะเขือ", "road_no": "0", "aumpher": "อำเภอทัพทัน", "office": "สาขาเมือง", "branch_code": "61000000", "name_short": "None", "price_new": 250, "price_old": 150, "width_m": 4, "pt_i": 11 }, "geometry": { "type": "Point", "coordinates": [ 99.848625034763259, 15.484843233205893 ] } },
{ "type": "Feature", "properties": { "road_key": "61000000ST162", "road_name": "ถนนสายบ้านหนองไผ่ล้อม-บ้านหนองมะเขือ", "road_no": "0", "aumpher": "อำเภอทัพทัน", "office": "สาขาเมือง", "branch_code": "61000000", "name_short": "None", "price_new": 250, "price_old": 150, "width_m": 4, "pt_i": 12 }, "geometry": { "type": "Point", "coordinates": [ 99.8487989718394, 15.485796999994717 ] } },
{ "type": "Feature", "properties": { "road_key": "61000000ST162", "road_name": "ถนนสายบ้านหนองไผ่ล้อม-บ้านหนองมะเขือ", "road_no": "0", "aumpher": "อำเภอทัพทัน", "office": "สาขาเมือง", "branch_code": "61000000", "name_short": "None", "price_new": 250, "price_old": 150, "width_m": 4, "pt_i": 13 }, "geometry": { "type": "Point", "coordinates": [ 99.848643330894618, 15.486702680546788 ] } },
{ "type": "Feature", "properties": { "road_key": "61000000ST162", "road_name": "ถนนสายบ้านหนองไผ่ล้อม-บ้านหนองมะเขือ", "road_no": "0", "aumpher": "อำเภอทัพทัน", "office": "สาขาเมือง", "branch_code": "61000000", "name_short": "None", "price_new": 250, "price_old": 150, "width_m": 4, "pt_i": 14 }, "geometry": { "type": "Point", "coordinates": [ 99.848180685452647, 15.487690350656338 ] } },
{ "type": "Feature", "properties": { "road_key": "61000000ST162", "road_name": "ถนนสายบ้านหนองไผ่ล้อม-บ้านหนองมะเขือ", "road_no": "0", "aumpher": "อำเภอทัพทัน", "office": "สาขาเมือง", "branch_code": "61000000", "name_short": "None", "price_new": 250, "price_old": 150, "width_m": 4, "pt_i": 15 }, "geometry": { "type": "Point", "coordinates": [ 99.847702442620317, 15.488670938334543 ] } },
{ "type": "Feature", "properties": { "road_key": "61000000ST162", "road_name": "ถนนสายบ้านหนองไผ่ล้อม-บ้านหนองมะเขือ", "road_no": "0", "aumpher": "อำเภอทัพทัน", "office": "สาขาเมือง", "branch_code": "61000000", "name_short": "None", "price_new": 250, "price_old": 150, "width_m": 4, "pt_i": 16 }, "geometry": { "type": "Point", "coordinates": [ 99.847249573553128, 15.489661517599565 ] } },
{ "type": "Feature", "properties": { "road_key": "61000000ST162", "road_name": "ถนนสายบ้านหนองไผ่ล้อม-บ้านหนองมะเขือ", "road_no": "0", "aumpher": "อำเภอทัพทัน", "office": "สาขาเมือง", "branch_code": "61000000", "name_short": "None", "price_new": 250, "price_old": 150, "width_m": 4, "pt_i": 17 }, "geometry": { "type": "Point", "coordinates": [ 99.846864879269901, 15.490680140793364 ] } },
{ "type": "Feature", "properties": { "road_key": "61000000ST162", "road_name": "ถนนสายบ้านหนองไผ่ล้อม-บ้านหนองมะเขือ", "road_no": "0", "aumpher": "อำเภอทัพทัน", "office": "สาขาเมือง", "branch_code": "61000000", "name_short": "None", "price_new": 250, "price_old": 150, "width_m": 4, "pt_i": 18 }, "geometry": { "type": "Point", "coordinates": [ 99.846120973204791, 15.491387057050224 ] } },
{ "type": "Feature", "properties": { "road_key": "61000000ST162", "road_name": "ถนนสายบ้านหนองไผ่ล้อม-บ้านหนองมะเขือ", "road_no": "0", "aumpher": "อำเภอทัพทัน", "office": "สาขาเมือง", "branch_code": "61000000", "name_short": "None", "price_new": 250, "price_old": 150, "width_m": 4, "pt_i": 19 }, "geometry": { "type": "Point", "coordinates": [ 99.845372322475981, 15.49213755997865 ] } },
{ "type": "Feature", "properties": { "road_key": "61000000ST162", "road_name": "ถนนสายบ้านหนองไผ่ล้อม-บ้านหนองมะเขือ", "road_no": "0", "aumpher": "อำเภอทัพทัน", "office": "สาขาเมือง", "branch_code": "61000000", "name_short": "None", "price_new": 250, "price_old": 150, "width_m": 4, "pt_i": 20 }, "geometry": { "type": "Point", "coordinates": [ 99.844775993470705, 15.493055161832221 ] } },
{ "type": "Feature", "properties": { "road_key": "61000000ST162", "road_name": "ถนนสายบ้านหนองไผ่ล้อม-บ้านหนองมะเขือ", "road_no": "0", "aumpher": "อำเภอทัพทัน", "office": "สาขาเมือง", "branch_code": "61000000", "name_short": "None", "price_new": 250, "price_old": 150, "width_m": 4, "pt_i": 21 }, "geometry": { "type": "Point", "coordinates": [ 99.844208964350997, 15.493990270246236 ] } },
{ "type": "Feature", "properties": { "road_key": "61000000ST162", "road_name": "ถนนสายบ้านหนองไผ่ล้อม-บ้านหนองมะเขือ", "road_no": "0", "aumpher": "อำเภอทัพทัน", "office": "สาขาเมือง", "branch_code": "61000000", "name_short": "None", "price_new": 250, "price_old": 150, "width_m": 4, "pt_i": 22 }, "geometry": { "type": "Point", "coordinates": [ 99.843879684395361, 15.495021985446543 ] } },
{ "type": "Feature", "properties": { "road_key": "61000000ST162", "road_name": "ถนนสายบ้านหนองไผ่ล้อม-บ้านหนองมะเขือ", "road_no": "0", "aumpher": "อำเภอทัพทัน", "office": "สาขาเมือง", "branch_code": "61000000", "name_short": "None", "price_new": 250, "price_old": 150, "width_m": 4, "pt_i": 23 }, "geometry": { "type": "Point", "coordinates": [ 99.84361569256788, 15.496075776138188 ] } },
{ "type": "Feature", "properties": { "road_key": "61000000ST162", "road_name": "ถนนสายบ้านหนองไผ่ล้อม-บ้านหนองมะเขือ", "road_no": "0", "aumpher": "อำเภอทัพทัน", "office": "สาขาเมือง", "branch_code": "61000000", "name_short": "None", "price_new": 250, "price_old": 150, "width_m": 4, "pt_i": 24 }, "geometry": { "type": "Point", "coordinates": [ 99.843388168051035, 15.497137893375822 ] } },
{ "type": "Feature", "properties": { "road_key": "61000000ST162", "road_name": "ถนนสายบ้านหนองไผ่ล้อม-บ้านหนองมะเขือ", "road_no": "0", "aumpher": "อำเภอทัพทัน", "office": "สาขาเมือง", "branch_code": "61000000", "name_short": "None", "price_new": 250, "price_old": 150, "width_m": 4, "pt_i": 25 }, "geometry": { "type": "Point", "coordinates": [ 99.843154487396006, 15.498198735712648 ] } },
{ "type": "Feature", "properties": { "road_key": "61000000ST162", "road_name": "ถนนสายบ้านหนองไผ่ล้อม-บ้านหนองมะเขือ", "road_no": "0", "aumpher": "อำเภอทัพทัน", "office": "สาขาเมือง", "branch_code": "61000000", "name_short": "None", "price_new": 250, "price_old": 150, "width_m": 4, "pt_i": 26 }, "geometry": { "type": "Point", "coordinates": [ 99.842914633398351, 15.499258299589522 ] } },
{ "type": "Feature", "properties": { "road_key": "61000000ST162", "road_name": "ถนนสายบ้านหนองไผ่ล้อม-บ้านหนองมะเขือ", "road_no": "0", "aumpher": "อำเภอทัพทัน", "office": "สาขาเมือง", "branch_code": "61000000", "name_short": "None", "price_new": 250, "price_old": 150, "width_m": 4, "pt_i": 27 }, "geometry": { "type": "Point", "coordinates": [ 99.84277577584929, 15.500334151353123 ] } },
{ "type": "Feature", "properties": { "road_key": "61000000ST162", "road_name": "ถนนสายบ้านหนองไผ่ล้อม-บ้านหนองมะเขือ", "road_no": "0", "aumpher": "อำเภอทัพทัน", "office": "สาขาเมือง", "branch_code": "61000000", "name_short": "None", "price_new": 250, "price_old": 150, "width_m": 4, "pt_i": 28 }, "geometry": { "type": "Point", "coordinates": [ 99.842617467136833, 15.501407927841386 ] } },
{ "type": "Feature", "properties": { "road_key": "61000000ST162", "road_name": "ถนนสายบ้านหนองไผ่ล้อม-บ้านหนองมะเขือ", "road_no": "0", "aumpher": "อำเภอทัพทัน", "office": "สาขาเมือง", "branch_code": "61000000", "name_short": "None", "price_new": 250, "price_old": 150, "width_m": 4, "pt_i": 29 }, "geometry": { "type": "Point", "coordinates": [ 99.842304254732397, 15.502434065939415 ] } },
{ "type": "Feature", "properties": { "road_key": "61000000ST162", "road_name": "ถนนสายบ้านหนองไผ่ล้อม-บ้านหนองมะเขือ", "road_no": "0", "aumpher": "อำเภอทัพทัน", "office": "สาขาเมือง", "branch_code": "61000000", "name_short": "None", "price_new": 250, "price_old": 150, "width_m": 4, "pt_i": 30 }, "geometry": { "type": "Point", "coordinates": [ 99.841892003406599, 15.503439009611752 ] } },
{ "type": "Feature", "properties": { "road_key": "61000000ST162", "road_name": "ถนนสายบ้านหนองไผ่ล้อม-บ้านหนองมะเขือ", "road_no": "0", "aumpher": "อำเภอทัพทัน", "office": "สาขาเมือง", "branch_code": "61000000", "name_short": "None", "price_new": 250, "price_old": 150, "width_m": 4, "pt_i": 31 }, "geometry": { "type": "Point", "coordinates": [ 99.84171841632805, 15.504510228629938 ] } },
{ "type": "Feature", "properties": { "road_key": "61000000ST162", "road_name": "ถนนสายบ้านหนองไผ่ล้อม-บ้านหนองมะเขือ", "road_no": "0", "aumpher": "อำเภอทัพทัน", "office": "สาขาเมือง", "branch_code": "61000000", "name_short": "None", "price_new": 250, "price_old": 150, "width_m": 4, "pt_i": 32 }, "geometry": { "type": "Point", "coordinates": [ 99.841575241315539, 15.505586083111307 ] } },
{ "type": "Feature", "properties": { "road_key": "61000000ST162", "road_name": "ถนนสายบ้านหนองไผ่ล้อม-บ้านหนองมะเขือ", "road_no": "0", "aumpher": "อำเภอทัพทัน", "office": "สาขาเมือง", "branch_code": "61000000", "name_short": "None", "price_new": 250, "price_old": 150, "width_m": 4, "pt_i": 33 }, "geometry": { "type": "Point", "coordinates": [ 99.841448582935072, 15.506663897981067 ] } },
{ "type": "Feature", "properties": { "road_key": "61000000ST162", "road_name": "ถนนสายบ้านหนองไผ่ล้อม-บ้านหนองมะเขือ", "road_no": "0", "aumpher": "อำเภอทัพทัน", "office": "สาขาเมือง", "branch_code": "61000000", "name_short": "None", "price_new": 250, "price_old": 150, "width_m": 4, "pt_i": 34 }, "geometry": { "type": "Point", "coordinates": [ 99.841366079795847, 15.507745362149693 ] } },
{ "type": "Feature", "properties": { "road_key": "61000000ST162", "road_name": "ถนนสายบ้านหนองไผ่ล้อม-บ้านหนองมะเขือ", "road_no": "0", "aumpher": "อำเภอทัพทัน", "office": "สาขาเมือง", "branch_code": "61000000", "name_short": "None", "price_new": 250, "price_old": 150, "width_m": 4, "pt_i": 35 }, "geometry": { "type": "Point", "coordinates": [ 99.841346630994678, 15.508829439277468 ] } },
{ "type": "Feature", "properties": { "road_key": "61000000ST162", "road_name": "ถนนสายบ้านหนองไผ่ล้อม-บ้านหนองมะเขือ", "road_no": "0", "aumpher": "อำเภอทัพทัน", "office": "สาขาเมือง", "branch_code": "61000000", "name_short": "None", "price_new": 250, "price_old": 150, "width_m": 4, "pt_i": 36 }, "geometry": { "type": "Point", "coordinates": [ 99.841354719581432, 15.50991419446146 ] } },
{ "type": "Feature", "properties": { "road_key": "61000000ST162", "road_name": "ถนนสายบ้านหนองไผ่ล้อม-บ้านหนองมะเขือ", "road_no": "0", "aumpher": "อำเภอทัพทัน", "office": "สาขาเมือง", "branch_code": "61000000", "name_short": "None", "price_new": 250, "price_old": 150, "width_m": 4, "pt_i": 37 }, "geometry": { "type": "Point", "coordinates": [ 99.841352999207828, 15.510998982034435 ] } },
{ "type": "Feature", "properties": { "road_key": "61000000ST162", "road_name": "ถนนสายบ้านหนองไผ่ล้อม-บ้านหนองมะเขือ", "road_no": "0", "aumpher": "อำเภอทัพทัน", "office": "สาขาเมือง", "branch_code": "61000000", "name_short": "None", "price_new": 250, "price_old": 150, "width_m": 4, "pt_i": 38 }, "geometry": { "type": "Point", "coordinates": [ 99.841413908602078, 15.512080707421953 ] } },
{ "type": "Feature", "properties": { "road_key": "61000000ST162", "road_name": "ถนนสายบ้านหนองไผ่ล้อม-บ้านหนองมะเขือ", "road_no": "0", "aumpher": "อำเภอทัพทัน", "office": "สาขาเมือง", "branch_code": "61000000", "name_short": "None", "price_new": 250, "price_old": 150, "width_m": 4, "pt_i": 39 }, "geometry": { "type": "Point", "coordinates": [ 99.841562396167191, 15.513155433916891 ] } },
{ "type": "Feature", "properties": { "road_key": "61000000ST162", "road_name": "ถนนสายบ้านหนองไผ่ล้อม-บ้านหนองมะเขือ", "road_no": "0", "aumpher": "อำเภอทัพทัน", "office": "สาขาเมือง", "branch_code": "61000000", "name_short": "None", "price_new": 250, "price_old": 150, "width_m": 4, "pt_i": 40 }, "geometry": { "type": "Point", "coordinates": [ 99.841443983127917, 15.514230734381877 ] } },
{ "type": "Feature", "properties": { "road_key": "61000000ST162", "road_name": "ถนนสายบ้านหนองไผ่ล้อม-บ้านหนองมะเขือ", "road_no": "0", "aumpher": "อำเภอทัพทัน", "office": "สาขาเมือง", "branch_code": "61000000", "name_short": "None", "price_new": 250, "price_old": 150, "width_m": 4, "pt_i": 41 }, "geometry": { "type": "Point", "coordinates": [ 99.841354077946008, 15.515311471388646 ] } },
{ "type": "Feature", "properties": { "road_key": "61000000ST162", "road_name": "ถนนสายบ้านหนองไผ่ล้อม-บ้านหนองมะเขือ", "road_no": "0", "aumpher": "อำเภอทัพทัน", "office": "สาขาเมือง", "branch_code": "61000000", "name_short": "None", "price_new": 250, "price_old": 150, "width_m": 4, "pt_i": 42 }, "geometry": { "type": "Point", "coordinates": [ 99.84127497242136, 15.516393426763562 ] } },
{ "type": "Feature", "properties": { "road_key": "61000000ST163", "road_name": "ถนนสายบ้านหนองโมก", "road_no": "0", "aumpher": "อำเภอทัพทัน", "office": "สาขาเมือง", "branch_code": "61000000", "name_short": "None", "price_new": 250, "price_old": 250, "width_m": 4, "pt_i": 0 }, "geometry": { "type": "Point", "coordinates": [ 99.823692567139929, 15.428490312182117 ] } },
{ "type": "Feature", "properties": { "road_key": "61000000ST163", "road_name": "ถนนสายบ้านหนองโมก", "road_no": "0", "aumpher": "อำเภอทัพทัน", "office": "สาขาเมือง", "branch_code": "61000000", "name_short": "None", "price_new": 250, "price_old": 250, "width_m": 4, "pt_i": 1 }, "geometry": { "type": "Point", "coordinates": [ 99.824384092907692, 15.429342866958871 ] } },
{ "type": "Feature", "properties": { "road_key": "61000000ST163", "road_name": "ถนนสายบ้านหนองโมก", "road_no": "0", "aumpher": "อำเภอทัพทัน", "office": "สาขาเมือง", "branch_code": "61000000", "name_short": "None", "price_new": 250, "price_old": 250, "width_m": 4, "pt_i": 2 }, "geometry": { "type": "Point", "coordinates": [ 99.825067283923971, 15.430198864241644 ] } },
{ "type": "Feature", "properties": { "road_key": "61000000ST163", "road_name": "ถนนสายบ้านหนองโมก", "road_no": "0", "aumpher": "อำเภอทัพทัน", "office": "สาขาเมือง", "branch_code": "61000000", "name_short": "None", "price_new": 250, "price_old": 250, "width_m": 4, "pt_i": 3 }, "geometry": { "type": "Point", "coordinates": [ 99.825982102106394, 15.430594423226303 ] } },
{ "type": "Feature", "properties": { "road_key": "61000000ST163", "road_name": "ถนนสายบ้านหนองโมก", "road_no": "0", "aumpher": "อำเภอทัพทัน", "office": "สาขาเมือง", "branch_code": "61000000", "name_short": "None", "price_new": 250, "price_old": 250, "width_m": 4, "pt_i": 4 }, "geometry": { "type": "Point", "coordinates": [ 99.827091306817337, 15.430634100217844 ] } },
{ "type": "Feature", "properties": { "road_key": "61000000ST163", "road_name": "ถนนสายบ้านหนองโมก", "road_no": "0", "aumpher": "อำเภอทัพทัน", "office": "สาขาเมือง", "branch_code": "61000000", "name_short": "None", "price_new": 250, "price_old": 250, "width_m": 4, "pt_i": 5 }, "geometry": { "type": "Point", "coordinates": [ 99.828084857230223, 15.431117044480715 ] } },
{ "type": "Feature", "properties": { "road_key": "61000000ST163", "road_name": "ถนนสายบ้านหนองโมก", "road_no": "0", "aumpher": "อำเภอทัพทัน", "office": "สาขาเมือง", "branch_code": "61000000", "name_short": "None", "price_new": 250, "price_old": 250, "width_m": 4, "pt_i": 6 }, "geometry": { "type": "Point", "coordinates": [ 99.829129386211278, 15.431485238326065 ] } },
{ "type": "Feature", "properties": { "road_key": "61000000ST163", "road_name": "ถนนสายบ้านหนองโมก", "road_no": "0", "aumpher": "อำเภอทัพทัน", "office": "สาขาเมือง", "branch_code": "61000000", "name_short": "None", "price_new": 250, "price_old": 250, "width_m": 4, "pt_i": 7 }, "geometry": { "type": "Point", "coordinates": [ 99.830219479529973, 15.431725641021442 ] } },
{ "type": "Feature", "properties": { "road_key": "61000000ST163", "road_name": "ถนนสายบ้านหนองโมก", "road_no": "0", "aumpher": "อำเภอทัพทัน", "office": "สาขาเมือง", "branch_code": "61000000", "name_short": "None", "price_new": 250, "price_old": 250, "width_m": 4, "pt_i": 8 }, "geometry": { "type": "Point", "coordinates": [ 99.830986355267243, 15.432474578293569 ] } },
{ "type": "Feature", "properties": { "road_key": "61000000ST163", "road_name": "ถนนสายบ้านหนองโมก", "road_no": "0", "aumpher": "อำเภอทัพทัน", "office": "สาขาเมือง", "branch_code": "61000000", "name_short": "None", "price_new": 250, "price_old": 250, "width_m": 4, "pt_i": 9 }, "geometry": { "type": "Point", "coordinates": [ 99.831516149209392, 15.433421372222453 ] } },
{ "type": "Feature", "properties": { "road_key": "61000000ST163", "road_name": "ถนนสายบ้านหนองโมก", "road_no": "0", "aumpher": "อำเภอทัพทัน", "office": "สาขาเมือง", "branch_code": "61000000", "name_short": "None", "price_new": 250, "price_old": 250, "width_m": 4, "pt_i": 10 }, "geometry": { "type": "Point", "coordinates": [ 99.832149573649744, 15.434269353321962 ] } },
{ "type": "Feature", "properties": { "road_key": "61000000ST163", "road_name": "ถนนสายบ้านหนองโมก", "road_no": "0", "aumpher": "อำเภอทัพทัน", "office": "สาขาเมือง", "branch_code": "61000000", "name_short": "None", "price_new": 250, "price_old": 250, "width_m": 4, "pt_i": 11 }, "geometry": { "type": "Point", "coordinates": [ 99.832669375328805, 15.435229862523055 ] } },
{ "type": "Feature", "properties": { "road_key": "61000000ST163", "road_name": "ถนนสายบ้านหนองโมก", "road_no": "0", "aumpher": "อำเภอทัพทัน", "office": "สาขาเมือง", "branch_code": "61000000", "name_short": "None", "price_new": 250, "price_old": 250, "width_m": 4, "pt_i": 12 }, "geometry": { "type": "Point", "coordinates": [ 99.83311294362214, 15.436224338274943 ] } },
{ "type": "Feature", "properties": { "road_key": "61000000ST163", "road_name": "ถนนสายบ้านหนองโมก", "road_no": "0", "aumpher": "อำเภอทัพทัน", "office": "สาขาเมือง", "branch_code": "61000000", "name_short": "None", "price_new": 250, "price_old": 250, "width_m": 4, "pt_i": 13 }, "geometry": { "type": "Point", "coordinates": [ 99.833525506269154, 15.437232629427303 ] } },
{ "type": "Feature", "properties": { "road_key": "61000000ST163", "road_name": "ถนนสายบ้านหนองโมก", "road_no": "0", "aumpher": "อำเภอทัพทัน", "office": "สาขาเมือง", "branch_code": "61000000", "name_short": "None", "price_new": 250, "price_old": 250, "width_m": 4, "pt_i": 0 }, "geometry": { "type": "Point", "coordinates": [ 99.833979648396934, 15.438193674922783 ] } },
{ "type": "Feature", "properties": { "road_key": "61000000ST163", "road_name": "ถนนสายบ้านหนองโมก", "road_no": "0", "aumpher": "อำเภอทัพทัน", "office": "สาขาเมือง", "branch_code": "61000000", "name_short": "None", "price_new": 250, "price_old": 250, "width_m": 4, "pt_i": 1 }, "geometry": { "type": "Point", "coordinates": [ 99.834468128424788, 15.439169434007415 ] } },
{ "type": "Feature", "properties": { "road_key": "61000000ST163", "road_name": "ถนนสายบ้านหนองโมก", "road_no": "0", "aumpher": "อำเภอทัพทัน", "office": "สาขาเมือง", "branch_code": "61000000", "name_short": "None", "price_new": 250, "price_old": 250, "width_m": 4, "pt_i": 2 }, "geometry": { "type": "Point", "coordinates": [ 99.834970230454886, 15.440138765889925 ] } },
{ "type": "Feature", "properties": { "road_key": "61000000ST163", "road_name": "ถนนสายบ้านหนองโมก", "road_no": "0", "aumpher": "อำเภอทัพทัน", "office": "สาขาเมือง", "branch_code": "61000000", "name_short": "None", "price_new": 250, "price_old": 250, "width_m": 4, "pt_i": 3 }, "geometry": { "type": "Point", "coordinates": [ 99.835472337326692, 15.441108096320823 ] } },
{ "type": "Feature", "properties": { "road_key": "61000000ST163", "road_name": "ถนนสายบ้านหนองโมก", "road_no": "0", "aumpher": "อำเภอทัพทัน", "office": "สาขาเมือง", "branch_code": "61000000", "name_short": "None", "price_new": 250, "price_old": 250, "width_m": 4, "pt_i": 4 }, "geometry": { "type": "Point", "coordinates": [ 99.835961789165509, 15.442083491152102 ] } },
{ "type": "Feature", "properties": { "road_key": "61000000ST163", "road_name": "ถนนสายบ้านหนองโมก", "road_no": "0", "aumpher": "อำเภอทัพทัน", "office": "สาขาเมือง", "branch_code": "61000000", "name_short": "None", "price_new": 250, "price_old": 250, "width_m": 4, "pt_i": 5 }, "geometry": { "type": "Point", "coordinates": [ 99.836450349577845, 15.44305931399041 ] } },
{ "type": "Feature", "properties": { "road_key": "61000000ST163", "road_name": "ถนนสายบ้านหนองโมก", "road_no": "0", "aumpher": "อำเภอทัพทัน", "office": "สาขาเมือง", "branch_code": "61000000", "name_short": "None", "price_new": 250, "price_old": 250, "width_m": 4, "pt_i": 6 }, "geometry": { "type": "Point", "coordinates": [ 99.836949167948589, 15.44403018952614 ] } },
{ "type": "Feature", "properties": { "road_key": "61000000ST163", "road_name": "ถนนสายบ้านหนองโมก", "road_no": "0", "aumpher": "อำเภอทัพทัน", "office": "สาขาเมือง", "branch_code": "61000000", "name_short": "None", "price_new": 250, "price_old": 250, "width_m": 4, "pt_i": 7 }, "geometry": { "type": "Point", "coordinates": [ 99.837455098388006, 15.444997638166289 ] } },
{ "type": "Feature", "properties": { "road_key": "61000000ST163", "road_name": "ถนนสายบ้านหนองโมก", "road_no": "0", "aumpher": "อำเภอทัพทัน", "office": "สาขาเมือง", "branch_code": "61000000", "name_short": "None", "price_new": 250, "price_old": 250, "width_m": 4, "pt_i": 8 }, "geometry": { "type": "Point", "coordinates": [ 99.837946821275622, 15.445971968053366 ] } },
{ "type": "Feature", "properties": { "road_key": "61000000ST163", "road_name": "ถนนสายบ้านหนองโมก", "road_no": "0", "aumpher": "อำเภอทัพทัน", "office": "สาขาเมือง", "branch_code": "61000000", "name_short": "None", "price_new": 250, "price_old": 250, "width_m": 4, "pt_i": 9 }, "geometry": { "type": "Point", "coordinates": [ 99.838438548939493, 15.446946296536876 ] } },
{ "type": "Feature", "properties": { "road_key": "61000000ST163", "road_name": "ถนนสายบ้านหนองโมก", "road_no": "0", "aumpher": "อำเภอทัพทัน", "office": "สาขาเมือง", "branch_code": "61000000", "name_short": "None", "price_new": 250, "price_old": 250, "width_m": 4, "pt_i": 10 }, "geometry": { "type": "Point", "coordinates": [ 99.838912078356344, 15.44792785394198 ] } },
{ "type": "Feature", "properties": { "road_key": "61000000ST163", "road_name": "ถนนสายบ้านหนองโมก", "road_no": "0", "aumpher": "อำเภอทัพทัน", "office": "สาขาเมือง", "branch_code": "61000000", "name_short": "None", "price_new": 250, "price_old": 250, "width_m": 4, "pt_i": 11 }, "geometry": { "type": "Point", "coordinates": [ 99.838827759371512, 15.448993941079074 ] } },
{ "type": "Feature", "properties": { "road_key": "61000000ST163", "road_name": "ถนนสายบ้านหนองโมก", "road_no": "0", "aumpher": "อำเภอทัพทัน", "office": "สาขาเมือง", "branch_code": "61000000", "name_short": "None", "price_new": 250, "price_old": 250, "width_m": 4, "pt_i": 12 }, "geometry": { "type": "Point", "coordinates": [ 99.83862099134312, 15.450059823688544 ] } },
{ "type": "Feature", "properties": { "road_key": "61000000ST164", "road_name": "ถนนสายบ้านหนองโมก-บ้านหนองมะเขือ", "road_no": "0", "aumpher": "อำเภอทัพทัน", "office": "สาขาเมือง", "branch_code": "61000000", "name_short": "None", "price_new": 250, "price_old": 150, "width_m": 4, "pt_i": 0 }, "geometry": { "type": "Point", "coordinates": [ 99.873139364459917, 15.498449793431233 ] } },
{ "type": "Feature", "properties": { "road_key": "61000000ST164", "road_name": "ถนนสายบ้านหนองโมก-บ้านหนองมะเขือ", "road_no": "0", "aumpher": "อำเภอทัพทัน", "office": "สาขาเมือง", "branch_code": "61000000", "name_short": "None", "price_new": 250, "price_old": 150, "width_m": 4, "pt_i": 1 }, "geometry": { "type": "Point", "coordinates": [ 99.872182557189632, 15.49788768787303 ] } },
{ "type": "Feature", "properties": { "road_key": "61000000ST164", "road_name": "ถนนสายบ้านหนองโมก-บ้านหนองมะเขือ", "road_no": "0", "aumpher": "อำเภอทัพทัน", "office": "สาขาเมือง", "branch_code": "61000000", "name_short": "None", "price_new": 250, "price_old": 150, "width_m": 4, "pt_i": 2 }, "geometry": { "type": "Point", "coordinates": [ 99.871194188926552, 15.497380036308734 ] } },
{ "type": "Feature", "properties": { "road_key": "61000000ST164", "road_name": "ถนนสายบ้านหนองโมก-บ้านหนองมะเขือ", "road_no": "0", "aumpher": "อำเภอทัพทัน", "office": "สาขาเมือง", "branch_code": "61000000", "name_short": "None", "price_new": 250, "price_old": 150, "width_m": 4, "pt_i": 3 }, "geometry": { "type": "Point", "coordinates": [ 99.870224144632672, 15.49684054297777 ] } },
{ "type": "Feature", "properties": { "road_key": "61000000ST164", "road_name": "ถนนสายบ้านหนองโมก-บ้านหนองมะเขือ", "road_no": "0", "aumpher": "อำเภอทัพทัน", "office": "สาขาเมือง", "branch_code": "61000000", "name_short": "None", "price_new": 250, "price_old": 150, "width_m": 4, "pt_i": 4 }, "geometry": { "type": "Point", "coordinates": [ 99.869199445071814, 15.496419448672793 ] } },
{ "type": "Feature", "properties": { "road_key": "61000000ST164", "road_name": "ถนนสายบ้านหนองโมก-บ้านหนองมะเขือ", "road_no": "0", "aumpher": "อำเภอทัพทัน", "office": "สาขาเมือง", "branch_code": "61000000", "name_short": "None", "price_new": 250, "price_old": 150, "width_m": 4, "pt_i": 5 }, "geometry": { "type": "Point", "coordinates": [ 99.868242939168994, 15.495867562406302 ] } },
{ "type": "Feature", "properties": { "road_key": "61000000ST164", "road_name": "ถนนสายบ้านหนองโมก-บ้านหนองมะเขือ", "road_no": "0", "aumpher": "อำเภอทัพทัน", "office": "สาขาเมือง", "branch_code": "61000000", "name_short": "None", "price_new": 250, "price_old": 150, "width_m": 4, "pt_i": 6 }, "geometry": { "type": "Point", "coordinates": [ 99.86723254268415, 15.495405465598736 ] } },
{ "type": "Feature", "properties": { "road_key": "61000000ST164", "road_name": "ถนนสายบ้านหนองโมก-บ้านหนองมะเขือ", "road_no": "0", "aumpher": "อำเภอทัพทัน", "office": "สาขาเมือง", "branch_code": "61000000", "name_short": "None", "price_new": 250, "price_old": 150, "width_m": 4, "pt_i": 7 }, "geometry": { "type": "Point", "coordinates": [ 99.866201341961059, 15.494987808715649 ] } },
{ "type": "Feature", "properties": { "road_key": "61000000ST164", "road_name": "ถนนสายบ้านหนองโมก-บ้านหนองมะเขือ", "road_no": "0", "aumpher": "อำเภอทัพทัน", "office": "สาขาเมือง", "branch_code": "61000000", "name_short": "None", "price_new": 250, "price_old": 150, "width_m": 4, "pt_i": 8 }, "geometry": { "type": "Point", "coordinates": [ 99.865130702495762, 15.494712431395874 ] } },
{ "type": "Feature", "properties": { "road_key": "61000000ST164", "road_name": "ถนนสายบ้านหนองโมก-บ้านหนองมะเขือ", "road_no": "0", "aumpher": "อำเภอทัพทัน", "office": "สาขาเมือง", "branch_code": "61000000", "name_short": "None", "price_new": 250, "price_old": 150, "width_m": 4, "pt_i": 9 }, "geometry": { "type": "Point", "coordinates": [ 99.864016797620437, 15.49461308660824 ] } },
{ "type": "Feature", "properties": { "road_key": "61000000ST164", "road_name": "ถนนสายบ้านหนองโมก-บ้านหนองมะเขือ", "road_no": "0", "aumpher": "อำเภอทัพทัน", "office": "สาขาเมือง", "branch_code": "61000000", "name_short": "None", "price_new": 250, "price_old": 150, "width_m": 4, "pt_i": 10 }, "geometry": { "type": "Point", "coordinates": [ 99.862902540520324, 15.494516548801077 ] } },
{ "type": "Feature", "properties": { "road_key": "61000000ST164", "road_name": "ถนนสายบ้านหนองโมก-บ้านหนองมะเขือ", "road_no": "0", "aumpher": "อำเภอทัพทัน", "office": "สาขาเมือง", "branch_code": "61000000", "name_short": "None", "price_new": 250, "price_old": 150, "width_m": 4, "pt_i": 11 }, "geometry": { "type": "Point", "coordinates": [ 99.86178620316349, 15.49445313476938 ] } },
{ "type": "Feature", "properties": { "road_key": "61000000ST164", "road_name": "ถนนสายบ้านหนองโมก-บ้านหนองมะเขือ", "road_no": "0", "aumpher": "อำเภอทัพทัน", "office": "สาขาเมือง", "branch_code": "61000000", "name_short": "None", "price_new": 250, "price_old": 150, "width_m": 4, "pt_i": 12 }, "geometry": { "type": "Point", "coordinates": [ 99.860668100192441, 15.494417827305707 ] } },
{ "type": "Feature", "properties": { "road_key": "61000000ST164", "road_name": "ถนนสายบ้านหนองโมก-บ้านหนองมะเขือ", "road_no": "0", "aumpher": "อำเภอทัพทัน", "office": "สาขาเมือง", "branch_code": "61000000", "name_short": "None", "price_new": 250, "price_old": 150, "width_m": 4, "pt_i": 13 }, "geometry": { "type": "Point", "coordinates": [ 99.859578844105968, 15.494646383544787 ] } },
{ "type": "Feature", "properties": { "road_key": "61000000ST164", "road_name": "ถนนสายบ้านหนองโมก-บ้านหนองมะเขือ", "road_no": "0", "aumpher": "อำเภอทัพทัน", "office": "สาขาเมือง", "branch_code": "61000000", "name_short": "None", "price_new": 250, "price_old": 150, "width_m": 4, "pt_i": 14 }, "geometry": { "type": "Point", "coordinates": [ 99.858490018312565, 15.494852764999028 ] } },
{ "type": "Feature", "properties": { "road_key": "61000000ST164", "road_name": "ถนนสายบ้านหนองโมก-บ้านหนองมะเขือ", "road_no": "0", "aumpher": "อำเภอทัพทัน", "office": "สาขาเมือง", "branch_code": "61000000", "name_short": "None", "price_new": 250, "price_old": 150, "width_m": 4, "pt_i": 15 }, "geometry": { "type": "Point", "coordinates": [ 99.857501426664228, 15.494421542049228 ] } },
{ "type": "Feature", "properties": { "road_key": "61000000ST164", "road_name": "ถนนสายบ้านหนองโมก-บ้านหนองมะเขือ", "road_no": "0", "aumpher": "อำเภอทัพทัน", "office": "สาขาเมือง", "branch_code": "61000000", "name_short": "None", "price_new": 250, "price_old": 150, "width_m": 4, "pt_i": 16 }, "geometry": { "type": "Point", "coordinates": [ 99.856549894818144, 15.493852789967507 ] } },
{ "type": "Feature", "properties": { "road_key": "61000000ST164", "road_name": "ถนนสายบ้านหนองโมก-บ้านหนองมะเขือ", "road_no": "0", "aumpher": "อำเภอทัพทัน", "office": "สาขาเมือง", "branch_code": "61000000", "name_short": "None", "price_new": 250, "price_old": 150, "width_m": 4, "pt_i": 17 }, "geometry": { "type": "Point", "coordinates": [ 99.855500663732386, 15.493481358166756 ] } },
{ "type": "Feature", "properties": { "road_key": "61000000ST164", "road_name": "ถนนสายบ้านหนองโมก-บ้านหนองมะเขือ", "road_no": "0", "aumpher": "อำเภอทัพทัน", "office": "สาขาเมือง", "branch_code": "61000000", "name_short": "None", "price_new": 250, "price_old": 150, "width_m": 4, "pt_i": 18 }, "geometry": { "type": "Point", "coordinates": [ 99.854905925106749, 15.492713072158363 ] } },
{ "type": "Feature", "properties": { "road_key": "61000000ST164", "road_name": "ถนนสายบ้านหนองโมก-บ้านหนองมะเขือ", "road_no": "0", "aumpher": "อำเภอทัพทัน", "office": "สาขาเมือง", "branch_code": "61000000", "name_short": "None", "price_new": 250, "price_old": 150, "width_m": 4, "pt_i": 19 }, "geometry": { "type": "Point", "coordinates": [ 99.854159888109663, 15.49190474278662 ] } },
{ "type": "Feature", "properties": { "road_key": "61000000ST164", "road_name": "ถนนสายบ้านหนองโมก-บ้านหนองมะเขือ", "road_no": "0", "aumpher": "อำเภอทัพทัน", "office": "สาขาเมือง", "branch_code": "61000000", "name_short": "None", "price_new": 250, "price_old": 150, "width_m": 4, "pt_i": 20 }, "geometry": { "type": "Point", "coordinates": [ 99.853435071064553, 15.491079012163143 ] } },
{ "type": "Feature", "properties": { "road_key": "61000000ST164", "road_name": "ถนนสายบ้านหนองโมก-บ้านหนองมะเขือ", "road_no": "0", "aumpher": "อำเภอทัพทัน", "office": "สาขาเมือง", "branch_code": "61000000", "name_short": "None", "price_new": 250, "price_old": 150, "width_m": 4, "pt_i": 21 }, "geometry": { "type": "Point", "coordinates": [ 99.85262543363929, 15.4903382511297 ] } },
{ "type": "Feature", "properties": { "road_key": "61000000ST164", "road_name": "ถนนสายบ้านหนองโมก-บ้านหนองมะเขือ", "road_no": "0", "aumpher": "อำเภอทัพทัน", "office": "สาขาเมือง", "branch_code": "61000000", "name_short": "None", "price_new": 250, "price_old": 150, "width_m": 4, "pt_i": 22 }, "geometry": { "type": "Point", "coordinates": [ 99.851662004839952, 15.489789139788021 ] } },
{ "type": "Feature", "properties": { "road_key": "61000000ST164", "road_name": "ถนนสายบ้านหนองโมก-บ้านหนองมะเขือ", "road_no": "0", "aumpher": "อำเภอทัพทัน", "office": "สาขาเมือง", "branch_code": "61000000", "name_short": "None", "price_new": 250, "price_old": 150, "width_m": 4, "pt_i": 23 }, "geometry": { "type": "Point", "coordinates": [ 99.850856094183712, 15.489057190641986 ] } },
{ "type": "Feature", "properties": { "road_key": "61000000ST164", "road_name": "ถนนสายบ้านหนองโมก-บ้านหนองมะเขือ", "road_no": "0", "aumpher": "อำเภอทัพทัน", "office": "สาขาเมือง", "branch_code": "61000000", "name_short": "None", "price_new": 250, "price_old": 150, "width_m": 4, "pt_i": 24 }, "geometry": { "type": "Point", "coordinates": [ 99.850139400095159, 15.488247632702828 ] } },
{ "type": "Feature", "properties": { "road_key": "61000000ST164", "road_name": "ถนนสายบ้านหนองโมก-บ้านหนองมะเขือ", "road_no": "0", "aumpher": "อำเภอทัพทัน", "office": "สาขาเมือง", "branch_code": "61000000", "name_short": "None", "price_new": 250, "price_old": 150, "width_m": 4, "pt_i": 25 }, "geometry": { "type": "Point", "coordinates": [ 99.849031838414334, 15.488275087423673 ] } },
{ "type": "Feature", "properties": { "road_key": "61000000ST172", "road_name": "ถนนสายหนองขุย-ดงแขวง", "road_no": "0", "aumpher": "อำเภอทัพทัน", "office": "สาขาเมือง", "branch_code": "61000000", "name_short": "None", "price_new": 300, "price_old": 200, "width_m": 4, "pt_i": 0 }, "geometry": { "type": "Point", "coordinates": [ 99.803808282101187, 15.497397599046632 ] } },
{ "type": "Feature", "properties": { "road_key": "61000000ST172", "road_name": "ถนนสายหนองขุย-ดงแขวง", "road_no": "0", "aumpher": "อำเภอทัพทัน", "office": "สาขาเมือง", "branch_code": "61000000", "name_short": "None", "price_new": 300, "price_old": 200, "width_m": 4, "pt_i": 1 }, "geometry": { "type": "Point", "coordinates": [ 99.8048192716507, 15.497295337413707 ] } },
{ "type": "Feature", "properties": { "road_key": "61000000ST172", "road_name": "ถนนสายหนองขุย-ดงแขวง", "road_no": "0", "aumpher": "อำเภอทัพทัน", "office": "สาขาเมือง", "branch_code": "61000000", "name_short": "None", "price_new": 300, "price_old": 200, "width_m": 4, "pt_i": 2 }, "geometry": { "type": "Point", "coordinates": [ 99.805918612767655, 15.497283203363308 ] } },
{ "type": "Feature", "properties": { "road_key": "61000000ST172", "road_name": "ถนนสายหนองขุย-ดงแขวง", "road_no": "0", "aumpher": "อำเภอทัพทัน", "office": "สาขาเมือง", "branch_code": "61000000", "name_short": "None", "price_new": 300, "price_old": 200, "width_m": 4, "pt_i": 3 }, "geometry": { "type": "Point", "coordinates": [ 99.807008749603469, 15.49752674287247 ] } },
{ "type": "Feature", "properties": { "road_key": "61000000ST172", "road_name": "ถนนสายหนองขุย-ดงแขวง", "road_no": "0", "aumpher": "อำเภอทัพทัน", "office": "สาขาเมือง", "branch_code": "61000000", "name_short": "None", "price_new": 300, "price_old": 200, "width_m": 4, "pt_i": 4 }, "geometry": { "type": "Point", "coordinates": [ 99.808099267813603, 15.497768708940098 ] } },
{ "type": "Feature", "properties": { "road_key": "61000000ST172", "road_name": "ถนนสายหนองขุย-ดงแขวง", "road_no": "0", "aumpher": "อำเภอทัพทัน", "office": "สาขาเมือง", "branch_code": "61000000", "name_short": "None", "price_new": 300, "price_old": 200, "width_m": 4, "pt_i": 5 }, "geometry": { "type": "Point", "coordinates": [ 99.80919336811904, 15.497995075374853 ] } },
{ "type": "Feature", "properties": { "road_key": "61000000ST172", "road_name": "ถนนสายหนองขุย-ดงแขวง", "road_no": "0", "aumpher": "อำเภอทัพทัน", "office": "สาขาเมือง", "branch_code": "61000000", "name_short": "None", "price_new": 300, "price_old": 200, "width_m": 4, "pt_i": 6 }, "geometry": { "type": "Point", "coordinates": [ 99.810288217483944, 15.498217927761221 ] } },
{ "type": "Feature", "properties": { "road_key": "61000000ST172", "road_name": "ถนนสายหนองขุย-ดงแขวง", "road_no": "0", "aumpher": "อำเภอทัพทัน", "office": "สาขาเมือง", "branch_code": "61000000", "name_short": "None", "price_new": 300, "price_old": 200, "width_m": 4, "pt_i": 7 }, "geometry": { "type": "Point", "coordinates": [ 99.811383375874939, 15.498439222007478 ] } },
{ "type": "Feature", "properties": { "road_key": "61000000ST172", "road_name": "ถนนสายหนองขุย-ดงแขวง", "road_no": "0", "aumpher": "อำเภอทัพทัน", "office": "สาขาเมือง", "branch_code": "61000000", "name_short": "None", "price_new": 300, "price_old": 200, "width_m": 4, "pt_i": 8 }, "geometry": { "type": "Point", "coordinates": [ 99.812476336063753, 15.498670721023522 ] } },
{ "type": "Feature", "properties": { "road_key": "61000000ST172", "road_name": "ถนนสายหนองขุย-ดงแขวง", "road_no": "0", "aumpher": "อำเภอทัพทัน", "office": "สาขาเมือง", "branch_code": "61000000", "name_short": "None", "price_new": 300, "price_old": 200, "width_m": 4, "pt_i": 9 }, "geometry": { "type": "Point", "coordinates": [ 99.813568885497432, 15.498904029549275 ] } },
{ "type": "Feature", "properties": { "road_key": "61000000ST172", "road_name": "ถนนสายหนองขุย-ดงแขวง", "road_no": "0", "aumpher": "อำเภอทัพทัน", "office": "สาขาเมือง", "branch_code": "61000000", "name_short": "None", "price_new": 300, "price_old": 200, "width_m": 4, "pt_i": 10 }, "geometry": { "type": "Point", "coordinates": [ 99.814660849633299, 15.499139914937155 ] } },
{ "type": "Feature", "properties": { "road_key": "61000000ST172", "road_name": "ถนนสายหนองขุย-ดงแขวง", "road_no": "0", "aumpher": "อำเภอทัพทัน", "office": "สาขาเมือง", "branch_code": "61000000", "name_short": "None", "price_new": 300, "price_old": 200, "width_m": 4, "pt_i": 11 }, "geometry": { "type": "Point", "coordinates": [ 99.815755466611662, 15.49936370687093 ] } },
{ "type": "Feature", "properties": { "road_key": "61000000ST172", "road_name": "ถนนสายหนองขุย-ดงแขวง", "road_no": "0", "aumpher": "อำเภอทัพทัน", "office": "สาขาเมือง", "branch_code": "61000000", "name_short": "None", "price_new": 300, "price_old": 200, "width_m": 4, "pt_i": 12 }, "geometry": { "type": "Point", "coordinates": [ 99.816850455705691, 15.499585886673838 ] } },
{ "type": "Feature", "properties": { "road_key": "61000000ST172", "road_name": "ถนนสายหนองขุย-ดงแขวง", "road_no": "0", "aumpher": "อำเภอทัพทัน", "office": "สาขาเมือง", "branch_code": "61000000", "name_short": "None", "price_new": 300, "price_old": 200, "width_m": 4, "pt_i": 13 }, "geometry": { "type": "Point", "coordinates": [ 99.817943582475422, 15.499816665328368 ] } },
{ "type": "Feature", "properties": { "road_key": "61000000ST172", "road_name": "ถนนสายหนองขุย-ดงแขวง", "road_no": "0", "aumpher": "อำเภอทัพทัน", "office": "สาขาเมือง", "branch_code": "61000000", "name_short": "None", "price_new": 300, "price_old": 200, "width_m": 4, "pt_i": 14 }, "geometry": { "type": "Point", "coordinates": [ 99.819036496185973, 15.500048386664631 ] } },
{ "type": "Feature", "properties": { "road_key": "61000000ST172", "road_name": "ถนนสายหนองขุย-ดงแขวง", "road_no": "0", "aumpher": "อำเภอทัพทัน", "office": "สาขาเมือง", "branch_code": "61000000", "name_short": "None", "price_new": 300, "price_old": 200, "width_m": 4, "pt_i": 15 }, "geometry": { "type": "Point", "coordinates": [ 99.820129449887418, 15.500279808430902 ] } },
{ "type": "Feature", "properties": { "road_key": "61000000ST172", "road_name": "ถนนสายหนองขุย-ดงแขวง", "road_no": "0", "aumpher": "อำเภอทัพทัน", "office": "สาขาเมือง", "branch_code": "61000000", "name_short": "None", "price_new": 300, "price_old": 200, "width_m": 4, "pt_i": 16 }, "geometry": { "type": "Point", "coordinates": [ 99.821225023352284, 15.500499246353009 ] } },
{ "type": "Feature", "properties": { "road_key": "61000000ST172", "road_name": "ถนนสายหนองขุย-ดงแขวง", "road_no": "0", "aumpher": "อำเภอทัพทัน", "office": "สาขาเมือง", "branch_code": "61000000", "name_short": "None", "price_new": 300, "price_old": 200, "width_m": 4, "pt_i": 17 }, "geometry": { "type": "Point", "coordinates": [ 99.82231364301839, 15.500749270432021 ] } },
{ "type": "Feature", "properties": { "road_key": "61000000ST172", "road_name": "ถนนสายหนองขุย-ดงแขวง", "road_no": "0", "aumpher": "อำเภอทัพทัน", "office": "สาขาเมือง", "branch_code": "61000000", "name_short": "None", "price_new": 300, "price_old": 200, "width_m": 4, "pt_i": 18 }, "geometry": { "type": "Point", "coordinates": [ 99.823419083593592, 15.500880276880764 ] } },
{ "type": "Feature", "properties": { "road_key": "61000000ST172", "road_name": "ถนนสายหนองขุย-ดงแขวง", "road_no": "0", "aumpher": "อำเภอทัพทัน", "office": "สาขาเมือง", "branch_code": "61000000", "name_short": "None", "price_new": 300, "price_old": 200, "width_m": 4, "pt_i": 19 }, "geometry": { "type": "Point", "coordinates": [ 99.82446007123697, 15.501163038159406 ] } },
{ "type": "Feature", "properties": { "road_key": "61000000ST172", "road_name": "ถนนสายหนองขุย-ดงแขวง", "road_no": "0", "aumpher": "อำเภอทัพทัน", "office": "สาขาเมือง", "branch_code": "61000000", "name_short": "None", "price_new": 300, "price_old": 200, "width_m": 4, "pt_i": 20 }, "geometry": { "type": "Point", "coordinates": [ 99.825541362433484, 15.501374058580048 ] } },
{ "type": "Feature", "properties": { "road_key": "61000000ST172", "road_name": "ถนนสายหนองขุย-ดงแขวง", "road_no": "0", "aumpher": "อำเภอทัพทัน", "office": "สาขาเมือง", "branch_code": "61000000", "name_short": "None", "price_new": 300, "price_old": 200, "width_m": 4, "pt_i": 21 }, "geometry": { "type": "Point", "coordinates": [ 99.82659156098164, 15.501727760221943 ] } },
{ "type": "Feature", "properties": { "road_key": "61000000ST172", "road_name": "ถนนสายหนองขุย-ดงแขวง", "road_no": "0", "aumpher": "อำเภอทัพทัน", "office": "สาขาเมือง", "branch_code": "61000000", "name_short": "None", "price_new": 300, "price_old": 200, "width_m": 4, "pt_i": 22 }, "geometry": { "type": "Point", "coordinates": [ 99.827110873623738, 15.502633720876341 ] } },
{ "type": "Feature", "properties": { "road_key": "61000000ST172", "road_name": "ถนนสายหนองขุย-ดงแขวง", "road_no": "0", "aumpher": "อำเภอทัพทัน", "office": "สาขาเมือง", "branch_code": "61000000", "name_short": "None", "price_new": 300, "price_old": 200, "width_m": 4, "pt_i": 23 }, "geometry": { "type": "Point", "coordinates": [ 99.827504189458679, 15.503474889761417 ] } },
{ "type": "Feature", "properties": { "road_key": "61000000ST172", "road_name": "ถนนสายหนองขุย-ดงแขวง", "road_no": "0", "aumpher": "อำเภอทัพทัน", "office": "สาขาเมือง", "branch_code": "61000000", "name_short": "None", "price_new": 300, "price_old": 200, "width_m": 4, "pt_i": 24 }, "geometry": { "type": "Point", "coordinates": [ 99.828592575408962, 15.503569332831532 ] } },
{ "type": "Feature", "properties": { "road_key": "61000000ST172", "road_name": "ถนนสายหนองขุย-ดงแขวง", "road_no": "0", "aumpher": "อำเภอทัพทัน", "office": "สาขาเมือง", "branch_code": "61000000", "name_short": "None", "price_new": 300, "price_old": 200, "width_m": 4, "pt_i": 25 }, "geometry": { "type": "Point", "coordinates": [ 99.829578267399583, 15.504076026390138 ] } },
{ "type": "Feature", "properties": { "road_key": "61000000ST172", "road_name": "ถนนสายหนองขุย-ดงแขวง", "road_no": "0", "aumpher": "อำเภอทัพทัน", "office": "สาขาเมือง", "branch_code": "61000000", "name_short": "None", "price_new": 300, "price_old": 200, "width_m": 4, "pt_i": 26 }, "geometry": { "type": "Point", "coordinates": [ 99.830338172983517, 15.504833422056246 ] } },
{ "type": "Feature", "properties": { "road_key": "61000000ST172", "road_name": "ถนนสายหนองขุย-ดงแขวง", "road_no": "0", "aumpher": "อำเภอทัพทัน", "office": "สาขาเมือง", "branch_code": "61000000", "name_short": "None", "price_new": 300, "price_old": 200, "width_m": 4, "pt_i": 27 }, "geometry": { "type": "Point", "coordinates": [ 99.829947363769634, 15.50583628688948 ] } },
{ "type": "Feature", "properties": { "road_key": "61000000ST172", "road_name": "ถนนสายหนองขุย-ดงแขวง", "road_no": "0", "aumpher": "อำเภอทัพทัน", "office": "สาขาเมือง", "branch_code": "61000000", "name_short": "None", "price_new": 300, "price_old": 200, "width_m": 4, "pt_i": 28 }, "geometry": { "type": "Point", "coordinates": [ 99.829566509200731, 15.506853365663154 ] } },
{ "type": "Feature", "properties": { "road_key": "61000000ST172", "road_name": "ถนนสายหนองขุย-ดงแขวง", "road_no": "0", "aumpher": "อำเภอทัพทัน", "office": "สาขาเมือง", "branch_code": "61000000", "name_short": "None", "price_new": 300, "price_old": 200, "width_m": 4, "pt_i": 29 }, "geometry": { "type": "Point", "coordinates": [ 99.829258878406009, 15.50788935586791 ] } },
{ "type": "Feature", "properties": { "road_key": "61000000ST172", "road_name": "ถนนสายหนองขุย-ดงแขวง", "road_no": "0", "aumpher": "อำเภอทัพทัน", "office": "สาขาเมือง", "branch_code": "61000000", "name_short": "None", "price_new": 300, "price_old": 200, "width_m": 4, "pt_i": 30 }, "geometry": { "type": "Point", "coordinates": [ 99.828796801610025, 15.508874701856541 ] } },
{ "type": "Feature", "properties": { "road_key": "61000000ST172", "road_name": "ถนนสายหนองขุย-ดงแขวง", "road_no": "0", "aumpher": "อำเภอทัพทัน", "office": "สาขาเมือง", "branch_code": "61000000", "name_short": "None", "price_new": 300, "price_old": 200, "width_m": 4, "pt_i": 31 }, "geometry": { "type": "Point", "coordinates": [ 99.8287206235658, 15.509891494437136 ] } },
{ "type": "Feature", "properties": { "road_key": "61000000ST172", "road_name": "ถนนสายหนองขุย-ดงแขวง", "road_no": "0", "aumpher": "อำเภอทัพทัน", "office": "สาขาเมือง", "branch_code": "61000000", "name_short": "None", "price_new": 300, "price_old": 200, "width_m": 4, "pt_i": 32 }, "geometry": { "type": "Point", "coordinates": [ 99.829082621620671, 15.510917570829722 ] } },
{ "type": "Feature", "properties": { "road_key": "61000000ST172", "road_name": "ถนนสายหนองขุย-ดงแขวง", "road_no": "0", "aumpher": "อำเภอทัพทัน", "office": "สาขาเมือง", "branch_code": "61000000", "name_short": "None", "price_new": 300, "price_old": 200, "width_m": 4, "pt_i": 33 }, "geometry": { "type": "Point", "coordinates": [ 99.829372917377412, 15.511963958785566 ] } },
{ "type": "Feature", "properties": { "road_key": "61000000ST172", "road_name": "ถนนสายหนองขุย-ดงแขวง", "road_no": "0", "aumpher": "อำเภอทัพทัน", "office": "สาขาเมือง", "branch_code": "61000000", "name_short": "None", "price_new": 300, "price_old": 200, "width_m": 4, "pt_i": 34 }, "geometry": { "type": "Point", "coordinates": [ 99.829164483538477, 15.51300718605256 ] } },
{ "type": "Feature", "properties": { "road_key": "61000000ST172", "road_name": "ถนนสายหนองขุย-ดงแขวง", "road_no": "0", "aumpher": "อำเภอทัพทัน", "office": "สาขาเมือง", "branch_code": "61000000", "name_short": "None", "price_new": 300, "price_old": 200, "width_m": 4, "pt_i": 35 }, "geometry": { "type": "Point", "coordinates": [ 99.829084200270344, 15.514082313326385 ] } },
{ "type": "Feature", "properties": { "road_key": "61000000ST172", "road_name": "ถนนสายหนองขุย-ดงแขวง", "road_no": "0", "aumpher": "อำเภอทัพทัน", "office": "สาขาเมือง", "branch_code": "61000000", "name_short": "None", "price_new": 300, "price_old": 200, "width_m": 4, "pt_i": 36 }, "geometry": { "type": "Point", "coordinates": [ 99.829746569477066, 15.514918279440359 ] } },
{ "type": "Feature", "properties": { "road_key": "61000000ST172", "road_name": "ถนนสายหนองขุย-ดงแขวง", "road_no": "0", "aumpher": "อำเภอทัพทัน", "office": "สาขาเมือง", "branch_code": "61000000", "name_short": "None", "price_new": 300, "price_old": 200, "width_m": 4, "pt_i": 37 }, "geometry": { "type": "Point", "coordinates": [ 99.830747934742263, 15.515396839774727 ] } },
{ "type": "Feature", "properties": { "road_key": "61000000ST172", "road_name": "ถนนสายหนองขุย-ดงแขวง", "road_no": "0", "aumpher": "อำเภอทัพทัน", "office": "สาขาเมือง", "branch_code": "61000000", "name_short": "None", "price_new": 300, "price_old": 200, "width_m": 4, "pt_i": 38 }, "geometry": { "type": "Point", "coordinates": [ 99.831817276913057, 15.515690873846202 ] } },
{ "type": "Feature", "properties": { "road_key": "61000000ST172", "road_name": "ถนนสายหนองขุย-ดงแขวง", "road_no": "0", "aumpher": "อำเภอทัพทัน", "office": "สาขาเมือง", "branch_code": "61000000", "name_short": "None", "price_new": 300, "price_old": 200, "width_m": 4, "pt_i": 39 }, "geometry": { "type": "Point", "coordinates": [ 99.832918808747252, 15.515612929926874 ] } },
{ "type": "Feature", "properties": { "road_key": "61000000ST172", "road_name": "ถนนสายหนองขุย-ดงแขวง", "road_no": "0", "aumpher": "อำเภอทัพทัน", "office": "สาขาเมือง", "branch_code": "61000000", "name_short": "None", "price_new": 300, "price_old": 200, "width_m": 4, "pt_i": 40 }, "geometry": { "type": "Point", "coordinates": [ 99.834037072604062, 15.515609411338117 ] } },
{ "type": "Feature", "properties": { "road_key": "61000000ST172", "road_name": "ถนนสายหนองขุย-ดงแขวง", "road_no": "0", "aumpher": "อำเภอทัพทัน", "office": "สาขาเมือง", "branch_code": "61000000", "name_short": "None", "price_new": 300, "price_old": 200, "width_m": 4, "pt_i": 41 }, "geometry": { "type": "Point", "coordinates": [ 99.835129476617325, 15.515804253248145 ] } },
{ "type": "Feature", "properties": { "road_key": "61000000ST172", "road_name": "ถนนสายหนองขุย-ดงแขวง", "road_no": "0", "aumpher": "อำเภอทัพทัน", "office": "สาขาเมือง", "branch_code": "61000000", "name_short": "None", "price_new": 300, "price_old": 200, "width_m": 4, "pt_i": 42 }, "geometry": { "type": "Point", "coordinates": [ 99.836170466854512, 15.515474370534831 ] } },
{ "type": "Feature", "properties": { "road_key": "61000000ST172", "road_name": "ถนนสายหนองขุย-ดงแขวง", "road_no": "0", "aumpher": "อำเภอทัพทัน", "office": "สาขาเมือง", "branch_code": "61000000", "name_short": "None", "price_new": 300, "price_old": 200, "width_m": 4, "pt_i": 43 }, "geometry": { "type": "Point", "coordinates": [ 99.83728658344711, 15.515545012158446 ] } },
{ "type": "Feature", "properties": { "road_key": "61000000ST172", "road_name": "ถนนสายหนองขุย-ดงแขวง", "road_no": "0", "aumpher": "อำเภอทัพทัน", "office": "สาขาเมือง", "branch_code": "61000000", "name_short": "None", "price_new": 300, "price_old": 200, "width_m": 4, "pt_i": 44 }, "geometry": { "type": "Point", "coordinates": [ 99.838343393000301, 15.515833391032478 ] } },
{ "type": "Feature", "properties": { "road_key": "61000000ST172", "road_name": "ถนนสายหนองขุย-ดงแขวง", "road_no": "0", "aumpher": "อำเภอทัพทัน", "office": "สาขาเมือง", "branch_code": "61000000", "name_short": "None", "price_new": 300, "price_old": 200, "width_m": 4, "pt_i": 45 }, "geometry": { "type": "Point", "coordinates": [ 99.839325028257775, 15.516352633982768 ] } },
{ "type": "Feature", "properties": { "road_key": "61000000ST172", "road_name": "ถนนสายหนองขุย-ดงแขวง", "road_no": "0", "aumpher": "อำเภอทัพทัน", "office": "สาขาเมือง", "branch_code": "61000000", "name_short": "None", "price_new": 300, "price_old": 200, "width_m": 4, "pt_i": 46 }, "geometry": { "type": "Point", "coordinates": [ 99.840354808826916, 15.51677537561986 ] } },
{ "type": "Feature", "properties": { "road_key": "61000000ST172", "road_name": "ถนนสายหนองขุย-ดงแขวง", "road_no": "0", "aumpher": "อำเภอทัพทัน", "office": "สาขาเมือง", "branch_code": "61000000", "name_short": "None", "price_new": 300, "price_old": 200, "width_m": 4, "pt_i": 47 }, "geometry": { "type": "Point", "coordinates": [ 99.841410462113146, 15.517129820101989 ] } },
{ "type": "Feature", "properties": { "road_key": "61000000ST172", "road_name": "ถนนสายหนองขุย-ดงแขวง", "road_no": "0", "aumpher": "อำเภอทัพทัน", "office": "สาขาเมือง", "branch_code": "61000000", "name_short": "None", "price_new": 300, "price_old": 200, "width_m": 4, "pt_i": 48 }, "geometry": { "type": "Point", "coordinates": [ 99.842504781890625, 15.517355040184901 ] } },
{ "type": "Feature", "properties": { "road_key": "61000000ST172", "road_name": "ถนนสายหนองขุย-ดงแขวง", "road_no": "0", "aumpher": "อำเภอทัพทัน", "office": "สาขาเมือง", "branch_code": "61000000", "name_short": "None", "price_new": 300, "price_old": 200, "width_m": 4, "pt_i": 49 }, "geometry": { "type": "Point", "coordinates": [ 99.843605728960299, 15.51750123686034 ] } },
{ "type": "Feature", "properties": { "road_key": "61000000ST172", "road_name": "ถนนสายหนองขุย-ดงแขวง", "road_no": "0", "aumpher": "อำเภอทัพทัน", "office": "สาขาเมือง", "branch_code": "61000000", "name_short": "None", "price_new": 300, "price_old": 200, "width_m": 4, "pt_i": 50 }, "geometry": { "type": "Point", "coordinates": [ 99.84466587974201, 15.517831898200694 ] } },
{ "type": "Feature", "properties": { "road_key": "61000000ST172", "road_name": "ถนนสายหนองขุย-ดงแขวง", "road_no": "0", "aumpher": "อำเภอทัพทัน", "office": "สาขาเมือง", "branch_code": "61000000", "name_short": "None", "price_new": 300, "price_old": 200, "width_m": 4, "pt_i": 51 }, "geometry": { "type": "Point", "coordinates": [ 99.845750250546402, 15.517816092576798 ] } },
{ "type": "Feature", "properties": { "road_key": "61000000ST172", "road_name": "ถนนสายหนองขุย-ดงแขวง", "road_no": "0", "aumpher": "อำเภอทัพทัน", "office": "สาขาเมือง", "branch_code": "61000000", "name_short": "None", "price_new": 300, "price_old": 200, "width_m": 4, "pt_i": 52 }, "geometry": { "type": "Point", "coordinates": [ 99.846693985392506, 15.517900547102899 ] } },
{ "type": "Feature", "properties": { "road_key": "61000000ST172", "road_name": "ถนนสายหนองขุย-ดงแขวง", "road_no": "0", "aumpher": "อำเภอทัพทัน", "office": "สาขาเมือง", "branch_code": "61000000", "name_short": "None", "price_new": 300, "price_old": 200, "width_m": 4, "pt_i": 53 }, "geometry": { "type": "Point", "coordinates": [ 99.847508962991029, 15.518643746300171 ] } },
{ "type": "Feature", "properties": { "road_key": "61000000ST172", "road_name": "ถนนสายหนองขุย-ดงแขวง", "road_no": "0", "aumpher": "อำเภอทัพทัน", "office": "สาขาเมือง", "branch_code": "61000000", "name_short": "None", "price_new": 300, "price_old": 200, "width_m": 4, "pt_i": 54 }, "geometry": { "type": "Point", "coordinates": [ 99.848266750392625, 15.519438853055775 ] } },
{ "type": "Feature", "properties": { "road_key": "61000000ST172", "road_name": "ถนนสายหนองขุย-ดงแขวง", "road_no": "0", "aumpher": "อำเภอทัพทัน", "office": "สาขาเมือง", "branch_code": "61000000", "name_short": "None", "price_new": 300, "price_old": 200, "width_m": 4, "pt_i": 55 }, "geometry": { "type": "Point", "coordinates": [ 99.848910746023563, 15.520325485505134 ] } },
{ "type": "Feature", "properties": { "road_key": "61000000ST224", "road_name": "ถนนเทศบาล (ทต.ทัพทัน) (1)", "road_no": "0", "aumpher": "อำเภอทัพทัน", "office": "สาขาเมือง", "branch_code": "61000000", "name_short": "None", "price_new": 1100, "price_old": 1000, "width_m": 4, "pt_i": 0 }, "geometry": { "type": "Point", "coordinates": [ 99.893987233185115, 15.458356830620659 ] } },
{ "type": "Feature", "properties": { "road_key": "61000000ST224", "road_name": "ถนนเทศบาล (ทต.ทัพทัน) (1)", "road_no": "0", "aumpher": "อำเภอทัพทัน", "office": "สาขาเมือง", "branch_code": "61000000", "name_short": "None", "price_new": 1100, "price_old": 1000, "width_m": 4, "pt_i": 1 }, "geometry": { "type": "Point", "coordinates": [ 99.893915082610079, 15.457883688927931 ] } },
{ "type": "Feature", "properties": { "road_key": "61000000ST224", "road_name": "ถนนเทศบาล (ทต.ทัพทัน) (1)", "road_no": "0", "aumpher": "อำเภอทัพทัน", "office": "สาขาเมือง", "branch_code": "61000000", "name_short": "None", "price_new": 1100, "price_old": 1000, "width_m": 4, "pt_i": 0 }, "geometry": { "type": "Point", "coordinates": [ 99.893995451428808, 15.458784046075083 ] } },
{ "type": "Feature", "properties": { "road_key": "61000000ST224", "road_name": "ถนนเทศบาล (ทต.ทัพทัน) (1)", "road_no": "0", "aumpher": "อำเภอทัพทัน", "office": "สาขาเมือง", "branch_code": "61000000", "name_short": "None", "price_new": 1100, "price_old": 1000, "width_m": 4, "pt_i": 1 }, "geometry": { "type": "Point", "coordinates": [ 99.893987233185115, 15.458356830620659 ] } },
{ "type": "Feature", "properties": { "road_key": "61000000ST224", "road_name": "ถนนเทศบาล (ทต.ทัพทัน) (1)", "road_no": "0", "aumpher": "อำเภอทัพทัน", "office": "สาขาเมือง", "branch_code": "61000000", "name_short": "None", "price_new": 1100, "price_old": 1000, "width_m": 4, "pt_i": 0 }, "geometry": { "type": "Point", "coordinates": [ 99.893356371224243, 15.45885877042994 ] } },
{ "type": "Feature", "properties": { "road_key": "61000000ST224", "road_name": "ถนนเทศบาล (ทต.ทัพทัน) (1)", "road_no": "0", "aumpher": "อำเภอทัพทัน", "office": "สาขาเมือง", "branch_code": "61000000", "name_short": "None", "price_new": 1100, "price_old": 1000, "width_m": 4, "pt_i": 1 }, "geometry": { "type": "Point", "coordinates": [ 99.893987233185115, 15.458356830620659 ] } },
{ "type": "Feature", "properties": { "road_key": "61000000ST224", "road_name": "ถนนเทศบาล (ทต.ทัพทัน) (1)", "road_no": "0", "aumpher": "อำเภอทัพทัน", "office": "สาขาเมือง", "branch_code": "61000000", "name_short": "None", "price_new": 1100, "price_old": 1000, "width_m": 4, "pt_i": 0 }, "geometry": { "type": "Point", "coordinates": [ 99.893356371224243, 15.45885877042994 ] } },
{ "type": "Feature", "properties": { "road_key": "61000000ST224", "road_name": "ถนนเทศบาล (ทต.ทัพทัน) (1)", "road_no": "0", "aumpher": "อำเภอทัพทัน", "office": "สาขาเมือง", "branch_code": "61000000", "name_short": "None", "price_new": 1100, "price_old": 1000, "width_m": 4, "pt_i": 1 }, "geometry": { "type": "Point", "coordinates": [ 99.893995451428808, 15.458784046075083 ] } },
{ "type": "Feature", "properties": { "road_key": "61000000ST224", "road_name": "ถนนเทศบาล (ทต.ทัพทัน) (1)", "road_no": "0", "aumpher": "อำเภอทัพทัน", "office": "สาขาเมือง", "branch_code": "61000000", "name_short": "None", "price_new": 1100, "price_old": 1000, "width_m": 4, "pt_i": 0 }, "geometry": { "type": "Point", "coordinates": [ 99.894111280251266, 15.460240521788938 ] } },
{ "type": "Feature", "properties": { "road_key": "61000000ST224", "road_name": "ถนนเทศบาล (ทต.ทัพทัน) (1)", "road_no": "0", "aumpher": "อำเภอทัพทัน", "office": "สาขาเมือง", "branch_code": "61000000", "name_short": "None", "price_new": 1100, "price_old": 1000, "width_m": 4, "pt_i": 1 }, "geometry": { "type": "Point", "coordinates": [ 99.894030787341421, 15.459187498839105 ] } },
{ "type": "Feature", "properties": { "road_key": "61000000ST224", "road_name": "ถนนเทศบาล (ทต.ทัพทัน) (1)", "road_no": "0", "aumpher": "อำเภอทัพทัน", "office": "สาขาเมือง", "branch_code": "61000000", "name_short": "None", "price_new": 1100, "price_old": 1000, "width_m": 4, "pt_i": 0 }, "geometry": { "type": "Point", "coordinates": [ 99.892260315997177, 15.460393221192197 ] } },
{ "type": "Feature", "properties": { "road_key": "61000000ST224", "road_name": "ถนนเทศบาล (ทต.ทัพทัน) (1)", "road_no": "0", "aumpher": "อำเภอทัพทัน", "office": "สาขาเมือง", "branch_code": "61000000", "name_short": "None", "price_new": 1100, "price_old": 1000, "width_m": 4, "pt_i": 1 }, "geometry": { "type": "Point", "coordinates": [ 99.89295230020079, 15.460449087882544 ] } },
{ "type": "Feature", "properties": { "road_key": "61000000ST224", "road_name": "ถนนเทศบาล (ทต.ทัพทัน) (1)", "road_no": "0", "aumpher": "อำเภอทัพทัน", "office": "สาขาเมือง", "branch_code": "61000000", "name_short": "None", "price_new": 1100, "price_old": 1000, "width_m": 4, "pt_i": 0 }, "geometry": { "type": "Point", "coordinates": [ 99.89295230020079, 15.460449087882544 ] } },
{ "type": "Feature", "properties": { "road_key": "61000000ST224", "road_name": "ถนนเทศบาล (ทต.ทัพทัน) (1)", "road_no": "0", "aumpher": "อำเภอทัพทัน", "office": "สาขาเมือง", "branch_code": "61000000", "name_short": "None", "price_new": 1100, "price_old": 1000, "width_m": 4, "pt_i": 1 }, "geometry": { "type": "Point", "coordinates": [ 99.893177708833406, 15.459395625406025 ] } },
{ "type": "Feature", "properties": { "road_key": "61000000ST224", "road_name": "ถนนเทศบาล (ทต.ทัพทัน) (1)", "road_no": "0", "aumpher": "อำเภอทัพทัน", "office": "สาขาเมือง", "branch_code": "61000000", "name_short": "None", "price_new": 1100, "price_old": 1000, "width_m": 4, "pt_i": 0 }, "geometry": { "type": "Point", "coordinates": [ 99.89295230020079, 15.460449087882544 ] } },
{ "type": "Feature", "properties": { "road_key": "61000000ST224", "road_name": "ถนนเทศบาล (ทต.ทัพทัน) (1)", "road_no": "0", "aumpher": "อำเภอทัพทัน", "office": "สาขาเมือง", "branch_code": "61000000", "name_short": "None", "price_new": 1100, "price_old": 1000, "width_m": 4, "pt_i": 1 }, "geometry": { "type": "Point", "coordinates": [ 99.894056012420634, 15.460275179512067 ] } },
{ "type": "Feature", "properties": { "road_key": "61000000ST224", "road_name": "ถนนเทศบาล (ทต.ทัพทัน) (1)", "road_no": "0", "aumpher": "อำเภอทัพทัน", "office": "สาขาเมือง", "branch_code": "61000000", "name_short": "None", "price_new": 1100, "price_old": 1000, "width_m": 4, "pt_i": 0 }, "geometry": { "type": "Point", "coordinates": [ 99.89295230020079, 15.460449087882544 ] } },
{ "type": "Feature", "properties": { "road_key": "61000000ST224", "road_name": "ถนนเทศบาล (ทต.ทัพทัน) (1)", "road_no": "0", "aumpher": "อำเภอทัพทัน", "office": "สาขาเมือง", "branch_code": "61000000", "name_short": "None", "price_new": 1100, "price_old": 1000, "width_m": 4, "pt_i": 1 }, "geometry": { "type": "Point", "coordinates": [ 99.893055819764726, 15.460934682678445 ] } },
{ "type": "Feature", "properties": { "road_key": "61000000ST224", "road_name": "ถนนเทศบาล (ทต.ทัพทัน) (1)", "road_no": "0", "aumpher": "อำเภอทัพทัน", "office": "สาขาเมือง", "branch_code": "61000000", "name_short": "None", "price_new": 1100, "price_old": 1000, "width_m": 4, "pt_i": 0 }, "geometry": { "type": "Point", "coordinates": [ 99.893055819764726, 15.460934682678445 ] } },
{ "type": "Feature", "properties": { "road_key": "61000000ST224", "road_name": "ถนนเทศบาล (ทต.ทัพทัน) (1)", "road_no": "0", "aumpher": "อำเภอทัพทัน", "office": "สาขาเมือง", "branch_code": "61000000", "name_short": "None", "price_new": 1100, "price_old": 1000, "width_m": 4, "pt_i": 1 }, "geometry": { "type": "Point", "coordinates": [ 99.894172372591626, 15.460902938271092 ] } },
{ "type": "Feature", "properties": { "road_key": "61000000ST224", "road_name": "ถนนเทศบาล (ทต.ทัพทัน) (1)", "road_no": "0", "aumpher": "อำเภอทัพทัน", "office": "สาขาเมือง", "branch_code": "61000000", "name_short": "None", "price_new": 1100, "price_old": 1000, "width_m": 4, "pt_i": 0 }, "geometry": { "type": "Point", "coordinates": [ 99.893055819764726, 15.460934682678445 ] } },
{ "type": "Feature", "properties": { "road_key": "61000000ST224", "road_name": "ถนนเทศบาล (ทต.ทัพทัน) (1)", "road_no": "0", "aumpher": "อำเภอทัพทัน", "office": "สาขาเมือง", "branch_code": "61000000", "name_short": "None", "price_new": 1100, "price_old": 1000, "width_m": 4, "pt_i": 1 }, "geometry": { "type": "Point", "coordinates": [ 99.893334278066263, 15.461979813473928 ] } },
{ "type": "Feature", "properties": { "road_key": "61000000ST224", "road_name": "ถนนเทศบาล (ทต.ทัพทัน) (1)", "road_no": "0", "aumpher": "อำเภอทัพทัน", "office": "สาขาเมือง", "branch_code": "61000000", "name_short": "None", "price_new": 1100, "price_old": 1000, "width_m": 4, "pt_i": 2 }, "geometry": { "type": "Point", "coordinates": [ 99.893293418300033, 15.462999988643974 ] } },
{ "type": "Feature", "properties": { "road_key": "61000000ST224", "road_name": "ถนนเทศบาล (ทต.ทัพทัน) (1)", "road_no": "0", "aumpher": "อำเภอทัพทัน", "office": "สาขาเมือง", "branch_code": "61000000", "name_short": "None", "price_new": 1100, "price_old": 1000, "width_m": 4, "pt_i": 3 }, "geometry": { "type": "Point", "coordinates": [ 99.894168427960508, 15.463155294590939 ] } },
{ "type": "Feature", "properties": { "road_key": "61000000ST224", "road_name": "ถนนเทศบาล (ทต.ทัพทัน) (1)", "road_no": "0", "aumpher": "อำเภอทัพทัน", "office": "สาขาเมือง", "branch_code": "61000000", "name_short": "None", "price_new": 1100, "price_old": 1000, "width_m": 4, "pt_i": 0 }, "geometry": { "type": "Point", "coordinates": [ 99.894579458910542, 15.460977131761723 ] } },
{ "type": "Feature", "properties": { "road_key": "61000000ST224", "road_name": "ถนนเทศบาล (ทต.ทัพทัน) (1)", "road_no": "0", "aumpher": "อำเภอทัพทัน", "office": "สาขาเมือง", "branch_code": "61000000", "name_short": "None", "price_new": 1100, "price_old": 1000, "width_m": 4, "pt_i": 1 }, "geometry": { "type": "Point", "coordinates": [ 99.894132437662137, 15.460237558353947 ] } },
{ "type": "Feature", "properties": { "road_key": "61000000ST224", "road_name": "ถนนเทศบาล (ทต.ทัพทัน) (1)", "road_no": "0", "aumpher": "อำเภอทัพทัน", "office": "สาขาเมือง", "branch_code": "61000000", "name_short": "None", "price_new": 1100, "price_old": 1000, "width_m": 4, "pt_i": 0 }, "geometry": { "type": "Point", "coordinates": [ 99.895688925942906, 15.461050845070236 ] } },
{ "type": "Feature", "properties": { "road_key": "61000000ST224", "road_name": "ถนนเทศบาล (ทต.ทัพทัน) (1)", "road_no": "0", "aumpher": "อำเภอทัพทัน", "office": "สาขาเมือง", "branch_code": "61000000", "name_short": "None", "price_new": 1100, "price_old": 1000, "width_m": 4, "pt_i": 1 }, "geometry": { "type": "Point", "coordinates": [ 99.895963031596011, 15.460132333048339 ] } },
{ "type": "Feature", "properties": { "road_key": "61000000ST224", "road_name": "ถนนเทศบาล (ทต.ทัพทัน) (1)", "road_no": "0", "aumpher": "อำเภอทัพทัน", "office": "สาขาเมือง", "branch_code": "61000000", "name_short": "None", "price_new": 1100, "price_old": 1000, "width_m": 4, "pt_i": 2 }, "geometry": { "type": "Point", "coordinates": [ 99.895390257005332, 15.459205089171665 ] } },
{ "type": "Feature", "properties": { "road_key": "61000000ST224", "road_name": "ถนนเทศบาล (ทต.ทัพทัน) (1)", "road_no": "0", "aumpher": "อำเภอทัพทัน", "office": "สาขาเมือง", "branch_code": "61000000", "name_short": "None", "price_new": 1100, "price_old": 1000, "width_m": 4, "pt_i": 3 }, "geometry": { "type": "Point", "coordinates": [ 99.894885344484592, 15.458248281672462 ] } },
{ "type": "Feature", "properties": { "road_key": "61000000ST224", "road_name": "ถนนเทศบาล (ทต.ทัพทัน) (1)", "road_no": "0", "aumpher": "อำเภอทัพทัน", "office": "สาขาเมือง", "branch_code": "61000000", "name_short": "None", "price_new": 1100, "price_old": 1000, "width_m": 4, "pt_i": 0 }, "geometry": { "type": "Point", "coordinates": [ 99.894640641435075, 15.461315537865904 ] } },
{ "type": "Feature", "properties": { "road_key": "61000000ST224", "road_name": "ถนนเทศบาล (ทต.ทัพทัน) (1)", "road_no": "0", "aumpher": "อำเภอทัพทัน", "office": "สาขาเมือง", "branch_code": "61000000", "name_short": "None", "price_new": 1100, "price_old": 1000, "width_m": 4, "pt_i": 1 }, "geometry": { "type": "Point", "coordinates": [ 99.894579458910542, 15.460977131761723 ] } },
{ "type": "Feature", "properties": { "road_key": "61000000ST224", "road_name": "ถนนเทศบาล (ทต.ทัพทัน) (1)", "road_no": "0", "aumpher": "อำเภอทัพทัน", "office": "สาขาเมือง", "branch_code": "61000000", "name_short": "None", "price_new": 1100, "price_old": 1000, "width_m": 4, "pt_i": 0 }, "geometry": { "type": "Point", "coordinates": [ 99.896537388778668, 15.462510375495604 ] } },
{ "type": "Feature", "properties": { "road_key": "61000000ST224", "road_name": "ถนนเทศบาล (ทต.ทัพทัน) (1)", "road_no": "0", "aumpher": "อำเภอทัพทัน", "office": "สาขาเมือง", "branch_code": "61000000", "name_short": "None", "price_new": 1100, "price_old": 1000, "width_m": 4, "pt_i": 1 }, "geometry": { "type": "Point", "coordinates": [ 99.896086048676537, 15.461517833813668 ] } },
{ "type": "Feature", "properties": { "road_key": "61000000ST224", "road_name": "ถนนเทศบาล (ทต.ทัพทัน) (1)", "road_no": "0", "aumpher": "อำเภอทัพทัน", "office": "สาขาเมือง", "branch_code": "61000000", "name_short": "None", "price_new": 1100, "price_old": 1000, "width_m": 4, "pt_i": 0 }, "geometry": { "type": "Point", "coordinates": [ 99.896537388778668, 15.462510375495604 ] } },
{ "type": "Feature", "properties": { "road_key": "61000000ST224", "road_name": "ถนนเทศบาล (ทต.ทัพทัน) (1)", "road_no": "0", "aumpher": "อำเภอทัพทัน", "office": "สาขาเมือง", "branch_code": "61000000", "name_short": "None", "price_new": 1100, "price_old": 1000, "width_m": 4, "pt_i": 1 }, "geometry": { "type": "Point", "coordinates": [ 99.897526406616493, 15.462027053659414 ] } },
{ "type": "Feature", "properties": { "road_key": "61000000ST224", "road_name": "ถนนเทศบาล (ทต.ทัพทัน) (1)", "road_no": "0", "aumpher": "อำเภอทัพทัน", "office": "สาขาเมือง", "branch_code": "61000000", "name_short": "None", "price_new": 1100, "price_old": 1000, "width_m": 4, "pt_i": 2 }, "geometry": { "type": "Point", "coordinates": [ 99.898625019974247, 15.461865205859818 ] } },
{ "type": "Feature", "properties": { "road_key": "61000000ST224", "road_name": "ถนนเทศบาล (ทต.ทัพทัน) (1)", "road_no": "0", "aumpher": "อำเภอทัพทัน", "office": "สาขาเมือง", "branch_code": "61000000", "name_short": "None", "price_new": 1100, "price_old": 1000, "width_m": 4, "pt_i": 0 }, "geometry": { "type": "Point", "coordinates": [ 99.896384974216545, 15.462654011820108 ] } },
{ "type": "Feature", "properties": { "road_key": "61000000ST224", "road_name": "ถนนเทศบาล (ทต.ทัพทัน) (1)", "road_no": "0", "aumpher": "อำเภอทัพทัน", "office": "สาขาเมือง", "branch_code": "61000000", "name_short": "None", "price_new": 1100, "price_old": 1000, "width_m": 4, "pt_i": 1 }, "geometry": { "type": "Point", "coordinates": [ 99.896537388778668, 15.462510375495604 ] } },
{ "type": "Feature", "properties": { "road_key": "61000000ST224", "road_name": "ถนนเทศบาล (ทต.ทัพทัน) (1)", "road_no": "0", "aumpher": "อำเภอทัพทัน", "office": "สาขาเมือง", "branch_code": "61000000", "name_short": "None", "price_new": 1100, "price_old": 1000, "width_m": 4, "pt_i": 0 }, "geometry": { "type": "Point", "coordinates": [ 99.896384974216545, 15.462654011820108 ] } },
{ "type": "Feature", "properties": { "road_key": "61000000ST224", "road_name": "ถนนเทศบาล (ทต.ทัพทัน) (1)", "road_no": "0", "aumpher": "อำเภอทัพทัน", "office": "สาขาเมือง", "branch_code": "61000000", "name_short": "None", "price_new": 1100, "price_old": 1000, "width_m": 4, "pt_i": 1 }, "geometry": { "type": "Point", "coordinates": [ 99.896143275017124, 15.463515926128878 ] } },
{ "type": "Feature", "properties": { "road_key": "61000000ST224", "road_name": "ถนนเทศบาล (ทต.ทัพทัน) (1)", "road_no": "0", "aumpher": "อำเภอทัพทัน", "office": "สาขาเมือง", "branch_code": "61000000", "name_short": "None", "price_new": 1100, "price_old": 1000, "width_m": 4, "pt_i": 0 }, "geometry": { "type": "Point", "coordinates": [ 99.895247038665659, 15.46298875224447 ] } },
{ "type": "Feature", "properties": { "road_key": "61000000ST224", "road_name": "ถนนเทศบาล (ทต.ทัพทัน) (1)", "road_no": "0", "aumpher": "อำเภอทัพทัน", "office": "สาขาเมือง", "branch_code": "61000000", "name_short": "None", "price_new": 1100, "price_old": 1000, "width_m": 4, "pt_i": 1 }, "geometry": { "type": "Point", "coordinates": [ 99.896315048402769, 15.462673694338458 ] } },
{ "type": "Feature", "properties": { "road_key": "61000000ST224", "road_name": "ถนนเทศบาล (ทต.ทัพทัน) (1)", "road_no": "0", "aumpher": "อำเภอทัพทัน", "office": "สาขาเมือง", "branch_code": "61000000", "name_short": "None", "price_new": 1100, "price_old": 1000, "width_m": 4, "pt_i": 0 }, "geometry": { "type": "Point", "coordinates": [ 99.895247038665659, 15.46298875224447 ] } },
{ "type": "Feature", "properties": { "road_key": "61000000ST224", "road_name": "ถนนเทศบาล (ทต.ทัพทัน) (1)", "road_no": "0", "aumpher": "อำเภอทัพทัน", "office": "สาขาเมือง", "branch_code": "61000000", "name_short": "None", "price_new": 1100, "price_old": 1000, "width_m": 4, "pt_i": 1 }, "geometry": { "type": "Point", "coordinates": [ 99.89545796633972, 15.464053635542426 ] } },
{ "type": "Feature", "properties": { "road_key": "61000000ST225", "road_name": "ถนนเทศบาล (ทต.ทัพทัน) (2)", "road_no": "0", "aumpher": "อำเภอทัพทัน", "office": "สาขาเมือง", "branch_code": "61000000", "name_short": "None", "price_new": 1100, "price_old": 1000, "width_m": 4, "pt_i": 0 }, "geometry": { "type": "Point", "coordinates": [ 99.89111414247472, 15.457647207388998 ] } },
{ "type": "Feature", "properties": { "road_key": "61000000ST225", "road_name": "ถนนเทศบาล (ทต.ทัพทัน) (2)", "road_no": "0", "aumpher": "อำเภอทัพทัน", "office": "สาขาเมือง", "branch_code": "61000000", "name_short": "None", "price_new": 1100, "price_old": 1000, "width_m": 4, "pt_i": 1 }, "geometry": { "type": "Point", "coordinates": [ 99.892220571535162, 15.457492126201624 ] } },
{ "type": "Feature", "properties": { "road_key": "61000000ST225", "road_name": "ถนนเทศบาล (ทต.ทัพทัน) (2)", "road_no": "0", "aumpher": "อำเภอทัพทัน", "office": "สาขาเมือง", "branch_code": "61000000", "name_short": "None", "price_new": 1100, "price_old": 1000, "width_m": 4, "pt_i": 0 }, "geometry": { "type": "Point", "coordinates": [ 99.885414418478859, 15.458472690059006 ] } },
{ "type": "Feature", "properties": { "road_key": "61000000ST225", "road_name": "ถนนเทศบาล (ทต.ทัพทัน) (2)", "road_no": "0", "aumpher": "อำเภอทัพทัน", "office": "สาขาเมือง", "branch_code": "61000000", "name_short": "None", "price_new": 1100, "price_old": 1000, "width_m": 4, "pt_i": 1 }, "geometry": { "type": "Point", "coordinates": [ 99.885328285772303, 15.459554250915524 ] } },
{ "type": "Feature", "properties": { "road_key": "61000000ST225", "road_name": "ถนนเทศบาล (ทต.ทัพทัน) (2)", "road_no": "0", "aumpher": "อำเภอทัพทัน", "office": "สาขาเมือง", "branch_code": "61000000", "name_short": "None", "price_new": 1100, "price_old": 1000, "width_m": 4, "pt_i": 2 }, "geometry": { "type": "Point", "coordinates": [ 99.885689340173087, 15.460380388736416 ] } },
{ "type": "Feature", "properties": { "road_key": "61000000ST225", "road_name": "ถนนเทศบาล (ทต.ทัพทัน) (2)", "road_no": "0", "aumpher": "อำเภอทัพทัน", "office": "สาขาเมือง", "branch_code": "61000000", "name_short": "None", "price_new": 1100, "price_old": 1000, "width_m": 4, "pt_i": 0 }, "geometry": { "type": "Point", "coordinates": [ 99.891420315538866, 15.45874971078131 ] } },
{ "type": "Feature", "properties": { "road_key": "61000000ST225", "road_name": "ถนนเทศบาล (ทต.ทัพทัน) (2)", "road_no": "0", "aumpher": "อำเภอทัพทัน", "office": "สาขาเมือง", "branch_code": "61000000", "name_short": "None", "price_new": 1100, "price_old": 1000, "width_m": 4, "pt_i": 1 }, "geometry": { "type": "Point", "coordinates": [ 99.891130064976153, 15.457702230517274 ] } },
{ "type": "Feature", "properties": { "road_key": "61000000ST225", "road_name": "ถนนเทศบาล (ทต.ทัพทัน) (2)", "road_no": "0", "aumpher": "อำเภอทัพทัน", "office": "สาขาเมือง", "branch_code": "61000000", "name_short": "None", "price_new": 1100, "price_old": 1000, "width_m": 4, "pt_i": 0 }, "geometry": { "type": "Point", "coordinates": [ 99.888607852522597, 15.459410112014934 ] } },
{ "type": "Feature", "properties": { "road_key": "61000000ST225", "road_name": "ถนนเทศบาล (ทต.ทัพทัน) (2)", "road_no": "0", "aumpher": "อำเภอทัพทัน", "office": "สาขาเมือง", "branch_code": "61000000", "name_short": "None", "price_new": 1100, "price_old": 1000, "width_m": 4, "pt_i": 1 }, "geometry": { "type": "Point", "coordinates": [ 99.889023718775206, 15.458403099224427 ] } },
{ "type": "Feature", "properties": { "road_key": "61000000ST225", "road_name": "ถนนเทศบาล (ทต.ทัพทัน) (2)", "road_no": "0", "aumpher": "อำเภอทัพทัน", "office": "สาขาเมือง", "branch_code": "61000000", "name_short": "None", "price_new": 1100, "price_old": 1000, "width_m": 4, "pt_i": 2 }, "geometry": { "type": "Point", "coordinates": [ 99.889960390440194, 15.457867537904788 ] } },
{ "type": "Feature", "properties": { "road_key": "61000000ST225", "road_name": "ถนนเทศบาล (ทต.ทัพทัน) (2)", "road_no": "0", "aumpher": "อำเภอทัพทัน", "office": "สาขาเมือง", "branch_code": "61000000", "name_short": "None", "price_new": 1100, "price_old": 1000, "width_m": 4, "pt_i": 3 }, "geometry": { "type": "Point", "coordinates": [ 99.891054712009819, 15.457654460154723 ] } },
{ "type": "Feature", "properties": { "road_key": "61000000ST225", "road_name": "ถนนเทศบาล (ทต.ทัพทัน) (2)", "road_no": "0", "aumpher": "อำเภอทัพทัน", "office": "สาขาเมือง", "branch_code": "61000000", "name_short": "None", "price_new": 1100, "price_old": 1000, "width_m": 4, "pt_i": 0 }, "geometry": { "type": "Point", "coordinates": [ 99.888607852522597, 15.459410112014934 ] } },
{ "type": "Feature", "properties": { "road_key": "61000000ST225", "road_name": "ถนนเทศบาล (ทต.ทัพทัน) (2)", "road_no": "0", "aumpher": "อำเภอทัพทัน", "office": "สาขาเมือง", "branch_code": "61000000", "name_short": "None", "price_new": 1100, "price_old": 1000, "width_m": 4, "pt_i": 1 }, "geometry": { "type": "Point", "coordinates": [ 99.889173473602341, 15.459643291612924 ] } },
{ "type": "Feature", "properties": { "road_key": "61000000ST225", "road_name": "ถนนเทศบาล (ทต.ทัพทัน) (2)", "road_no": "0", "aumpher": "อำเภอทัพทัน", "office": "สาขาเมือง", "branch_code": "61000000", "name_short": "None", "price_new": 1100, "price_old": 1000, "width_m": 4, "pt_i": 0 }, "geometry": { "type": "Point", "coordinates": [ 99.889173473602341, 15.459643291612924 ] } },
{ "type": "Feature", "properties": { "road_key": "61000000ST225", "road_name": "ถนนเทศบาล (ทต.ทัพทัน) (2)", "road_no": "0", "aumpher": "อำเภอทัพทัน", "office": "สาขาเมือง", "branch_code": "61000000", "name_short": "None", "price_new": 1100, "price_old": 1000, "width_m": 4, "pt_i": 1 }, "geometry": { "type": "Point", "coordinates": [ 99.889525706798338, 15.458873184234958 ] } },
{ "type": "Feature", "properties": { "road_key": "61000000ST225", "road_name": "ถนนเทศบาล (ทต.ทัพทัน) (2)", "road_no": "0", "aumpher": "อำเภอทัพทัน", "office": "สาขาเมือง", "branch_code": "61000000", "name_short": "None", "price_new": 1100, "price_old": 1000, "width_m": 4, "pt_i": 0 }, "geometry": { "type": "Point", "coordinates": [ 99.889173473602341, 15.459643291612924 ] } },
{ "type": "Feature", "properties": { "road_key": "61000000ST225", "road_name": "ถนนเทศบาล (ทต.ทัพทัน) (2)", "road_no": "0", "aumpher": "อำเภอทัพทัน", "office": "สาขาเมือง", "branch_code": "61000000", "name_short": "None", "price_new": 1100, "price_old": 1000, "width_m": 4, "pt_i": 1 }, "geometry": { "type": "Point", "coordinates": [ 99.889819319397191, 15.459909541719485 ] } },
{ "type": "Feature", "properties": { "road_key": "61000000ST225", "road_name": "ถนนเทศบาล (ทต.ทัพทัน) (2)", "road_no": "0", "aumpher": "อำเภอทัพทัน", "office": "สาขาเมือง", "branch_code": "61000000", "name_short": "None", "price_new": 1100, "price_old": 1000, "width_m": 4, "pt_i": 0 }, "geometry": { "type": "Point", "coordinates": [ 99.890097473279567, 15.459741826788795 ] } },
{ "type": "Feature", "properties": { "road_key": "61000000ST225", "road_name": "ถนนเทศบาล (ทต.ทัพทัน) (2)", "road_no": "0", "aumpher": "อำเภอทัพทัน", "office": "สาขาเมือง", "branch_code": "61000000", "name_short": "None", "price_new": 1100, "price_old": 1000, "width_m": 4, "pt_i": 1 }, "geometry": { "type": "Point", "coordinates": [ 99.890979441048543, 15.459074699312715 ] } },
{ "type": "Feature", "properties": { "road_key": "61000000ST225", "road_name": "ถนนเทศบาล (ทต.ทัพทัน) (2)", "road_no": "0", "aumpher": "อำเภอทัพทัน", "office": "สาขาเมือง", "branch_code": "61000000", "name_short": "None", "price_new": 1100, "price_old": 1000, "width_m": 4, "pt_i": 0 }, "geometry": { "type": "Point", "coordinates": [ 99.888457500722112, 15.459774183825557 ] } },
{ "type": "Feature", "properties": { "road_key": "61000000ST225", "road_name": "ถนนเทศบาล (ทต.ทัพทัน) (2)", "road_no": "0", "aumpher": "อำเภอทัพทัน", "office": "สาขาเมือง", "branch_code": "61000000", "name_short": "None", "price_new": 1100, "price_old": 1000, "width_m": 4, "pt_i": 1 }, "geometry": { "type": "Point", "coordinates": [ 99.888607852522597, 15.459410112014934 ] } },
{ "type": "Feature", "properties": { "road_key": "61000000ST225", "road_name": "ถนนเทศบาล (ทต.ทัพทัน) (2)", "road_no": "0", "aumpher": "อำเภอทัพทัน", "office": "สาขาเมือง", "branch_code": "61000000", "name_short": "None", "price_new": 1100, "price_old": 1000, "width_m": 4, "pt_i": 0 }, "geometry": { "type": "Point", "coordinates": [ 99.889009130114246, 15.460002603071334 ] } },
{ "type": "Feature", "properties": { "road_key": "61000000ST225", "road_name": "ถนนเทศบาล (ทต.ทัพทัน) (2)", "road_no": "0", "aumpher": "อำเภอทัพทัน", "office": "สาขาเมือง", "branch_code": "61000000", "name_short": "None", "price_new": 1100, "price_old": 1000, "width_m": 4, "pt_i": 1 }, "geometry": { "type": "Point", "coordinates": [ 99.889173473602341, 15.459643291612924 ] } },
{ "type": "Feature", "properties": { "road_key": "61000000ST225", "road_name": "ถนนเทศบาล (ทต.ทัพทัน) (2)", "road_no": "0", "aumpher": "อำเภอทัพทัน", "office": "สาขาเมือง", "branch_code": "61000000", "name_short": "None", "price_new": 1100, "price_old": 1000, "width_m": 4, "pt_i": 0 }, "geometry": { "type": "Point", "coordinates": [ 99.886890175956196, 15.46006838005391 ] } },
{ "type": "Feature", "properties": { "road_key": "61000000ST225", "road_name": "ถนนเทศบาล (ทต.ทัพทัน) (2)", "road_no": "0", "aumpher": "อำเภอทัพทัน", "office": "สาขาเมือง", "branch_code": "61000000", "name_short": "None", "price_new": 1100, "price_old": 1000, "width_m": 4, "pt_i": 1 }, "geometry": { "type": "Point", "coordinates": [ 99.887191814346664, 15.459238932482668 ] } },
{ "type": "Feature", "properties": { "road_key": "61000000ST225", "road_name": "ถนนเทศบาล (ทต.ทัพทัน) (2)", "road_no": "0", "aumpher": "อำเภอทัพทัน", "office": "สาขาเมือง", "branch_code": "61000000", "name_short": "None", "price_new": 1100, "price_old": 1000, "width_m": 4, "pt_i": 0 }, "geometry": { "type": "Point", "coordinates": [ 99.886890175956196, 15.46006838005391 ] } },
{ "type": "Feature", "properties": { "road_key": "61000000ST225", "road_name": "ถนนเทศบาล (ทต.ทัพทัน) (2)", "road_no": "0", "aumpher": "อำเภอทัพทัน", "office": "สาขาเมือง", "branch_code": "61000000", "name_short": "None", "price_new": 1100, "price_old": 1000, "width_m": 4, "pt_i": 1 }, "geometry": { "type": "Point", "coordinates": [ 99.887956963730389, 15.460390001262624 ] } },
{ "type": "Feature", "properties": { "road_key": "61000000ST225", "road_name": "ถนนเทศบาล (ทต.ทัพทัน) (2)", "road_no": "0", "aumpher": "อำเภอทัพทัน", "office": "สาขาเมือง", "branch_code": "61000000", "name_short": "None", "price_new": 1100, "price_old": 1000, "width_m": 4, "pt_i": 0 }, "geometry": { "type": "Point", "coordinates": [ 99.891330129400174, 15.460077337379282 ] } },
{ "type": "Feature", "properties": { "road_key": "61000000ST225", "road_name": "ถนนเทศบาล (ทต.ทัพทัน) (2)", "road_no": "0", "aumpher": "อำเภอทัพทัน", "office": "สาขาเมือง", "branch_code": "61000000", "name_short": "None", "price_new": 1100, "price_old": 1000, "width_m": 4, "pt_i": 1 }, "geometry": { "type": "Point", "coordinates": [ 99.891467794228618, 15.459009051639956 ] } },
{ "type": "Feature", "properties": { "road_key": "61000000ST225", "road_name": "ถนนเทศบาล (ทต.ทัพทัน) (2)", "road_no": "0", "aumpher": "อำเภอทัพทัน", "office": "สาขาเมือง", "branch_code": "61000000", "name_short": "None", "price_new": 1100, "price_old": 1000, "width_m": 4, "pt_i": 0 }, "geometry": { "type": "Point", "coordinates": [ 99.891330129400174, 15.460077337379282 ] } },
{ "type": "Feature", "properties": { "road_key": "61000000ST225", "road_name": "ถนนเทศบาล (ทต.ทัพทัน) (2)", "road_no": "0", "aumpher": "อำเภอทัพทัน", "office": "สาขาเมือง", "branch_code": "61000000", "name_short": "None", "price_new": 1100, "price_old": 1000, "width_m": 4, "pt_i": 1 }, "geometry": { "type": "Point", "coordinates": [ 99.892242357449547, 15.460384175059733 ] } },
{ "type": "Feature", "properties": { "road_key": "61000000ST225", "road_name": "ถนนเทศบาล (ทต.ทัพทัน) (2)", "road_no": "0", "aumpher": "อำเภอทัพทัน", "office": "สาขาเมือง", "branch_code": "61000000", "name_short": "None", "price_new": 1100, "price_old": 1000, "width_m": 4, "pt_i": 0 }, "geometry": { "type": "Point", "coordinates": [ 99.886581167030386, 15.460336566598556 ] } },
{ "type": "Feature", "properties": { "road_key": "61000000ST225", "road_name": "ถนนเทศบาล (ทต.ทัพทัน) (2)", "road_no": "0", "aumpher": "อำเภอทัพทัน", "office": "สาขาเมือง", "branch_code": "61000000", "name_short": "None", "price_new": 1100, "price_old": 1000, "width_m": 4, "pt_i": 1 }, "geometry": { "type": "Point", "coordinates": [ 99.886890175956196, 15.46006838005391 ] } },
{ "type": "Feature", "properties": { "road_key": "61000000ST225", "road_name": "ถนนเทศบาล (ทต.ทัพทัน) (2)", "road_no": "0", "aumpher": "อำเภอทัพทัน", "office": "สาขาเมือง", "branch_code": "61000000", "name_short": "None", "price_new": 1100, "price_old": 1000, "width_m": 4, "pt_i": 0 }, "geometry": { "type": "Point", "coordinates": [ 99.886581167030386, 15.460336566598556 ] } },
{ "type": "Feature", "properties": { "road_key": "61000000ST225", "road_name": "ถนนเทศบาล (ทต.ทัพทัน) (2)", "road_no": "0", "aumpher": "อำเภอทัพทัน", "office": "สาขาเมือง", "branch_code": "61000000", "name_short": "None", "price_new": 1100, "price_old": 1000, "width_m": 4, "pt_i": 1 }, "geometry": { "type": "Point", "coordinates": [ 99.887609068609109, 15.460754318435601 ] } },
{ "type": "Feature", "properties": { "road_key": "61000000ST225", "road_name": "ถนนเทศบาล (ทต.ทัพทัน) (2)", "road_no": "0", "aumpher": "อำเภอทัพทัน", "office": "สาขาเมือง", "branch_code": "61000000", "name_short": "None", "price_new": 1100, "price_old": 1000, "width_m": 4, "pt_i": 0 }, "geometry": { "type": "Point", "coordinates": [ 99.888716870213273, 15.460583053709087 ] } },
{ "type": "Feature", "properties": { "road_key": "61000000ST225", "road_name": "ถนนเทศบาล (ทต.ทัพทัน) (2)", "road_no": "0", "aumpher": "อำเภอทัพทัน", "office": "สาขาเมือง", "branch_code": "61000000", "name_short": "None", "price_new": 1100, "price_old": 1000, "width_m": 4, "pt_i": 1 }, "geometry": { "type": "Point", "coordinates": [ 99.888966064183407, 15.459985204177416 ] } },
{ "type": "Feature", "properties": { "road_key": "61000000ST225", "road_name": "ถนนเทศบาล (ทต.ทัพทัน) (2)", "road_no": "0", "aumpher": "อำเภอทัพทัน", "office": "สาขาเมือง", "branch_code": "61000000", "name_short": "None", "price_new": 1100, "price_old": 1000, "width_m": 4, "pt_i": 0 }, "geometry": { "type": "Point", "coordinates": [ 99.886467375911394, 15.460683575155942 ] } },
{ "type": "Feature", "properties": { "road_key": "61000000ST225", "road_name": "ถนนเทศบาล (ทต.ทัพทัน) (2)", "road_no": "0", "aumpher": "อำเภอทัพทัน", "office": "สาขาเมือง", "branch_code": "61000000", "name_short": "None", "price_new": 1100, "price_old": 1000, "width_m": 4, "pt_i": 1 }, "geometry": { "type": "Point", "coordinates": [ 99.886581167030386, 15.460336566598556 ] } },
{ "type": "Feature", "properties": { "road_key": "61000000ST225", "road_name": "ถนนเทศบาล (ทต.ทัพทัน) (2)", "road_no": "0", "aumpher": "อำเภอทัพทัน", "office": "สาขาเมือง", "branch_code": "61000000", "name_short": "None", "price_new": 1100, "price_old": 1000, "width_m": 4, "pt_i": 0 }, "geometry": { "type": "Point", "coordinates": [ 99.886467375911394, 15.460683575155942 ] } },
{ "type": "Feature", "properties": { "road_key": "61000000ST225", "road_name": "ถนนเทศบาล (ทต.ทัพทัน) (2)", "road_no": "0", "aumpher": "อำเภอทัพทัน", "office": "สาขาเมือง", "branch_code": "61000000", "name_short": "None", "price_new": 1100, "price_old": 1000, "width_m": 4, "pt_i": 1 }, "geometry": { "type": "Point", "coordinates": [ 99.886472639594146, 15.461546782690318 ] } },
{ "type": "Feature", "properties": { "road_key": "61000000ST225", "road_name": "ถนนเทศบาล (ทต.ทัพทัน) (2)", "road_no": "0", "aumpher": "อำเภอทัพทัน", "office": "สาขาเมือง", "branch_code": "61000000", "name_short": "None", "price_new": 1100, "price_old": 1000, "width_m": 4, "pt_i": 2 }, "geometry": { "type": "Point", "coordinates": [ 99.887551992022949, 15.461831309883097 ] } },
{ "type": "Feature", "properties": { "road_key": "61000000ST225", "road_name": "ถนนเทศบาล (ทต.ทัพทัน) (2)", "road_no": "0", "aumpher": "อำเภอทัพทัน", "office": "สาขาเมือง", "branch_code": "61000000", "name_short": "None", "price_new": 1100, "price_old": 1000, "width_m": 4, "pt_i": 0 }, "geometry": { "type": "Point", "coordinates": [ 99.888122838471062, 15.460859963450588 ] } },
{ "type": "Feature", "properties": { "road_key": "61000000ST225", "road_name": "ถนนเทศบาล (ทต.ทัพทัน) (2)", "road_no": "0", "aumpher": "อำเภอทัพทัน", "office": "สาขาเมือง", "branch_code": "61000000", "name_short": "None", "price_new": 1100, "price_old": 1000, "width_m": 4, "pt_i": 1 }, "geometry": { "type": "Point", "coordinates": [ 99.888716870213273, 15.460583053709087 ] } },
{ "type": "Feature", "properties": { "road_key": "61000000ST225", "road_name": "ถนนเทศบาล (ทต.ทัพทัน) (2)", "road_no": "0", "aumpher": "อำเภอทัพทัน", "office": "สาขาเมือง", "branch_code": "61000000", "name_short": "None", "price_new": 1100, "price_old": 1000, "width_m": 4, "pt_i": 0 }, "geometry": { "type": "Point", "coordinates": [ 99.891170596119608, 15.460874195934853 ] } },
{ "type": "Feature", "properties": { "road_key": "61000000ST225", "road_name": "ถนนเทศบาล (ทต.ทัพทัน) (2)", "road_no": "0", "aumpher": "อำเภอทัพทัน", "office": "สาขาเมือง", "branch_code": "61000000", "name_short": "None", "price_new": 1100, "price_old": 1000, "width_m": 4, "pt_i": 1 }, "geometry": { "type": "Point", "coordinates": [ 99.891330129400174, 15.460077337379282 ] } },
{ "type": "Feature", "properties": { "road_key": "61000000ST225", "road_name": "ถนนเทศบาล (ทต.ทัพทัน) (2)", "road_no": "0", "aumpher": "อำเภอทัพทัน", "office": "สาขาเมือง", "branch_code": "61000000", "name_short": "None", "price_new": 1100, "price_old": 1000, "width_m": 4, "pt_i": 0 }, "geometry": { "type": "Point", "coordinates": [ 99.890049014655276, 15.461835991511276 ] } },
{ "type": "Feature", "properties": { "road_key": "61000000ST225", "road_name": "ถนนเทศบาล (ทต.ทัพทัน) (2)", "road_no": "0", "aumpher": "อำเภอทัพทัน", "office": "สาขาเมือง", "branch_code": "61000000", "name_short": "None", "price_new": 1100, "price_old": 1000, "width_m": 4, "pt_i": 1 }, "geometry": { "type": "Point", "coordinates": [ 99.889770703253092, 15.461047558441839 ] } },
{ "type": "Feature", "properties": { "road_key": "61000000ST225", "road_name": "ถนนเทศบาล (ทต.ทัพทัน) (2)", "road_no": "0", "aumpher": "อำเภอทัพทัน", "office": "สาขาเมือง", "branch_code": "61000000", "name_short": "None", "price_new": 1100, "price_old": 1000, "width_m": 4, "pt_i": 0 }, "geometry": { "type": "Point", "coordinates": [ 99.887825417518997, 15.461903664555503 ] } },
{ "type": "Feature", "properties": { "road_key": "61000000ST225", "road_name": "ถนนเทศบาล (ทต.ทัพทัน) (2)", "road_no": "0", "aumpher": "อำเภอทัพทัน", "office": "สาขาเมือง", "branch_code": "61000000", "name_short": "None", "price_new": 1100, "price_old": 1000, "width_m": 4, "pt_i": 1 }, "geometry": { "type": "Point", "coordinates": [ 99.888122239368684, 15.460863354024156 ] } },
{ "type": "Feature", "properties": { "road_key": "61000000ST225", "road_name": "ถนนเทศบาล (ทต.ทัพทัน) (2)", "road_no": "0", "aumpher": "อำเภอทัพทัน", "office": "สาขาเมือง", "branch_code": "61000000", "name_short": "None", "price_new": 1100, "price_old": 1000, "width_m": 4, "pt_i": 0 }, "geometry": { "type": "Point", "coordinates": [ 99.887825417518997, 15.461903664555503 ] } },
{ "type": "Feature", "properties": { "road_key": "61000000ST225", "road_name": "ถนนเทศบาล (ทต.ทัพทัน) (2)", "road_no": "0", "aumpher": "อำเภอทัพทัน", "office": "สาขาเมือง", "branch_code": "61000000", "name_short": "None", "price_new": 1100, "price_old": 1000, "width_m": 4, "pt_i": 1 }, "geometry": { "type": "Point", "coordinates": [ 99.8889062797614, 15.462181170865364 ] } },
{ "type": "Feature", "properties": { "road_key": "61000000ST225", "road_name": "ถนนเทศบาล (ทต.ทัพทัน) (2)", "road_no": "0", "aumpher": "อำเภอทัพทัน", "office": "สาขาเมือง", "branch_code": "61000000", "name_short": "None", "price_new": 1100, "price_old": 1000, "width_m": 4, "pt_i": 0 }, "geometry": { "type": "Point", "coordinates": [ 99.889787372891576, 15.462231067735415 ] } },
{ "type": "Feature", "properties": { "road_key": "61000000ST225", "road_name": "ถนนเทศบาล (ทต.ทัพทัน) (2)", "road_no": "0", "aumpher": "อำเภอทัพทัน", "office": "สาขาเมือง", "branch_code": "61000000", "name_short": "None", "price_new": 1100, "price_old": 1000, "width_m": 4, "pt_i": 1 }, "geometry": { "type": "Point", "coordinates": [ 99.890837180859876, 15.462589760397142 ] } },
{ "type": "Feature", "properties": { "road_key": "61000000ST226", "road_name": "ถนนยมราช (ทต.ทัพทัน)", "road_no": "0", "aumpher": "อำเภอทัพทัน", "office": "สาขาเมือง", "branch_code": "61000000", "name_short": "None", "price_new": 7000, "price_old": 6000, "width_m": 12, "pt_i": 0 }, "geometry": { "type": "Point", "coordinates": [ 99.890634604436585, 15.46073807363137 ] } },
{ "type": "Feature", "properties": { "road_key": "61000000ST226", "road_name": "ถนนยมราช (ทต.ทัพทัน)", "road_no": "0", "aumpher": "อำเภอทัพทัน", "office": "สาขาเมือง", "branch_code": "61000000", "name_short": "None", "price_new": 7000, "price_old": 6000, "width_m": 12, "pt_i": 1 }, "geometry": { "type": "Point", "coordinates": [ 99.891716629447245, 15.461012866911149 ] } },
{ "type": "Feature", "properties": { "road_key": "61000000ST227", "road_name": "ถนนราชสุภาวดี (ทต.ทัพทัน) (1)", "road_no": "0", "aumpher": "อำเภอทัพทัน", "office": "สาขาเมือง", "branch_code": "61000000", "name_short": "None", "price_new": 2000, "price_old": 1750, "width_m": 6, "pt_i": 0 }, "geometry": { "type": "Point", "coordinates": [ 99.89434718830654, 15.466725824455029 ] } },
{ "type": "Feature", "properties": { "road_key": "61000000ST227", "road_name": "ถนนราชสุภาวดี (ทต.ทัพทัน) (1)", "road_no": "0", "aumpher": "อำเภอทัพทัน", "office": "สาขาเมือง", "branch_code": "61000000", "name_short": "None", "price_new": 2000, "price_old": 1750, "width_m": 6, "pt_i": 1 }, "geometry": { "type": "Point", "coordinates": [ 99.893982108260928, 15.465742868493962 ] } },
{ "type": "Feature", "properties": { "road_key": "61000000ST227", "road_name": "ถนนราชสุภาวดี (ทต.ทัพทัน) (1)", "road_no": "0", "aumpher": "อำเภอทัพทัน", "office": "สาขาเมือง", "branch_code": "61000000", "name_short": "None", "price_new": 2000, "price_old": 1750, "width_m": 6, "pt_i": 2 }, "geometry": { "type": "Point", "coordinates": [ 99.893427154861499, 15.464801020369418 ] } },
{ "type": "Feature", "properties": { "road_key": "61000000ST227", "road_name": "ถนนราชสุภาวดี (ทต.ทัพทัน) (1)", "road_no": "0", "aumpher": "อำเภอทัพทัน", "office": "สาขาเมือง", "branch_code": "61000000", "name_short": "None", "price_new": 2000, "price_old": 1750, "width_m": 6, "pt_i": 3 }, "geometry": { "type": "Point", "coordinates": [ 99.89287592646798, 15.463857182233651 ] } },
{ "type": "Feature", "properties": { "road_key": "61000000ST227", "road_name": "ถนนราชสุภาวดี (ทต.ทัพทัน) (1)", "road_no": "0", "aumpher": "อำเภอทัพทัน", "office": "สาขาเมือง", "branch_code": "61000000", "name_short": "None", "price_new": 2000, "price_old": 1750, "width_m": 6, "pt_i": 4 }, "geometry": { "type": "Point", "coordinates": [ 99.892141652196827, 15.463171323815066 ] } },
{ "type": "Feature", "properties": { "road_key": "61000000ST228", "road_name": "ถนนราชสุภาวดี (ทต.ทัพทัน) (2)", "road_no": "0", "aumpher": "อำเภอทัพทัน", "office": "สาขาเมือง", "branch_code": "61000000", "name_short": "None", "price_new": 2500, "price_old": 2000, "width_m": 8, "pt_i": 0 }, "geometry": { "type": "Point", "coordinates": [ 99.891810251746293, 15.462888131074862 ] } },
{ "type": "Feature", "properties": { "road_key": "61000000ST228", "road_name": "ถนนราชสุภาวดี (ทต.ทัพทัน) (2)", "road_no": "0", "aumpher": "อำเภอทัพทัน", "office": "สาขาเมือง", "branch_code": "61000000", "name_short": "None", "price_new": 2500, "price_old": 2000, "width_m": 8, "pt_i": 1 }, "geometry": { "type": "Point", "coordinates": [ 99.891899655592255, 15.461807139182318 ] } },
{ "type": "Feature", "properties": { "road_key": "61000000ST229", "road_name": "ถนนรามัญ (ทต.ทัพทัน) ซอย 12", "road_no": "0", "aumpher": "อำเภอทัพทัน", "office": "สาขาเมือง", "branch_code": "61000000", "name_short": "None", "price_new": 1100, "price_old": 1000, "width_m": 4, "pt_i": 0 }, "geometry": { "type": "Point", "coordinates": [ 99.888866110187209, 15.464243892634931 ] } },
{ "type": "Feature", "properties": { "road_key": "61000000ST229", "road_name": "ถนนรามัญ (ทต.ทัพทัน) ซอย 12", "road_no": "0", "aumpher": "อำเภอทัพทัน", "office": "สาขาเมือง", "branch_code": "61000000", "name_short": "None", "price_new": 1100, "price_old": 1000, "width_m": 4, "pt_i": 1 }, "geometry": { "type": "Point", "coordinates": [ 99.889882626342128, 15.463791395100728 ] } },
{ "type": "Feature", "properties": { "road_key": "61000000ST229", "road_name": "ถนนรามัญ (ทต.ทัพทัน) ซอย 12", "road_no": "0", "aumpher": "อำเภอทัพทัน", "office": "สาขาเมือง", "branch_code": "61000000", "name_short": "None", "price_new": 1100, "price_old": 1000, "width_m": 4, "pt_i": 2 }, "geometry": { "type": "Point", "coordinates": [ 99.890957987123116, 15.463514019667462 ] } },
{ "type": "Feature", "properties": { "road_key": "61000000ST230", "road_name": "ถนนในโครงการ (ทต.ทัพทัน) (1)", "road_no": "0", "aumpher": "อำเภอทัพทัน", "office": "สาขาเมือง", "branch_code": "61000000", "name_short": "None", "price_new": 2000, "price_old": 1000, "width_m": 6, "pt_i": 0 }, "geometry": { "type": "Point", "coordinates": [ 99.890506664459238, 15.458468249132304 ] } },
{ "type": "Feature", "properties": { "road_key": "61000000ST230", "road_name": "ถนนในโครงการ (ทต.ทัพทัน) (1)", "road_no": "0", "aumpher": "อำเภอทัพทัน", "office": "สาขาเมือง", "branch_code": "61000000", "name_short": "None", "price_new": 2000, "price_old": 1000, "width_m": 6, "pt_i": 1 }, "geometry": { "type": "Point", "coordinates": [ 99.889786090573224, 15.458601339389686 ] } },
{ "type": "Feature", "properties": { "road_key": "61000000ST230", "road_name": "ถนนในโครงการ (ทต.ทัพทัน) (1)", "road_no": "0", "aumpher": "อำเภอทัพทัน", "office": "สาขาเมือง", "branch_code": "61000000", "name_short": "None", "price_new": 2000, "price_old": 1000, "width_m": 6, "pt_i": 0 }, "geometry": { "type": "Point", "coordinates": [ 99.890593793376539, 15.458658647085405 ] } },
{ "type": "Feature", "properties": { "road_key": "61000000ST230", "road_name": "ถนนในโครงการ (ทต.ทัพทัน) (1)", "road_no": "0", "aumpher": "อำเภอทัพทัน", "office": "สาขาเมือง", "branch_code": "61000000", "name_short": "None", "price_new": 2000, "price_old": 1000, "width_m": 6, "pt_i": 1 }, "geometry": { "type": "Point", "coordinates": [ 99.890506664459238, 15.458468249132304 ] } },
{ "type": "Feature", "properties": { "road_key": "61000000ST230", "road_name": "ถนนในโครงการ (ทต.ทัพทัน) (1)", "road_no": "0", "aumpher": "อำเภอทัพทัน", "office": "สาขาเมือง", "branch_code": "61000000", "name_short": "None", "price_new": 2000, "price_old": 1000, "width_m": 6, "pt_i": 0 }, "geometry": { "type": "Point", "coordinates": [ 99.889837842247388, 15.4586965768602 ] } },
{ "type": "Feature", "properties": { "road_key": "61000000ST230", "road_name": "ถนนในโครงการ (ทต.ทัพทัน) (1)", "road_no": "0", "aumpher": "อำเภอทัพทัน", "office": "สาขาเมือง", "branch_code": "61000000", "name_short": "None", "price_new": 2000, "price_old": 1000, "width_m": 6, "pt_i": 1 }, "geometry": { "type": "Point", "coordinates": [ 99.88983869991867, 15.458698155213009 ] } },
{ "type": "Feature", "properties": { "road_key": "61000000ST230", "road_name": "ถนนในโครงการ (ทต.ทัพทัน) (1)", "road_no": "0", "aumpher": "อำเภอทัพทัน", "office": "สาขาเมือง", "branch_code": "61000000", "name_short": "None", "price_new": 2000, "price_old": 1000, "width_m": 6, "pt_i": 0 }, "geometry": { "type": "Point", "coordinates": [ 99.889837842247388, 15.4586965768602 ] } },
{ "type": "Feature", "properties": { "road_key": "61000000ST230", "road_name": "ถนนในโครงการ (ทต.ทัพทัน) (1)", "road_no": "0", "aumpher": "อำเภอทัพทัน", "office": "สาขาเมือง", "branch_code": "61000000", "name_short": "None", "price_new": 2000, "price_old": 1000, "width_m": 6, "pt_i": 1 }, "geometry": { "type": "Point", "coordinates": [ 99.890506664459238, 15.458468249132304 ] } },
{ "type": "Feature", "properties": { "road_key": "61000000ST230", "road_name": "ถนนในโครงการ (ทต.ทัพทัน) (1)", "road_no": "0", "aumpher": "อำเภอทัพทัน", "office": "สาขาเมือง", "branch_code": "61000000", "name_short": "None", "price_new": 2000, "price_old": 1000, "width_m": 6, "pt_i": 0 }, "geometry": { "type": "Point", "coordinates": [ 99.889525710501204, 15.458873182481176 ] } },
{ "type": "Feature", "properties": { "road_key": "61000000ST230", "road_name": "ถนนในโครงการ (ทต.ทัพทัน) (1)", "road_no": "0", "aumpher": "อำเภอทัพทัน", "office": "สาขาเมือง", "branch_code": "61000000", "name_short": "None", "price_new": 2000, "price_old": 1000, "width_m": 6, "pt_i": 1 }, "geometry": { "type": "Point", "coordinates": [ 99.889837842247388, 15.4586965768602 ] } },
{ "type": "Feature", "properties": { "road_key": "61000000ST237", "road_name": "ถนนสายบ้านหนองคล้า", "road_no": "0", "aumpher": "อำเภอทัพทัน", "office": "สาขาเมือง", "branch_code": "61000000", "name_short": "None", "price_new": 250, "price_old": 150, "width_m": 4, "pt_i": 0 }, "geometry": { "type": "Point", "coordinates": [ 99.758999892755028, 15.418714186023603 ] } },
{ "type": "Feature", "properties": { "road_key": "61000000ST237", "road_name": "ถนนสายบ้านหนองคล้า", "road_no": "0", "aumpher": "อำเภอทัพทัน", "office": "สาขาเมือง", "branch_code": "61000000", "name_short": "None", "price_new": 250, "price_old": 150, "width_m": 4, "pt_i": 1 }, "geometry": { "type": "Point", "coordinates": [ 99.759492326698293, 15.419682965776975 ] } },
{ "type": "Feature", "properties": { "road_key": "61000000ST237", "road_name": "ถนนสายบ้านหนองคล้า", "road_no": "0", "aumpher": "อำเภอทัพทัน", "office": "สาขาเมือง", "branch_code": "61000000", "name_short": "None", "price_new": 250, "price_old": 150, "width_m": 4, "pt_i": 2 }, "geometry": { "type": "Point", "coordinates": [ 99.760044650780017, 15.420626215278695 ] } },
{ "type": "Feature", "properties": { "road_key": "61000000ST237", "road_name": "ถนนสายบ้านหนองคล้า", "road_no": "0", "aumpher": "อำเภอทัพทัน", "office": "สาขาเมือง", "branch_code": "61000000", "name_short": "None", "price_new": 250, "price_old": 150, "width_m": 4, "pt_i": 3 }, "geometry": { "type": "Point", "coordinates": [ 99.76058534796698, 15.42157581198463 ] } },
{ "type": "Feature", "properties": { "road_key": "61000000ST237", "road_name": "ถนนสายบ้านหนองคล้า", "road_no": "0", "aumpher": "อำเภอทัพทัน", "office": "สาขาเมือง", "branch_code": "61000000", "name_short": "None", "price_new": 250, "price_old": 150, "width_m": 4, "pt_i": 4 }, "geometry": { "type": "Point", "coordinates": [ 99.761126050212255, 15.422525407071294 ] } },
{ "type": "Feature", "properties": { "road_key": "61000000ST237", "road_name": "ถนนสายบ้านหนองคล้า", "road_no": "0", "aumpher": "อำเภอทัพทัน", "office": "สาขาเมือง", "branch_code": "61000000", "name_short": "None", "price_new": 250, "price_old": 150, "width_m": 4, "pt_i": 5 }, "geometry": { "type": "Point", "coordinates": [ 99.761718928612083, 15.423438572616325 ] } },
{ "type": "Feature", "properties": { "road_key": "61000000ST237", "road_name": "ถนนสายบ้านหนองคล้า", "road_no": "0", "aumpher": "อำเภอทัพทัน", "office": "สาขาเมือง", "branch_code": "61000000", "name_short": "None", "price_new": 250, "price_old": 150, "width_m": 4, "pt_i": 6 }, "geometry": { "type": "Point", "coordinates": [ 99.762475798675936, 15.424237198206658 ] } },
{ "type": "Feature", "properties": { "road_key": "61000000ST237", "road_name": "ถนนสายบ้านหนองคล้า", "road_no": "0", "aumpher": "อำเภอทัพทัน", "office": "สาขาเมือง", "branch_code": "61000000", "name_short": "None", "price_new": 250, "price_old": 150, "width_m": 4, "pt_i": 7 }, "geometry": { "type": "Point", "coordinates": [ 99.763244258873513, 15.425025345024077 ] } },
{ "type": "Feature", "properties": { "road_key": "61000000ST237", "road_name": "ถนนสายบ้านหนองคล้า", "road_no": "0", "aumpher": "อำเภอทัพทัน", "office": "สาขาเมือง", "branch_code": "61000000", "name_short": "None", "price_new": 250, "price_old": 150, "width_m": 4, "pt_i": 8 }, "geometry": { "type": "Point", "coordinates": [ 99.764012724884182, 15.425813488863163 ] } },
{ "type": "Feature", "properties": { "road_key": "61000000ST237", "road_name": "ถนนสายบ้านหนองคล้า", "road_no": "0", "aumpher": "อำเภอทัพทัน", "office": "สาขาเมือง", "branch_code": "61000000", "name_short": "None", "price_new": 250, "price_old": 150, "width_m": 4, "pt_i": 9 }, "geometry": { "type": "Point", "coordinates": [ 99.764786623239388, 15.426596463338141 ] } },
{ "type": "Feature", "properties": { "road_key": "61000000ST237", "road_name": "ถนนสายบ้านหนองคล้า", "road_no": "0", "aumpher": "อำเภอทัพทัน", "office": "สาขาเมือง", "branch_code": "61000000", "name_short": "None", "price_new": 250, "price_old": 150, "width_m": 4, "pt_i": 10 }, "geometry": { "type": "Point", "coordinates": [ 99.765584640657778, 15.427356477436007 ] } },
{ "type": "Feature", "properties": { "road_key": "61000000ST237", "road_name": "ถนนสายบ้านหนองคล้า", "road_no": "0", "aumpher": "อำเภอทัพทัน", "office": "สาขาเมือง", "branch_code": "61000000", "name_short": "None", "price_new": 250, "price_old": 150, "width_m": 4, "pt_i": 11 }, "geometry": { "type": "Point", "coordinates": [ 99.766382663878133, 15.428116488349328 ] } },
{ "type": "Feature", "properties": { "road_key": "61000000ST237", "road_name": "ถนนสายบ้านหนองคล้า", "road_no": "0", "aumpher": "อำเภอทัพทัน", "office": "สาขาเมือง", "branch_code": "61000000", "name_short": "None", "price_new": 250, "price_old": 150, "width_m": 4, "pt_i": 12 }, "geometry": { "type": "Point", "coordinates": [ 99.767180692900752, 15.42887649607766 ] } },
{ "type": "Feature", "properties": { "road_key": "61000000ST237", "road_name": "ถนนสายบ้านหนองคล้า", "road_no": "0", "aumpher": "อำเภอทัพทัน", "office": "สาขาเมือง", "branch_code": "61000000", "name_short": "None", "price_new": 250, "price_old": 150, "width_m": 4, "pt_i": 13 }, "geometry": { "type": "Point", "coordinates": [ 99.76801983726898, 15.429593215286772 ] } },
{ "type": "Feature", "properties": { "road_key": "61000000ST237", "road_name": "ถนนสายบ้านหนองคล้า", "road_no": "0", "aumpher": "อำเภอทัพทัน", "office": "สาขาเมือง", "branch_code": "61000000", "name_short": "None", "price_new": 250, "price_old": 150, "width_m": 4, "pt_i": 14 }, "geometry": { "type": "Point", "coordinates": [ 99.76886604631234, 15.430302498420502 ] } },
{ "type": "Feature", "properties": { "road_key": "61000000ST237", "road_name": "ถนนสายบ้านหนองคล้า", "road_no": "0", "aumpher": "อำเภอทัพทัน", "office": "สาขาเมือง", "branch_code": "61000000", "name_short": "None", "price_new": 250, "price_old": 150, "width_m": 4, "pt_i": 15 }, "geometry": { "type": "Point", "coordinates": [ 99.769705318403823, 15.431019420797865 ] } },
{ "type": "Feature", "properties": { "road_key": "61000000ST237", "road_name": "ถนนสายบ้านหนองคล้า", "road_no": "0", "aumpher": "อำเภอทัพทัน", "office": "สาขาเมือง", "branch_code": "61000000", "name_short": "None", "price_new": 250, "price_old": 150, "width_m": 4, "pt_i": 16 }, "geometry": { "type": "Point", "coordinates": [ 99.77053724708216, 15.431744429978203 ] } },
{ "type": "Feature", "properties": { "road_key": "61000000ST237", "road_name": "ถนนสายบ้านหนองคล้า", "road_no": "0", "aumpher": "อำเภอทัพทัน", "office": "สาขาเมือง", "branch_code": "61000000", "name_short": "None", "price_new": 250, "price_old": 150, "width_m": 4, "pt_i": 17 }, "geometry": { "type": "Point", "coordinates": [ 99.77136918150785, 15.432469435728617 ] } },
{ "type": "Feature", "properties": { "road_key": "61000000ST237", "road_name": "ถนนสายบ้านหนองคล้า", "road_no": "0", "aumpher": "อำเภอทัพทัน", "office": "สาขาเมือง", "branch_code": "61000000", "name_short": "None", "price_new": 250, "price_old": 150, "width_m": 4, "pt_i": 18 }, "geometry": { "type": "Point", "coordinates": [ 99.772072359105977, 15.433312126326348 ] } },
{ "type": "Feature", "properties": { "road_key": "61000000ST237", "road_name": "ถนนสายบ้านหนองคล้า", "road_no": "0", "aumpher": "อำเภอทัพทัน", "office": "สาขาเมือง", "branch_code": "61000000", "name_short": "None", "price_new": 250, "price_old": 150, "width_m": 4, "pt_i": 19 }, "geometry": { "type": "Point", "coordinates": [ 99.772565235086461, 15.434274624241697 ] } },
{ "type": "Feature", "properties": { "road_key": "61000000ST237", "road_name": "ถนนสายบ้านหนองคล้า", "road_no": "0", "aumpher": "อำเภอทัพทัน", "office": "สาขาเมือง", "branch_code": "61000000", "name_short": "None", "price_new": 250, "price_old": 150, "width_m": 4, "pt_i": 20 }, "geometry": { "type": "Point", "coordinates": [ 99.772972537456852, 15.435284940328117 ] } },
{ "type": "Feature", "properties": { "road_key": "61000000ST237", "road_name": "ถนนสายบ้านหนองคล้า", "road_no": "0", "aumpher": "อำเภอทัพทัน", "office": "สาขาเมือง", "branch_code": "61000000", "name_short": "None", "price_new": 250, "price_old": 150, "width_m": 4, "pt_i": 21 }, "geometry": { "type": "Point", "coordinates": [ 99.773360356692891, 15.43630202581638 ] } },
{ "type": "Feature", "properties": { "road_key": "61000000ST242", "road_name": "ถนนชุมชนบ้านหนองจิก (1)", "road_no": "0", "aumpher": "อำเภอทัพทัน", "office": "สาขาเมือง", "branch_code": "61000000", "name_short": "None", "price_new": 250, "price_old": 150, "width_m": 4, "pt_i": 0 }, "geometry": { "type": "Point", "coordinates": [ 99.79181403551884, 15.422062969498084 ] } },
{ "type": "Feature", "properties": { "road_key": "61000000ST242", "road_name": "ถนนชุมชนบ้านหนองจิก (1)", "road_no": "0", "aumpher": "อำเภอทัพทัน", "office": "สาขาเมือง", "branch_code": "61000000", "name_short": "None", "price_new": 250, "price_old": 150, "width_m": 4, "pt_i": 1 }, "geometry": { "type": "Point", "coordinates": [ 99.792905259361419, 15.422286373027019 ] } },
{ "type": "Feature", "properties": { "road_key": "61000000ST242", "road_name": "ถนนชุมชนบ้านหนองจิก (1)", "road_no": "0", "aumpher": "อำเภอทัพทัน", "office": "สาขาเมือง", "branch_code": "61000000", "name_short": "None", "price_new": 250, "price_old": 150, "width_m": 4, "pt_i": 2 }, "geometry": { "type": "Point", "coordinates": [ 99.793986711719413, 15.422218844332122 ] } },
{ "type": "Feature", "properties": { "road_key": "61000000ST242", "road_name": "ถนนชุมชนบ้านหนองจิก (1)", "road_no": "0", "aumpher": "อำเภอทัพทัน", "office": "สาขาเมือง", "branch_code": "61000000", "name_short": "None", "price_new": 250, "price_old": 150, "width_m": 4, "pt_i": 3 }, "geometry": { "type": "Point", "coordinates": [ 99.795099020731172, 15.422155810715349 ] } },
{ "type": "Feature", "properties": { "road_key": "61000000ST242", "road_name": "ถนนชุมชนบ้านหนองจิก (1)", "road_no": "0", "aumpher": "อำเภอทัพทัน", "office": "สาขาเมือง", "branch_code": "61000000", "name_short": "None", "price_new": 250, "price_old": 150, "width_m": 4, "pt_i": 4 }, "geometry": { "type": "Point", "coordinates": [ 99.796161984722289, 15.422458332382325 ] } },
{ "type": "Feature", "properties": { "road_key": "61000000ST243", "road_name": "ถนนชุมชนบ้านหนองจิก (2)", "road_no": "0", "aumpher": "อำเภอทัพทัน", "office": "สาขาเมือง", "branch_code": "61000000", "name_short": "None", "price_new": 250, "price_old": 150, "width_m": 4, "pt_i": 0 }, "geometry": { "type": "Point", "coordinates": [ 99.770771660795518, 15.420252531913334 ] } },
{ "type": "Feature", "properties": { "road_key": "61000000ST243", "road_name": "ถนนชุมชนบ้านหนองจิก (2)", "road_no": "0", "aumpher": "อำเภอทัพทัน", "office": "สาขาเมือง", "branch_code": "61000000", "name_short": "None", "price_new": 250, "price_old": 150, "width_m": 4, "pt_i": 1 }, "geometry": { "type": "Point", "coordinates": [ 99.771273196594237, 15.419290060881941 ] } },
{ "type": "Feature", "properties": { "road_key": "61000000ST243", "road_name": "ถนนชุมชนบ้านหนองจิก (2)", "road_no": "0", "aumpher": "อำเภอทัพทัน", "office": "สาขาเมือง", "branch_code": "61000000", "name_short": "None", "price_new": 250, "price_old": 150, "width_m": 4, "pt_i": 2 }, "geometry": { "type": "Point", "coordinates": [ 99.771892776495235, 15.418405324607349 ] } },
{ "type": "Feature", "properties": { "road_key": "61000000ST243", "road_name": "ถนนชุมชนบ้านหนองจิก (2)", "road_no": "0", "aumpher": "อำเภอทัพทัน", "office": "สาขาเมือง", "branch_code": "61000000", "name_short": "None", "price_new": 250, "price_old": 150, "width_m": 4, "pt_i": 3 }, "geometry": { "type": "Point", "coordinates": [ 99.772962316580006, 15.418149564964931 ] } },
{ "type": "Feature", "properties": { "road_key": "61000000ST243", "road_name": "ถนนชุมชนบ้านหนองจิก (2)", "road_no": "0", "aumpher": "อำเภอทัพทัน", "office": "สาขาเมือง", "branch_code": "61000000", "name_short": "None", "price_new": 250, "price_old": 150, "width_m": 4, "pt_i": 4 }, "geometry": { "type": "Point", "coordinates": [ 99.774023412948878, 15.417863890913273 ] } },
{ "type": "Feature", "properties": { "road_key": "61000000ST243", "road_name": "ถนนชุมชนบ้านหนองจิก (2)", "road_no": "0", "aumpher": "อำเภอทัพทัน", "office": "สาขาเมือง", "branch_code": "61000000", "name_short": "None", "price_new": 250, "price_old": 150, "width_m": 4, "pt_i": 5 }, "geometry": { "type": "Point", "coordinates": [ 99.775059477839562, 15.41754868941551 ] } },
{ "type": "Feature", "properties": { "road_key": "61000000ST243", "road_name": "ถนนชุมชนบ้านหนองจิก (2)", "road_no": "0", "aumpher": "อำเภอทัพทัน", "office": "สาขาเมือง", "branch_code": "61000000", "name_short": "None", "price_new": 250, "price_old": 150, "width_m": 4, "pt_i": 6 }, "geometry": { "type": "Point", "coordinates": [ 99.776171709607766, 15.417435783548941 ] } },
{ "type": "Feature", "properties": { "road_key": "61000000ST243", "road_name": "ถนนชุมชนบ้านหนองจิก (2)", "road_no": "0", "aumpher": "อำเภอทัพทัน", "office": "สาขาเมือง", "branch_code": "61000000", "name_short": "None", "price_new": 250, "price_old": 150, "width_m": 4, "pt_i": 7 }, "geometry": { "type": "Point", "coordinates": [ 99.777282626829304, 15.417409859566417 ] } },
{ "type": "Feature", "properties": { "road_key": "61000000ST243", "road_name": "ถนนชุมชนบ้านหนองจิก (2)", "road_no": "0", "aumpher": "อำเภอทัพทัน", "office": "สาขาเมือง", "branch_code": "61000000", "name_short": "None", "price_new": 250, "price_old": 150, "width_m": 4, "pt_i": 8 }, "geometry": { "type": "Point", "coordinates": [ 99.778369090652632, 15.417485391570201 ] } },
{ "type": "Feature", "properties": { "road_key": "61000000ST243", "road_name": "ถนนชุมชนบ้านหนองจิก (2)", "road_no": "0", "aumpher": "อำเภอทัพทัน", "office": "สาขาเมือง", "branch_code": "61000000", "name_short": "None", "price_new": 250, "price_old": 150, "width_m": 4, "pt_i": 9 }, "geometry": { "type": "Point", "coordinates": [ 99.779391191436233, 15.417919639047016 ] } },
{ "type": "Feature", "properties": { "road_key": "61000000ST243", "road_name": "ถนนชุมชนบ้านหนองจิก (2)", "road_no": "0", "aumpher": "อำเภอทัพทัน", "office": "สาขาเมือง", "branch_code": "61000000", "name_short": "None", "price_new": 250, "price_old": 150, "width_m": 4, "pt_i": 10 }, "geometry": { "type": "Point", "coordinates": [ 99.780398124295886, 15.418391321616186 ] } },
{ "type": "Feature", "properties": { "road_key": "61000000ST243", "road_name": "ถนนชุมชนบ้านหนองจิก (2)", "road_no": "0", "aumpher": "อำเภอทัพทัน", "office": "สาขาเมือง", "branch_code": "61000000", "name_short": "None", "price_new": 250, "price_old": 150, "width_m": 4, "pt_i": 11 }, "geometry": { "type": "Point", "coordinates": [ 99.781322781288466, 15.418977073048463 ] } },
{ "type": "Feature", "properties": { "road_key": "61000000ST243", "road_name": "ถนนชุมชนบ้านหนองจิก (2)", "road_no": "0", "aumpher": "อำเภอทัพทัน", "office": "สาขาเมือง", "branch_code": "61000000", "name_short": "None", "price_new": 250, "price_old": 150, "width_m": 4, "pt_i": 12 }, "geometry": { "type": "Point", "coordinates": [ 99.782412696219097, 15.41921621059733 ] } },
{ "type": "Feature", "properties": { "road_key": "61000000ST243", "road_name": "ถนนชุมชนบ้านหนองจิก (2)", "road_no": "0", "aumpher": "อำเภอทัพทัน", "office": "สาขาเมือง", "branch_code": "61000000", "name_short": "None", "price_new": 250, "price_old": 150, "width_m": 4, "pt_i": 13 }, "geometry": { "type": "Point", "coordinates": [ 99.783507210576062, 15.419019167898218 ] } },
{ "type": "Feature", "properties": { "road_key": "61000000ST243", "road_name": "ถนนชุมชนบ้านหนองจิก (2)", "road_no": "0", "aumpher": "อำเภอทัพทัน", "office": "สาขาเมือง", "branch_code": "61000000", "name_short": "None", "price_new": 250, "price_old": 150, "width_m": 4, "pt_i": 14 }, "geometry": { "type": "Point", "coordinates": [ 99.784622961103523, 15.418953616505739 ] } },
{ "type": "Feature", "properties": { "road_key": "61000000ST243", "road_name": "ถนนชุมชนบ้านหนองจิก (2)", "road_no": "0", "aumpher": "อำเภอทัพทัน", "office": "สาขาเมือง", "branch_code": "61000000", "name_short": "None", "price_new": 250, "price_old": 150, "width_m": 4, "pt_i": 15 }, "geometry": { "type": "Point", "coordinates": [ 99.785738222588478, 15.419020362658156 ] } },
{ "type": "Feature", "properties": { "road_key": "61000000ST243", "road_name": "ถนนชุมชนบ้านหนองจิก (2)", "road_no": "0", "aumpher": "อำเภอทัพทัน", "office": "สาขาเมือง", "branch_code": "61000000", "name_short": "None", "price_new": 250, "price_old": 150, "width_m": 4, "pt_i": 16 }, "geometry": { "type": "Point", "coordinates": [ 99.786839740343282, 15.419204214803083 ] } },
{ "type": "Feature", "properties": { "road_key": "61000000ST243", "road_name": "ถนนชุมชนบ้านหนองจิก (2)", "road_no": "0", "aumpher": "อำเภอทัพทัน", "office": "สาขาเมือง", "branch_code": "61000000", "name_short": "None", "price_new": 250, "price_old": 150, "width_m": 4, "pt_i": 17 }, "geometry": { "type": "Point", "coordinates": [ 99.78791505283462, 15.419467322960143 ] } },
{ "type": "Feature", "properties": { "road_key": "61000000ST243", "road_name": "ถนนชุมชนบ้านหนองจิก (2)", "road_no": "0", "aumpher": "อำเภอทัพทัน", "office": "สาขาเมือง", "branch_code": "61000000", "name_short": "None", "price_new": 250, "price_old": 150, "width_m": 4, "pt_i": 18 }, "geometry": { "type": "Point", "coordinates": [ 99.788873935362844, 15.42002279997776 ] } },
{ "type": "Feature", "properties": { "road_key": "61000000ST243", "road_name": "ถนนชุมชนบ้านหนองจิก (2)", "road_no": "0", "aumpher": "อำเภอทัพทัน", "office": "สาขาเมือง", "branch_code": "61000000", "name_short": "None", "price_new": 250, "price_old": 150, "width_m": 4, "pt_i": 19 }, "geometry": { "type": "Point", "coordinates": [ 99.789848575458151, 15.420533837997475 ] } },
{ "type": "Feature", "properties": { "road_key": "61000000ST243", "road_name": "ถนนชุมชนบ้านหนองจิก (2)", "road_no": "0", "aumpher": "อำเภอทัพทัน", "office": "สาขาเมือง", "branch_code": "61000000", "name_short": "None", "price_new": 250, "price_old": 150, "width_m": 4, "pt_i": 20 }, "geometry": { "type": "Point", "coordinates": [ 99.790891588543019, 15.420924404846314 ] } },
{ "type": "Feature", "properties": { "road_key": "61000000ST243", "road_name": "ถนนชุมชนบ้านหนองจิก (2)", "road_no": "0", "aumpher": "อำเภอทัพทัน", "office": "สาขาเมือง", "branch_code": "61000000", "name_short": "None", "price_new": 250, "price_old": 150, "width_m": 4, "pt_i": 21 }, "geometry": { "type": "Point", "coordinates": [ 99.791941393960158, 15.421297673214109 ] } },
{ "type": "Feature", "properties": { "road_key": "61000000ST244", "road_name": "ถนนเลียบคลองทับเสลา (1)", "road_no": "0", "aumpher": "อำเภอทัพทัน", "office": "สาขาเมือง", "branch_code": "61000000", "name_short": "None", "price_new": 250, "price_old": 150, "width_m": 6, "pt_i": 0 }, "geometry": { "type": "Point", "coordinates": [ 99.761348129149354, 15.419387323126491 ] } },
{ "type": "Feature", "properties": { "road_key": "61000000ST244", "road_name": "ถนนเลียบคลองทับเสลา (1)", "road_no": "0", "aumpher": "อำเภอทัพทัน", "office": "สาขาเมือง", "branch_code": "61000000", "name_short": "None", "price_new": 250, "price_old": 150, "width_m": 6, "pt_i": 1 }, "geometry": { "type": "Point", "coordinates": [ 99.760411523130941, 15.419274454092944 ] } },
{ "type": "Feature", "properties": { "road_key": "61000000ST244", "road_name": "ถนนเลียบคลองทับเสลา (1)", "road_no": "0", "aumpher": "อำเภอทัพทัน", "office": "สาขาเมือง", "branch_code": "61000000", "name_short": "None", "price_new": 250, "price_old": 150, "width_m": 6, "pt_i": 2 }, "geometry": { "type": "Point", "coordinates": [ 99.759379385056292, 15.419042451972151 ] } },
{ "type": "Feature", "properties": { "road_key": "61000000ST244", "road_name": "ถนนเลียบคลองทับเสลา (1)", "road_no": "0", "aumpher": "อำเภอทัพทัน", "office": "สาขาเมือง", "branch_code": "61000000", "name_short": "None", "price_new": 250, "price_old": 150, "width_m": 6, "pt_i": 3 }, "geometry": { "type": "Point", "coordinates": [ 99.758409646785182, 15.419541706766388 ] } },
{ "type": "Feature", "properties": { "road_key": "61000000ST244", "road_name": "ถนนเลียบคลองทับเสลา (1)", "road_no": "0", "aumpher": "อำเภอทัพทัน", "office": "สาขาเมือง", "branch_code": "61000000", "name_short": "None", "price_new": 250, "price_old": 150, "width_m": 6, "pt_i": 4 }, "geometry": { "type": "Point", "coordinates": [ 99.757331663030385, 15.419730779254168 ] } },
{ "type": "Feature", "properties": { "road_key": "61000000ST244", "road_name": "ถนนเลียบคลองทับเสลา (1)", "road_no": "0", "aumpher": "อำเภอทัพทัน", "office": "สาขาเมือง", "branch_code": "61000000", "name_short": "None", "price_new": 250, "price_old": 150, "width_m": 6, "pt_i": 5 }, "geometry": { "type": "Point", "coordinates": [ 99.756470994876537, 15.419074070426358 ] } },
{ "type": "Feature", "properties": { "road_key": "61000000ST244", "road_name": "ถนนเลียบคลองทับเสลา (1)", "road_no": "0", "aumpher": "อำเภอทัพทัน", "office": "สาขาเมือง", "branch_code": "61000000", "name_short": "None", "price_new": 250, "price_old": 150, "width_m": 6, "pt_i": 6 }, "geometry": { "type": "Point", "coordinates": [ 99.756208172099477, 15.418074795017466 ] } },
{ "type": "Feature", "properties": { "road_key": "61000000ST244", "road_name": "ถนนเลียบคลองทับเสลา (1)", "road_no": "0", "aumpher": "อำเภอทัพทัน", "office": "สาขาเมือง", "branch_code": "61000000", "name_short": "None", "price_new": 250, "price_old": 150, "width_m": 6, "pt_i": 7 }, "geometry": { "type": "Point", "coordinates": [ 99.755574122593927, 15.417313396844127 ] } },
{ "type": "Feature", "properties": { "road_key": "61000000ST244", "road_name": "ถนนเลียบคลองทับเสลา (1)", "road_no": "0", "aumpher": "อำเภอทัพทัน", "office": "สาขาเมือง", "branch_code": "61000000", "name_short": "None", "price_new": 250, "price_old": 150, "width_m": 6, "pt_i": 8 }, "geometry": { "type": "Point", "coordinates": [ 99.754512564214309, 15.417167499776868 ] } },
{ "type": "Feature", "properties": { "road_key": "61000000ST244", "road_name": "ถนนเลียบคลองทับเสลา (1)", "road_no": "0", "aumpher": "อำเภอทัพทัน", "office": "สาขาเมือง", "branch_code": "61000000", "name_short": "None", "price_new": 250, "price_old": 150, "width_m": 6, "pt_i": 9 }, "geometry": { "type": "Point", "coordinates": [ 99.753563253952493, 15.417071639984156 ] } },
{ "type": "Feature", "properties": { "road_key": "61000000ST244", "road_name": "ถนนเลียบคลองทับเสลา (1)", "road_no": "0", "aumpher": "อำเภอทัพทัน", "office": "สาขาเมือง", "branch_code": "61000000", "name_short": "None", "price_new": 250, "price_old": 150, "width_m": 6, "pt_i": 10 }, "geometry": { "type": "Point", "coordinates": [ 99.753433773581477, 15.416212707501089 ] } },
{ "type": "Feature", "properties": { "road_key": "61000000ST244", "road_name": "ถนนเลียบคลองทับเสลา (1)", "road_no": "0", "aumpher": "อำเภอทัพทัน", "office": "สาขาเมือง", "branch_code": "61000000", "name_short": "None", "price_new": 250, "price_old": 150, "width_m": 6, "pt_i": 11 }, "geometry": { "type": "Point", "coordinates": [ 99.752629711560616, 15.416912165368995 ] } },
{ "type": "Feature", "properties": { "road_key": "61000000ST244", "road_name": "ถนนเลียบคลองทับเสลา (1)", "road_no": "0", "aumpher": "อำเภอทัพทัน", "office": "สาขาเมือง", "branch_code": "61000000", "name_short": "None", "price_new": 250, "price_old": 150, "width_m": 6, "pt_i": 12 }, "geometry": { "type": "Point", "coordinates": [ 99.751529864462626, 15.416928699733726 ] } },
{ "type": "Feature", "properties": { "road_key": "61000000ST244", "road_name": "ถนนเลียบคลองทับเสลา (1)", "road_no": "0", "aumpher": "อำเภอทัพทัน", "office": "สาขาเมือง", "branch_code": "61000000", "name_short": "None", "price_new": 250, "price_old": 150, "width_m": 6, "pt_i": 13 }, "geometry": { "type": "Point", "coordinates": [ 99.750423946340263, 15.416767814903443 ] } },
{ "type": "Feature", "properties": { "road_key": "61000000ST244", "road_name": "ถนนเลียบคลองทับเสลา (1)", "road_no": "0", "aumpher": "อำเภอทัพทัน", "office": "สาขาเมือง", "branch_code": "61000000", "name_short": "None", "price_new": 250, "price_old": 150, "width_m": 6, "pt_i": 14 }, "geometry": { "type": "Point", "coordinates": [ 99.749318721139915, 15.416602505430713 ] } },
{ "type": "Feature", "properties": { "road_key": "61000000ST244", "road_name": "ถนนเลียบคลองทับเสลา (1)", "road_no": "0", "aumpher": "อำเภอทัพทัน", "office": "สาขาเมือง", "branch_code": "61000000", "name_short": "None", "price_new": 250, "price_old": 150, "width_m": 6, "pt_i": 15 }, "geometry": { "type": "Point", "coordinates": [ 99.748457248633841, 15.416166459279516 ] } },
{ "type": "Feature", "properties": { "road_key": "61000000ST244", "road_name": "ถนนเลียบคลองทับเสลา (1)", "road_no": "0", "aumpher": "อำเภอทัพทัน", "office": "สาขาเมือง", "branch_code": "61000000", "name_short": "None", "price_new": 250, "price_old": 150, "width_m": 6, "pt_i": 16 }, "geometry": { "type": "Point", "coordinates": [ 99.748323157351805, 15.415101074732883 ] } },
{ "type": "Feature", "properties": { "road_key": "61000000ST244", "road_name": "ถนนเลียบคลองทับเสลา (1)", "road_no": "0", "aumpher": "อำเภอทัพทัน", "office": "สาขาเมือง", "branch_code": "61000000", "name_short": "None", "price_new": 250, "price_old": 150, "width_m": 6, "pt_i": 17 }, "geometry": { "type": "Point", "coordinates": [ 99.747794086304623, 15.414161430183078 ] } },
{ "type": "Feature", "properties": { "road_key": "61000000ST244", "road_name": "ถนนเลียบคลองทับเสลา (1)", "road_no": "0", "aumpher": "อำเภอทัพทัน", "office": "สาขาเมือง", "branch_code": "61000000", "name_short": "None", "price_new": 250, "price_old": 150, "width_m": 6, "pt_i": 18 }, "geometry": { "type": "Point", "coordinates": [ 99.746830244981197, 15.413631196190723 ] } },
{ "type": "Feature", "properties": { "road_key": "61000000ST244", "road_name": "ถนนเลียบคลองทับเสลา (1)", "road_no": "0", "aumpher": "อำเภอทัพทัน", "office": "สาขาเมือง", "branch_code": "61000000", "name_short": "None", "price_new": 250, "price_old": 150, "width_m": 6, "pt_i": 19 }, "geometry": { "type": "Point", "coordinates": [ 99.745744977182056, 15.413630007778204 ] } },
{ "type": "Feature", "properties": { "road_key": "61000000ST244", "road_name": "ถนนเลียบคลองทับเสลา (1)", "road_no": "0", "aumpher": "อำเภอทัพทัน", "office": "สาขาเมือง", "branch_code": "61000000", "name_short": "None", "price_new": 250, "price_old": 150, "width_m": 6, "pt_i": 20 }, "geometry": { "type": "Point", "coordinates": [ 99.744729879000687, 15.413185394468302 ] } },
{ "type": "Feature", "properties": { "road_key": "61000000ST244", "road_name": "ถนนเลียบคลองทับเสลา (1)", "road_no": "0", "aumpher": "อำเภอทัพทัน", "office": "สาขาเมือง", "branch_code": "61000000", "name_short": "None", "price_new": 250, "price_old": 150, "width_m": 6, "pt_i": 21 }, "geometry": { "type": "Point", "coordinates": [ 99.74374324460463, 15.412675496747854 ] } },
{ "type": "Feature", "properties": { "road_key": "61000000ST244", "road_name": "ถนนเลียบคลองทับเสลา (1)", "road_no": "0", "aumpher": "อำเภอทัพทัน", "office": "สาขาเมือง", "branch_code": "61000000", "name_short": "None", "price_new": 250, "price_old": 150, "width_m": 6, "pt_i": 22 }, "geometry": { "type": "Point", "coordinates": [ 99.742745679597945, 15.412185623881983 ] } },
{ "type": "Feature", "properties": { "road_key": "61000000ST245", "road_name": "ถนนเลียบคลองทับเสลา (2)", "road_no": "0", "aumpher": "อำเภอทัพทัน", "office": "สาขาเมือง", "branch_code": "61000000", "name_short": "None", "price_new": 250, "price_old": 150, "width_m": 6, "pt_i": 0 }, "geometry": { "type": "Point", "coordinates": [ 99.761210022740983, 15.418703712851013 ] } },
{ "type": "Feature", "properties": { "road_key": "61000000ST245", "road_name": "ถนนเลียบคลองทับเสลา (2)", "road_no": "0", "aumpher": "อำเภอทัพทัน", "office": "สาขาเมือง", "branch_code": "61000000", "name_short": "None", "price_new": 250, "price_old": 150, "width_m": 6, "pt_i": 1 }, "geometry": { "type": "Point", "coordinates": [ 99.76015234241811, 15.418802368057493 ] } },
{ "type": "Feature", "properties": { "road_key": "61000000ST245", "road_name": "ถนนเลียบคลองทับเสลา (2)", "road_no": "0", "aumpher": "อำเภอทัพทัน", "office": "สาขาเมือง", "branch_code": "61000000", "name_short": "None", "price_new": 250, "price_old": 150, "width_m": 6, "pt_i": 2 }, "geometry": { "type": "Point", "coordinates": [ 99.759151637315995, 15.418403858130418 ] } },
{ "type": "Feature", "properties": { "road_key": "61000000ST245", "road_name": "ถนนเลียบคลองทับเสลา (2)", "road_no": "0", "aumpher": "อำเภอทัพทัน", "office": "สาขาเมือง", "branch_code": "61000000", "name_short": "None", "price_new": 250, "price_old": 150, "width_m": 6, "pt_i": 3 }, "geometry": { "type": "Point", "coordinates": [ 99.758369324237464, 15.419111665349892 ] } },
{ "type": "Feature", "properties": { "road_key": "61000000ST245", "road_name": "ถนนเลียบคลองทับเสลา (2)", "road_no": "0", "aumpher": "อำเภอทัพทัน", "office": "สาขาเมือง", "branch_code": "61000000", "name_short": "None", "price_new": 250, "price_old": 150, "width_m": 6, "pt_i": 4 }, "geometry": { "type": "Point", "coordinates": [ 99.757307707404635, 15.419265315680137 ] } },
{ "type": "Feature", "properties": { "road_key": "61000000ST245", "road_name": "ถนนเลียบคลองทับเสลา (2)", "road_no": "0", "aumpher": "อำเภอทัพทัน", "office": "สาขาเมือง", "branch_code": "61000000", "name_short": "None", "price_new": 250, "price_old": 150, "width_m": 6, "pt_i": 5 }, "geometry": { "type": "Point", "coordinates": [ 99.75663396411035, 15.418456582539816 ] } },
{ "type": "Feature", "properties": { "road_key": "61000000ST245", "road_name": "ถนนเลียบคลองทับเสลา (2)", "road_no": "0", "aumpher": "อำเภอทัพทัน", "office": "สาขาเมือง", "branch_code": "61000000", "name_short": "None", "price_new": 250, "price_old": 150, "width_m": 6, "pt_i": 6 }, "geometry": { "type": "Point", "coordinates": [ 99.756428591083051, 15.417430124653436 ] } },
{ "type": "Feature", "properties": { "road_key": "61000000ST245", "road_name": "ถนนเลียบคลองทับเสลา (2)", "road_no": "0", "aumpher": "อำเภอทัพทัน", "office": "สาขาเมือง", "branch_code": "61000000", "name_short": "None", "price_new": 250, "price_old": 150, "width_m": 6, "pt_i": 7 }, "geometry": { "type": "Point", "coordinates": [ 99.755497401654324, 15.41684746940115 ] } },
{ "type": "Feature", "properties": { "road_key": "61000000ST245", "road_name": "ถนนเลียบคลองทับเสลา (2)", "road_no": "0", "aumpher": "อำเภอทัพทัน", "office": "สาขาเมือง", "branch_code": "61000000", "name_short": "None", "price_new": 250, "price_old": 150, "width_m": 6, "pt_i": 8 }, "geometry": { "type": "Point", "coordinates": [ 99.754393637598383, 15.416693984009937 ] } },
{ "type": "Feature", "properties": { "road_key": "61000000ST245", "road_name": "ถนนเลียบคลองทับเสลา (2)", "road_no": "0", "aumpher": "อำเภอทัพทัน", "office": "สาขาเมือง", "branch_code": "61000000", "name_short": "None", "price_new": 250, "price_old": 150, "width_m": 6, "pt_i": 9 }, "geometry": { "type": "Point", "coordinates": [ 99.753854769015248, 15.415815471377707 ] } },
{ "type": "Feature", "properties": { "road_key": "61000000ST245", "road_name": "ถนนเลียบคลองทับเสลา (2)", "road_no": "0", "aumpher": "อำเภอทัพทัน", "office": "สาขาเมือง", "branch_code": "61000000", "name_short": "None", "price_new": 250, "price_old": 150, "width_m": 6, "pt_i": 10 }, "geometry": { "type": "Point", "coordinates": [ 99.75290138661029, 15.416007653005414 ] } },
{ "type": "Feature", "properties": { "road_key": "61000000ST245", "road_name": "ถนนเลียบคลองทับเสลา (2)", "road_no": "0", "aumpher": "อำเภอทัพทัน", "office": "สาขาเมือง", "branch_code": "61000000", "name_short": "None", "price_new": 250, "price_old": 150, "width_m": 6, "pt_i": 11 }, "geometry": { "type": "Point", "coordinates": [ 99.752001020589319, 15.416647241228238 ] } },
{ "type": "Feature", "properties": { "road_key": "61000000ST245", "road_name": "ถนนเลียบคลองทับเสลา (2)", "road_no": "0", "aumpher": "อำเภอทัพทัน", "office": "สาขาเมือง", "branch_code": "61000000", "name_short": "None", "price_new": 250, "price_old": 150, "width_m": 6, "pt_i": 12 }, "geometry": { "type": "Point", "coordinates": [ 99.750931948042179, 15.416385182327897 ] } },
{ "type": "Feature", "properties": { "road_key": "61000000ST245", "road_name": "ถนนเลียบคลองทับเสลา (2)", "road_no": "0", "aumpher": "อำเภอทัพทัน", "office": "สาขาเมือง", "branch_code": "61000000", "name_short": "None", "price_new": 250, "price_old": 150, "width_m": 6, "pt_i": 13 }, "geometry": { "type": "Point", "coordinates": [ 99.749828548155207, 15.416286744452821 ] } },
{ "type": "Feature", "properties": { "road_key": "61000000ST245", "road_name": "ถนนเลียบคลองทับเสลา (2)", "road_no": "0", "aumpher": "อำเภอทัพทัน", "office": "สาขาเมือง", "branch_code": "61000000", "name_short": "None", "price_new": 250, "price_old": 150, "width_m": 6, "pt_i": 14 }, "geometry": { "type": "Point", "coordinates": [ 99.748861536633058, 15.415957194201244 ] } },
{ "type": "Feature", "properties": { "road_key": "61000000ST245", "road_name": "ถนนเลียบคลองทับเสลา (2)", "road_no": "0", "aumpher": "อำเภอทัพทัน", "office": "สาขาเมือง", "branch_code": "61000000", "name_short": "None", "price_new": 250, "price_old": 150, "width_m": 6, "pt_i": 15 }, "geometry": { "type": "Point", "coordinates": [ 99.748700292061969, 15.414897531411302 ] } },
{ "type": "Feature", "properties": { "road_key": "61000000ST245", "road_name": "ถนนเลียบคลองทับเสลา (2)", "road_no": "0", "aumpher": "อำเภอทัพทัน", "office": "สาขาเมือง", "branch_code": "61000000", "name_short": "None", "price_new": 250, "price_old": 150, "width_m": 6, "pt_i": 16 }, "geometry": { "type": "Point", "coordinates": [ 99.748234687392838, 15.413915430798781 ] } },
{ "type": "Feature", "properties": { "road_key": "61000000ST245", "road_name": "ถนนเลียบคลองทับเสลา (2)", "road_no": "0", "aumpher": "อำเภอทัพทัน", "office": "สาขาเมือง", "branch_code": "61000000", "name_short": "None", "price_new": 250, "price_old": 150, "width_m": 6, "pt_i": 17 }, "geometry": { "type": "Point", "coordinates": [ 99.747328811987103, 15.413295149548063 ] } },
{ "type": "Feature", "properties": { "road_key": "61000000ST245", "road_name": "ถนนเลียบคลองทับเสลา (2)", "road_no": "0", "aumpher": "อำเภอทัพทัน", "office": "สาขาเมือง", "branch_code": "61000000", "name_short": "None", "price_new": 250, "price_old": 150, "width_m": 6, "pt_i": 18 }, "geometry": { "type": "Point", "coordinates": [ 99.746279741007612, 15.413019640070724 ] } },
{ "type": "Feature", "properties": { "road_key": "61000000ST245", "road_name": "ถนนเลียบคลองทับเสลา (2)", "road_no": "0", "aumpher": "อำเภอทัพทัน", "office": "สาขาเมือง", "branch_code": "61000000", "name_short": "None", "price_new": 250, "price_old": 150, "width_m": 6, "pt_i": 19 }, "geometry": { "type": "Point", "coordinates": [ 99.745263261472999, 15.412955707688372 ] } },
{ "type": "Feature", "properties": { "road_key": "61000000ST245", "road_name": "ถนนเลียบคลองทับเสลา (2)", "road_no": "0", "aumpher": "อำเภอทัพทัน", "office": "สาขาเมือง", "branch_code": "61000000", "name_short": "None", "price_new": 250, "price_old": 150, "width_m": 6, "pt_i": 20 }, "geometry": { "type": "Point", "coordinates": [ 99.744244904441345, 15.412536604619811 ] } },
{ "type": "Feature", "properties": { "road_key": "61000000ST245", "road_name": "ถนนเลียบคลองทับเสลา (2)", "road_no": "0", "aumpher": "อำเภอทัพทัน", "office": "สาขาเมือง", "branch_code": "61000000", "name_short": "None", "price_new": 250, "price_old": 150, "width_m": 6, "pt_i": 21 }, "geometry": { "type": "Point", "coordinates": [ 99.743261584161132, 15.412032274359136 ] } },
{ "type": "Feature", "properties": { "road_key": "61000000ST245", "road_name": "ถนนเลียบคลองทับเสลา (2)", "road_no": "0", "aumpher": "อำเภอทัพทัน", "office": "สาขาเมือง", "branch_code": "61000000", "name_short": "None", "price_new": 250, "price_old": 150, "width_m": 6, "pt_i": 22 }, "geometry": { "type": "Point", "coordinates": [ 99.742319406723695, 15.411448066084683 ] } },
{ "type": "Feature", "properties": { "road_key": "61000000ST286", "road_name": "ถนนสายบ้านหนองหญ้าไทร", "road_no": "0", "aumpher": "อำเภอทัพทัน", "office": "สาขาเมือง", "branch_code": "61000000", "name_short": "None", "price_new": 250, "price_old": 150, "width_m": 4, "pt_i": 0 }, "geometry": { "type": "Point", "coordinates": [ 99.874881528128881, 15.481795028719874 ] } },
{ "type": "Feature", "properties": { "road_key": "61000000ST286", "road_name": "ถนนสายบ้านหนองหญ้าไทร", "road_no": "0", "aumpher": "อำเภอทัพทัน", "office": "สาขาเมือง", "branch_code": "61000000", "name_short": "None", "price_new": 250, "price_old": 150, "width_m": 4, "pt_i": 1 }, "geometry": { "type": "Point", "coordinates": [ 99.87390379456204, 15.481347657671572 ] } },
{ "type": "Feature", "properties": { "road_key": "61000000ST286", "road_name": "ถนนสายบ้านหนองหญ้าไทร", "road_no": "0", "aumpher": "อำเภอทัพทัน", "office": "สาขาเมือง", "branch_code": "61000000", "name_short": "None", "price_new": 250, "price_old": 150, "width_m": 4, "pt_i": 2 }, "geometry": { "type": "Point", "coordinates": [ 99.872788643360096, 15.481323186927664 ] } },
{ "type": "Feature", "properties": { "road_key": "61000000ST286", "road_name": "ถนนสายบ้านหนองหญ้าไทร", "road_no": "0", "aumpher": "อำเภอทัพทัน", "office": "สาขาเมือง", "branch_code": "61000000", "name_short": "None", "price_new": 250, "price_old": 150, "width_m": 4, "pt_i": 3 }, "geometry": { "type": "Point", "coordinates": [ 99.871690573155959, 15.481141759895818 ] } },
{ "type": "Feature", "properties": { "road_key": "61000000ST286", "road_name": "ถนนสายบ้านหนองหญ้าไทร", "road_no": "0", "aumpher": "อำเภอทัพทัน", "office": "สาขาเมือง", "branch_code": "61000000", "name_short": "None", "price_new": 250, "price_old": 150, "width_m": 4, "pt_i": 4 }, "geometry": { "type": "Point", "coordinates": [ 99.871069439407705, 15.480419181780272 ] } },
{ "type": "Feature", "properties": { "road_key": "61000000ST286", "road_name": "ถนนสายบ้านหนองหญ้าไทร", "road_no": "0", "aumpher": "อำเภอทัพทัน", "office": "สาขาเมือง", "branch_code": "61000000", "name_short": "None", "price_new": 250, "price_old": 150, "width_m": 4, "pt_i": 5 }, "geometry": { "type": "Point", "coordinates": [ 99.871126119206721, 15.479339325363481 ] } },
{ "type": "Feature", "properties": { "road_key": "61000000ST286", "road_name": "ถนนสายบ้านหนองหญ้าไทร", "road_no": "0", "aumpher": "อำเภอทัพทัน", "office": "สาขาเมือง", "branch_code": "61000000", "name_short": "None", "price_new": 250, "price_old": 150, "width_m": 4, "pt_i": 6 }, "geometry": { "type": "Point", "coordinates": [ 99.870564296804758, 15.478407162340959 ] } },
{ "type": "Feature", "properties": { "road_key": "61000000ST286", "road_name": "ถนนสายบ้านหนองหญ้าไทร", "road_no": "0", "aumpher": "อำเภอทัพทัน", "office": "สาขาเมือง", "branch_code": "61000000", "name_short": "None", "price_new": 250, "price_old": 150, "width_m": 4, "pt_i": 7 }, "geometry": { "type": "Point", "coordinates": [ 99.869957581503115, 15.477495865455674 ] } },
{ "type": "Feature", "properties": { "road_key": "61000000ST286", "road_name": "ถนนสายบ้านหนองหญ้าไทร", "road_no": "0", "aumpher": "อำเภอทัพทัน", "office": "สาขาเมือง", "branch_code": "61000000", "name_short": "None", "price_new": 250, "price_old": 150, "width_m": 4, "pt_i": 8 }, "geometry": { "type": "Point", "coordinates": [ 99.869302246107083, 15.476627090785906 ] } },
{ "type": "Feature", "properties": { "road_key": "61000000ST286", "road_name": "ถนนสายบ้านหนองหญ้าไทร", "road_no": "0", "aumpher": "อำเภอทัพทัน", "office": "สาขาเมือง", "branch_code": "61000000", "name_short": "None", "price_new": 250, "price_old": 150, "width_m": 4, "pt_i": 9 }, "geometry": { "type": "Point", "coordinates": [ 99.868342635168133, 15.476339633177384 ] } },
{ "type": "Feature", "properties": { "road_key": "61000000ST286", "road_name": "ถนนสายบ้านหนองหญ้าไทร", "road_no": "0", "aumpher": "อำเภอทัพทัน", "office": "สาขาเมือง", "branch_code": "61000000", "name_short": "None", "price_new": 250, "price_old": 150, "width_m": 4, "pt_i": 10 }, "geometry": { "type": "Point", "coordinates": [ 99.86734044025404, 15.476773127534999 ] } },
{ "type": "Feature", "properties": { "road_key": "61000000ST286", "road_name": "ถนนสายบ้านหนองหญ้าไทร", "road_no": "0", "aumpher": "อำเภอทัพทัน", "office": "สาขาเมือง", "branch_code": "61000000", "name_short": "None", "price_new": 250, "price_old": 150, "width_m": 4, "pt_i": 11 }, "geometry": { "type": "Point", "coordinates": [ 99.866682088418685, 15.476804231047248 ] } },
{ "type": "Feature", "properties": { "road_key": "61000000ST286", "road_name": "ถนนสายบ้านหนองหญ้าไทร", "road_no": "0", "aumpher": "อำเภอทัพทัน", "office": "สาขาเมือง", "branch_code": "61000000", "name_short": "None", "price_new": 250, "price_old": 150, "width_m": 4, "pt_i": 12 }, "geometry": { "type": "Point", "coordinates": [ 99.866257952075912, 15.475843821470633 ] } },
{ "type": "Feature", "properties": { "road_key": "61000000ST286", "road_name": "ถนนสายบ้านหนองหญ้าไทร", "road_no": "0", "aumpher": "อำเภอทัพทัน", "office": "สาขาเมือง", "branch_code": "61000000", "name_short": "None", "price_new": 250, "price_old": 150, "width_m": 4, "pt_i": 13 }, "geometry": { "type": "Point", "coordinates": [ 99.866065677007668, 15.474869824267611 ] } },
{ "type": "Feature", "properties": { "road_key": "61000000ST286", "road_name": "ถนนสายบ้านหนองหญ้าไทร", "road_no": "0", "aumpher": "อำเภอทัพทัน", "office": "สาขาเมือง", "branch_code": "61000000", "name_short": "None", "price_new": 250, "price_old": 150, "width_m": 4, "pt_i": 14 }, "geometry": { "type": "Point", "coordinates": [ 99.866111461353938, 15.47378805621109 ] } },
{ "type": "Feature", "properties": { "road_key": "61000000ST286", "road_name": "ถนนสายบ้านหนองหญ้าไทร", "road_no": "0", "aumpher": "อำเภอทัพทัน", "office": "สาขาเมือง", "branch_code": "61000000", "name_short": "None", "price_new": 250, "price_old": 150, "width_m": 4, "pt_i": 15 }, "geometry": { "type": "Point", "coordinates": [ 99.866097774139718, 15.472703375219869 ] } },
{ "type": "Feature", "properties": { "road_key": "61000000ST286", "road_name": "ถนนสายบ้านหนองหญ้าไทร", "road_no": "0", "aumpher": "อำเภอทัพทัน", "office": "สาขาเมือง", "branch_code": "61000000", "name_short": "None", "price_new": 250, "price_old": 150, "width_m": 4, "pt_i": 16 }, "geometry": { "type": "Point", "coordinates": [ 99.86587088003354, 15.471641620990642 ] } },
{ "type": "Feature", "properties": { "road_key": "61000000ST286", "road_name": "ถนนสายบ้านหนองหญ้าไทร", "road_no": "0", "aumpher": "อำเภอทัพทัน", "office": "สาขาเมือง", "branch_code": "61000000", "name_short": "None", "price_new": 250, "price_old": 150, "width_m": 4, "pt_i": 17 }, "geometry": { "type": "Point", "coordinates": [ 99.865879929279089, 15.470570785836509 ] } },
{ "type": "Feature", "properties": { "road_key": "61000000ST286", "road_name": "ถนนสายบ้านหนองหญ้าไทร", "road_no": "0", "aumpher": "อำเภอทัพทัน", "office": "สาขาเมือง", "branch_code": "61000000", "name_short": "None", "price_new": 250, "price_old": 150, "width_m": 4, "pt_i": 18 }, "geometry": { "type": "Point", "coordinates": [ 99.865726930437802, 15.469497133621719 ] } },
{ "type": "Feature", "properties": { "road_key": "61000000ST286", "road_name": "ถนนสายบ้านหนองหญ้าไทร", "road_no": "0", "aumpher": "อำเภอทัพทัน", "office": "สาขาเมือง", "branch_code": "61000000", "name_short": "None", "price_new": 250, "price_old": 150, "width_m": 4, "pt_i": 19 }, "geometry": { "type": "Point", "coordinates": [ 99.864807426082265, 15.468927253799954 ] } },
{ "type": "Feature", "properties": { "road_key": "61000000ST286", "road_name": "ถนนสายบ้านหนองหญ้าไทร", "road_no": "0", "aumpher": "อำเภอทัพทัน", "office": "สาขาเมือง", "branch_code": "61000000", "name_short": "None", "price_new": 250, "price_old": 150, "width_m": 4, "pt_i": 20 }, "geometry": { "type": "Point", "coordinates": [ 99.864752318654126, 15.467873181607835 ] } },
{ "type": "Feature", "properties": { "road_key": "61000000ST286", "road_name": "ถนนสายบ้านหนองหญ้าไทร", "road_no": "0", "aumpher": "อำเภอทัพทัน", "office": "สาขาเมือง", "branch_code": "61000000", "name_short": "None", "price_new": 250, "price_old": 150, "width_m": 4, "pt_i": 0 }, "geometry": { "type": "Point", "coordinates": [ 99.881761541545259, 15.482388850122083 ] } },
{ "type": "Feature", "properties": { "road_key": "61000000ST286", "road_name": "ถนนสายบ้านหนองหญ้าไทร", "road_no": "0", "aumpher": "อำเภอทัพทัน", "office": "สาขาเมือง", "branch_code": "61000000", "name_short": "None", "price_new": 250, "price_old": 150, "width_m": 4, "pt_i": 1 }, "geometry": { "type": "Point", "coordinates": [ 99.880823971905571, 15.481804115386096 ] } },
{ "type": "Feature", "properties": { "road_key": "61000000ST286", "road_name": "ถนนสายบ้านหนองหญ้าไทร", "road_no": "0", "aumpher": "อำเภอทัพทัน", "office": "สาขาเมือง", "branch_code": "61000000", "name_short": "None", "price_new": 250, "price_old": 150, "width_m": 4, "pt_i": 2 }, "geometry": { "type": "Point", "coordinates": [ 99.879866041520529, 15.481277712884641 ] } },
{ "type": "Feature", "properties": { "road_key": "61000000ST286", "road_name": "ถนนสายบ้านหนองหญ้าไทร", "road_no": "0", "aumpher": "อำเภอทัพทัน", "office": "สาขาเมือง", "branch_code": "61000000", "name_short": "None", "price_new": 250, "price_old": 150, "width_m": 4, "pt_i": 3 }, "geometry": { "type": "Point", "coordinates": [ 99.878814924810243, 15.480944752786977 ] } },
{ "type": "Feature", "properties": { "road_key": "61000000ST286", "road_name": "ถนนสายบ้านหนองหญ้าไทร", "road_no": "0", "aumpher": "อำเภอทัพทัน", "office": "สาขาเมือง", "branch_code": "61000000", "name_short": "None", "price_new": 250, "price_old": 150, "width_m": 4, "pt_i": 4 }, "geometry": { "type": "Point", "coordinates": [ 99.877698320527358, 15.480881104960059 ] } },
{ "type": "Feature", "properties": { "road_key": "61000000ST286", "road_name": "ถนนสายบ้านหนองหญ้าไทร", "road_no": "0", "aumpher": "อำเภอทัพทัน", "office": "สาขาเมือง", "branch_code": "61000000", "name_short": "None", "price_new": 250, "price_old": 150, "width_m": 4, "pt_i": 5 }, "geometry": { "type": "Point", "coordinates": [ 99.876612409374047, 15.480999004017638 ] } },
{ "type": "Feature", "properties": { "road_key": "61000000ST286", "road_name": "ถนนสายบ้านหนองหญ้าไทร", "road_no": "0", "aumpher": "อำเภอทัพทัน", "office": "สาขาเมือง", "branch_code": "61000000", "name_short": "None", "price_new": 250, "price_old": 150, "width_m": 4, "pt_i": 6 }, "geometry": { "type": "Point", "coordinates": [ 99.875703332642985, 15.481630265255674 ] } },
{ "type": "Feature", "properties": { "road_key": "61000000ST286", "road_name": "ถนนสายบ้านหนองหญ้าไทร", "road_no": "0", "aumpher": "อำเภอทัพทัน", "office": "สาขาเมือง", "branch_code": "61000000", "name_short": "None", "price_new": 250, "price_old": 150, "width_m": 4, "pt_i": 0 }, "geometry": { "type": "Point", "coordinates": [ 99.879651325978998, 15.487732957111266 ] } },
{ "type": "Feature", "properties": { "road_key": "61000000ST286", "road_name": "ถนนสายบ้านหนองหญ้าไทร", "road_no": "0", "aumpher": "อำเภอทัพทัน", "office": "สาขาเมือง", "branch_code": "61000000", "name_short": "None", "price_new": 250, "price_old": 150, "width_m": 4, "pt_i": 1 }, "geometry": { "type": "Point", "coordinates": [ 99.878777416197607, 15.487055771184128 ] } },
{ "type": "Feature", "properties": { "road_key": "61000000ST286", "road_name": "ถนนสายบ้านหนองหญ้าไทร", "road_no": "0", "aumpher": "อำเภอทัพทัน", "office": "สาขาเมือง", "branch_code": "61000000", "name_short": "None", "price_new": 250, "price_old": 150, "width_m": 4, "pt_i": 2 }, "geometry": { "type": "Point", "coordinates": [ 99.877834300369415, 15.486472860400532 ] } },
{ "type": "Feature", "properties": { "road_key": "61000000ST286", "road_name": "ถนนสายบ้านหนองหญ้าไทร", "road_no": "0", "aumpher": "อำเภอทัพทัน", "office": "สาขาเมือง", "branch_code": "61000000", "name_short": "None", "price_new": 250, "price_old": 150, "width_m": 4, "pt_i": 3 }, "geometry": { "type": "Point", "coordinates": [ 99.876872398273093, 15.485926670599776 ] } },
{ "type": "Feature", "properties": { "road_key": "61000000ST286", "road_name": "ถนนสายบ้านหนองหญ้าไทร", "road_no": "0", "aumpher": "อำเภอทัพทัน", "office": "สาขาเมือง", "branch_code": "61000000", "name_short": "None", "price_new": 250, "price_old": 150, "width_m": 4, "pt_i": 4 }, "geometry": { "type": "Point", "coordinates": [ 99.876114327590102, 15.485131431958044 ] } },
{ "type": "Feature", "properties": { "road_key": "61000000ST286", "road_name": "ถนนสายบ้านหนองหญ้าไทร", "road_no": "0", "aumpher": "อำเภอทัพทัน", "office": "สาขาเมือง", "branch_code": "61000000", "name_short": "None", "price_new": 250, "price_old": 150, "width_m": 4, "pt_i": 5 }, "geometry": { "type": "Point", "coordinates": [ 99.875251725249285, 15.484466667981078 ] } },
{ "type": "Feature", "properties": { "road_key": "61000000ST286", "road_name": "ถนนสายบ้านหนองหญ้าไทร", "road_no": "0", "aumpher": "อำเภอทัพทัน", "office": "สาขาเมือง", "branch_code": "61000000", "name_short": "None", "price_new": 250, "price_old": 150, "width_m": 4, "pt_i": 6 }, "geometry": { "type": "Point", "coordinates": [ 99.875255939649193, 15.483388808679068 ] } },
{ "type": "Feature", "properties": { "road_key": "61000000ST286", "road_name": "ถนนสายบ้านหนองหญ้าไทร", "road_no": "0", "aumpher": "อำเภอทัพทัน", "office": "สาขาเมือง", "branch_code": "61000000", "name_short": "None", "price_new": 250, "price_old": 150, "width_m": 4, "pt_i": 7 }, "geometry": { "type": "Point", "coordinates": [ 99.874979723199672, 15.482341008469449 ] } },
{ "type": "Feature", "properties": { "road_key": "61000000ST287.1", "road_name": "ถนนในชุมชนบ้านดอนลำโพง ช่วงที่ 1", "road_no": "0", "aumpher": "อำเภอทัพทัน", "office": "สาขาเมือง", "branch_code": "61000000", "name_short": "None", "price_new": 250, "price_old": 150, "width_m": 4, "pt_i": 0 }, "geometry": { "type": "Point", "coordinates": [ 99.866842864335069, 15.52920530164393 ] } },
{ "type": "Feature", "properties": { "road_key": "61000000ST287.1", "road_name": "ถนนในชุมชนบ้านดอนลำโพง ช่วงที่ 1", "road_no": "0", "aumpher": "อำเภอทัพทัน", "office": "สาขาเมือง", "branch_code": "61000000", "name_short": "None", "price_new": 250, "price_old": 150, "width_m": 4, "pt_i": 1 }, "geometry": { "type": "Point", "coordinates": [ 99.867214479268, 15.530116972788814 ] } },
{ "type": "Feature", "properties": { "road_key": "61000000ST287.1", "road_name": "ถนนในชุมชนบ้านดอนลำโพง ช่วงที่ 1", "road_no": "0", "aumpher": "อำเภอทัพทัน", "office": "สาขาเมือง", "branch_code": "61000000", "name_short": "None", "price_new": 250, "price_old": 150, "width_m": 4, "pt_i": 2 }, "geometry": { "type": "Point", "coordinates": [ 99.86764642788981, 15.531004246589516 ] } },
{ "type": "Feature", "properties": { "road_key": "61000000ST287.1", "road_name": "ถนนในชุมชนบ้านดอนลำโพง ช่วงที่ 1", "road_no": "0", "aumpher": "อำเภอทัพทัน", "office": "สาขาเมือง", "branch_code": "61000000", "name_short": "None", "price_new": 250, "price_old": 150, "width_m": 4, "pt_i": 0 }, "geometry": { "type": "Point", "coordinates": [ 99.868885141368608, 15.531703688254973 ] } },
{ "type": "Feature", "properties": { "road_key": "61000000ST287.1", "road_name": "ถนนในชุมชนบ้านดอนลำโพง ช่วงที่ 1", "road_no": "0", "aumpher": "อำเภอทัพทัน", "office": "สาขาเมือง", "branch_code": "61000000", "name_short": "None", "price_new": 250, "price_old": 150, "width_m": 4, "pt_i": 1 }, "geometry": { "type": "Point", "coordinates": [ 99.868872669248802, 15.531201344524943 ] } },
{ "type": "Feature", "properties": { "road_key": "61000000ST287.1", "road_name": "ถนนในชุมชนบ้านดอนลำโพง ช่วงที่ 1", "road_no": "0", "aumpher": "อำเภอทัพทัน", "office": "สาขาเมือง", "branch_code": "61000000", "name_short": "None", "price_new": 250, "price_old": 150, "width_m": 4, "pt_i": 0 }, "geometry": { "type": "Point", "coordinates": [ 99.868885141368608, 15.531703688254973 ] } },
{ "type": "Feature", "properties": { "road_key": "61000000ST287.1", "road_name": "ถนนในชุมชนบ้านดอนลำโพง ช่วงที่ 1", "road_no": "0", "aumpher": "อำเภอทัพทัน", "office": "สาขาเมือง", "branch_code": "61000000", "name_short": "None", "price_new": 250, "price_old": 150, "width_m": 4, "pt_i": 1 }, "geometry": { "type": "Point", "coordinates": [ 99.868303821866675, 15.531731898465846 ] } },
{ "type": "Feature", "properties": { "road_key": "61000000ST287.1", "road_name": "ถนนในชุมชนบ้านดอนลำโพง ช่วงที่ 1", "road_no": "0", "aumpher": "อำเภอทัพทัน", "office": "สาขาเมือง", "branch_code": "61000000", "name_short": "None", "price_new": 250, "price_old": 150, "width_m": 4, "pt_i": 0 }, "geometry": { "type": "Point", "coordinates": [ 99.868303821866675, 15.531731898465846 ] } },
{ "type": "Feature", "properties": { "road_key": "61000000ST287.1", "road_name": "ถนนในชุมชนบ้านดอนลำโพง ช่วงที่ 1", "road_no": "0", "aumpher": "อำเภอทัพทัน", "office": "สาขาเมือง", "branch_code": "61000000", "name_short": "None", "price_new": 250, "price_old": 150, "width_m": 4, "pt_i": 1 }, "geometry": { "type": "Point", "coordinates": [ 99.867323287837721, 15.531929232846332 ] } },
{ "type": "Feature", "properties": { "road_key": "61000000ST287.1", "road_name": "ถนนในชุมชนบ้านดอนลำโพง ช่วงที่ 1", "road_no": "0", "aumpher": "อำเภอทัพทัน", "office": "สาขาเมือง", "branch_code": "61000000", "name_short": "None", "price_new": 250, "price_old": 150, "width_m": 4, "pt_i": 0 }, "geometry": { "type": "Point", "coordinates": [ 99.869600664605613, 15.531851648884128 ] } },
{ "type": "Feature", "properties": { "road_key": "61000000ST287.1", "road_name": "ถนนในชุมชนบ้านดอนลำโพง ช่วงที่ 1", "road_no": "0", "aumpher": "อำเภอทัพทัน", "office": "สาขาเมือง", "branch_code": "61000000", "name_short": "None", "price_new": 250, "price_old": 150, "width_m": 4, "pt_i": 1 }, "geometry": { "type": "Point", "coordinates": [ 99.868885141368608, 15.531703688254973 ] } },
{ "type": "Feature", "properties": { "road_key": "61000000ST287.1", "road_name": "ถนนในชุมชนบ้านดอนลำโพง ช่วงที่ 1", "road_no": "0", "aumpher": "อำเภอทัพทัน", "office": "สาขาเมือง", "branch_code": "61000000", "name_short": "None", "price_new": 250, "price_old": 150, "width_m": 4, "pt_i": 0 }, "geometry": { "type": "Point", "coordinates": [ 99.869600664605613, 15.531851648884128 ] } },
{ "type": "Feature", "properties": { "road_key": "61000000ST287.1", "road_name": "ถนนในชุมชนบ้านดอนลำโพง ช่วงที่ 1", "road_no": "0", "aumpher": "อำเภอทัพทัน", "office": "สาขาเมือง", "branch_code": "61000000", "name_short": "None", "price_new": 250, "price_old": 150, "width_m": 4, "pt_i": 1 }, "geometry": { "type": "Point", "coordinates": [ 99.869898016932211, 15.53219189124318 ] } },
{ "type": "Feature", "properties": { "road_key": "61000000ST287.1", "road_name": "ถนนในชุมชนบ้านดอนลำโพง ช่วงที่ 1", "road_no": "0", "aumpher": "อำเภอทัพทัน", "office": "สาขาเมือง", "branch_code": "61000000", "name_short": "None", "price_new": 250, "price_old": 150, "width_m": 4, "pt_i": 0 }, "geometry": { "type": "Point", "coordinates": [ 99.869898016932211, 15.53219189124318 ] } },
{ "type": "Feature", "properties": { "road_key": "61000000ST287.1", "road_name": "ถนนในชุมชนบ้านดอนลำโพง ช่วงที่ 1", "road_no": "0", "aumpher": "อำเภอทัพทัน", "office": "สาขาเมือง", "branch_code": "61000000", "name_short": "None", "price_new": 250, "price_old": 150, "width_m": 4, "pt_i": 1 }, "geometry": { "type": "Point", "coordinates": [ 99.870814830834419, 15.532758138633371 ] } },
{ "type": "Feature", "properties": { "road_key": "61000000ST287.1", "road_name": "ถนนในชุมชนบ้านดอนลำโพง ช่วงที่ 1", "road_no": "0", "aumpher": "อำเภอทัพทัน", "office": "สาขาเมือง", "branch_code": "61000000", "name_short": "None", "price_new": 250, "price_old": 150, "width_m": 4, "pt_i": 0 }, "geometry": { "type": "Point", "coordinates": [ 99.869898016932211, 15.53219189124318 ] } },
{ "type": "Feature", "properties": { "road_key": "61000000ST287.1", "road_name": "ถนนในชุมชนบ้านดอนลำโพง ช่วงที่ 1", "road_no": "0", "aumpher": "อำเภอทัพทัน", "office": "สาขาเมือง", "branch_code": "61000000", "name_short": "None", "price_new": 250, "price_old": 150, "width_m": 4, "pt_i": 1 }, "geometry": { "type": "Point", "coordinates": [ 99.869222398399927, 15.532836177410697 ] } },
{ "type": "Feature", "properties": { "road_key": "61000000ST287.1", "road_name": "ถนนในชุมชนบ้านดอนลำโพง ช่วงที่ 1", "road_no": "0", "aumpher": "อำเภอทัพทัน", "office": "สาขาเมือง", "branch_code": "61000000", "name_short": "None", "price_new": 250, "price_old": 150, "width_m": 4, "pt_i": 0 }, "geometry": { "type": "Point", "coordinates": [ 99.87135099340577, 15.532807975356004 ] } },
{ "type": "Feature", "properties": { "road_key": "61000000ST287.1", "road_name": "ถนนในชุมชนบ้านดอนลำโพง ช่วงที่ 1", "road_no": "0", "aumpher": "อำเภอทัพทัน", "office": "สาขาเมือง", "branch_code": "61000000", "name_short": "None", "price_new": 250, "price_old": 150, "width_m": 4, "pt_i": 1 }, "geometry": { "type": "Point", "coordinates": [ 99.871622007538178, 15.531963197297197 ] } },
{ "type": "Feature", "properties": { "road_key": "61000000ST287.1", "road_name": "ถนนในชุมชนบ้านดอนลำโพง ช่วงที่ 1", "road_no": "0", "aumpher": "อำเภอทัพทัน", "office": "สาขาเมือง", "branch_code": "61000000", "name_short": "None", "price_new": 250, "price_old": 150, "width_m": 4, "pt_i": 2 }, "geometry": { "type": "Point", "coordinates": [ 99.870835811634862, 15.531536641729746 ] } },
{ "type": "Feature", "properties": { "road_key": "61000000ST287.1", "road_name": "ถนนในชุมชนบ้านดอนลำโพง ช่วงที่ 1", "road_no": "0", "aumpher": "อำเภอทัพทัน", "office": "สาขาเมือง", "branch_code": "61000000", "name_short": "None", "price_new": 250, "price_old": 150, "width_m": 4, "pt_i": 3 }, "geometry": { "type": "Point", "coordinates": [ 99.869794578448705, 15.531379356398148 ] } },
{ "type": "Feature", "properties": { "road_key": "61000000ST287.1", "road_name": "ถนนในชุมชนบ้านดอนลำโพง ช่วงที่ 1", "road_no": "0", "aumpher": "อำเภอทัพทัน", "office": "สาขาเมือง", "branch_code": "61000000", "name_short": "None", "price_new": 250, "price_old": 150, "width_m": 4, "pt_i": 0 }, "geometry": { "type": "Point", "coordinates": [ 99.871601750471925, 15.534076311974054 ] } },
{ "type": "Feature", "properties": { "road_key": "61000000ST287.1", "road_name": "ถนนในชุมชนบ้านดอนลำโพง ช่วงที่ 1", "road_no": "0", "aumpher": "อำเภอทัพทัน", "office": "สาขาเมือง", "branch_code": "61000000", "name_short": "None", "price_new": 250, "price_old": 150, "width_m": 4, "pt_i": 1 }, "geometry": { "type": "Point", "coordinates": [ 99.871379449467582, 15.533020931423476 ] } },
{ "type": "Feature", "properties": { "road_key": "61000000ST287.2", "road_name": "ถนนในชุมชนบ้านดอนลำโพง ช่วงที่ 2", "road_no": "0", "aumpher": "อำเภอทัพทัน", "office": "สาขาเมือง", "branch_code": "61000000", "name_short": "None", "price_new": 250, "price_old": 150, "width_m": 4, "pt_i": 0 }, "geometry": { "type": "Point", "coordinates": [ 99.882828450069255, 15.533349361466486 ] } },
{ "type": "Feature", "properties": { "road_key": "61000000ST287.2", "road_name": "ถนนในชุมชนบ้านดอนลำโพง ช่วงที่ 2", "road_no": "0", "aumpher": "อำเภอทัพทัน", "office": "สาขาเมือง", "branch_code": "61000000", "name_short": "None", "price_new": 250, "price_old": 150, "width_m": 4, "pt_i": 1 }, "geometry": { "type": "Point", "coordinates": [ 99.88171330459349, 15.53326057850493 ] } },
{ "type": "Feature", "properties": { "road_key": "61000000ST287.2", "road_name": "ถนนในชุมชนบ้านดอนลำโพง ช่วงที่ 2", "road_no": "0", "aumpher": "อำเภอทัพทัน", "office": "สาขาเมือง", "branch_code": "61000000", "name_short": "None", "price_new": 250, "price_old": 150, "width_m": 4, "pt_i": 2 }, "geometry": { "type": "Point", "coordinates": [ 99.880615976898397, 15.533054871566639 ] } },
{ "type": "Feature", "properties": { "road_key": "61000000ST287.2", "road_name": "ถนนในชุมชนบ้านดอนลำโพง ช่วงที่ 2", "road_no": "0", "aumpher": "อำเภอทัพทัน", "office": "สาขาเมือง", "branch_code": "61000000", "name_short": "None", "price_new": 250, "price_old": 150, "width_m": 4, "pt_i": 3 }, "geometry": { "type": "Point", "coordinates": [ 99.879555152642979, 15.53271815393059 ] } },
{ "type": "Feature", "properties": { "road_key": "61000000ST287.2", "road_name": "ถนนในชุมชนบ้านดอนลำโพง ช่วงที่ 2", "road_no": "0", "aumpher": "อำเภอทัพทัน", "office": "สาขาเมือง", "branch_code": "61000000", "name_short": "None", "price_new": 250, "price_old": 150, "width_m": 4, "pt_i": 4 }, "geometry": { "type": "Point", "coordinates": [ 99.87860415214098, 15.532150031685122 ] } },
{ "type": "Feature", "properties": { "road_key": "61000000ST287.2", "road_name": "ถนนในชุมชนบ้านดอนลำโพง ช่วงที่ 2", "road_no": "0", "aumpher": "อำเภอทัพทัน", "office": "สาขาเมือง", "branch_code": "61000000", "name_short": "None", "price_new": 250, "price_old": 150, "width_m": 4, "pt_i": 5 }, "geometry": { "type": "Point", "coordinates": [ 99.877523826555091, 15.531968403167921 ] } },
{ "type": "Feature", "properties": { "road_key": "61000000ST287.2", "road_name": "ถนนในชุมชนบ้านดอนลำโพง ช่วงที่ 2", "road_no": "0", "aumpher": "อำเภอทัพทัน", "office": "สาขาเมือง", "branch_code": "61000000", "name_short": "None", "price_new": 250, "price_old": 150, "width_m": 4, "pt_i": 6 }, "geometry": { "type": "Point", "coordinates": [ 99.876765750285614, 15.531642953372113 ] } },
{ "type": "Feature", "properties": { "road_key": "61000000ST287.2", "road_name": "ถนนในชุมชนบ้านดอนลำโพง ช่วงที่ 2", "road_no": "0", "aumpher": "อำเภอทัพทัน", "office": "สาขาเมือง", "branch_code": "61000000", "name_short": "None", "price_new": 250, "price_old": 150, "width_m": 4, "pt_i": 7 }, "geometry": { "type": "Point", "coordinates": [ 99.876537950743312, 15.530632207196469 ] } },
{ "type": "Feature", "properties": { "road_key": "61000000ST287.2", "road_name": "ถนนในชุมชนบ้านดอนลำโพง ช่วงที่ 2", "road_no": "0", "aumpher": "อำเภอทัพทัน", "office": "สาขาเมือง", "branch_code": "61000000", "name_short": "None", "price_new": 250, "price_old": 150, "width_m": 4, "pt_i": 8 }, "geometry": { "type": "Point", "coordinates": [ 99.875432130629051, 15.530676606397888 ] } },
{ "type": "Feature", "properties": { "road_key": "61000000ST287.2", "road_name": "ถนนในชุมชนบ้านดอนลำโพง ช่วงที่ 2", "road_no": "0", "aumpher": "อำเภอทัพทัน", "office": "สาขาเมือง", "branch_code": "61000000", "name_short": "None", "price_new": 250, "price_old": 150, "width_m": 4, "pt_i": 9 }, "geometry": { "type": "Point", "coordinates": [ 99.874335017434234, 15.530884465508098 ] } },
{ "type": "Feature", "properties": { "road_key": "61000000ST287.2", "road_name": "ถนนในชุมชนบ้านดอนลำโพง ช่วงที่ 2", "road_no": "0", "aumpher": "อำเภอทัพทัน", "office": "สาขาเมือง", "branch_code": "61000000", "name_short": "None", "price_new": 250, "price_old": 150, "width_m": 4, "pt_i": 10 }, "geometry": { "type": "Point", "coordinates": [ 99.873284573203293, 15.531251576489694 ] } },
{ "type": "Feature", "properties": { "road_key": "61000000ST287.2", "road_name": "ถนนในชุมชนบ้านดอนลำโพง ช่วงที่ 2", "road_no": "0", "aumpher": "อำเภอทัพทัน", "office": "สาขาเมือง", "branch_code": "61000000", "name_short": "None", "price_new": 250, "price_old": 150, "width_m": 4, "pt_i": 11 }, "geometry": { "type": "Point", "coordinates": [ 99.87217593959322, 15.531374888325441 ] } },
{ "type": "Feature", "properties": { "road_key": "61000000ST300", "road_name": "ถนนในชุมชนบ้านโคกหม้อ", "road_no": "0", "aumpher": "อำเภอทัพทัน", "office": "สาขาเมือง", "branch_code": "61000000", "name_short": "None", "price_new": 250, "price_old": 150, "width_m": 4, "pt_i": 0 }, "geometry": { "type": "Point", "coordinates": [ 99.90465672681141, 15.536621378083405 ] } },
{ "type": "Feature", "properties": { "road_key": "61000000ST300", "road_name": "ถนนในชุมชนบ้านโคกหม้อ", "road_no": "0", "aumpher": "อำเภอทัพทัน", "office": "สาขาเมือง", "branch_code": "61000000", "name_short": "None", "price_new": 250, "price_old": 150, "width_m": 4, "pt_i": 1 }, "geometry": { "type": "Point", "coordinates": [ 99.903768365833855, 15.53727941796164 ] } },
{ "type": "Feature", "properties": { "road_key": "61000000ST300", "road_name": "ถนนในชุมชนบ้านโคกหม้อ", "road_no": "0", "aumpher": "อำเภอทัพทัน", "office": "สาขาเมือง", "branch_code": "61000000", "name_short": "None", "price_new": 250, "price_old": 150, "width_m": 4, "pt_i": 0 }, "geometry": { "type": "Point", "coordinates": [ 99.903476574994542, 15.537451618943404 ] } },
{ "type": "Feature", "properties": { "road_key": "61000000ST300", "road_name": "ถนนในชุมชนบ้านโคกหม้อ", "road_no": "0", "aumpher": "อำเภอทัพทัน", "office": "สาขาเมือง", "branch_code": "61000000", "name_short": "None", "price_new": 250, "price_old": 150, "width_m": 4, "pt_i": 1 }, "geometry": { "type": "Point", "coordinates": [ 99.902615630426993, 15.536810178260499 ] } },
{ "type": "Feature", "properties": { "road_key": "61000000ST300", "road_name": "ถนนในชุมชนบ้านโคกหม้อ", "road_no": "0", "aumpher": "อำเภอทัพทัน", "office": "สาขาเมือง", "branch_code": "61000000", "name_short": "None", "price_new": 250, "price_old": 150, "width_m": 4, "pt_i": 2 }, "geometry": { "type": "Point", "coordinates": [ 99.901604908164003, 15.536347212029572 ] } },
{ "type": "Feature", "properties": { "road_key": "61000000ST300", "road_name": "ถนนในชุมชนบ้านโคกหม้อ", "road_no": "0", "aumpher": "อำเภอทัพทัน", "office": "สาขาเมือง", "branch_code": "61000000", "name_short": "None", "price_new": 250, "price_old": 150, "width_m": 4, "pt_i": 3 }, "geometry": { "type": "Point", "coordinates": [ 99.900610001053806, 15.535851326967084 ] } },
{ "type": "Feature", "properties": { "road_key": "61000000ST300", "road_name": "ถนนในชุมชนบ้านโคกหม้อ", "road_no": "0", "aumpher": "อำเภอทัพทัน", "office": "สาขาเมือง", "branch_code": "61000000", "name_short": "None", "price_new": 250, "price_old": 150, "width_m": 4, "pt_i": 4 }, "geometry": { "type": "Point", "coordinates": [ 99.899618411054377, 15.535352258189613 ] } },
{ "type": "Feature", "properties": { "road_key": "61000000ST300", "road_name": "ถนนในชุมชนบ้านโคกหม้อ", "road_no": "0", "aumpher": "อำเภอทัพทัน", "office": "สาขาเมือง", "branch_code": "61000000", "name_short": "None", "price_new": 250, "price_old": 150, "width_m": 4, "pt_i": 0 }, "geometry": { "type": "Point", "coordinates": [ 99.903476574994542, 15.537451618943404 ] } },
{ "type": "Feature", "properties": { "road_key": "61000000ST300", "road_name": "ถนนในชุมชนบ้านโคกหม้อ", "road_no": "0", "aumpher": "อำเภอทัพทัน", "office": "สาขาเมือง", "branch_code": "61000000", "name_short": "None", "price_new": 250, "price_old": 150, "width_m": 4, "pt_i": 1 }, "geometry": { "type": "Point", "coordinates": [ 99.903004803339087, 15.53827446169664 ] } },
{ "type": "Feature", "properties": { "road_key": "61000000ST300", "road_name": "ถนนในชุมชนบ้านโคกหม้อ", "road_no": "0", "aumpher": "อำเภอทัพทัน", "office": "สาขาเมือง", "branch_code": "61000000", "name_short": "None", "price_new": 250, "price_old": 150, "width_m": 4, "pt_i": 2 }, "geometry": { "type": "Point", "coordinates": [ 99.902247348329567, 15.539072454459109 ] } },
{ "type": "Feature", "properties": { "road_key": "61000000ST300", "road_name": "ถนนในชุมชนบ้านโคกหม้อ", "road_no": "0", "aumpher": "อำเภอทัพทัน", "office": "สาขาเมือง", "branch_code": "61000000", "name_short": "None", "price_new": 250, "price_old": 150, "width_m": 4, "pt_i": 3 }, "geometry": { "type": "Point", "coordinates": [ 99.901595802765229, 15.539950013223077 ] } },
{ "type": "Feature", "properties": { "road_key": "61000000ST300", "road_name": "ถนนในชุมชนบ้านโคกหม้อ", "road_no": "0", "aumpher": "อำเภอทัพทัน", "office": "สาขาเมือง", "branch_code": "61000000", "name_short": "None", "price_new": 250, "price_old": 150, "width_m": 4, "pt_i": 4 }, "geometry": { "type": "Point", "coordinates": [ 99.900852410800169, 15.54075212247082 ] } },
{ "type": "Feature", "properties": { "road_key": "61000000ST300", "road_name": "ถนนในชุมชนบ้านโคกหม้อ", "road_no": "0", "aumpher": "อำเภอทัพทัน", "office": "สาขาเมือง", "branch_code": "61000000", "name_short": "None", "price_new": 250, "price_old": 150, "width_m": 4, "pt_i": 5 }, "geometry": { "type": "Point", "coordinates": [ 99.899983720639284, 15.541435753051021 ] } },
{ "type": "Feature", "properties": { "road_key": "61000000ST300", "road_name": "ถนนในชุมชนบ้านโคกหม้อ", "road_no": "0", "aumpher": "อำเภอทัพทัน", "office": "สาขาเมือง", "branch_code": "61000000", "name_short": "None", "price_new": 250, "price_old": 150, "width_m": 4, "pt_i": 6 }, "geometry": { "type": "Point", "coordinates": [ 99.899194434324684, 15.542055930012667 ] } },
{ "type": "Feature", "properties": { "road_key": "61000000ST300", "road_name": "ถนนในชุมชนบ้านโคกหม้อ", "road_no": "0", "aumpher": "อำเภอทัพทัน", "office": "สาขาเมือง", "branch_code": "61000000", "name_short": "None", "price_new": 250, "price_old": 150, "width_m": 4, "pt_i": 7 }, "geometry": { "type": "Point", "coordinates": [ 99.898421829483837, 15.542840167369675 ] } },
{ "type": "Feature", "properties": { "road_key": "61000000ST300", "road_name": "ถนนในชุมชนบ้านโคกหม้อ", "road_no": "0", "aumpher": "อำเภอทัพทัน", "office": "สาขาเมือง", "branch_code": "61000000", "name_short": "None", "price_new": 250, "price_old": 150, "width_m": 4, "pt_i": 8 }, "geometry": { "type": "Point", "coordinates": [ 99.897643524448199, 15.543619530859884 ] } },
{ "type": "Feature", "properties": { "road_key": "61000000ST300", "road_name": "ถนนในชุมชนบ้านโคกหม้อ", "road_no": "0", "aumpher": "อำเภอทัพทัน", "office": "สาขาเมือง", "branch_code": "61000000", "name_short": "None", "price_new": 250, "price_old": 150, "width_m": 4, "pt_i": 9 }, "geometry": { "type": "Point", "coordinates": [ 99.897129611667651, 15.544575783482388 ] } },
{ "type": "Feature", "properties": { "road_key": "61000000ST300", "road_name": "ถนนในชุมชนบ้านโคกหม้อ", "road_no": "0", "aumpher": "อำเภอทัพทัน", "office": "สาขาเมือง", "branch_code": "61000000", "name_short": "None", "price_new": 250, "price_old": 150, "width_m": 4, "pt_i": 10 }, "geometry": { "type": "Point", "coordinates": [ 99.89643155079311, 15.545423219712982 ] } },
{ "type": "Feature", "properties": { "road_key": "61000000ST301", "road_name": "ถนนในชุมชนบ้านเกาะพยอม", "road_no": "0", "aumpher": "อำเภอทัพทัน", "office": "สาขาเมือง", "branch_code": "61000000", "name_short": "None", "price_new": 200, "price_old": 150, "width_m": 4, "pt_i": 0 }, "geometry": { "type": "Point", "coordinates": [ 99.921670741064915, 15.523699087429103 ] } },
{ "type": "Feature", "properties": { "road_key": "61000000ST301", "road_name": "ถนนในชุมชนบ้านเกาะพยอม", "road_no": "0", "aumpher": "อำเภอทัพทัน", "office": "สาขาเมือง", "branch_code": "61000000", "name_short": "None", "price_new": 200, "price_old": 150, "width_m": 4, "pt_i": 1 }, "geometry": { "type": "Point", "coordinates": [ 99.921854027814405, 15.524061099613341 ] } },
{ "type": "Feature", "properties": { "road_key": "61000000ST301", "road_name": "ถนนในชุมชนบ้านเกาะพยอม", "road_no": "0", "aumpher": "อำเภอทัพทัน", "office": "สาขาเมือง", "branch_code": "61000000", "name_short": "None", "price_new": 200, "price_old": 150, "width_m": 4, "pt_i": 0 }, "geometry": { "type": "Point", "coordinates": [ 99.921854027814405, 15.524061099613341 ] } },
{ "type": "Feature", "properties": { "road_key": "61000000ST301", "road_name": "ถนนในชุมชนบ้านเกาะพยอม", "road_no": "0", "aumpher": "อำเภอทัพทัน", "office": "สาขาเมือง", "branch_code": "61000000", "name_short": "None", "price_new": 200, "price_old": 150, "width_m": 4, "pt_i": 1 }, "geometry": { "type": "Point", "coordinates": [ 99.922570556698687, 15.524894225481498 ] } },
{ "type": "Feature", "properties": { "road_key": "61000000ST301", "road_name": "ถนนในชุมชนบ้านเกาะพยอม", "road_no": "0", "aumpher": "อำเภอทัพทัน", "office": "สาขาเมือง", "branch_code": "61000000", "name_short": "None", "price_new": 200, "price_old": 150, "width_m": 4, "pt_i": 2 }, "geometry": { "type": "Point", "coordinates": [ 99.923274855644181, 15.525736910025023 ] } },
{ "type": "Feature", "properties": { "road_key": "61000000ST301", "road_name": "ถนนในชุมชนบ้านเกาะพยอม", "road_no": "0", "aumpher": "อำเภอทัพทัน", "office": "สาขาเมือง", "branch_code": "61000000", "name_short": "None", "price_new": 200, "price_old": 150, "width_m": 4, "pt_i": 3 }, "geometry": { "type": "Point", "coordinates": [ 99.923961771996261, 15.526593163416241 ] } },
{ "type": "Feature", "properties": { "road_key": "61000000ST301", "road_name": "ถนนในชุมชนบ้านเกาะพยอม", "road_no": "0", "aumpher": "อำเภอทัพทัน", "office": "สาขาเมือง", "branch_code": "61000000", "name_short": "None", "price_new": 200, "price_old": 150, "width_m": 4, "pt_i": 4 }, "geometry": { "type": "Point", "coordinates": [ 99.92485913948309, 15.527197503978254 ] } },
{ "type": "Feature", "properties": { "road_key": "61000000ST301", "road_name": "ถนนในชุมชนบ้านเกาะพยอม", "road_no": "0", "aumpher": "อำเภอทัพทัน", "office": "สาขาเมือง", "branch_code": "61000000", "name_short": "None", "price_new": 200, "price_old": 150, "width_m": 4, "pt_i": 5 }, "geometry": { "type": "Point", "coordinates": [ 99.925625197273504, 15.527984531916823 ] } },
{ "type": "Feature", "properties": { "road_key": "61000000ST301", "road_name": "ถนนในชุมชนบ้านเกาะพยอม", "road_no": "0", "aumpher": "อำเภอทัพทัน", "office": "สาขาเมือง", "branch_code": "61000000", "name_short": "None", "price_new": 200, "price_old": 150, "width_m": 4, "pt_i": 6 }, "geometry": { "type": "Point", "coordinates": [ 99.926441314234012, 15.527407969710598 ] } },
{ "type": "Feature", "properties": { "road_key": "61000000ST301", "road_name": "ถนนในชุมชนบ้านเกาะพยอม", "road_no": "0", "aumpher": "อำเภอทัพทัน", "office": "สาขาเมือง", "branch_code": "61000000", "name_short": "None", "price_new": 200, "price_old": 150, "width_m": 4, "pt_i": 7 }, "geometry": { "type": "Point", "coordinates": [ 99.927338409562125, 15.526772225462624 ] } },
{ "type": "Feature", "properties": { "road_key": "61000000ST301", "road_name": "ถนนในชุมชนบ้านเกาะพยอม", "road_no": "0", "aumpher": "อำเภอทัพทัน", "office": "สาขาเมือง", "branch_code": "61000000", "name_short": "None", "price_new": 200, "price_old": 150, "width_m": 4, "pt_i": 0 }, "geometry": { "type": "Point", "coordinates": [ 99.921854027814405, 15.524061099613341 ] } },
{ "type": "Feature", "properties": { "road_key": "61000000ST301", "road_name": "ถนนในชุมชนบ้านเกาะพยอม", "road_no": "0", "aumpher": "อำเภอทัพทัน", "office": "สาขาเมือง", "branch_code": "61000000", "name_short": "None", "price_new": 200, "price_old": 150, "width_m": 4, "pt_i": 1 }, "geometry": { "type": "Point", "coordinates": [ 99.921369451991708, 15.525038022342175 ] } },
{ "type": "Feature", "properties": { "road_key": "61000000ST301", "road_name": "ถนนในชุมชนบ้านเกาะพยอม", "road_no": "0", "aumpher": "อำเภอทัพทัน", "office": "สาขาเมือง", "branch_code": "61000000", "name_short": "None", "price_new": 200, "price_old": 150, "width_m": 4, "pt_i": 2 }, "geometry": { "type": "Point", "coordinates": [ 99.920616841587005, 15.525829137603957 ] } },
{ "type": "Feature", "properties": { "road_key": "61000000ST301", "road_name": "ถนนในชุมชนบ้านเกาะพยอม", "road_no": "0", "aumpher": "อำเภอทัพทัน", "office": "สาขาเมือง", "branch_code": "61000000", "name_short": "None", "price_new": 200, "price_old": 150, "width_m": 4, "pt_i": 3 }, "geometry": { "type": "Point", "coordinates": [ 99.919857232212976, 15.526484432739531 ] } },
{ "type": "Feature", "properties": { "road_key": "61000000ST301", "road_name": "ถนนในชุมชนบ้านเกาะพยอม", "road_no": "0", "aumpher": "อำเภอทัพทัน", "office": "สาขาเมือง", "branch_code": "61000000", "name_short": "None", "price_new": 200, "price_old": 150, "width_m": 4, "pt_i": 4 }, "geometry": { "type": "Point", "coordinates": [ 99.920288357719983, 15.527441267792618 ] } },
{ "type": "Feature", "properties": { "road_key": "61000000ST301", "road_name": "ถนนในชุมชนบ้านเกาะพยอม", "road_no": "0", "aumpher": "อำเภอทัพทัน", "office": "สาขาเมือง", "branch_code": "61000000", "name_short": "None", "price_new": 200, "price_old": 150, "width_m": 4, "pt_i": 5 }, "geometry": { "type": "Point", "coordinates": [ 99.920888567675135, 15.528356737560156 ] } },
{ "type": "Feature", "properties": { "road_key": "61000000ST301", "road_name": "ถนนในชุมชนบ้านเกาะพยอม", "road_no": "0", "aumpher": "อำเภอทัพทัน", "office": "สาขาเมือง", "branch_code": "61000000", "name_short": "None", "price_new": 200, "price_old": 150, "width_m": 4, "pt_i": 6 }, "geometry": { "type": "Point", "coordinates": [ 99.921459496657448, 15.529288702777809 ] } },
{ "type": "Feature", "properties": { "road_key": "61000000ST303", "road_name": "ถนนสายบ้านเขาลูกช้าง (1)", "road_no": "0", "aumpher": "อำเภอทัพทัน", "office": "สาขาเมือง", "branch_code": "61000000", "name_short": "None", "price_new": 250, "price_old": 150, "width_m": 4, "pt_i": 0 }, "geometry": { "type": "Point", "coordinates": [ 99.909024411312302, 15.578612003390589 ] } },
{ "type": "Feature", "properties": { "road_key": "61000000ST303", "road_name": "ถนนสายบ้านเขาลูกช้าง (1)", "road_no": "0", "aumpher": "อำเภอทัพทัน", "office": "สาขาเมือง", "branch_code": "61000000", "name_short": "None", "price_new": 250, "price_old": 150, "width_m": 4, "pt_i": 1 }, "geometry": { "type": "Point", "coordinates": [ 99.90944909798246, 15.579615628532119 ] } },
{ "type": "Feature", "properties": { "road_key": "61000000ST303", "road_name": "ถนนสายบ้านเขาลูกช้าง (1)", "road_no": "0", "aumpher": "อำเภอทัพทัน", "office": "สาขาเมือง", "branch_code": "61000000", "name_short": "None", "price_new": 250, "price_old": 150, "width_m": 4, "pt_i": 2 }, "geometry": { "type": "Point", "coordinates": [ 99.909888063273542, 15.580613380923079 ] } },
{ "type": "Feature", "properties": { "road_key": "61000000ST303", "road_name": "ถนนสายบ้านเขาลูกช้าง (1)", "road_no": "0", "aumpher": "อำเภอทัพทัน", "office": "สาขาเมือง", "branch_code": "61000000", "name_short": "None", "price_new": 250, "price_old": 150, "width_m": 4, "pt_i": 3 }, "geometry": { "type": "Point", "coordinates": [ 99.910431359099292, 15.581557607607886 ] } },
{ "type": "Feature", "properties": { "road_key": "61000000ST303", "road_name": "ถนนสายบ้านเขาลูกช้าง (1)", "road_no": "0", "aumpher": "อำเภอทัพทัน", "office": "สาขาเมือง", "branch_code": "61000000", "name_short": "None", "price_new": 250, "price_old": 150, "width_m": 4, "pt_i": 4 }, "geometry": { "type": "Point", "coordinates": [ 99.911167224617344, 15.582374167953679 ] } },
{ "type": "Feature", "properties": { "road_key": "61000000ST303", "road_name": "ถนนสายบ้านเขาลูกช้าง (1)", "road_no": "0", "aumpher": "อำเภอทัพทัน", "office": "สาขาเมือง", "branch_code": "61000000", "name_short": "None", "price_new": 250, "price_old": 150, "width_m": 4, "pt_i": 5 }, "geometry": { "type": "Point", "coordinates": [ 99.911921440800839, 15.583175120475316 ] } },
{ "type": "Feature", "properties": { "road_key": "61000000ST303", "road_name": "ถนนสายบ้านเขาลูกช้าง (1)", "road_no": "0", "aumpher": "อำเภอทัพทัน", "office": "สาขาเมือง", "branch_code": "61000000", "name_short": "None", "price_new": 250, "price_old": 150, "width_m": 4, "pt_i": 6 }, "geometry": { "type": "Point", "coordinates": [ 99.912694184999907, 15.583744018695592 ] } },
{ "type": "Feature", "properties": { "road_key": "61000000ST303", "road_name": "ถนนสายบ้านเขาลูกช้าง (1)", "road_no": "0", "aumpher": "อำเภอทัพทัน", "office": "สาขาเมือง", "branch_code": "61000000", "name_short": "None", "price_new": 250, "price_old": 150, "width_m": 4, "pt_i": 7 }, "geometry": { "type": "Point", "coordinates": [ 99.913186933781162, 15.584623627851379 ] } },
{ "type": "Feature", "properties": { "road_key": "61000000ST303", "road_name": "ถนนสายบ้านเขาลูกช้าง (1)", "road_no": "0", "aumpher": "อำเภอทัพทัน", "office": "สาขาเมือง", "branch_code": "61000000", "name_short": "None", "price_new": 250, "price_old": 150, "width_m": 4, "pt_i": 8 }, "geometry": { "type": "Point", "coordinates": [ 99.914305429501496, 15.584661214731456 ] } },
{ "type": "Feature", "properties": { "road_key": "61000000ST303", "road_name": "ถนนสายบ้านเขาลูกช้าง (1)", "road_no": "0", "aumpher": "อำเภอทัพทัน", "office": "สาขาเมือง", "branch_code": "61000000", "name_short": "None", "price_new": 250, "price_old": 150, "width_m": 4, "pt_i": 9 }, "geometry": { "type": "Point", "coordinates": [ 99.915420778351105, 15.584738449782535 ] } },
{ "type": "Feature", "properties": { "road_key": "61000000ST303", "road_name": "ถนนสายบ้านเขาลูกช้าง (1)", "road_no": "0", "aumpher": "อำเภอทัพทัน", "office": "สาขาเมือง", "branch_code": "61000000", "name_short": "None", "price_new": 250, "price_old": 150, "width_m": 4, "pt_i": 10 }, "geometry": { "type": "Point", "coordinates": [ 99.915521383204378, 15.585791425835184 ] } },
{ "type": "Feature", "properties": { "road_key": "61000000ST306.1", "road_name": "ถนนสายบ้านยางครึ่งเส้น-บ้านหนองฉาง ช่วงที่ 1", "road_no": "0", "aumpher": "อำเภอทัพทัน", "office": "สาขาเมือง", "branch_code": "61000000", "name_short": "None", "price_new": 300, "price_old": 200, "width_m": 4, "pt_i": 0 }, "geometry": { "type": "Point", "coordinates": [ 99.845345830607371, 15.451226480981854 ] } },
{ "type": "Feature", "properties": { "road_key": "61000000ST306.1", "road_name": "ถนนสายบ้านยางครึ่งเส้น-บ้านหนองฉาง ช่วงที่ 1", "road_no": "0", "aumpher": "อำเภอทัพทัน", "office": "สาขาเมือง", "branch_code": "61000000", "name_short": "None", "price_new": 300, "price_old": 200, "width_m": 4, "pt_i": 1 }, "geometry": { "type": "Point", "coordinates": [ 99.845424822645825, 15.450148266921502 ] } },
{ "type": "Feature", "properties": { "road_key": "61000000ST306.1", "road_name": "ถนนสายบ้านยางครึ่งเส้น-บ้านหนองฉาง ช่วงที่ 1", "road_no": "0", "aumpher": "อำเภอทัพทัน", "office": "สาขาเมือง", "branch_code": "61000000", "name_short": "None", "price_new": 300, "price_old": 200, "width_m": 4, "pt_i": 2 }, "geometry": { "type": "Point", "coordinates": [ 99.845912714188913, 15.449199865389952 ] } },
{ "type": "Feature", "properties": { "road_key": "61000000ST306.2", "road_name": "ถนนสายบ้านยางครึ่งเส้น-บ้านหนองฉาง ช่วงที่ 2", "road_no": "0", "aumpher": "อำเภอทัพทัน", "office": "สาขาเมือง", "branch_code": "61000000", "name_short": "None", "price_new": 250, "price_old": 200, "width_m": 4, "pt_i": 0 }, "geometry": { "type": "Point", "coordinates": [ 99.846008404521868, 15.449015967958969 ] } },
{ "type": "Feature", "properties": { "road_key": "61000000ST306.2", "road_name": "ถนนสายบ้านยางครึ่งเส้น-บ้านหนองฉาง ช่วงที่ 2", "road_no": "0", "aumpher": "อำเภอทัพทัน", "office": "สาขาเมือง", "branch_code": "61000000", "name_short": "None", "price_new": 250, "price_old": 200, "width_m": 4, "pt_i": 1 }, "geometry": { "type": "Point", "coordinates": [ 99.846473275050414, 15.448029507468242 ] } },
{ "type": "Feature", "properties": { "road_key": "61000000ST306.2", "road_name": "ถนนสายบ้านยางครึ่งเส้น-บ้านหนองฉาง ช่วงที่ 2", "road_no": "0", "aumpher": "อำเภอทัพทัน", "office": "สาขาเมือง", "branch_code": "61000000", "name_short": "None", "price_new": 250, "price_old": 200, "width_m": 4, "pt_i": 2 }, "geometry": { "type": "Point", "coordinates": [ 99.846929709992466, 15.447039157496487 ] } },
{ "type": "Feature", "properties": { "road_key": "61000000ST306.2", "road_name": "ถนนสายบ้านยางครึ่งเส้น-บ้านหนองฉาง ช่วงที่ 2", "road_no": "0", "aumpher": "อำเภอทัพทัน", "office": "สาขาเมือง", "branch_code": "61000000", "name_short": "None", "price_new": 250, "price_old": 200, "width_m": 4, "pt_i": 3 }, "geometry": { "type": "Point", "coordinates": [ 99.847386140801831, 15.446048806715959 ] } },
{ "type": "Feature", "properties": { "road_key": "61000000ST306.2", "road_name": "ถนนสายบ้านยางครึ่งเส้น-บ้านหนองฉาง ช่วงที่ 2", "road_no": "0", "aumpher": "อำเภอทัพทัน", "office": "สาขาเมือง", "branch_code": "61000000", "name_short": "None", "price_new": 250, "price_old": 200, "width_m": 4, "pt_i": 4 }, "geometry": { "type": "Point", "coordinates": [ 99.847830604467802, 15.445053360871048 ] } },
{ "type": "Feature", "properties": { "road_key": "61000000ST306.2", "road_name": "ถนนสายบ้านยางครึ่งเส้น-บ้านหนองฉาง ช่วงที่ 2", "road_no": "0", "aumpher": "อำเภอทัพทัน", "office": "สาขาเมือง", "branch_code": "61000000", "name_short": "None", "price_new": 250, "price_old": 200, "width_m": 4, "pt_i": 5 }, "geometry": { "type": "Point", "coordinates": [ 99.848280951558735, 15.444060460909627 ] } },
{ "type": "Feature", "properties": { "road_key": "61000000ST306.2", "road_name": "ถนนสายบ้านยางครึ่งเส้น-บ้านหนองฉาง ช่วงที่ 2", "road_no": "0", "aumpher": "อำเภอทัพทัน", "office": "สาขาเมือง", "branch_code": "61000000", "name_short": "None", "price_new": 250, "price_old": 200, "width_m": 4, "pt_i": 6 }, "geometry": { "type": "Point", "coordinates": [ 99.848746561061375, 15.443074140960961 ] } },
{ "type": "Feature", "properties": { "road_key": "61000000ST306.2", "road_name": "ถนนสายบ้านยางครึ่งเส้น-บ้านหนองฉาง ช่วงที่ 2", "road_no": "0", "aumpher": "อำเภอทัพทัน", "office": "สาขาเมือง", "branch_code": "61000000", "name_short": "None", "price_new": 250, "price_old": 200, "width_m": 4, "pt_i": 7 }, "geometry": { "type": "Point", "coordinates": [ 99.849212166359735, 15.44208782017029 ] } },
{ "type": "Feature", "properties": { "road_key": "61000000ST306.2", "road_name": "ถนนสายบ้านยางครึ่งเส้น-บ้านหนองฉาง ช่วงที่ 2", "road_no": "0", "aumpher": "อำเภอทัพทัน", "office": "สาขาเมือง", "branch_code": "61000000", "name_short": "None", "price_new": 250, "price_old": 200, "width_m": 4, "pt_i": 8 }, "geometry": { "type": "Point", "coordinates": [ 99.849611200088248, 15.441079126444235 ] } },
{ "type": "Feature", "properties": { "road_key": "61000000ST306.2", "road_name": "ถนนสายบ้านยางครึ่งเส้น-บ้านหนองฉาง ช่วงที่ 2", "road_no": "0", "aumpher": "อำเภอทัพทัน", "office": "สาขาเมือง", "branch_code": "61000000", "name_short": "None", "price_new": 250, "price_old": 200, "width_m": 4, "pt_i": 9 }, "geometry": { "type": "Point", "coordinates": [ 99.850220339851248, 15.440169348542446 ] } },
{ "type": "Feature", "properties": { "road_key": "61000000ST307", "road_name": "ถนนสายบ้านประดาหัก-บ้านท่าชะอม", "road_no": "0", "aumpher": "อำเภอทัพทัน", "office": "สาขาเมือง", "branch_code": "61000000", "name_short": "None", "price_new": 400, "price_old": 300, "width_m": 6, "pt_i": 0 }, "geometry": { "type": "Point", "coordinates": [ 99.728127161702858, 15.419091333114107 ] } },
{ "type": "Feature", "properties": { "road_key": "61000000ST307", "road_name": "ถนนสายบ้านประดาหัก-บ้านท่าชะอม", "road_no": "0", "aumpher": "อำเภอทัพทัน", "office": "สาขาเมือง", "branch_code": "61000000", "name_short": "None", "price_new": 400, "price_old": 300, "width_m": 6, "pt_i": 1 }, "geometry": { "type": "Point", "coordinates": [ 99.728763443699322, 15.419981593770666 ] } },
{ "type": "Feature", "properties": { "road_key": "61000000ST307", "road_name": "ถนนสายบ้านประดาหัก-บ้านท่าชะอม", "road_no": "0", "aumpher": "อำเภอทัพทัน", "office": "สาขาเมือง", "branch_code": "61000000", "name_short": "None", "price_new": 400, "price_old": 300, "width_m": 6, "pt_i": 2 }, "geometry": { "type": "Point", "coordinates": [ 99.729386927398792, 15.420882181468901 ] } },
{ "type": "Feature", "properties": { "road_key": "61000000ST307", "road_name": "ถนนสายบ้านประดาหัก-บ้านท่าชะอม", "road_no": "0", "aumpher": "อำเภอทัพทัน", "office": "สาขาเมือง", "branch_code": "61000000", "name_short": "None", "price_new": 400, "price_old": 300, "width_m": 6, "pt_i": 3 }, "geometry": { "type": "Point", "coordinates": [ 99.729912292021652, 15.421837274813786 ] } },
{ "type": "Feature", "properties": { "road_key": "61000000ST307", "road_name": "ถนนสายบ้านประดาหัก-บ้านท่าชะอม", "road_no": "0", "aumpher": "อำเภอทัพทัน", "office": "สาขาเมือง", "branch_code": "61000000", "name_short": "None", "price_new": 400, "price_old": 300, "width_m": 6, "pt_i": 4 }, "geometry": { "type": "Point", "coordinates": [ 99.730361077620842, 15.422830676927349 ] } },
{ "type": "Feature", "properties": { "road_key": "61000000ST307", "road_name": "ถนนสายบ้านประดาหัก-บ้านท่าชะอม", "road_no": "0", "aumpher": "อำเภอทัพทัน", "office": "สาขาเมือง", "branch_code": "61000000", "name_short": "None", "price_new": 400, "price_old": 300, "width_m": 6, "pt_i": 5 }, "geometry": { "type": "Point", "coordinates": [ 99.73048670634509, 15.423887452284678 ] } },
{ "type": "Feature", "properties": { "road_key": "61000000ST318.1", "road_name": "คลองชลประทาน (คลองทัพทัน) ช่วงที่ 1", "road_no": "0", "aumpher": "อำเภอทัพทัน", "office": "สาขาเมือง", "branch_code": "61000000", "name_short": "None", "price_new": 150, "price_old": 150, "width_m": 8, "pt_i": 0 }, "geometry": { "type": "Point", "coordinates": [ 99.74729690470808, 15.413529871827476 ] } },
{ "type": "Feature", "properties": { "road_key": "61000000ST318.1", "road_name": "คลองชลประทาน (คลองทัพทัน) ช่วงที่ 1", "road_no": "0", "aumpher": "อำเภอทัพทัน", "office": "สาขาเมือง", "branch_code": "61000000", "name_short": "None", "price_new": 150, "price_old": 150, "width_m": 8, "pt_i": 1 }, "geometry": { "type": "Point", "coordinates": [ 99.746221436844749, 15.413297394320722 ] } },
{ "type": "Feature", "properties": { "road_key": "61000000ST318.1", "road_name": "คลองชลประทาน (คลองทัพทัน) ช่วงที่ 1", "road_no": "0", "aumpher": "อำเภอทัพทัน", "office": "สาขาเมือง", "branch_code": "61000000", "name_short": "None", "price_new": 150, "price_old": 150, "width_m": 8, "pt_i": 2 }, "geometry": { "type": "Point", "coordinates": [ 99.745166206679059, 15.413097199166826 ] } },
{ "type": "Feature", "properties": { "road_key": "61000000ST318.1", "road_name": "คลองชลประทาน (คลองทัพทัน) ช่วงที่ 1", "road_no": "0", "aumpher": "อำเภอทัพทัน", "office": "สาขาเมือง", "branch_code": "61000000", "name_short": "None", "price_new": 150, "price_old": 150, "width_m": 8, "pt_i": 0 }, "geometry": { "type": "Point", "coordinates": [ 99.74729690470808, 15.413529871827476 ] } },
{ "type": "Feature", "properties": { "road_key": "61000000ST318.1", "road_name": "คลองชลประทาน (คลองทัพทัน) ช่วงที่ 1", "road_no": "0", "aumpher": "อำเภอทัพทัน", "office": "สาขาเมือง", "branch_code": "61000000", "name_short": "None", "price_new": 150, "price_old": 150, "width_m": 8, "pt_i": 1 }, "geometry": { "type": "Point", "coordinates": [ 99.747408369979283, 15.413573420323772 ] } },
{ "type": "Feature", "properties": { "road_key": "61000000ST318.1", "road_name": "คลองชลประทาน (คลองทัพทัน) ช่วงที่ 1", "road_no": "0", "aumpher": "อำเภอทัพทัน", "office": "สาขาเมือง", "branch_code": "61000000", "name_short": "None", "price_new": 150, "price_old": 150, "width_m": 8, "pt_i": 0 }, "geometry": { "type": "Point", "coordinates": [ 99.747408369979283, 15.413573420323772 ] } },
{ "type": "Feature", "properties": { "road_key": "61000000ST318.1", "road_name": "คลองชลประทาน (คลองทัพทัน) ช่วงที่ 1", "road_no": "0", "aumpher": "อำเภอทัพทัน", "office": "สาขาเมือง", "branch_code": "61000000", "name_short": "None", "price_new": 150, "price_old": 150, "width_m": 8, "pt_i": 1 }, "geometry": { "type": "Point", "coordinates": [ 99.74729690470808, 15.413529871827476 ] } },
{ "type": "Feature", "properties": { "road_key": "61000000ST318.1", "road_name": "คลองชลประทาน (คลองทัพทัน) ช่วงที่ 1", "road_no": "0", "aumpher": "อำเภอทัพทัน", "office": "สาขาเมือง", "branch_code": "61000000", "name_short": "None", "price_new": 150, "price_old": 150, "width_m": 8, "pt_i": 0 }, "geometry": { "type": "Point", "coordinates": [ 99.747408369979283, 15.413573420323772 ] } },
{ "type": "Feature", "properties": { "road_key": "61000000ST318.1", "road_name": "คลองชลประทาน (คลองทัพทัน) ช่วงที่ 1", "road_no": "0", "aumpher": "อำเภอทัพทัน", "office": "สาขาเมือง", "branch_code": "61000000", "name_short": "None", "price_new": 150, "price_old": 150, "width_m": 8, "pt_i": 1 }, "geometry": { "type": "Point", "coordinates": [ 99.748226064322878, 15.414289973765344 ] } },
{ "type": "Feature", "properties": { "road_key": "61000000ST318.1", "road_name": "คลองชลประทาน (คลองทัพทัน) ช่วงที่ 1", "road_no": "0", "aumpher": "อำเภอทัพทัน", "office": "สาขาเมือง", "branch_code": "61000000", "name_short": "None", "price_new": 150, "price_old": 150, "width_m": 8, "pt_i": 2 }, "geometry": { "type": "Point", "coordinates": [ 99.748616982430804, 15.415292149349368 ] } },
{ "type": "Feature", "properties": { "road_key": "61000000ST318.1", "road_name": "คลองชลประทาน (คลองทัพทัน) ช่วงที่ 1", "road_no": "0", "aumpher": "อำเภอทัพทัน", "office": "สาขาเมือง", "branch_code": "61000000", "name_short": "None", "price_new": 150, "price_old": 150, "width_m": 8, "pt_i": 3 }, "geometry": { "type": "Point", "coordinates": [ 99.748941351229021, 15.416294146120064 ] } },
{ "type": "Feature", "properties": { "road_key": "61000000ST318.1", "road_name": "คลองชลประทาน (คลองทัพทัน) ช่วงที่ 1", "road_no": "0", "aumpher": "อำเภอทัพทัน", "office": "สาขาเมือง", "branch_code": "61000000", "name_short": "None", "price_new": 150, "price_old": 150, "width_m": 8, "pt_i": 4 }, "geometry": { "type": "Point", "coordinates": [ 99.750028125048289, 15.416517723424095 ] } },
{ "type": "Feature", "properties": { "road_key": "61000000ST318.1", "road_name": "คลองชลประทาน (คลองทัพทัน) ช่วงที่ 1", "road_no": "0", "aumpher": "อำเภอทัพทัน", "office": "สาขาเมือง", "branch_code": "61000000", "name_short": "None", "price_new": 150, "price_old": 150, "width_m": 8, "pt_i": 5 }, "geometry": { "type": "Point", "coordinates": [ 99.751119023718246, 15.416732722817455 ] } },
{ "type": "Feature", "properties": { "road_key": "61000000ST318.1", "road_name": "คลองชลประทาน (คลองทัพทัน) ช่วงที่ 1", "road_no": "0", "aumpher": "อำเภอทัพทัน", "office": "สาขาเมือง", "branch_code": "61000000", "name_short": "None", "price_new": 150, "price_old": 150, "width_m": 8, "pt_i": 6 }, "geometry": { "type": "Point", "coordinates": [ 99.752230049935235, 15.416755873350992 ] } },
{ "type": "Feature", "properties": { "road_key": "61000000ST318.1", "road_name": "คลองชลประทาน (คลองทัพทัน) ช่วงที่ 1", "road_no": "0", "aumpher": "อำเภอทัพทัน", "office": "สาขาเมือง", "branch_code": "61000000", "name_short": "None", "price_new": 150, "price_old": 150, "width_m": 8, "pt_i": 7 }, "geometry": { "type": "Point", "coordinates": [ 99.753098495233345, 15.416108728488233 ] } },
{ "type": "Feature", "properties": { "road_key": "61000000ST318.1", "road_name": "คลองชลประทาน (คลองทัพทัน) ช่วงที่ 1", "road_no": "0", "aumpher": "อำเภอทัพทัน", "office": "สาขาเมือง", "branch_code": "61000000", "name_short": "None", "price_new": 150, "price_old": 150, "width_m": 8, "pt_i": 8 }, "geometry": { "type": "Point", "coordinates": [ 99.753926011122616, 15.416312429927178 ] } },
{ "type": "Feature", "properties": { "road_key": "61000000ST318.1", "road_name": "คลองชลประทาน (คลองทัพทัน) ช่วงที่ 1", "road_no": "0", "aumpher": "อำเภอทัพทัน", "office": "สาขาเมือง", "branch_code": "61000000", "name_short": "None", "price_new": 150, "price_old": 150, "width_m": 8, "pt_i": 9 }, "geometry": { "type": "Point", "coordinates": [ 99.754537931856092, 15.416927842615543 ] } },
{ "type": "Feature", "properties": { "road_key": "61000000ST318.1", "road_name": "คลองชลประทาน (คลองทัพทัน) ช่วงที่ 1", "road_no": "0", "aumpher": "อำเภอทัพทัน", "office": "สาขาเมือง", "branch_code": "61000000", "name_short": "None", "price_new": 150, "price_old": 150, "width_m": 8, "pt_i": 10 }, "geometry": { "type": "Point", "coordinates": [ 99.755615769168244, 15.417145699111956 ] } },
{ "type": "Feature", "properties": { "road_key": "61000000ST318.1", "road_name": "คลองชลประทาน (คลองทัพทัน) ช่วงที่ 1", "road_no": "0", "aumpher": "อำเภอทัพทัน", "office": "สาขาเมือง", "branch_code": "61000000", "name_short": "None", "price_new": 150, "price_old": 150, "width_m": 8, "pt_i": 11 }, "geometry": { "type": "Point", "coordinates": [ 99.756384161181629, 15.417844666536597 ] } },
{ "type": "Feature", "properties": { "road_key": "61000000ST318.1", "road_name": "คลองชลประทาน (คลองทัพทัน) ช่วงที่ 1", "road_no": "0", "aumpher": "อำเภอทัพทัน", "office": "สาขาเมือง", "branch_code": "61000000", "name_short": "None", "price_new": 150, "price_old": 150, "width_m": 8, "pt_i": 12 }, "geometry": { "type": "Point", "coordinates": [ 99.756611619946852, 15.418894153388527 ] } },
{ "type": "Feature", "properties": { "road_key": "61000000ST318.1", "road_name": "คลองชลประทาน (คลองทัพทัน) ช่วงที่ 1", "road_no": "0", "aumpher": "อำเภอทัพทัน", "office": "สาขาเมือง", "branch_code": "61000000", "name_short": "None", "price_new": 150, "price_old": 150, "width_m": 8, "pt_i": 13 }, "geometry": { "type": "Point", "coordinates": [ 99.757468551730796, 15.419507697589125 ] } },
{ "type": "Feature", "properties": { "road_key": "61000000ST318.1", "road_name": "คลองชลประทาน (คลองทัพทัน) ช่วงที่ 1", "road_no": "0", "aumpher": "อำเภอทัพทัน", "office": "สาขาเมือง", "branch_code": "61000000", "name_short": "None", "price_new": 150, "price_old": 150, "width_m": 8, "pt_i": 14 }, "geometry": { "type": "Point", "coordinates": [ 99.758556353369386, 15.419313641273861 ] } },
{ "type": "Feature", "properties": { "road_key": "61000000ST318.1", "road_name": "คลองชลประทาน (คลองทัพทัน) ช่วงที่ 1", "road_no": "0", "aumpher": "อำเภอทัพทัน", "office": "สาขาเมือง", "branch_code": "61000000", "name_short": "None", "price_new": 150, "price_old": 150, "width_m": 8, "pt_i": 15 }, "geometry": { "type": "Point", "coordinates": [ 99.759410781943771, 15.418772568383536 ] } },
{ "type": "Feature", "properties": { "road_key": "61000000ST318.1", "road_name": "คลองชลประทาน (คลองทัพทัน) ช่วงที่ 1", "road_no": "0", "aumpher": "อำเภอทัพทัน", "office": "สาขาเมือง", "branch_code": "61000000", "name_short": "None", "price_new": 150, "price_old": 150, "width_m": 8, "pt_i": 16 }, "geometry": { "type": "Point", "coordinates": [ 99.760454034293744, 15.418968882947594 ] } },
{ "type": "Feature", "properties": { "road_key": "61000000ST318.1", "road_name": "คลองชลประทาน (คลองทัพทัน) ช่วงที่ 1", "road_no": "0", "aumpher": "อำเภอทัพทัน", "office": "สาขาเมือง", "branch_code": "61000000", "name_short": "None", "price_new": 150, "price_old": 150, "width_m": 8, "pt_i": 17 }, "geometry": { "type": "Point", "coordinates": [ 99.761442080545152, 15.419106233174711 ] } },
{ "type": "Feature", "properties": { "road_key": "61000000ST318.1", "road_name": "คลองชลประทาน (คลองทัพทัน) ช่วงที่ 1", "road_no": "0", "aumpher": "อำเภอทัพทัน", "office": "สาขาเมือง", "branch_code": "61000000", "name_short": "None", "price_new": 150, "price_old": 150, "width_m": 8, "pt_i": 18 }, "geometry": { "type": "Point", "coordinates": [ 99.76229322901338, 15.418748638816078 ] } },
{ "type": "Feature", "properties": { "road_key": "61000000ST318.1", "road_name": "คลองชลประทาน (คลองทัพทัน) ช่วงที่ 1", "road_no": "0", "aumpher": "อำเภอทัพทัน", "office": "สาขาเมือง", "branch_code": "61000000", "name_short": "None", "price_new": 150, "price_old": 150, "width_m": 8, "pt_i": 19 }, "geometry": { "type": "Point", "coordinates": [ 99.763268170320188, 15.41911035946641 ] } },
{ "type": "Feature", "properties": { "road_key": "61000000ST318.1", "road_name": "คลองชลประทาน (คลองทัพทัน) ช่วงที่ 1", "road_no": "0", "aumpher": "อำเภอทัพทัน", "office": "สาขาเมือง", "branch_code": "61000000", "name_short": "None", "price_new": 150, "price_old": 150, "width_m": 8, "pt_i": 20 }, "geometry": { "type": "Point", "coordinates": [ 99.764050558500841, 15.41963502221536 ] } },
{ "type": "Feature", "properties": { "road_key": "61000000ST318.1", "road_name": "คลองชลประทาน (คลองทัพทัน) ช่วงที่ 1", "road_no": "0", "aumpher": "อำเภอทัพทัน", "office": "สาขาเมือง", "branch_code": "61000000", "name_short": "None", "price_new": 150, "price_old": 150, "width_m": 8, "pt_i": 21 }, "geometry": { "type": "Point", "coordinates": [ 99.76365994490898, 15.420638386153405 ] } },
{ "type": "Feature", "properties": { "road_key": "61000000ST318.1", "road_name": "คลองชลประทาน (คลองทัพทัน) ช่วงที่ 1", "road_no": "0", "aumpher": "อำเภอทัพทัน", "office": "สาขาเมือง", "branch_code": "61000000", "name_short": "None", "price_new": 150, "price_old": 150, "width_m": 8, "pt_i": 22 }, "geometry": { "type": "Point", "coordinates": [ 99.763941581482399, 15.421625781636104 ] } },
{ "type": "Feature", "properties": { "road_key": "61000000ST318.1", "road_name": "คลองชลประทาน (คลองทัพทัน) ช่วงที่ 1", "road_no": "0", "aumpher": "อำเภอทัพทัน", "office": "สาขาเมือง", "branch_code": "61000000", "name_short": "None", "price_new": 150, "price_old": 150, "width_m": 8, "pt_i": 23 }, "geometry": { "type": "Point", "coordinates": [ 99.76473381795337, 15.422376574849563 ] } },
{ "type": "Feature", "properties": { "road_key": "61000000ST318.1", "road_name": "คลองชลประทาน (คลองทัพทัน) ช่วงที่ 1", "road_no": "0", "aumpher": "อำเภอทัพทัน", "office": "สาขาเมือง", "branch_code": "61000000", "name_short": "None", "price_new": 150, "price_old": 150, "width_m": 8, "pt_i": 24 }, "geometry": { "type": "Point", "coordinates": [ 99.765717241611384, 15.4228419084883 ] } },
{ "type": "Feature", "properties": { "road_key": "61000000ST318.1", "road_name": "คลองชลประทาน (คลองทัพทัน) ช่วงที่ 1", "road_no": "0", "aumpher": "อำเภอทัพทัน", "office": "สาขาเมือง", "branch_code": "61000000", "name_short": "None", "price_new": 150, "price_old": 150, "width_m": 8, "pt_i": 25 }, "geometry": { "type": "Point", "coordinates": [ 99.766404310128124, 15.423605466185007 ] } },
{ "type": "Feature", "properties": { "road_key": "61000000ST318.1", "road_name": "คลองชลประทาน (คลองทัพทัน) ช่วงที่ 1", "road_no": "0", "aumpher": "อำเภอทัพทัน", "office": "สาขาเมือง", "branch_code": "61000000", "name_short": "None", "price_new": 150, "price_old": 150, "width_m": 8, "pt_i": 26 }, "geometry": { "type": "Point", "coordinates": [ 99.767398409725175, 15.423869397707318 ] } },
{ "type": "Feature", "properties": { "road_key": "61000000ST318.1", "road_name": "คลองชลประทาน (คลองทัพทัน) ช่วงที่ 1", "road_no": "0", "aumpher": "อำเภอทัพทัน", "office": "สาขาเมือง", "branch_code": "61000000", "name_short": "None", "price_new": 150, "price_old": 150, "width_m": 8, "pt_i": 27 }, "geometry": { "type": "Point", "coordinates": [ 99.768343736809527, 15.424299798225681 ] } },
{ "type": "Feature", "properties": { "road_key": "61000000ST318.1", "road_name": "คลองชลประทาน (คลองทัพทัน) ช่วงที่ 1", "road_no": "0", "aumpher": "อำเภอทัพทัน", "office": "สาขาเมือง", "branch_code": "61000000", "name_short": "None", "price_new": 150, "price_old": 150, "width_m": 8, "pt_i": 28 }, "geometry": { "type": "Point", "coordinates": [ 99.769147775284537, 15.423636620969258 ] } },
{ "type": "Feature", "properties": { "road_key": "61000000ST318.1", "road_name": "คลองชลประทาน (คลองทัพทัน) ช่วงที่ 1", "road_no": "0", "aumpher": "อำเภอทัพทัน", "office": "สาขาเมือง", "branch_code": "61000000", "name_short": "None", "price_new": 150, "price_old": 150, "width_m": 8, "pt_i": 29 }, "geometry": { "type": "Point", "coordinates": [ 99.770006303079128, 15.423096944517987 ] } },
{ "type": "Feature", "properties": { "road_key": "61000000ST318.1", "road_name": "คลองชลประทาน (คลองทัพทัน) ช่วงที่ 1", "road_no": "0", "aumpher": "อำเภอทัพทัน", "office": "สาขาเมือง", "branch_code": "61000000", "name_short": "None", "price_new": 150, "price_old": 150, "width_m": 8, "pt_i": 30 }, "geometry": { "type": "Point", "coordinates": [ 99.770957476577081, 15.423627555792333 ] } },
{ "type": "Feature", "properties": { "road_key": "61000000ST318.1", "road_name": "คลองชลประทาน (คลองทัพทัน) ช่วงที่ 1", "road_no": "0", "aumpher": "อำเภอทัพทัน", "office": "สาขาเมือง", "branch_code": "61000000", "name_short": "None", "price_new": 150, "price_old": 150, "width_m": 8, "pt_i": 31 }, "geometry": { "type": "Point", "coordinates": [ 99.771782142784161, 15.424331393965987 ] } },
{ "type": "Feature", "properties": { "road_key": "61000000ST318.1", "road_name": "คลองชลประทาน (คลองทัพทัน) ช่วงที่ 1", "road_no": "0", "aumpher": "อำเภอทัพทัน", "office": "สาขาเมือง", "branch_code": "61000000", "name_short": "None", "price_new": 150, "price_old": 150, "width_m": 8, "pt_i": 32 }, "geometry": { "type": "Point", "coordinates": [ 99.772599503873352, 15.425058835108409 ] } },
{ "type": "Feature", "properties": { "road_key": "61000000ST318.1", "road_name": "คลองชลประทาน (คลองทัพทัน) ช่วงที่ 1", "road_no": "0", "aumpher": "อำเภอทัพทัน", "office": "สาขาเมือง", "branch_code": "61000000", "name_short": "None", "price_new": 150, "price_old": 150, "width_m": 8, "pt_i": 33 }, "geometry": { "type": "Point", "coordinates": [ 99.773647388947907, 15.425409797145186 ] } },
{ "type": "Feature", "properties": { "road_key": "61000000ST318.1", "road_name": "คลองชลประทาน (คลองทัพทัน) ช่วงที่ 1", "road_no": "0", "aumpher": "อำเภอทัพทัน", "office": "สาขาเมือง", "branch_code": "61000000", "name_short": "None", "price_new": 150, "price_old": 150, "width_m": 8, "pt_i": 34 }, "geometry": { "type": "Point", "coordinates": [ 99.774702715445784, 15.425083369027195 ] } },
{ "type": "Feature", "properties": { "road_key": "61000000ST318.1", "road_name": "คลองชลประทาน (คลองทัพทัน) ช่วงที่ 1", "road_no": "0", "aumpher": "อำเภอทัพทัน", "office": "สาขาเมือง", "branch_code": "61000000", "name_short": "None", "price_new": 150, "price_old": 150, "width_m": 8, "pt_i": 35 }, "geometry": { "type": "Point", "coordinates": [ 99.775441236866214, 15.425713636486455 ] } },
{ "type": "Feature", "properties": { "road_key": "61000000ST318.1", "road_name": "คลองชลประทาน (คลองทัพทัน) ช่วงที่ 1", "road_no": "0", "aumpher": "อำเภอทัพทัน", "office": "สาขาเมือง", "branch_code": "61000000", "name_short": "None", "price_new": 150, "price_old": 150, "width_m": 8, "pt_i": 36 }, "geometry": { "type": "Point", "coordinates": [ 99.775515266020918, 15.426795396390888 ] } },
{ "type": "Feature", "properties": { "road_key": "61000000ST318.1", "road_name": "คลองชลประทาน (คลองทัพทัน) ช่วงที่ 1", "road_no": "0", "aumpher": "อำเภอทัพทัน", "office": "สาขาเมือง", "branch_code": "61000000", "name_short": "None", "price_new": 150, "price_old": 150, "width_m": 8, "pt_i": 37 }, "geometry": { "type": "Point", "coordinates": [ 99.775904980473328, 15.427652172079011 ] } },
{ "type": "Feature", "properties": { "road_key": "61000000ST318.1", "road_name": "คลองชลประทาน (คลองทัพทัน) ช่วงที่ 1", "road_no": "0", "aumpher": "อำเภอทัพทัน", "office": "สาขาเมือง", "branch_code": "61000000", "name_short": "None", "price_new": 150, "price_old": 150, "width_m": 8, "pt_i": 38 }, "geometry": { "type": "Point", "coordinates": [ 99.776843197604023, 15.428236991235016 ] } },
{ "type": "Feature", "properties": { "road_key": "61000000ST318.1", "road_name": "คลองชลประทาน (คลองทัพทัน) ช่วงที่ 1", "road_no": "0", "aumpher": "อำเภอทัพทัน", "office": "สาขาเมือง", "branch_code": "61000000", "name_short": "None", "price_new": 150, "price_old": 150, "width_m": 8, "pt_i": 39 }, "geometry": { "type": "Point", "coordinates": [ 99.777874701108658, 15.428655976862881 ] } },
{ "type": "Feature", "properties": { "road_key": "61000000ST318.1", "road_name": "คลองชลประทาน (คลองทัพทัน) ช่วงที่ 1", "road_no": "0", "aumpher": "อำเภอทัพทัน", "office": "สาขาเมือง", "branch_code": "61000000", "name_short": "None", "price_new": 150, "price_old": 150, "width_m": 8, "pt_i": 40 }, "geometry": { "type": "Point", "coordinates": [ 99.778947827851312, 15.428956268872176 ] } },
{ "type": "Feature", "properties": { "road_key": "61000000ST318.1", "road_name": "คลองชลประทาน (คลองทัพทัน) ช่วงที่ 1", "road_no": "0", "aumpher": "อำเภอทัพทัน", "office": "สาขาเมือง", "branch_code": "61000000", "name_short": "None", "price_new": 150, "price_old": 150, "width_m": 8, "pt_i": 41 }, "geometry": { "type": "Point", "coordinates": [ 99.779659069556558, 15.429668099439608 ] } },
{ "type": "Feature", "properties": { "road_key": "61000000ST318.1", "road_name": "คลองชลประทาน (คลองทัพทัน) ช่วงที่ 1", "road_no": "0", "aumpher": "อำเภอทัพทัน", "office": "สาขาเมือง", "branch_code": "61000000", "name_short": "None", "price_new": 150, "price_old": 150, "width_m": 8, "pt_i": 42 }, "geometry": { "type": "Point", "coordinates": [ 99.779567522984962, 15.43068840113987 ] } },
{ "type": "Feature", "properties": { "road_key": "61000000ST318.1", "road_name": "คลองชลประทาน (คลองทัพทัน) ช่วงที่ 1", "road_no": "0", "aumpher": "อำเภอทัพทัน", "office": "สาขาเมือง", "branch_code": "61000000", "name_short": "None", "price_new": 150, "price_old": 150, "width_m": 8, "pt_i": 43 }, "geometry": { "type": "Point", "coordinates": [ 99.780493907282022, 15.431231623935098 ] } },
{ "type": "Feature", "properties": { "road_key": "61000000ST318.1", "road_name": "คลองชลประทาน (คลองทัพทัน) ช่วงที่ 1", "road_no": "0", "aumpher": "อำเภอทัพทัน", "office": "สาขาเมือง", "branch_code": "61000000", "name_short": "None", "price_new": 150, "price_old": 150, "width_m": 8, "pt_i": 44 }, "geometry": { "type": "Point", "coordinates": [ 99.781603001020173, 15.431364940269084 ] } },
{ "type": "Feature", "properties": { "road_key": "61000000ST318.1", "road_name": "คลองชลประทาน (คลองทัพทัน) ช่วงที่ 1", "road_no": "0", "aumpher": "อำเภอทัพทัน", "office": "สาขาเมือง", "branch_code": "61000000", "name_short": "None", "price_new": 150, "price_old": 150, "width_m": 8, "pt_i": 45 }, "geometry": { "type": "Point", "coordinates": [ 99.782719520292716, 15.431426090537657 ] } },
{ "type": "Feature", "properties": { "road_key": "61000000ST318.1", "road_name": "คลองชลประทาน (คลองทัพทัน) ช่วงที่ 1", "road_no": "0", "aumpher": "อำเภอทัพทัน", "office": "สาขาเมือง", "branch_code": "61000000", "name_short": "None", "price_new": 150, "price_old": 150, "width_m": 8, "pt_i": 46 }, "geometry": { "type": "Point", "coordinates": [ 99.783796112274473, 15.431633612825012 ] } },
{ "type": "Feature", "properties": { "road_key": "61000000ST318.1", "road_name": "คลองชลประทาน (คลองทัพทัน) ช่วงที่ 1", "road_no": "0", "aumpher": "อำเภอทัพทัน", "office": "สาขาเมือง", "branch_code": "61000000", "name_short": "None", "price_new": 150, "price_old": 150, "width_m": 8, "pt_i": 47 }, "geometry": { "type": "Point", "coordinates": [ 99.784768176277069, 15.4321674910599 ] } },
{ "type": "Feature", "properties": { "road_key": "61000000ST318.1", "road_name": "คลองชลประทาน (คลองทัพทัน) ช่วงที่ 1", "road_no": "0", "aumpher": "อำเภอทัพทัน", "office": "สาขาเมือง", "branch_code": "61000000", "name_short": "None", "price_new": 150, "price_old": 150, "width_m": 8, "pt_i": 48 }, "geometry": { "type": "Point", "coordinates": [ 99.78578980566175, 15.432576513345234 ] } },
{ "type": "Feature", "properties": { "road_key": "61000000ST318.1", "road_name": "คลองชลประทาน (คลองทัพทัน) ช่วงที่ 1", "road_no": "0", "aumpher": "อำเภอทัพทัน", "office": "สาขาเมือง", "branch_code": "61000000", "name_short": "None", "price_new": 150, "price_old": 150, "width_m": 8, "pt_i": 49 }, "geometry": { "type": "Point", "coordinates": [ 99.786835606601002, 15.432954148618967 ] } },
{ "type": "Feature", "properties": { "road_key": "61000000ST318.1", "road_name": "คลองชลประทาน (คลองทัพทัน) ช่วงที่ 1", "road_no": "0", "aumpher": "อำเภอทัพทัน", "office": "สาขาเมือง", "branch_code": "61000000", "name_short": "None", "price_new": 150, "price_old": 150, "width_m": 8, "pt_i": 50 }, "geometry": { "type": "Point", "coordinates": [ 99.787587149649298, 15.433726023055183 ] } },
{ "type": "Feature", "properties": { "road_key": "61000000ST318.1", "road_name": "คลองชลประทาน (คลองทัพทัน) ช่วงที่ 1", "road_no": "0", "aumpher": "อำเภอทัพทัน", "office": "สาขาเมือง", "branch_code": "61000000", "name_short": "None", "price_new": 150, "price_old": 150, "width_m": 8, "pt_i": 51 }, "geometry": { "type": "Point", "coordinates": [ 99.788135022315188, 15.434671629869859 ] } },
{ "type": "Feature", "properties": { "road_key": "61000000ST318.1", "road_name": "คลองชลประทาน (คลองทัพทัน) ช่วงที่ 1", "road_no": "0", "aumpher": "อำเภอทัพทัน", "office": "สาขาเมือง", "branch_code": "61000000", "name_short": "None", "price_new": 150, "price_old": 150, "width_m": 8, "pt_i": 52 }, "geometry": { "type": "Point", "coordinates": [ 99.788866869149814, 15.435450011769198 ] } },
{ "type": "Feature", "properties": { "road_key": "61000000ST318.1", "road_name": "คลองชลประทาน (คลองทัพทัน) ช่วงที่ 1", "road_no": "0", "aumpher": "อำเภอทัพทัน", "office": "สาขาเมือง", "branch_code": "61000000", "name_short": "None", "price_new": 150, "price_old": 150, "width_m": 8, "pt_i": 53 }, "geometry": { "type": "Point", "coordinates": [ 99.789682638077821, 15.436178666695874 ] } },
{ "type": "Feature", "properties": { "road_key": "61000000ST318.1", "road_name": "คลองชลประทาน (คลองทัพทัน) ช่วงที่ 1", "road_no": "0", "aumpher": "อำเภอทัพทัน", "office": "สาขาเมือง", "branch_code": "61000000", "name_short": "None", "price_new": 150, "price_old": 150, "width_m": 8, "pt_i": 54 }, "geometry": { "type": "Point", "coordinates": [ 99.790026007975115, 15.437190060987529 ] } },
{ "type": "Feature", "properties": { "road_key": "61000000ST318.1", "road_name": "คลองชลประทาน (คลองทัพทัน) ช่วงที่ 1", "road_no": "0", "aumpher": "อำเภอทัพทัน", "office": "สาขาเมือง", "branch_code": "61000000", "name_short": "None", "price_new": 150, "price_old": 150, "width_m": 8, "pt_i": 55 }, "geometry": { "type": "Point", "coordinates": [ 99.790514472491068, 15.438165839461933 ] } },
{ "type": "Feature", "properties": { "road_key": "61000000ST318.1", "road_name": "คลองชลประทาน (คลองทัพทัน) ช่วงที่ 1", "road_no": "0", "aumpher": "อำเภอทัพทัน", "office": "สาขาเมือง", "branch_code": "61000000", "name_short": "None", "price_new": 150, "price_old": 150, "width_m": 8, "pt_i": 56 }, "geometry": { "type": "Point", "coordinates": [ 99.791123480676362, 15.439074072526077 ] } },
{ "type": "Feature", "properties": { "road_key": "61000000ST318.1", "road_name": "คลองชลประทาน (คลองทัพทัน) ช่วงที่ 1", "road_no": "0", "aumpher": "อำเภอทัพทัน", "office": "สาขาเมือง", "branch_code": "61000000", "name_short": "None", "price_new": 150, "price_old": 150, "width_m": 8, "pt_i": 57 }, "geometry": { "type": "Point", "coordinates": [ 99.791643472063114, 15.440029168260754 ] } },
{ "type": "Feature", "properties": { "road_key": "61000000ST318.1", "road_name": "คลองชลประทาน (คลองทัพทัน) ช่วงที่ 1", "road_no": "0", "aumpher": "อำเภอทัพทัน", "office": "สาขาเมือง", "branch_code": "61000000", "name_short": "None", "price_new": 150, "price_old": 150, "width_m": 8, "pt_i": 58 }, "geometry": { "type": "Point", "coordinates": [ 99.79226632143839, 15.440835671112865 ] } },
{ "type": "Feature", "properties": { "road_key": "61000000ST318.2", "road_name": "คลองชลประทาน (คลองทัพทัน) ช่วงที่ 2", "road_no": "0", "aumpher": "อำเภอทัพทัน", "office": "สาขาเมือง", "branch_code": "61000000", "name_short": "None", "price_new": 150, "price_old": 150, "width_m": 8, "pt_i": 0 }, "geometry": { "type": "Point", "coordinates": [ 99.79287189445067, 15.440994403313718 ] } },
{ "type": "Feature", "properties": { "road_key": "61000000ST318.2", "road_name": "คลองชลประทาน (คลองทัพทัน) ช่วงที่ 2", "road_no": "0", "aumpher": "อำเภอทัพทัน", "office": "สาขาเมือง", "branch_code": "61000000", "name_short": "None", "price_new": 150, "price_old": 150, "width_m": 8, "pt_i": 1 }, "geometry": { "type": "Point", "coordinates": [ 99.793934672287421, 15.441210349385608 ] } },
{ "type": "Feature", "properties": { "road_key": "61000000ST318.2", "road_name": "คลองชลประทาน (คลองทัพทัน) ช่วงที่ 2", "road_no": "0", "aumpher": "อำเภอทัพทัน", "office": "สาขาเมือง", "branch_code": "61000000", "name_short": "None", "price_new": 150, "price_old": 150, "width_m": 8, "pt_i": 2 }, "geometry": { "type": "Point", "coordinates": [ 99.794693256400549, 15.440473250395465 ] } },
{ "type": "Feature", "properties": { "road_key": "61000000ST318.2", "road_name": "คลองชลประทาน (คลองทัพทัน) ช่วงที่ 2", "road_no": "0", "aumpher": "อำเภอทัพทัน", "office": "สาขาเมือง", "branch_code": "61000000", "name_short": "None", "price_new": 150, "price_old": 150, "width_m": 8, "pt_i": 3 }, "geometry": { "type": "Point", "coordinates": [ 99.795728712796944, 15.440524372200139 ] } },
{ "type": "Feature", "properties": { "road_key": "61000000ST318.2", "road_name": "คลองชลประทาน (คลองทัพทัน) ช่วงที่ 2", "road_no": "0", "aumpher": "อำเภอทัพทัน", "office": "สาขาเมือง", "branch_code": "61000000", "name_short": "None", "price_new": 150, "price_old": 150, "width_m": 8, "pt_i": 4 }, "geometry": { "type": "Point", "coordinates": [ 99.795996788830706, 15.441542983820026 ] } },
{ "type": "Feature", "properties": { "road_key": "61000000ST318.2", "road_name": "คลองชลประทาน (คลองทัพทัน) ช่วงที่ 2", "road_no": "0", "aumpher": "อำเภอทัพทัน", "office": "สาขาเมือง", "branch_code": "61000000", "name_short": "None", "price_new": 150, "price_old": 150, "width_m": 8, "pt_i": 5 }, "geometry": { "type": "Point", "coordinates": [ 99.796764835137964, 15.442241996364029 ] } },
{ "type": "Feature", "properties": { "road_key": "61000000ST318.2", "road_name": "คลองชลประทาน (คลองทัพทัน) ช่วงที่ 2", "road_no": "0", "aumpher": "อำเภอทัพทัน", "office": "สาขาเมือง", "branch_code": "61000000", "name_short": "None", "price_new": 150, "price_old": 150, "width_m": 8, "pt_i": 6 }, "geometry": { "type": "Point", "coordinates": [ 99.797270641099004, 15.443177500167559 ] } },
{ "type": "Feature", "properties": { "road_key": "61000000ST318.2", "road_name": "คลองชลประทาน (คลองทัพทัน) ช่วงที่ 2", "road_no": "0", "aumpher": "อำเภอทัพทัน", "office": "สาขาเมือง", "branch_code": "61000000", "name_short": "None", "price_new": 150, "price_old": 150, "width_m": 8, "pt_i": 7 }, "geometry": { "type": "Point", "coordinates": [ 99.797580230958687, 15.444219083077755 ] } },
{ "type": "Feature", "properties": { "road_key": "61000000ST318.2", "road_name": "คลองชลประทาน (คลองทัพทัน) ช่วงที่ 2", "road_no": "0", "aumpher": "อำเภอทัพทัน", "office": "สาขาเมือง", "branch_code": "61000000", "name_short": "None", "price_new": 150, "price_old": 150, "width_m": 8, "pt_i": 8 }, "geometry": { "type": "Point", "coordinates": [ 99.798467644472893, 15.444735806921027 ] } },
{ "type": "Feature", "properties": { "road_key": "61000000ST318.2", "road_name": "คลองชลประทาน (คลองทัพทัน) ช่วงที่ 2", "road_no": "0", "aumpher": "อำเภอทัพทัน", "office": "สาขาเมือง", "branch_code": "61000000", "name_short": "None", "price_new": 150, "price_old": 150, "width_m": 8, "pt_i": 9 }, "geometry": { "type": "Point", "coordinates": [ 99.798862044654626, 15.445739265091698 ] } },
{ "type": "Feature", "properties": { "road_key": "61000000ST318.2", "road_name": "คลองชลประทาน (คลองทัพทัน) ช่วงที่ 2", "road_no": "0", "aumpher": "อำเภอทัพทัน", "office": "สาขาเมือง", "branch_code": "61000000", "name_short": "None", "price_new": 150, "price_old": 150, "width_m": 8, "pt_i": 10 }, "geometry": { "type": "Point", "coordinates": [ 99.799742409668781, 15.446332796215634 ] } },
{ "type": "Feature", "properties": { "road_key": "61000000ST318.2", "road_name": "คลองชลประทาน (คลองทัพทัน) ช่วงที่ 2", "road_no": "0", "aumpher": "อำเภอทัพทัน", "office": "สาขาเมือง", "branch_code": "61000000", "name_short": "None", "price_new": 150, "price_old": 150, "width_m": 8, "pt_i": 11 }, "geometry": { "type": "Point", "coordinates": [ 99.800794637918713, 15.446698365114081 ] } },
{ "type": "Feature", "properties": { "road_key": "61000000ST318.2", "road_name": "คลองชลประทาน (คลองทัพทัน) ช่วงที่ 2", "road_no": "0", "aumpher": "อำเภอทัพทัน", "office": "สาขาเมือง", "branch_code": "61000000", "name_short": "None", "price_new": 150, "price_old": 150, "width_m": 8, "pt_i": 12 }, "geometry": { "type": "Point", "coordinates": [ 99.801886052752806, 15.446873567588533 ] } },
{ "type": "Feature", "properties": { "road_key": "61000000ST318.2", "road_name": "คลองชลประทาน (คลองทัพทัน) ช่วงที่ 2", "road_no": "0", "aumpher": "อำเภอทัพทัน", "office": "สาขาเมือง", "branch_code": "61000000", "name_short": "None", "price_new": 150, "price_old": 150, "width_m": 8, "pt_i": 13 }, "geometry": { "type": "Point", "coordinates": [ 99.802994582631882, 15.446922619546344 ] } },
{ "type": "Feature", "properties": { "road_key": "61000000ST318.2", "road_name": "คลองชลประทาน (คลองทัพทัน) ช่วงที่ 2", "road_no": "0", "aumpher": "อำเภอทัพทัน", "office": "สาขาเมือง", "branch_code": "61000000", "name_short": "None", "price_new": 150, "price_old": 150, "width_m": 8, "pt_i": 14 }, "geometry": { "type": "Point", "coordinates": [ 99.803945746454417, 15.447376404240602 ] } },
{ "type": "Feature", "properties": { "road_key": "61000000ST318.3", "road_name": "คลองชลประทาน (คลองทัพทัน) ช่วงที่ 3", "road_no": "0", "aumpher": "อำเภอทัพทัน", "office": "สาขาเมือง", "branch_code": "61000000", "name_short": "None", "price_new": 150, "price_old": 150, "width_m": 8, "pt_i": 0 }, "geometry": { "type": "Point", "coordinates": [ 99.80404944602067, 15.447510907994541 ] } },
{ "type": "Feature", "properties": { "road_key": "61000000ST318.3", "road_name": "คลองชลประทาน (คลองทัพทัน) ช่วงที่ 3", "road_no": "0", "aumpher": "อำเภอทัพทัน", "office": "สาขาเมือง", "branch_code": "61000000", "name_short": "None", "price_new": 150, "price_old": 150, "width_m": 8, "pt_i": 1 }, "geometry": { "type": "Point", "coordinates": [ 99.805139079375152, 15.44753502251206 ] } },
{ "type": "Feature", "properties": { "road_key": "61000000ST318.3", "road_name": "คลองชลประทาน (คลองทัพทัน) ช่วงที่ 3", "road_no": "0", "aumpher": "อำเภอทัพทัน", "office": "สาขาเมือง", "branch_code": "61000000", "name_short": "None", "price_new": 150, "price_old": 150, "width_m": 8, "pt_i": 2 }, "geometry": { "type": "Point", "coordinates": [ 99.80617306507844, 15.447621277371931 ] } },
{ "type": "Feature", "properties": { "road_key": "61000000ST318.3", "road_name": "คลองชลประทาน (คลองทัพทัน) ช่วงที่ 3", "road_no": "0", "aumpher": "อำเภอทัพทัน", "office": "สาขาเมือง", "branch_code": "61000000", "name_short": "None", "price_new": 150, "price_old": 150, "width_m": 8, "pt_i": 3 }, "geometry": { "type": "Point", "coordinates": [ 99.807202719168217, 15.448041243854465 ] } },
{ "type": "Feature", "properties": { "road_key": "61000000ST318.3", "road_name": "คลองชลประทาน (คลองทัพทัน) ช่วงที่ 3", "road_no": "0", "aumpher": "อำเภอทัพทัน", "office": "สาขาเมือง", "branch_code": "61000000", "name_short": "None", "price_new": 150, "price_old": 150, "width_m": 8, "pt_i": 4 }, "geometry": { "type": "Point", "coordinates": [ 99.808303699990532, 15.448123564373931 ] } },
{ "type": "Feature", "properties": { "road_key": "61000000ST318.3", "road_name": "คลองชลประทาน (คลองทัพทัน) ช่วงที่ 3", "road_no": "0", "aumpher": "อำเภอทัพทัน", "office": "สาขาเมือง", "branch_code": "61000000", "name_short": "None", "price_new": 150, "price_old": 150, "width_m": 8, "pt_i": 5 }, "geometry": { "type": "Point", "coordinates": [ 99.80939909807941, 15.448301294023903 ] } },
{ "type": "Feature", "properties": { "road_key": "61000000ST318.3", "road_name": "คลองชลประทาน (คลองทัพทัน) ช่วงที่ 3", "road_no": "0", "aumpher": "อำเภอทัพทัน", "office": "สาขาเมือง", "branch_code": "61000000", "name_short": "None", "price_new": 150, "price_old": 150, "width_m": 8, "pt_i": 6 }, "geometry": { "type": "Point", "coordinates": [ 99.810511134817887, 15.448411342938751 ] } },
{ "type": "Feature", "properties": { "road_key": "61000000ST318.3", "road_name": "คลองชลประทาน (คลองทัพทัน) ช่วงที่ 3", "road_no": "0", "aumpher": "อำเภอทัพทัน", "office": "สาขาเมือง", "branch_code": "61000000", "name_short": "None", "price_new": 150, "price_old": 150, "width_m": 8, "pt_i": 7 }, "geometry": { "type": "Point", "coordinates": [ 99.811614928906025, 15.448331390404906 ] } },
{ "type": "Feature", "properties": { "road_key": "61000000ST318.3", "road_name": "คลองชลประทาน (คลองทัพทัน) ช่วงที่ 3", "road_no": "0", "aumpher": "อำเภอทัพทัน", "office": "สาขาเมือง", "branch_code": "61000000", "name_short": "None", "price_new": 150, "price_old": 150, "width_m": 8, "pt_i": 8 }, "geometry": { "type": "Point", "coordinates": [ 99.812714716544136, 15.448282485472138 ] } },
{ "type": "Feature", "properties": { "road_key": "61000000ST318.3", "road_name": "คลองชลประทาน (คลองทัพทัน) ช่วงที่ 3", "road_no": "0", "aumpher": "อำเภอทัพทัน", "office": "สาขาเมือง", "branch_code": "61000000", "name_short": "None", "price_new": 150, "price_old": 150, "width_m": 8, "pt_i": 9 }, "geometry": { "type": "Point", "coordinates": [ 99.813497650759629, 15.449003186148582 ] } },
{ "type": "Feature", "properties": { "road_key": "61000000ST318.3", "road_name": "คลองชลประทาน (คลองทัพทัน) ช่วงที่ 3", "road_no": "0", "aumpher": "อำเภอทัพทัน", "office": "สาขาเมือง", "branch_code": "61000000", "name_short": "None", "price_new": 150, "price_old": 150, "width_m": 8, "pt_i": 10 }, "geometry": { "type": "Point", "coordinates": [ 99.813729319831268, 15.450063236931211 ] } },
{ "type": "Feature", "properties": { "road_key": "61000000ST318.3", "road_name": "คลองชลประทาน (คลองทัพทัน) ช่วงที่ 3", "road_no": "0", "aumpher": "อำเภอทัพทัน", "office": "สาขาเมือง", "branch_code": "61000000", "name_short": "None", "price_new": 150, "price_old": 150, "width_m": 8, "pt_i": 11 }, "geometry": { "type": "Point", "coordinates": [ 99.814387894110624, 15.450852887034586 ] } },
{ "type": "Feature", "properties": { "road_key": "61000000ST318.3", "road_name": "คลองชลประทาน (คลองทัพทัน) ช่วงที่ 3", "road_no": "0", "aumpher": "อำเภอทัพทัน", "office": "สาขาเมือง", "branch_code": "61000000", "name_short": "None", "price_new": 150, "price_old": 150, "width_m": 8, "pt_i": 12 }, "geometry": { "type": "Point", "coordinates": [ 99.815421117904563, 15.45056271288056 ] } },
{ "type": "Feature", "properties": { "road_key": "61000000ST318.3", "road_name": "คลองชลประทาน (คลองทัพทัน) ช่วงที่ 3", "road_no": "0", "aumpher": "อำเภอทัพทัน", "office": "สาขาเมือง", "branch_code": "61000000", "name_short": "None", "price_new": 150, "price_old": 150, "width_m": 8, "pt_i": 13 }, "geometry": { "type": "Point", "coordinates": [ 99.816436025941471, 15.450943221278795 ] } },
{ "type": "Feature", "properties": { "road_key": "61000000ST318.3", "road_name": "คลองชลประทาน (คลองทัพทัน) ช่วงที่ 3", "road_no": "0", "aumpher": "อำเภอทัพทัน", "office": "สาขาเมือง", "branch_code": "61000000", "name_short": "None", "price_new": 150, "price_old": 150, "width_m": 8, "pt_i": 14 }, "geometry": { "type": "Point", "coordinates": [ 99.817369891590744, 15.451536659700119 ] } },
{ "type": "Feature", "properties": { "road_key": "61000000ST318.3", "road_name": "คลองชลประทาน (คลองทัพทัน) ช่วงที่ 3", "road_no": "0", "aumpher": "อำเภอทัพทัน", "office": "สาขาเมือง", "branch_code": "61000000", "name_short": "None", "price_new": 150, "price_old": 150, "width_m": 8, "pt_i": 15 }, "geometry": { "type": "Point", "coordinates": [ 99.81812987413997, 15.452319301001953 ] } },
{ "type": "Feature", "properties": { "road_key": "61000000ST318.3", "road_name": "คลองชลประทาน (คลองทัพทัน) ช่วงที่ 3", "road_no": "0", "aumpher": "อำเภอทัพทัน", "office": "สาขาเมือง", "branch_code": "61000000", "name_short": "None", "price_new": 150, "price_old": 150, "width_m": 8, "pt_i": 16 }, "geometry": { "type": "Point", "coordinates": [ 99.818437779321016, 15.453292044333434 ] } },
{ "type": "Feature", "properties": { "road_key": "61000000ST318.3", "road_name": "คลองชลประทาน (คลองทัพทัน) ช่วงที่ 3", "road_no": "0", "aumpher": "อำเภอทัพทัน", "office": "สาขาเมือง", "branch_code": "61000000", "name_short": "None", "price_new": 150, "price_old": 150, "width_m": 8, "pt_i": 17 }, "geometry": { "type": "Point", "coordinates": [ 99.819426916627819, 15.453747755297615 ] } },
{ "type": "Feature", "properties": { "road_key": "61000000ST318.3", "road_name": "คลองชลประทาน (คลองทัพทัน) ช่วงที่ 3", "road_no": "0", "aumpher": "อำเภอทัพทัน", "office": "สาขาเมือง", "branch_code": "61000000", "name_short": "None", "price_new": 150, "price_old": 150, "width_m": 8, "pt_i": 18 }, "geometry": { "type": "Point", "coordinates": [ 99.820381011821794, 15.454304918130356 ] } },
{ "type": "Feature", "properties": { "road_key": "61000000ST318.3", "road_name": "คลองชลประทาน (คลองทัพทัน) ช่วงที่ 3", "road_no": "0", "aumpher": "อำเภอทัพทัน", "office": "สาขาเมือง", "branch_code": "61000000", "name_short": "None", "price_new": 150, "price_old": 150, "width_m": 8, "pt_i": 19 }, "geometry": { "type": "Point", "coordinates": [ 99.82126055851964, 15.454970170978221 ] } },
{ "type": "Feature", "properties": { "road_key": "61000000ST318.3", "road_name": "คลองชลประทาน (คลองทัพทัน) ช่วงที่ 3", "road_no": "0", "aumpher": "อำเภอทัพทัน", "office": "สาขาเมือง", "branch_code": "61000000", "name_short": "None", "price_new": 150, "price_old": 150, "width_m": 8, "pt_i": 20 }, "geometry": { "type": "Point", "coordinates": [ 99.822041000856913, 15.455747211892088 ] } },
{ "type": "Feature", "properties": { "road_key": "61000000ST318.3", "road_name": "คลองชลประทาน (คลองทัพทัน) ช่วงที่ 3", "road_no": "0", "aumpher": "อำเภอทัพทัน", "office": "สาขาเมือง", "branch_code": "61000000", "name_short": "None", "price_new": 150, "price_old": 150, "width_m": 8, "pt_i": 21 }, "geometry": { "type": "Point", "coordinates": [ 99.822671962250212, 15.456629471660188 ] } },
{ "type": "Feature", "properties": { "road_key": "61000000ST318.3", "road_name": "คลองชลประทาน (คลองทัพทัน) ช่วงที่ 3", "road_no": "0", "aumpher": "อำเภอทัพทัน", "office": "สาขาเมือง", "branch_code": "61000000", "name_short": "None", "price_new": 150, "price_old": 150, "width_m": 8, "pt_i": 22 }, "geometry": { "type": "Point", "coordinates": [ 99.823513120758562, 15.457338011091588 ] } },
{ "type": "Feature", "properties": { "road_key": "61000000ST318.3", "road_name": "คลองชลประทาน (คลองทัพทัน) ช่วงที่ 3", "road_no": "0", "aumpher": "อำเภอทัพทัน", "office": "สาขาเมือง", "branch_code": "61000000", "name_short": "None", "price_new": 150, "price_old": 150, "width_m": 8, "pt_i": 23 }, "geometry": { "type": "Point", "coordinates": [ 99.824408043490095, 15.457983597971602 ] } },
{ "type": "Feature", "properties": { "road_key": "61000000ST318.3", "road_name": "คลองชลประทาน (คลองทัพทัน) ช่วงที่ 3", "road_no": "0", "aumpher": "อำเภอทัพทัน", "office": "สาขาเมือง", "branch_code": "61000000", "name_short": "None", "price_new": 150, "price_old": 150, "width_m": 8, "pt_i": 24 }, "geometry": { "type": "Point", "coordinates": [ 99.825320972067971, 15.458604508786379 ] } },
{ "type": "Feature", "properties": { "road_key": "61000000ST318.3", "road_name": "คลองชลประทาน (คลองทัพทัน) ช่วงที่ 3", "road_no": "0", "aumpher": "อำเภอทัพทัน", "office": "สาขาเมือง", "branch_code": "61000000", "name_short": "None", "price_new": 150, "price_old": 150, "width_m": 8, "pt_i": 25 }, "geometry": { "type": "Point", "coordinates": [ 99.826351364358089, 15.459012020407584 ] } },
{ "type": "Feature", "properties": { "road_key": "61000000ST318.3", "road_name": "คลองชลประทาน (คลองทัพทัน) ช่วงที่ 3", "road_no": "0", "aumpher": "อำเภอทัพทัน", "office": "สาขาเมือง", "branch_code": "61000000", "name_short": "None", "price_new": 150, "price_old": 150, "width_m": 8, "pt_i": 26 }, "geometry": { "type": "Point", "coordinates": [ 99.827411259500735, 15.459358190378705 ] } },
{ "type": "Feature", "properties": { "road_key": "61000000ST318.3", "road_name": "คลองชลประทาน (คลองทัพทัน) ช่วงที่ 3", "road_no": "0", "aumpher": "อำเภอทัพทัน", "office": "สาขาเมือง", "branch_code": "61000000", "name_short": "None", "price_new": 150, "price_old": 150, "width_m": 8, "pt_i": 27 }, "geometry": { "type": "Point", "coordinates": [ 99.828423494889918, 15.459816103787393 ] } },
{ "type": "Feature", "properties": { "road_key": "61000000ST318.3", "road_name": "คลองชลประทาน (คลองทัพทัน) ช่วงที่ 3", "road_no": "0", "aumpher": "อำเภอทัพทัน", "office": "สาขาเมือง", "branch_code": "61000000", "name_short": "None", "price_new": 150, "price_old": 150, "width_m": 8, "pt_i": 28 }, "geometry": { "type": "Point", "coordinates": [ 99.828863291656063, 15.460680535783506 ] } },
{ "type": "Feature", "properties": { "road_key": "61000000ST318.3", "road_name": "คลองชลประทาน (คลองทัพทัน) ช่วงที่ 3", "road_no": "0", "aumpher": "อำเภอทัพทัน", "office": "สาขาเมือง", "branch_code": "61000000", "name_short": "None", "price_new": 150, "price_old": 150, "width_m": 8, "pt_i": 29 }, "geometry": { "type": "Point", "coordinates": [ 99.829890546076342, 15.460833974795889 ] } },
{ "type": "Feature", "properties": { "road_key": "61000000ST318.3", "road_name": "คลองชลประทาน (คลองทัพทัน) ช่วงที่ 3", "road_no": "0", "aumpher": "อำเภอทัพทัน", "office": "สาขาเมือง", "branch_code": "61000000", "name_short": "None", "price_new": 150, "price_old": 150, "width_m": 8, "pt_i": 30 }, "geometry": { "type": "Point", "coordinates": [ 99.830928059811313, 15.460504319216339 ] } },
{ "type": "Feature", "properties": { "road_key": "61000000ST318.3", "road_name": "คลองชลประทาน (คลองทัพทัน) ช่วงที่ 3", "road_no": "0", "aumpher": "อำเภอทัพทัน", "office": "สาขาเมือง", "branch_code": "61000000", "name_short": "None", "price_new": 150, "price_old": 150, "width_m": 8, "pt_i": 31 }, "geometry": { "type": "Point", "coordinates": [ 99.832026199928336, 15.460691092053422 ] } },
{ "type": "Feature", "properties": { "road_key": "61000000ST318.3", "road_name": "คลองชลประทาน (คลองทัพทัน) ช่วงที่ 3", "road_no": "0", "aumpher": "อำเภอทัพทัน", "office": "สาขาเมือง", "branch_code": "61000000", "name_short": "None", "price_new": 150, "price_old": 150, "width_m": 8, "pt_i": 32 }, "geometry": { "type": "Point", "coordinates": [ 99.833137400517231, 15.460688970853592 ] } },
{ "type": "Feature", "properties": { "road_key": "61000000ST318.3", "road_name": "คลองชลประทาน (คลองทัพทัน) ช่วงที่ 3", "road_no": "0", "aumpher": "อำเภอทัพทัน", "office": "สาขาเมือง", "branch_code": "61000000", "name_short": "None", "price_new": 150, "price_old": 150, "width_m": 8, "pt_i": 33 }, "geometry": { "type": "Point", "coordinates": [ 99.834219171135643, 15.460434523654602 ] } },
{ "type": "Feature", "properties": { "road_key": "61000000ST318.3", "road_name": "คลองชลประทาน (คลองทัพทัน) ช่วงที่ 3", "road_no": "0", "aumpher": "อำเภอทัพทัน", "office": "สาขาเมือง", "branch_code": "61000000", "name_short": "None", "price_new": 150, "price_old": 150, "width_m": 8, "pt_i": 34 }, "geometry": { "type": "Point", "coordinates": [ 99.835238244222623, 15.460007819503167 ] } },
{ "type": "Feature", "properties": { "road_key": "61000000ST318.3", "road_name": "คลองชลประทาน (คลองทัพทัน) ช่วงที่ 3", "road_no": "0", "aumpher": "อำเภอทัพทัน", "office": "สาขาเมือง", "branch_code": "61000000", "name_short": "None", "price_new": 150, "price_old": 150, "width_m": 8, "pt_i": 35 }, "geometry": { "type": "Point", "coordinates": [ 99.836144755991967, 15.459516227078268 ] } },
{ "type": "Feature", "properties": { "road_key": "61000000ST318.3", "road_name": "คลองชลประทาน (คลองทัพทัน) ช่วงที่ 3", "road_no": "0", "aumpher": "อำเภอทัพทัน", "office": "สาขาเมือง", "branch_code": "61000000", "name_short": "None", "price_new": 150, "price_old": 150, "width_m": 8, "pt_i": 36 }, "geometry": { "type": "Point", "coordinates": [ 99.837018100572067, 15.458855140440052 ] } },
{ "type": "Feature", "properties": { "road_key": "61000000ST318.3", "road_name": "คลองชลประทาน (คลองทัพทัน) ช่วงที่ 3", "road_no": "0", "aumpher": "อำเภอทัพทัน", "office": "สาขาเมือง", "branch_code": "61000000", "name_short": "None", "price_new": 150, "price_old": 150, "width_m": 8, "pt_i": 37 }, "geometry": { "type": "Point", "coordinates": [ 99.838097949907706, 15.458679142331738 ] } },
{ "type": "Feature", "properties": { "road_key": "61000000ST318.3", "road_name": "คลองชลประทาน (คลองทัพทัน) ช่วงที่ 3", "road_no": "0", "aumpher": "อำเภอทัพทัน", "office": "สาขาเมือง", "branch_code": "61000000", "name_short": "None", "price_new": 150, "price_old": 150, "width_m": 8, "pt_i": 38 }, "geometry": { "type": "Point", "coordinates": [ 99.839158198306492, 15.458922626160236 ] } },
{ "type": "Feature", "properties": { "road_key": "61000000ST318.3", "road_name": "คลองชลประทาน (คลองทัพทัน) ช่วงที่ 3", "road_no": "0", "aumpher": "อำเภอทัพทัน", "office": "สาขาเมือง", "branch_code": "61000000", "name_short": "None", "price_new": 150, "price_old": 150, "width_m": 8, "pt_i": 39 }, "geometry": { "type": "Point", "coordinates": [ 99.840112233290299, 15.459361406732539 ] } },
{ "type": "Feature", "properties": { "road_key": "61000000ST318.3", "road_name": "คลองชลประทาน (คลองทัพทัน) ช่วงที่ 3", "road_no": "0", "aumpher": "อำเภอทัพทัน", "office": "สาขาเมือง", "branch_code": "61000000", "name_short": "None", "price_new": 150, "price_old": 150, "width_m": 8, "pt_i": 40 }, "geometry": { "type": "Point", "coordinates": [ 99.840943509277849, 15.459697816613136 ] } },
{ "type": "Feature", "properties": { "road_key": "61000000ST318.3", "road_name": "คลองชลประทาน (คลองทัพทัน) ช่วงที่ 3", "road_no": "0", "aumpher": "อำเภอทัพทัน", "office": "สาขาเมือง", "branch_code": "61000000", "name_short": "None", "price_new": 150, "price_old": 150, "width_m": 8, "pt_i": 41 }, "geometry": { "type": "Point", "coordinates": [ 99.841886179745416, 15.459177103681839 ] } },
{ "type": "Feature", "properties": { "road_key": "61000000ST318.3", "road_name": "คลองชลประทาน (คลองทัพทัน) ช่วงที่ 3", "road_no": "0", "aumpher": "อำเภอทัพทัน", "office": "สาขาเมือง", "branch_code": "61000000", "name_short": "None", "price_new": 150, "price_old": 150, "width_m": 8, "pt_i": 42 }, "geometry": { "type": "Point", "coordinates": [ 99.842960388433269, 15.458875124059972 ] } },
{ "type": "Feature", "properties": { "road_key": "61000000ST318.3", "road_name": "คลองชลประทาน (คลองทัพทัน) ช่วงที่ 3", "road_no": "0", "aumpher": "อำเภอทัพทัน", "office": "สาขาเมือง", "branch_code": "61000000", "name_short": "None", "price_new": 150, "price_old": 150, "width_m": 8, "pt_i": 43 }, "geometry": { "type": "Point", "coordinates": [ 99.843986781070072, 15.45845152706338 ] } },
{ "type": "Feature", "properties": { "road_key": "61000000ST318.3", "road_name": "คลองชลประทาน (คลองทัพทัน) ช่วงที่ 3", "road_no": "0", "aumpher": "อำเภอทัพทัน", "office": "สาขาเมือง", "branch_code": "61000000", "name_short": "None", "price_new": 150, "price_old": 150, "width_m": 8, "pt_i": 44 }, "geometry": { "type": "Point", "coordinates": [ 99.845061632675282, 15.458272365552407 ] } },
{ "type": "Feature", "properties": { "road_key": "61000000ST318.3", "road_name": "คลองชลประทาน (คลองทัพทัน) ช่วงที่ 3", "road_no": "0", "aumpher": "อำเภอทัพทัน", "office": "สาขาเมือง", "branch_code": "61000000", "name_short": "None", "price_new": 150, "price_old": 150, "width_m": 8, "pt_i": 45 }, "geometry": { "type": "Point", "coordinates": [ 99.845864141329116, 15.458729961000204 ] } },
{ "type": "Feature", "properties": { "road_key": "61000000ST318.3", "road_name": "คลองชลประทาน (คลองทัพทัน) ช่วงที่ 3", "road_no": "0", "aumpher": "อำเภอทัพทัน", "office": "สาขาเมือง", "branch_code": "61000000", "name_short": "None", "price_new": 150, "price_old": 150, "width_m": 8, "pt_i": 46 }, "geometry": { "type": "Point", "coordinates": [ 99.8469274601851, 15.4584533245618 ] } },
{ "type": "Feature", "properties": { "road_key": "61000000ST318.3", "road_name": "คลองชลประทาน (คลองทัพทัน) ช่วงที่ 3", "road_no": "0", "aumpher": "อำเภอทัพทัน", "office": "สาขาเมือง", "branch_code": "61000000", "name_short": "None", "price_new": 150, "price_old": 150, "width_m": 8, "pt_i": 47 }, "geometry": { "type": "Point", "coordinates": [ 99.847946982096929, 15.458673157586892 ] } },
{ "type": "Feature", "properties": { "road_key": "61000000ST318.3", "road_name": "คลองชลประทาน (คลองทัพทัน) ช่วงที่ 3", "road_no": "0", "aumpher": "อำเภอทัพทัน", "office": "สาขาเมือง", "branch_code": "61000000", "name_short": "None", "price_new": 150, "price_old": 150, "width_m": 8, "pt_i": 48 }, "geometry": { "type": "Point", "coordinates": [ 99.848900130199624, 15.459227095558418 ] } },
{ "type": "Feature", "properties": { "road_key": "61000000ST318.3", "road_name": "คลองชลประทาน (คลองทัพทัน) ช่วงที่ 3", "road_no": "0", "aumpher": "อำเภอทัพทัน", "office": "สาขาเมือง", "branch_code": "61000000", "name_short": "None", "price_new": 150, "price_old": 150, "width_m": 8, "pt_i": 49 }, "geometry": { "type": "Point", "coordinates": [ 99.849887364521038, 15.459735039338613 ] } },
{ "type": "Feature", "properties": { "road_key": "61000000ST318.3", "road_name": "คลองชลประทาน (คลองทัพทัน) ช่วงที่ 3", "road_no": "0", "aumpher": "อำเภอทัพทัน", "office": "สาขาเมือง", "branch_code": "61000000", "name_short": "None", "price_new": 150, "price_old": 150, "width_m": 8, "pt_i": 50 }, "geometry": { "type": "Point", "coordinates": [ 99.850975107404281, 15.459900632319197 ] } },
{ "type": "Feature", "properties": { "road_key": "61000000ST318.3", "road_name": "คลองชลประทาน (คลองทัพทัน) ช่วงที่ 3", "road_no": "0", "aumpher": "อำเภอทัพทัน", "office": "สาขาเมือง", "branch_code": "61000000", "name_short": "None", "price_new": 150, "price_old": 150, "width_m": 8, "pt_i": 51 }, "geometry": { "type": "Point", "coordinates": [ 99.852025634397634, 15.459583458205641 ] } },
{ "type": "Feature", "properties": { "road_key": "61000000ST318.3", "road_name": "คลองชลประทาน (คลองทัพทัน) ช่วงที่ 3", "road_no": "0", "aumpher": "อำเภอทัพทัน", "office": "สาขาเมือง", "branch_code": "61000000", "name_short": "None", "price_new": 150, "price_old": 150, "width_m": 8, "pt_i": 52 }, "geometry": { "type": "Point", "coordinates": [ 99.853065270886731, 15.459188471723094 ] } },
{ "type": "Feature", "properties": { "road_key": "61000000ST318.3", "road_name": "คลองชลประทาน (คลองทัพทัน) ช่วงที่ 3", "road_no": "0", "aumpher": "อำเภอทัพทัน", "office": "สาขาเมือง", "branch_code": "61000000", "name_short": "None", "price_new": 150, "price_old": 150, "width_m": 8, "pt_i": 53 }, "geometry": { "type": "Point", "coordinates": [ 99.854130061665202, 15.458876940496127 ] } },
{ "type": "Feature", "properties": { "road_key": "61000000ST318.3", "road_name": "คลองชลประทาน (คลองทัพทัน) ช่วงที่ 3", "road_no": "0", "aumpher": "อำเภอทัพทัน", "office": "สาขาเมือง", "branch_code": "61000000", "name_short": "None", "price_new": 150, "price_old": 150, "width_m": 8, "pt_i": 54 }, "geometry": { "type": "Point", "coordinates": [ 99.855074021519485, 15.459443343745683 ] } },
{ "type": "Feature", "properties": { "road_key": "61000000ST318.3", "road_name": "คลองชลประทาน (คลองทัพทัน) ช่วงที่ 3", "road_no": "0", "aumpher": "อำเภอทัพทัน", "office": "สาขาเมือง", "branch_code": "61000000", "name_short": "None", "price_new": 150, "price_old": 150, "width_m": 8, "pt_i": 55 }, "geometry": { "type": "Point", "coordinates": [ 99.856075610701552, 15.459347400775044 ] } },
{ "type": "Feature", "properties": { "road_key": "61000000ST318.3", "road_name": "คลองชลประทาน (คลองทัพทัน) ช่วงที่ 3", "road_no": "0", "aumpher": "อำเภอทัพทัน", "office": "สาขาเมือง", "branch_code": "61000000", "name_short": "None", "price_new": 150, "price_old": 150, "width_m": 8, "pt_i": 56 }, "geometry": { "type": "Point", "coordinates": [ 99.856472811740005, 15.45840816717971 ] } },
{ "type": "Feature", "properties": { "road_key": "61000000ST318.3", "road_name": "คลองชลประทาน (คลองทัพทัน) ช่วงที่ 3", "road_no": "0", "aumpher": "อำเภอทัพทัน", "office": "สาขาเมือง", "branch_code": "61000000", "name_short": "None", "price_new": 150, "price_old": 150, "width_m": 8, "pt_i": 57 }, "geometry": { "type": "Point", "coordinates": [ 99.857107378391945, 15.457543590014929 ] } },
{ "type": "Feature", "properties": { "road_key": "61000000ST318.3", "road_name": "คลองชลประทาน (คลองทัพทัน) ช่วงที่ 3", "road_no": "0", "aumpher": "อำเภอทัพทัน", "office": "สาขาเมือง", "branch_code": "61000000", "name_short": "None", "price_new": 150, "price_old": 150, "width_m": 8, "pt_i": 58 }, "geometry": { "type": "Point", "coordinates": [ 99.858031188695179, 15.457013168668588 ] } },
{ "type": "Feature", "properties": { "road_key": "61000000ST318.3", "road_name": "คลองชลประทาน (คลองทัพทัน) ช่วงที่ 3", "road_no": "0", "aumpher": "อำเภอทัพทัน", "office": "สาขาเมือง", "branch_code": "61000000", "name_short": "None", "price_new": 150, "price_old": 150, "width_m": 8, "pt_i": 59 }, "geometry": { "type": "Point", "coordinates": [ 99.858725525506003, 15.456329958584481 ] } },
{ "type": "Feature", "properties": { "road_key": "61000000ST318.3", "road_name": "คลองชลประทาน (คลองทัพทัน) ช่วงที่ 3", "road_no": "0", "aumpher": "อำเภอทัพทัน", "office": "สาขาเมือง", "branch_code": "61000000", "name_short": "None", "price_new": 150, "price_old": 150, "width_m": 8, "pt_i": 60 }, "geometry": { "type": "Point", "coordinates": [ 99.859489330385458, 15.455683615123183 ] } },
{ "type": "Feature", "properties": { "road_key": "61000000ST318.3", "road_name": "คลองชลประทาน (คลองทัพทัน) ช่วงที่ 3", "road_no": "0", "aumpher": "อำเภอทัพทัน", "office": "สาขาเมือง", "branch_code": "61000000", "name_short": "None", "price_new": 150, "price_old": 150, "width_m": 8, "pt_i": 61 }, "geometry": { "type": "Point", "coordinates": [ 99.860558831790456, 15.455428372470999 ] } },
{ "type": "Feature", "properties": { "road_key": "61000000ST318.3", "road_name": "คลองชลประทาน (คลองทัพทัน) ช่วงที่ 3", "road_no": "0", "aumpher": "อำเภอทัพทัน", "office": "สาขาเมือง", "branch_code": "61000000", "name_short": "None", "price_new": 150, "price_old": 150, "width_m": 8, "pt_i": 62 }, "geometry": { "type": "Point", "coordinates": [ 99.861664149533567, 15.455444282653234 ] } },
{ "type": "Feature", "properties": { "road_key": "61000000ST318.3", "road_name": "คลองชลประทาน (คลองทัพทัน) ช่วงที่ 3", "road_no": "0", "aumpher": "อำเภอทัพทัน", "office": "สาขาเมือง", "branch_code": "61000000", "name_short": "None", "price_new": 150, "price_old": 150, "width_m": 8, "pt_i": 63 }, "geometry": { "type": "Point", "coordinates": [ 99.862741082109068, 15.455640314529198 ] } },
{ "type": "Feature", "properties": { "road_key": "61000000ST318.3", "road_name": "คลองชลประทาน (คลองทัพทัน) ช่วงที่ 3", "road_no": "0", "aumpher": "อำเภอทัพทัน", "office": "สาขาเมือง", "branch_code": "61000000", "name_short": "None", "price_new": 150, "price_old": 150, "width_m": 8, "pt_i": 64 }, "geometry": { "type": "Point", "coordinates": [ 99.863790544817817, 15.455718874820892 ] } },
{ "type": "Feature", "properties": { "road_key": "61000000ST318.3", "road_name": "คลองชลประทาน (คลองทัพทัน) ช่วงที่ 3", "road_no": "0", "aumpher": "อำเภอทัพทัน", "office": "สาขาเมือง", "branch_code": "61000000", "name_short": "None", "price_new": 150, "price_old": 150, "width_m": 8, "pt_i": 65 }, "geometry": { "type": "Point", "coordinates": [ 99.864756427569262, 15.455298819344037 ] } },
{ "type": "Feature", "properties": { "road_key": "61000000ST318.3", "road_name": "คลองชลประทาน (คลองทัพทัน) ช่วงที่ 3", "road_no": "0", "aumpher": "อำเภอทัพทัน", "office": "สาขาเมือง", "branch_code": "61000000", "name_short": "None", "price_new": 150, "price_old": 150, "width_m": 8, "pt_i": 66 }, "geometry": { "type": "Point", "coordinates": [ 99.86577974684657, 15.455545178930899 ] } },
{ "type": "Feature", "properties": { "road_key": "61000000ST318.3", "road_name": "คลองชลประทาน (คลองทัพทัน) ช่วงที่ 3", "road_no": "0", "aumpher": "อำเภอทัพทัน", "office": "สาขาเมือง", "branch_code": "61000000", "name_short": "None", "price_new": 150, "price_old": 150, "width_m": 8, "pt_i": 67 }, "geometry": { "type": "Point", "coordinates": [ 99.866804618969539, 15.455196458371272 ] } },
{ "type": "Feature", "properties": { "road_key": "61000000ST318.3", "road_name": "คลองชลประทาน (คลองทัพทัน) ช่วงที่ 3", "road_no": "0", "aumpher": "อำเภอทัพทัน", "office": "สาขาเมือง", "branch_code": "61000000", "name_short": "None", "price_new": 150, "price_old": 150, "width_m": 8, "pt_i": 68 }, "geometry": { "type": "Point", "coordinates": [ 99.867582821517743, 15.455734619232812 ] } },
{ "type": "Feature", "properties": { "road_key": "61000000ST318.3", "road_name": "คลองชลประทาน (คลองทัพทัน) ช่วงที่ 3", "road_no": "0", "aumpher": "อำเภอทัพทัน", "office": "สาขาเมือง", "branch_code": "61000000", "name_short": "None", "price_new": 150, "price_old": 150, "width_m": 8, "pt_i": 69 }, "geometry": { "type": "Point", "coordinates": [ 99.868543463370841, 15.45525996959176 ] } },
{ "type": "Feature", "properties": { "road_key": "61000000ST318.3", "road_name": "คลองชลประทาน (คลองทัพทัน) ช่วงที่ 3", "road_no": "0", "aumpher": "อำเภอทัพทัน", "office": "สาขาเมือง", "branch_code": "61000000", "name_short": "None", "price_new": 150, "price_old": 150, "width_m": 8, "pt_i": 70 }, "geometry": { "type": "Point", "coordinates": [ 99.86960578808106, 15.455577842912131 ] } },
{ "type": "Feature", "properties": { "road_key": "61000000ST318.3", "road_name": "คลองชลประทาน (คลองทัพทัน) ช่วงที่ 3", "road_no": "0", "aumpher": "อำเภอทัพทัน", "office": "สาขาเมือง", "branch_code": "61000000", "name_short": "None", "price_new": 150, "price_old": 150, "width_m": 8, "pt_i": 71 }, "geometry": { "type": "Point", "coordinates": [ 99.870481174919576, 15.456174138408393 ] } },
{ "type": "Feature", "properties": { "road_key": "61000000ST318.3", "road_name": "คลองชลประทาน (คลองทัพทัน) ช่วงที่ 3", "road_no": "0", "aumpher": "อำเภอทัพทัน", "office": "สาขาเมือง", "branch_code": "61000000", "name_short": "None", "price_new": 150, "price_old": 150, "width_m": 8, "pt_i": 72 }, "geometry": { "type": "Point", "coordinates": [ 99.871385340516667, 15.456723711279929 ] } },
{ "type": "Feature", "properties": { "road_key": "61000000ST318.3", "road_name": "คลองชลประทาน (คลองทัพทัน) ช่วงที่ 3", "road_no": "0", "aumpher": "อำเภอทัพทัน", "office": "สาขาเมือง", "branch_code": "61000000", "name_short": "None", "price_new": 150, "price_old": 150, "width_m": 8, "pt_i": 73 }, "geometry": { "type": "Point", "coordinates": [ 99.87249831161553, 15.45681438586122 ] } },
{ "type": "Feature", "properties": { "road_key": "61000000ST318.3", "road_name": "คลองชลประทาน (คลองทัพทัน) ช่วงที่ 3", "road_no": "0", "aumpher": "อำเภอทัพทัน", "office": "สาขาเมือง", "branch_code": "61000000", "name_short": "None", "price_new": 150, "price_old": 150, "width_m": 8, "pt_i": 74 }, "geometry": { "type": "Point", "coordinates": [ 99.873592975076775, 15.457033962718038 ] } },
{ "type": "Feature", "properties": { "road_key": "61000000ST318.3", "road_name": "คลองชลประทาน (คลองทัพทัน) ช่วงที่ 3", "road_no": "0", "aumpher": "อำเภอทัพทัน", "office": "สาขาเมือง", "branch_code": "61000000", "name_short": "None", "price_new": 150, "price_old": 150, "width_m": 8, "pt_i": 75 }, "geometry": { "type": "Point", "coordinates": [ 99.874628417521407, 15.457442624546458 ] } },
{ "type": "Feature", "properties": { "road_key": "61000000ST318.3", "road_name": "คลองชลประทาน (คลองทัพทัน) ช่วงที่ 3", "road_no": "0", "aumpher": "อำเภอทัพทัน", "office": "สาขาเมือง", "branch_code": "61000000", "name_short": "None", "price_new": 150, "price_old": 150, "width_m": 8, "pt_i": 76 }, "geometry": { "type": "Point", "coordinates": [ 99.875685111343131, 15.457795854683987 ] } },
{ "type": "Feature", "properties": { "road_key": "61000000ST318.3", "road_name": "คลองชลประทาน (คลองทัพทัน) ช่วงที่ 3", "road_no": "0", "aumpher": "อำเภอทัพทัน", "office": "สาขาเมือง", "branch_code": "61000000", "name_short": "None", "price_new": 150, "price_old": 150, "width_m": 8, "pt_i": 77 }, "geometry": { "type": "Point", "coordinates": [ 99.87670595756515, 15.458236678144573 ] } },
{ "type": "Feature", "properties": { "road_key": "61000000ST318.3", "road_name": "คลองชลประทาน (คลองทัพทัน) ช่วงที่ 3", "road_no": "0", "aumpher": "อำเภอทัพทัน", "office": "สาขาเมือง", "branch_code": "61000000", "name_short": "None", "price_new": 150, "price_old": 150, "width_m": 8, "pt_i": 78 }, "geometry": { "type": "Point", "coordinates": [ 99.877478237137666, 15.458978558488591 ] } },
{ "type": "Feature", "properties": { "road_key": "61000000ST318.3", "road_name": "คลองชลประทาน (คลองทัพทัน) ช่วงที่ 3", "road_no": "0", "aumpher": "อำเภอทัพทัน", "office": "สาขาเมือง", "branch_code": "61000000", "name_short": "None", "price_new": 150, "price_old": 150, "width_m": 8, "pt_i": 79 }, "geometry": { "type": "Point", "coordinates": [ 99.877951922007171, 15.459959865664562 ] } },
{ "type": "Feature", "properties": { "road_key": "61000000ST318.3", "road_name": "คลองชลประทาน (คลองทัพทัน) ช่วงที่ 3", "road_no": "0", "aumpher": "อำเภอทัพทัน", "office": "สาขาเมือง", "branch_code": "61000000", "name_short": "None", "price_new": 150, "price_old": 150, "width_m": 8, "pt_i": 80 }, "geometry": { "type": "Point", "coordinates": [ 99.878494443972173, 15.460886714128293 ] } },
{ "type": "Feature", "properties": { "road_key": "61000000ST318.3", "road_name": "คลองชลประทาน (คลองทัพทัน) ช่วงที่ 3", "road_no": "0", "aumpher": "อำเภอทัพทัน", "office": "สาขาเมือง", "branch_code": "61000000", "name_short": "None", "price_new": 150, "price_old": 150, "width_m": 8, "pt_i": 81 }, "geometry": { "type": "Point", "coordinates": [ 99.879449499715406, 15.461317166442825 ] } },
{ "type": "Feature", "properties": { "road_key": "61000000ST318.3", "road_name": "คลองชลประทาน (คลองทัพทัน) ช่วงที่ 3", "road_no": "0", "aumpher": "อำเภอทัพทัน", "office": "สาขาเมือง", "branch_code": "61000000", "name_short": "None", "price_new": 150, "price_old": 150, "width_m": 8, "pt_i": 82 }, "geometry": { "type": "Point", "coordinates": [ 99.880307676345694, 15.460704179441077 ] } },
{ "type": "Feature", "properties": { "road_key": "61000000ST318.3", "road_name": "คลองชลประทาน (คลองทัพทัน) ช่วงที่ 3", "road_no": "0", "aumpher": "อำเภอทัพทัน", "office": "สาขาเมือง", "branch_code": "61000000", "name_short": "None", "price_new": 150, "price_old": 150, "width_m": 8, "pt_i": 83 }, "geometry": { "type": "Point", "coordinates": [ 99.881242002492726, 15.460903237452721 ] } },
{ "type": "Feature", "properties": { "road_key": "61000000ST318.3", "road_name": "คลองชลประทาน (คลองทัพทัน) ช่วงที่ 3", "road_no": "0", "aumpher": "อำเภอทัพทัน", "office": "สาขาเมือง", "branch_code": "61000000", "name_short": "None", "price_new": 150, "price_old": 150, "width_m": 8, "pt_i": 84 }, "geometry": { "type": "Point", "coordinates": [ 99.882246899712996, 15.461356343776071 ] } },
{ "type": "Feature", "properties": { "road_key": "61000000ST318.4", "road_name": "คลองชลประทาน (คลองทัพทัน) ช่วงที่ 4", "road_no": "0", "aumpher": "อำเภอทัพทัน", "office": "สาขาเมือง", "branch_code": "61000000", "name_short": "None", "price_new": 300, "price_old": 150, "width_m": 8, "pt_i": 0 }, "geometry": { "type": "Point", "coordinates": [ 99.882994881317984, 15.46169728177351 ] } },
{ "type": "Feature", "properties": { "road_key": "61000000ST318.4", "road_name": "คลองชลประทาน (คลองทัพทัน) ช่วงที่ 4", "road_no": "0", "aumpher": "อำเภอทัพทัน", "office": "สาขาเมือง", "branch_code": "61000000", "name_short": "None", "price_new": 300, "price_old": 150, "width_m": 8, "pt_i": 1 }, "geometry": { "type": "Point", "coordinates": [ 99.884033389959342, 15.462063261458406 ] } },
{ "type": "Feature", "properties": { "road_key": "61000000ST318.4", "road_name": "คลองชลประทาน (คลองทัพทัน) ช่วงที่ 4", "road_no": "0", "aumpher": "อำเภอทัพทัน", "office": "สาขาเมือง", "branch_code": "61000000", "name_short": "None", "price_new": 300, "price_old": 150, "width_m": 8, "pt_i": 2 }, "geometry": { "type": "Point", "coordinates": [ 99.884408978508219, 15.462748421869678 ] } },
{ "type": "Feature", "properties": { "road_key": "61000000ST318.4", "road_name": "คลองชลประทาน (คลองทัพทัน) ช่วงที่ 4", "road_no": "0", "aumpher": "อำเภอทัพทัน", "office": "สาขาเมือง", "branch_code": "61000000", "name_short": "None", "price_new": 300, "price_old": 150, "width_m": 8, "pt_i": 3 }, "geometry": { "type": "Point", "coordinates": [ 99.88452503324352, 15.463419574612502 ] } },
{ "type": "Feature", "properties": { "road_key": "61000000ST318.4", "road_name": "คลองชลประทาน (คลองทัพทัน) ช่วงที่ 4", "road_no": "0", "aumpher": "อำเภอทัพทัน", "office": "สาขาเมือง", "branch_code": "61000000", "name_short": "None", "price_new": 300, "price_old": 150, "width_m": 8, "pt_i": 4 }, "geometry": { "type": "Point", "coordinates": [ 99.885348307376248, 15.463756639822304 ] } },
{ "type": "Feature", "properties": { "road_key": "61000000ST318.4", "road_name": "คลองชลประทาน (คลองทัพทัน) ช่วงที่ 4", "road_no": "0", "aumpher": "อำเภอทัพทัน", "office": "สาขาเมือง", "branch_code": "61000000", "name_short": "None", "price_new": 300, "price_old": 150, "width_m": 8, "pt_i": 5 }, "geometry": { "type": "Point", "coordinates": [ 99.8845447401809, 15.464026558953719 ] } },
{ "type": "Feature", "properties": { "road_key": "61000000ST318.4", "road_name": "คลองชลประทาน (คลองทัพทัน) ช่วงที่ 4", "road_no": "0", "aumpher": "อำเภอทัพทัน", "office": "สาขาเมือง", "branch_code": "61000000", "name_short": "None", "price_new": 300, "price_old": 150, "width_m": 8, "pt_i": 6 }, "geometry": { "type": "Point", "coordinates": [ 99.88540004468183, 15.464494565120457 ] } },
{ "type": "Feature", "properties": { "road_key": "61000000ST318.4", "road_name": "คลองชลประทาน (คลองทัพทัน) ช่วงที่ 4", "road_no": "0", "aumpher": "อำเภอทัพทัน", "office": "สาขาเมือง", "branch_code": "61000000", "name_short": "None", "price_new": 300, "price_old": 150, "width_m": 8, "pt_i": 7 }, "geometry": { "type": "Point", "coordinates": [ 99.886450947988735, 15.464226942865809 ] } },
{ "type": "Feature", "properties": { "road_key": "61000000ST318.4", "road_name": "คลองชลประทาน (คลองทัพทัน) ช่วงที่ 4", "road_no": "0", "aumpher": "อำเภอทัพทัน", "office": "สาขาเมือง", "branch_code": "61000000", "name_short": "None", "price_new": 300, "price_old": 150, "width_m": 8, "pt_i": 8 }, "geometry": { "type": "Point", "coordinates": [ 99.887339126386379, 15.463591564491864 ] } },
{ "type": "Feature", "properties": { "road_key": "61000000ST318.4", "road_name": "คลองชลประทาน (คลองทัพทัน) ช่วงที่ 4", "road_no": "0", "aumpher": "อำเภอทัพทัน", "office": "สาขาเมือง", "branch_code": "61000000", "name_short": "None", "price_new": 300, "price_old": 150, "width_m": 8, "pt_i": 9 }, "geometry": { "type": "Point", "coordinates": [ 99.888052726996293, 15.462816216319817 ] } },
{ "type": "Feature", "properties": { "road_key": "61000000ST318.4", "road_name": "คลองชลประทาน (คลองทัพทัน) ช่วงที่ 4", "road_no": "0", "aumpher": "อำเภอทัพทัน", "office": "สาขาเมือง", "branch_code": "61000000", "name_short": "None", "price_new": 300, "price_old": 150, "width_m": 8, "pt_i": 10 }, "geometry": { "type": "Point", "coordinates": [ 99.888896354336296, 15.463323198483684 ] } },
{ "type": "Feature", "properties": { "road_key": "61000000ST318.4", "road_name": "คลองชลประทาน (คลองทัพทัน) ช่วงที่ 4", "road_no": "0", "aumpher": "อำเภอทัพทัน", "office": "สาขาเมือง", "branch_code": "61000000", "name_short": "None", "price_new": 300, "price_old": 150, "width_m": 8, "pt_i": 11 }, "geometry": { "type": "Point", "coordinates": [ 99.889740109590022, 15.463574873543168 ] } },
{ "type": "Feature", "properties": { "road_key": "61000000ST318.4", "road_name": "คลองชลประทาน (คลองทัพทัน) ช่วงที่ 4", "road_no": "0", "aumpher": "อำเภอทัพทัน", "office": "สาขาเมือง", "branch_code": "61000000", "name_short": "None", "price_new": 300, "price_old": 150, "width_m": 8, "pt_i": 12 }, "geometry": { "type": "Point", "coordinates": [ 99.890460428153986, 15.462820985846308 ] } },
{ "type": "Feature", "properties": { "road_key": "61000000ST318.4", "road_name": "คลองชลประทาน (คลองทัพทัน) ช่วงที่ 4", "road_no": "0", "aumpher": "อำเภอทัพทัน", "office": "สาขาเมือง", "branch_code": "61000000", "name_short": "None", "price_new": 300, "price_old": 150, "width_m": 8, "pt_i": 13 }, "geometry": { "type": "Point", "coordinates": [ 99.891518789334469, 15.462964903795964 ] } },
{ "type": "Feature", "properties": { "road_key": "61000000ST318.4", "road_name": "คลองชลประทาน (คลองทัพทัน) ช่วงที่ 4", "road_no": "0", "aumpher": "อำเภอทัพทัน", "office": "สาขาเมือง", "branch_code": "61000000", "name_short": "None", "price_new": 300, "price_old": 150, "width_m": 8, "pt_i": 14 }, "geometry": { "type": "Point", "coordinates": [ 99.892604254904668, 15.462731094793893 ] } },
{ "type": "Feature", "properties": { "road_key": "61000000ST318.4", "road_name": "คลองชลประทาน (คลองทัพทัน) ช่วงที่ 4", "road_no": "0", "aumpher": "อำเภอทัพทัน", "office": "สาขาเมือง", "branch_code": "61000000", "name_short": "None", "price_new": 300, "price_old": 150, "width_m": 8, "pt_i": 15 }, "geometry": { "type": "Point", "coordinates": [ 99.893303005203094, 15.463478553437364 ] } },
{ "type": "Feature", "properties": { "road_key": "61000000ST318.4", "road_name": "คลองชลประทาน (คลองทัพทัน) ช่วงที่ 4", "road_no": "0", "aumpher": "อำเภอทัพทัน", "office": "สาขาเมือง", "branch_code": "61000000", "name_short": "None", "price_new": 300, "price_old": 150, "width_m": 8, "pt_i": 16 }, "geometry": { "type": "Point", "coordinates": [ 99.893655455071325, 15.464500438705564 ] } },
{ "type": "Feature", "properties": { "road_key": "61000000ST318.4", "road_name": "คลองชลประทาน (คลองทัพทัน) ช่วงที่ 4", "road_no": "0", "aumpher": "อำเภอทัพทัน", "office": "สาขาเมือง", "branch_code": "61000000", "name_short": "None", "price_new": 300, "price_old": 150, "width_m": 8, "pt_i": 17 }, "geometry": { "type": "Point", "coordinates": [ 99.894352987828967, 15.465342816363398 ] } },
{ "type": "Feature", "properties": { "road_key": "61000000ST318.4", "road_name": "คลองชลประทาน (คลองทัพทัน) ช่วงที่ 4", "road_no": "0", "aumpher": "อำเภอทัพทัน", "office": "สาขาเมือง", "branch_code": "61000000", "name_short": "None", "price_new": 300, "price_old": 150, "width_m": 8, "pt_i": 18 }, "geometry": { "type": "Point", "coordinates": [ 99.89539237491158, 15.465550883041738 ] } },
{ "type": "Feature", "properties": { "road_key": "61000000ST318.5", "road_name": "คลองชลประทาน (คลองทัพทัน) ช่วงที่ 5", "road_no": "0", "aumpher": "อำเภอทัพทัน", "office": "สาขาเมือง", "branch_code": "61000000", "name_short": "None", "price_new": 300, "price_old": 150, "width_m": 8, "pt_i": 0 }, "geometry": { "type": "Point", "coordinates": [ 99.895884695305369, 15.466162807905112 ] } },
{ "type": "Feature", "properties": { "road_key": "61000000ST318.5", "road_name": "คลองชลประทาน (คลองทัพทัน) ช่วงที่ 5", "road_no": "0", "aumpher": "อำเภอทัพทัน", "office": "สาขาเมือง", "branch_code": "61000000", "name_short": "None", "price_new": 300, "price_old": 150, "width_m": 8, "pt_i": 1 }, "geometry": { "type": "Point", "coordinates": [ 99.896127390804864, 15.46721092480812 ] } },
{ "type": "Feature", "properties": { "road_key": "61000000ST318.5", "road_name": "คลองชลประทาน (คลองทัพทัน) ช่วงที่ 5", "road_no": "0", "aumpher": "อำเภอทัพทัน", "office": "สาขาเมือง", "branch_code": "61000000", "name_short": "None", "price_new": 300, "price_old": 150, "width_m": 8, "pt_i": 2 }, "geometry": { "type": "Point", "coordinates": [ 99.896957001993513, 15.467891369106972 ] } },
{ "type": "Feature", "properties": { "road_key": "61000000ST318.5", "road_name": "คลองชลประทาน (คลองทัพทัน) ช่วงที่ 5", "road_no": "0", "aumpher": "อำเภอทัพทัน", "office": "สาขาเมือง", "branch_code": "61000000", "name_short": "None", "price_new": 300, "price_old": 150, "width_m": 8, "pt_i": 3 }, "geometry": { "type": "Point", "coordinates": [ 99.897991748333936, 15.467770144935416 ] } },
{ "type": "Feature", "properties": { "road_key": "61000000ST318.5", "road_name": "คลองชลประทาน (คลองทัพทัน) ช่วงที่ 5", "road_no": "0", "aumpher": "อำเภอทัพทัน", "office": "สาขาเมือง", "branch_code": "61000000", "name_short": "None", "price_new": 300, "price_old": 150, "width_m": 8, "pt_i": 4 }, "geometry": { "type": "Point", "coordinates": [ 99.898955196231455, 15.467355794984924 ] } },
{ "type": "Feature", "properties": { "road_key": "61000000ST318.5", "road_name": "คลองชลประทาน (คลองทัพทัน) ช่วงที่ 5", "road_no": "0", "aumpher": "อำเภอทัพทัน", "office": "สาขาเมือง", "branch_code": "61000000", "name_short": "None", "price_new": 300, "price_old": 150, "width_m": 8, "pt_i": 5 }, "geometry": { "type": "Point", "coordinates": [ 99.899930243160014, 15.467362970953996 ] } },
{ "type": "Feature", "properties": { "road_key": "61000000ST318.5", "road_name": "คลองชลประทาน (คลองทัพทัน) ช่วงที่ 5", "road_no": "0", "aumpher": "อำเภอทัพทัน", "office": "สาขาเมือง", "branch_code": "61000000", "name_short": "None", "price_new": 300, "price_old": 150, "width_m": 8, "pt_i": 6 }, "geometry": { "type": "Point", "coordinates": [ 99.900891962582165, 15.467449543515794 ] } },
{ "type": "Feature", "properties": { "road_key": "61000000ST318.5", "road_name": "คลองชลประทาน (คลองทัพทัน) ช่วงที่ 5", "road_no": "0", "aumpher": "อำเภอทัพทัน", "office": "สาขาเมือง", "branch_code": "61000000", "name_short": "None", "price_new": 300, "price_old": 150, "width_m": 8, "pt_i": 7 }, "geometry": { "type": "Point", "coordinates": [ 99.901653664873322, 15.466841812234257 ] } },
{ "type": "Feature", "properties": { "road_key": "61000000ST318.5", "road_name": "คลองชลประทาน (คลองทัพทัน) ช่วงที่ 5", "road_no": "0", "aumpher": "อำเภอทัพทัน", "office": "สาขาเมือง", "branch_code": "61000000", "name_short": "None", "price_new": 300, "price_old": 150, "width_m": 8, "pt_i": 8 }, "geometry": { "type": "Point", "coordinates": [ 99.902511361573801, 15.467235554975105 ] } },
{ "type": "Feature", "properties": { "road_key": "61000000ST318.5", "road_name": "คลองชลประทาน (คลองทัพทัน) ช่วงที่ 5", "road_no": "0", "aumpher": "อำเภอทัพทัน", "office": "สาขาเมือง", "branch_code": "61000000", "name_short": "None", "price_new": 300, "price_old": 150, "width_m": 8, "pt_i": 9 }, "geometry": { "type": "Point", "coordinates": [ 99.902860106362226, 15.468195380296493 ] } },
{ "type": "Feature", "properties": { "road_key": "61000000ST318.5", "road_name": "คลองชลประทาน (คลองทัพทัน) ช่วงที่ 5", "road_no": "0", "aumpher": "อำเภอทัพทัน", "office": "สาขาเมือง", "branch_code": "61000000", "name_short": "None", "price_new": 300, "price_old": 150, "width_m": 8, "pt_i": 10 }, "geometry": { "type": "Point", "coordinates": [ 99.903641699492525, 15.468852400736772 ] } },
{ "type": "Feature", "properties": { "road_key": "61000000ST318.5", "road_name": "คลองชลประทาน (คลองทัพทัน) ช่วงที่ 5", "road_no": "0", "aumpher": "อำเภอทัพทัน", "office": "สาขาเมือง", "branch_code": "61000000", "name_short": "None", "price_new": 300, "price_old": 150, "width_m": 8, "pt_i": 11 }, "geometry": { "type": "Point", "coordinates": [ 99.904378439194815, 15.469437784016895 ] } },
{ "type": "Feature", "properties": { "road_key": "61000000ST318.5", "road_name": "คลองชลประทาน (คลองทัพทัน) ช่วงที่ 5", "road_no": "0", "aumpher": "อำเภอทัพทัน", "office": "สาขาเมือง", "branch_code": "61000000", "name_short": "None", "price_new": 300, "price_old": 150, "width_m": 8, "pt_i": 12 }, "geometry": { "type": "Point", "coordinates": [ 99.905381194451579, 15.468975237216426 ] } },
{ "type": "Feature", "properties": { "road_key": "61000000ST318.5", "road_name": "คลองชลประทาน (คลองทัพทัน) ช่วงที่ 5", "road_no": "0", "aumpher": "อำเภอทัพทัน", "office": "สาขาเมือง", "branch_code": "61000000", "name_short": "None", "price_new": 300, "price_old": 150, "width_m": 8, "pt_i": 13 }, "geometry": { "type": "Point", "coordinates": [ 99.906390173110353, 15.469183973184521 ] } },
{ "type": "Feature", "properties": { "road_key": "61000000ST318.5", "road_name": "คลองชลประทาน (คลองทัพทัน) ช่วงที่ 5", "road_no": "0", "aumpher": "อำเภอทัพทัน", "office": "สาขาเมือง", "branch_code": "61000000", "name_short": "None", "price_new": 300, "price_old": 150, "width_m": 8, "pt_i": 14 }, "geometry": { "type": "Point", "coordinates": [ 99.90726292822653, 15.469705282282185 ] } },
{ "type": "Feature", "properties": { "road_key": "61000000ST318.5", "road_name": "คลองชลประทาน (คลองทัพทัน) ช่วงที่ 5", "road_no": "0", "aumpher": "อำเภอทัพทัน", "office": "สาขาเมือง", "branch_code": "61000000", "name_short": "None", "price_new": 300, "price_old": 150, "width_m": 8, "pt_i": 15 }, "geometry": { "type": "Point", "coordinates": [ 99.908120902151921, 15.469148137451398 ] } },
{ "type": "Feature", "properties": { "road_key": "61000000ST318.5", "road_name": "คลองชลประทาน (คลองทัพทัน) ช่วงที่ 5", "road_no": "0", "aumpher": "อำเภอทัพทัน", "office": "สาขาเมือง", "branch_code": "61000000", "name_short": "None", "price_new": 300, "price_old": 150, "width_m": 8, "pt_i": 16 }, "geometry": { "type": "Point", "coordinates": [ 99.909052618423871, 15.469155124472104 ] } },
{ "type": "Feature", "properties": { "road_key": "61000000ST318.5", "road_name": "คลองชลประทาน (คลองทัพทัน) ช่วงที่ 5", "road_no": "0", "aumpher": "อำเภอทัพทัน", "office": "สาขาเมือง", "branch_code": "61000000", "name_short": "None", "price_new": 300, "price_old": 150, "width_m": 8, "pt_i": 17 }, "geometry": { "type": "Point", "coordinates": [ 99.909816276749837, 15.468369393549155 ] } },
{ "type": "Feature", "properties": { "road_key": "61000000ST318.5", "road_name": "คลองชลประทาน (คลองทัพทัน) ช่วงที่ 5", "road_no": "0", "aumpher": "อำเภอทัพทัน", "office": "สาขาเมือง", "branch_code": "61000000", "name_short": "None", "price_new": 300, "price_old": 150, "width_m": 8, "pt_i": 18 }, "geometry": { "type": "Point", "coordinates": [ 99.910895200583781, 15.468194645989339 ] } },
{ "type": "Feature", "properties": { "road_key": "61000000ST318.5", "road_name": "คลองชลประทาน (คลองทัพทัน) ช่วงที่ 5", "road_no": "0", "aumpher": "อำเภอทัพทัน", "office": "สาขาเมือง", "branch_code": "61000000", "name_short": "None", "price_new": 300, "price_old": 150, "width_m": 8, "pt_i": 19 }, "geometry": { "type": "Point", "coordinates": [ 99.911703200298177, 15.467524754174011 ] } },
{ "type": "Feature", "properties": { "road_key": "61000000ST318.5", "road_name": "คลองชลประทาน (คลองทัพทัน) ช่วงที่ 5", "road_no": "0", "aumpher": "อำเภอทัพทัน", "office": "สาขาเมือง", "branch_code": "61000000", "name_short": "None", "price_new": 300, "price_old": 150, "width_m": 8, "pt_i": 20 }, "geometry": { "type": "Point", "coordinates": [ 99.912471327880553, 15.468049206563935 ] } },
{ "type": "Feature", "properties": { "road_key": "61000000ST318.5", "road_name": "คลองชลประทาน (คลองทัพทัน) ช่วงที่ 5", "road_no": "0", "aumpher": "อำเภอทัพทัน", "office": "สาขาเมือง", "branch_code": "61000000", "name_short": "None", "price_new": 300, "price_old": 150, "width_m": 8, "pt_i": 21 }, "geometry": { "type": "Point", "coordinates": [ 99.913497710449292, 15.468282349036174 ] } },
{ "type": "Feature", "properties": { "road_key": "61000000ST318.5", "road_name": "คลองชลประทาน (คลองทัพทัน) ช่วงที่ 5", "road_no": "0", "aumpher": "อำเภอทัพทัน", "office": "สาขาเมือง", "branch_code": "61000000", "name_short": "None", "price_new": 300, "price_old": 150, "width_m": 8, "pt_i": 22 }, "geometry": { "type": "Point", "coordinates": [ 99.914571838787097, 15.468221914515869 ] } },
{ "type": "Feature", "properties": { "road_key": "61000000ST318.5", "road_name": "คลองชลประทาน (คลองทัพทัน) ช่วงที่ 5", "road_no": "0", "aumpher": "อำเภอทัพทัน", "office": "สาขาเมือง", "branch_code": "61000000", "name_short": "None", "price_new": 300, "price_old": 150, "width_m": 8, "pt_i": 23 }, "geometry": { "type": "Point", "coordinates": [ 99.915637105870204, 15.468097710443036 ] } },
{ "type": "Feature", "properties": { "road_key": "61000000ST318.5", "road_name": "คลองชลประทาน (คลองทัพทัน) ช่วงที่ 5", "road_no": "0", "aumpher": "อำเภอทัพทัน", "office": "สาขาเมือง", "branch_code": "61000000", "name_short": "None", "price_new": 300, "price_old": 150, "width_m": 8, "pt_i": 24 }, "geometry": { "type": "Point", "coordinates": [ 99.916222183978576, 15.46875127953709 ] } },
{ "type": "Feature", "properties": { "road_key": "61000000ST318.5", "road_name": "คลองชลประทาน (คลองทัพทัน) ช่วงที่ 5", "road_no": "0", "aumpher": "อำเภอทัพทัน", "office": "สาขาเมือง", "branch_code": "61000000", "name_short": "None", "price_new": 300, "price_old": 150, "width_m": 8, "pt_i": 25 }, "geometry": { "type": "Point", "coordinates": [ 99.917051164918988, 15.46946646252562 ] } },
{ "type": "Feature", "properties": { "road_key": "61000000ST318.5", "road_name": "คลองชลประทาน (คลองทัพทัน) ช่วงที่ 5", "road_no": "0", "aumpher": "อำเภอทัพทัน", "office": "สาขาเมือง", "branch_code": "61000000", "name_short": "None", "price_new": 300, "price_old": 150, "width_m": 8, "pt_i": 26 }, "geometry": { "type": "Point", "coordinates": [ 99.917868923326367, 15.470206274122447 ] } },
{ "type": "Feature", "properties": { "road_key": "61000000ST318.5", "road_name": "คลองชลประทาน (คลองทัพทัน) ช่วงที่ 5", "road_no": "0", "aumpher": "อำเภอทัพทัน", "office": "สาขาเมือง", "branch_code": "61000000", "name_short": "None", "price_new": 300, "price_old": 150, "width_m": 8, "pt_i": 27 }, "geometry": { "type": "Point", "coordinates": [ 99.918604896976106, 15.471022463126941 ] } },
{ "type": "Feature", "properties": { "road_key": "61000000ST318.5", "road_name": "คลองชลประทาน (คลองทัพทัน) ช่วงที่ 5", "road_no": "0", "aumpher": "อำเภอทัพทัน", "office": "สาขาเมือง", "branch_code": "61000000", "name_short": "None", "price_new": 300, "price_old": 150, "width_m": 8, "pt_i": 28 }, "geometry": { "type": "Point", "coordinates": [ 99.918875108641913, 15.471963738390064 ] } },
{ "type": "Feature", "properties": { "road_key": "61000000ST318.5", "road_name": "คลองชลประทาน (คลองทัพทัน) ช่วงที่ 5", "road_no": "0", "aumpher": "อำเภอทัพทัน", "office": "สาขาเมือง", "branch_code": "61000000", "name_short": "None", "price_new": 300, "price_old": 150, "width_m": 8, "pt_i": 29 }, "geometry": { "type": "Point", "coordinates": [ 99.919534178005989, 15.472783835092653 ] } },
{ "type": "Feature", "properties": { "road_key": "61000000ST318.5", "road_name": "คลองชลประทาน (คลองทัพทัน) ช่วงที่ 5", "road_no": "0", "aumpher": "อำเภอทัพทัน", "office": "สาขาเมือง", "branch_code": "61000000", "name_short": "None", "price_new": 300, "price_old": 150, "width_m": 8, "pt_i": 30 }, "geometry": { "type": "Point", "coordinates": [ 99.919253277723257, 15.47360437757756 ] } },
{ "type": "Feature", "properties": { "road_key": "61000000ST318.5", "road_name": "คลองชลประทาน (คลองทัพทัน) ช่วงที่ 5", "road_no": "0", "aumpher": "อำเภอทัพทัน", "office": "สาขาเมือง", "branch_code": "61000000", "name_short": "None", "price_new": 300, "price_old": 150, "width_m": 8, "pt_i": 31 }, "geometry": { "type": "Point", "coordinates": [ 99.918931705030602, 15.474399984670104 ] } },
{ "type": "Feature", "properties": { "road_key": "61000000ST318.5", "road_name": "คลองชลประทาน (คลองทัพทัน) ช่วงที่ 5", "road_no": "0", "aumpher": "อำเภอทัพทัน", "office": "สาขาเมือง", "branch_code": "61000000", "name_short": "None", "price_new": 300, "price_old": 150, "width_m": 8, "pt_i": 32 }, "geometry": { "type": "Point", "coordinates": [ 99.919307248051396, 15.475404172820367 ] } },
{ "type": "Feature", "properties": { "road_key": "61000000ST318.5", "road_name": "คลองชลประทาน (คลองทัพทัน) ช่วงที่ 5", "road_no": "0", "aumpher": "อำเภอทัพทัน", "office": "สาขาเมือง", "branch_code": "61000000", "name_short": "None", "price_new": 300, "price_old": 150, "width_m": 8, "pt_i": 33 }, "geometry": { "type": "Point", "coordinates": [ 99.920131382725387, 15.476129369571307 ] } },
{ "type": "Feature", "properties": { "road_key": "61000000ST318.5", "road_name": "คลองชลประทาน (คลองทัพทัน) ช่วงที่ 5", "road_no": "0", "aumpher": "อำเภอทัพทัน", "office": "สาขาเมือง", "branch_code": "61000000", "name_short": "None", "price_new": 300, "price_old": 150, "width_m": 8, "pt_i": 34 }, "geometry": { "type": "Point", "coordinates": [ 99.920570714190504, 15.477104377710585 ] } },
{ "type": "Feature", "properties": { "road_key": "61000000ST318.5", "road_name": "คลองชลประทาน (คลองทัพทัน) ช่วงที่ 5", "road_no": "0", "aumpher": "อำเภอทัพทัน", "office": "สาขาเมือง", "branch_code": "61000000", "name_short": "None", "price_new": 300, "price_old": 150, "width_m": 8, "pt_i": 35 }, "geometry": { "type": "Point", "coordinates": [ 99.921300105226422, 15.477686992673872 ] } },
{ "type": "Feature", "properties": { "road_key": "61000000ST318.5", "road_name": "คลองชลประทาน (คลองทัพทัน) ช่วงที่ 5", "road_no": "0", "aumpher": "อำเภอทัพทัน", "office": "สาขาเมือง", "branch_code": "61000000", "name_short": "None", "price_new": 300, "price_old": 150, "width_m": 8, "pt_i": 36 }, "geometry": { "type": "Point", "coordinates": [ 99.921945200193008, 15.477052116815182 ] } },
{ "type": "Feature", "properties": { "road_key": "61000000ST318.5", "road_name": "คลองชลประทาน (คลองทัพทัน) ช่วงที่ 5", "road_no": "0", "aumpher": "อำเภอทัพทัน", "office": "สาขาเมือง", "branch_code": "61000000", "name_short": "None", "price_new": 300, "price_old": 150, "width_m": 8, "pt_i": 37 }, "geometry": { "type": "Point", "coordinates": [ 99.922391342813668, 15.476192246462588 ] } },
{ "type": "Feature", "properties": { "road_key": "61000000ST318.5", "road_name": "คลองชลประทาน (คลองทัพทัน) ช่วงที่ 5", "road_no": "0", "aumpher": "อำเภอทัพทัน", "office": "สาขาเมือง", "branch_code": "61000000", "name_short": "None", "price_new": 300, "price_old": 150, "width_m": 8, "pt_i": 38 }, "geometry": { "type": "Point", "coordinates": [ 99.923278809957466, 15.476727129576577 ] } },
{ "type": "Feature", "properties": { "road_key": "61000000ST318.5", "road_name": "คลองชลประทาน (คลองทัพทัน) ช่วงที่ 5", "road_no": "0", "aumpher": "อำเภอทัพทัน", "office": "สาขาเมือง", "branch_code": "61000000", "name_short": "None", "price_new": 300, "price_old": 150, "width_m": 8, "pt_i": 39 }, "geometry": { "type": "Point", "coordinates": [ 99.924050342652976, 15.477274053279842 ] } },
{ "type": "Feature", "properties": { "road_key": "61000000ST318.5", "road_name": "คลองชลประทาน (คลองทัพทัน) ช่วงที่ 5", "road_no": "0", "aumpher": "อำเภอทัพทัน", "office": "สาขาเมือง", "branch_code": "61000000", "name_short": "None", "price_new": 300, "price_old": 150, "width_m": 8, "pt_i": 40 }, "geometry": { "type": "Point", "coordinates": [ 99.925072202627035, 15.477092058054595 ] } },
{ "type": "Feature", "properties": { "road_key": "61000000ST318.5", "road_name": "คลองชลประทาน (คลองทัพทัน) ช่วงที่ 5", "road_no": "0", "aumpher": "อำเภอทัพทัน", "office": "สาขาเมือง", "branch_code": "61000000", "name_short": "None", "price_new": 300, "price_old": 150, "width_m": 8, "pt_i": 41 }, "geometry": { "type": "Point", "coordinates": [ 99.925770325197405, 15.47655900907095 ] } },
{ "type": "Feature", "properties": { "road_key": "61000000ST318.5", "road_name": "คลองชลประทาน (คลองทัพทัน) ช่วงที่ 5", "road_no": "0", "aumpher": "อำเภอทัพทัน", "office": "สาขาเมือง", "branch_code": "61000000", "name_short": "None", "price_new": 300, "price_old": 150, "width_m": 8, "pt_i": 42 }, "geometry": { "type": "Point", "coordinates": [ 99.926757295863922, 15.476434511139621 ] } },
{ "type": "Feature", "properties": { "road_key": "61000000ST318.5", "road_name": "คลองชลประทาน (คลองทัพทัน) ช่วงที่ 5", "road_no": "0", "aumpher": "อำเภอทัพทัน", "office": "สาขาเมือง", "branch_code": "61000000", "name_short": "None", "price_new": 300, "price_old": 150, "width_m": 8, "pt_i": 43 }, "geometry": { "type": "Point", "coordinates": [ 99.927111942908894, 15.475609370210943 ] } },
{ "type": "Feature", "properties": { "road_key": "61000000ST318.5", "road_name": "คลองชลประทาน (คลองทัพทัน) ช่วงที่ 5", "road_no": "0", "aumpher": "อำเภอทัพทัน", "office": "สาขาเมือง", "branch_code": "61000000", "name_short": "None", "price_new": 300, "price_old": 150, "width_m": 8, "pt_i": 44 }, "geometry": { "type": "Point", "coordinates": [ 99.928064974224327, 15.475203683481229 ] } },
{ "type": "Feature", "properties": { "road_key": "61000000ST318.5", "road_name": "คลองชลประทาน (คลองทัพทัน) ช่วงที่ 5", "road_no": "0", "aumpher": "อำเภอทัพทัน", "office": "สาขาเมือง", "branch_code": "61000000", "name_short": "None", "price_new": 300, "price_old": 150, "width_m": 8, "pt_i": 45 }, "geometry": { "type": "Point", "coordinates": [ 99.92911692441109, 15.475188411466025 ] } },
{ "type": "Feature", "properties": { "road_key": "61000000ST318.5", "road_name": "คลองชลประทาน (คลองทัพทัน) ช่วงที่ 5", "road_no": "0", "aumpher": "อำเภอทัพทัน", "office": "สาขาเมือง", "branch_code": "61000000", "name_short": "None", "price_new": 300, "price_old": 150, "width_m": 8, "pt_i": 46 }, "geometry": { "type": "Point", "coordinates": [ 99.93005055109451, 15.475744506105663 ] } },
{ "type": "Feature", "properties": { "road_key": "61000000ST318.5", "road_name": "คลองชลประทาน (คลองทัพทัน) ช่วงที่ 5", "road_no": "0", "aumpher": "อำเภอทัพทัน", "office": "สาขาเมือง", "branch_code": "61000000", "name_short": "None", "price_new": 300, "price_old": 150, "width_m": 8, "pt_i": 47 }, "geometry": { "type": "Point", "coordinates": [ 99.93082505869198, 15.476476976466765 ] } },
{ "type": "Feature", "properties": { "road_key": "61000000ST318.5", "road_name": "คลองชลประทาน (คลองทัพทัน) ช่วงที่ 5", "road_no": "0", "aumpher": "อำเภอทัพทัน", "office": "สาขาเมือง", "branch_code": "61000000", "name_short": "None", "price_new": 300, "price_old": 150, "width_m": 8, "pt_i": 48 }, "geometry": { "type": "Point", "coordinates": [ 99.931546491184093, 15.477135493418784 ] } },
{ "type": "Feature", "properties": { "road_key": "61000000ST318.5", "road_name": "คลองชลประทาน (คลองทัพทัน) ช่วงที่ 5", "road_no": "0", "aumpher": "อำเภอทัพทัน", "office": "สาขาเมือง", "branch_code": "61000000", "name_short": "None", "price_new": 300, "price_old": 150, "width_m": 8, "pt_i": 49 }, "geometry": { "type": "Point", "coordinates": [ 99.932242423584768, 15.476587968220777 ] } },
{ "type": "Feature", "properties": { "road_key": "61000000ST318.5", "road_name": "คลองชลประทาน (คลองทัพทัน) ช่วงที่ 5", "road_no": "0", "aumpher": "อำเภอทัพทัน", "office": "สาขาเมือง", "branch_code": "61000000", "name_short": "None", "price_new": 300, "price_old": 150, "width_m": 8, "pt_i": 50 }, "geometry": { "type": "Point", "coordinates": [ 99.932996175104392, 15.477350690647881 ] } },
{ "type": "Feature", "properties": { "road_key": "61000000ST318.5", "road_name": "คลองชลประทาน (คลองทัพทัน) ช่วงที่ 5", "road_no": "0", "aumpher": "อำเภอทัพทัน", "office": "สาขาเมือง", "branch_code": "61000000", "name_short": "None", "price_new": 300, "price_old": 150, "width_m": 8, "pt_i": 51 }, "geometry": { "type": "Point", "coordinates": [ 99.934019374952911, 15.477760421733226 ] } },
{ "type": "Feature", "properties": { "road_key": "61000000ST334", "road_name": "ถนนสายบ้านเขาลูกช้าง-บ้านโคกหม้อ (2)", "road_no": "0", "aumpher": "อำเภอทัพทัน", "office": "สาขาเมือง", "branch_code": "61000000", "name_short": "None", "price_new": 250, "price_old": 150, "width_m": 4, "pt_i": 0 }, "geometry": { "type": "Point", "coordinates": [ 99.903967599415509, 15.562592940192877 ] } },
{ "type": "Feature", "properties": { "road_key": "61000000ST334", "road_name": "ถนนสายบ้านเขาลูกช้าง-บ้านโคกหม้อ (2)", "road_no": "0", "aumpher": "อำเภอทัพทัน", "office": "สาขาเมือง", "branch_code": "61000000", "name_short": "None", "price_new": 250, "price_old": 150, "width_m": 4, "pt_i": 1 }, "geometry": { "type": "Point", "coordinates": [ 99.902922155070911, 15.562285299158734 ] } },
{ "type": "Feature", "properties": { "road_key": "61000000ST334", "road_name": "ถนนสายบ้านเขาลูกช้าง-บ้านโคกหม้อ (2)", "road_no": "0", "aumpher": "อำเภอทัพทัน", "office": "สาขาเมือง", "branch_code": "61000000", "name_short": "None", "price_new": 250, "price_old": 150, "width_m": 4, "pt_i": 2 }, "geometry": { "type": "Point", "coordinates": [ 99.902026753862827, 15.56163678846514 ] } },
{ "type": "Feature", "properties": { "road_key": "61000000ST334", "road_name": "ถนนสายบ้านเขาลูกช้าง-บ้านโคกหม้อ (2)", "road_no": "0", "aumpher": "อำเภอทัพทัน", "office": "สาขาเมือง", "branch_code": "61000000", "name_short": "None", "price_new": 250, "price_old": 150, "width_m": 4, "pt_i": 3 }, "geometry": { "type": "Point", "coordinates": [ 99.901220487235676, 15.560890389562019 ] } },
{ "type": "Feature", "properties": { "road_key": "61000000ST334", "road_name": "ถนนสายบ้านเขาลูกช้าง-บ้านโคกหม้อ (2)", "road_no": "0", "aumpher": "อำเภอทัพทัน", "office": "สาขาเมือง", "branch_code": "61000000", "name_short": "None", "price_new": 250, "price_old": 150, "width_m": 4, "pt_i": 4 }, "geometry": { "type": "Point", "coordinates": [ 99.900504357990314, 15.560057796861541 ] } },
{ "type": "Feature", "properties": { "road_key": "61000000ST334", "road_name": "ถนนสายบ้านเขาลูกช้าง-บ้านโคกหม้อ (2)", "road_no": "0", "aumpher": "อำเภอทัพทัน", "office": "สาขาเมือง", "branch_code": "61000000", "name_short": "None", "price_new": 250, "price_old": 150, "width_m": 4, "pt_i": 5 }, "geometry": { "type": "Point", "coordinates": [ 99.899988341950845, 15.559097252672911 ] } },
{ "type": "Feature", "properties": { "road_key": "61000000ST334", "road_name": "ถนนสายบ้านเขาลูกช้าง-บ้านโคกหม้อ (2)", "road_no": "0", "aumpher": "อำเภอทัพทัน", "office": "สาขาเมือง", "branch_code": "61000000", "name_short": "None", "price_new": 250, "price_old": 150, "width_m": 4, "pt_i": 6 }, "geometry": { "type": "Point", "coordinates": [ 99.899346018257887, 15.558210864810576 ] } },
{ "type": "Feature", "properties": { "road_key": "61000000ST334", "road_name": "ถนนสายบ้านเขาลูกช้าง-บ้านโคกหม้อ (2)", "road_no": "0", "aumpher": "อำเภอทัพทัน", "office": "สาขาเมือง", "branch_code": "61000000", "name_short": "None", "price_new": 250, "price_old": 150, "width_m": 4, "pt_i": 7 }, "geometry": { "type": "Point", "coordinates": [ 99.898559759910412, 15.557456642292573 ] } },
{ "type": "Feature", "properties": { "road_key": "61000000ST334", "road_name": "ถนนสายบ้านเขาลูกช้าง-บ้านโคกหม้อ (2)", "road_no": "0", "aumpher": "อำเภอทัพทัน", "office": "สาขาเมือง", "branch_code": "61000000", "name_short": "None", "price_new": 250, "price_old": 150, "width_m": 4, "pt_i": 8 }, "geometry": { "type": "Point", "coordinates": [ 99.898173736001425, 15.556439254056814 ] } },
{ "type": "Feature", "properties": { "road_key": "61000000ST334", "road_name": "ถนนสายบ้านเขาลูกช้าง-บ้านโคกหม้อ (2)", "road_no": "0", "aumpher": "อำเภอทัพทัน", "office": "สาขาเมือง", "branch_code": "61000000", "name_short": "None", "price_new": 250, "price_old": 150, "width_m": 4, "pt_i": 9 }, "geometry": { "type": "Point", "coordinates": [ 99.897721373528569, 15.555449146101816 ] } },
{ "type": "Feature", "properties": { "road_key": "61000000ST334", "road_name": "ถนนสายบ้านเขาลูกช้าง-บ้านโคกหม้อ (2)", "road_no": "0", "aumpher": "อำเภอทัพทัน", "office": "สาขาเมือง", "branch_code": "61000000", "name_short": "None", "price_new": 250, "price_old": 150, "width_m": 4, "pt_i": 10 }, "geometry": { "type": "Point", "coordinates": [ 99.897544177852339, 15.554385693681199 ] } },
{ "type": "Feature", "properties": { "road_key": "61000000ST334", "road_name": "ถนนสายบ้านเขาลูกช้าง-บ้านโคกหม้อ (2)", "road_no": "0", "aumpher": "อำเภอทัพทัน", "office": "สาขาเมือง", "branch_code": "61000000", "name_short": "None", "price_new": 250, "price_old": 150, "width_m": 4, "pt_i": 11 }, "geometry": { "type": "Point", "coordinates": [ 99.897050104334056, 15.553424457000819 ] } },
{ "type": "Feature", "properties": { "road_key": "61000000ST334", "road_name": "ถนนสายบ้านเขาลูกช้าง-บ้านโคกหม้อ (2)", "road_no": "0", "aumpher": "อำเภอทัพทัน", "office": "สาขาเมือง", "branch_code": "61000000", "name_short": "None", "price_new": 250, "price_old": 150, "width_m": 4, "pt_i": 12 }, "geometry": { "type": "Point", "coordinates": [ 99.896297988414304, 15.552646025512923 ] } },
{ "type": "Feature", "properties": { "road_key": "61000000ST334", "road_name": "ถนนสายบ้านเขาลูกช้าง-บ้านโคกหม้อ (2)", "road_no": "0", "aumpher": "อำเภอทัพทัน", "office": "สาขาเมือง", "branch_code": "61000000", "name_short": "None", "price_new": 250, "price_old": 150, "width_m": 4, "pt_i": 13 }, "geometry": { "type": "Point", "coordinates": [ 99.895921042732041, 15.551632389906043 ] } },
{ "type": "Feature", "properties": { "road_key": "61000000ST334", "road_name": "ถนนสายบ้านเขาลูกช้าง-บ้านโคกหม้อ (2)", "road_no": "0", "aumpher": "อำเภอทัพทัน", "office": "สาขาเมือง", "branch_code": "61000000", "name_short": "None", "price_new": 250, "price_old": 150, "width_m": 4, "pt_i": 14 }, "geometry": { "type": "Point", "coordinates": [ 99.895345940796048, 15.550702203404979 ] } },
{ "type": "Feature", "properties": { "road_key": "61000000ST334", "road_name": "ถนนสายบ้านเขาลูกช้าง-บ้านโคกหม้อ (2)", "road_no": "0", "aumpher": "อำเภอทัพทัน", "office": "สาขาเมือง", "branch_code": "61000000", "name_short": "None", "price_new": 250, "price_old": 150, "width_m": 4, "pt_i": 15 }, "geometry": { "type": "Point", "coordinates": [ 99.894652427032867, 15.54985914301661 ] } },
{ "type": "Feature", "properties": { "road_key": "61000000ST334", "road_name": "ถนนสายบ้านเขาลูกช้าง-บ้านโคกหม้อ (2)", "road_no": "0", "aumpher": "อำเภอทัพทัน", "office": "สาขาเมือง", "branch_code": "61000000", "name_short": "None", "price_new": 250, "price_old": 150, "width_m": 4, "pt_i": 16 }, "geometry": { "type": "Point", "coordinates": [ 99.894180463964616, 15.548941076476579 ] } },
{ "type": "Feature", "properties": { "road_key": "61000000ST334", "road_name": "ถนนสายบ้านเขาลูกช้าง-บ้านโคกหม้อ (2)", "road_no": "0", "aumpher": "อำเภอทัพทัน", "office": "สาขาเมือง", "branch_code": "61000000", "name_short": "None", "price_new": 250, "price_old": 150, "width_m": 4, "pt_i": 17 }, "geometry": { "type": "Point", "coordinates": [ 99.894409308454286, 15.547902718495507 ] } },
{ "type": "Feature", "properties": { "road_key": "61000000ST334", "road_name": "ถนนสายบ้านเขาลูกช้าง-บ้านโคกหม้อ (2)", "road_no": "0", "aumpher": "อำเภอทัพทัน", "office": "สาขาเมือง", "branch_code": "61000000", "name_short": "None", "price_new": 250, "price_old": 150, "width_m": 4, "pt_i": 18 }, "geometry": { "type": "Point", "coordinates": [ 99.894975980957454, 15.546996781678574 ] } },
{ "type": "Feature", "properties": { "road_key": "61000000ST334", "road_name": "ถนนสายบ้านเขาลูกช้าง-บ้านโคกหม้อ (2)", "road_no": "0", "aumpher": "อำเภอทัพทัน", "office": "สาขาเมือง", "branch_code": "61000000", "name_short": "None", "price_new": 250, "price_old": 150, "width_m": 4, "pt_i": 19 }, "geometry": { "type": "Point", "coordinates": [ 99.895748809457132, 15.546217360964608 ] } },
{ "type": "Feature", "properties": { "road_key": "61000000ST335", "road_name": "ถนนสายบ้านเขาลูกช้าง-บ้านโคกหม้อ (3)", "road_no": "0", "aumpher": "อำเภอทัพทัน", "office": "สาขาเมือง", "branch_code": "61000000", "name_short": "None", "price_new": 250, "price_old": 150, "width_m": 4, "pt_i": 0 }, "geometry": { "type": "Point", "coordinates": [ 99.903967599415509, 15.562592940192877 ] } },
{ "type": "Feature", "properties": { "road_key": "61000000ST335", "road_name": "ถนนสายบ้านเขาลูกช้าง-บ้านโคกหม้อ (3)", "road_no": "0", "aumpher": "อำเภอทัพทัน", "office": "สาขาเมือง", "branch_code": "61000000", "name_short": "None", "price_new": 250, "price_old": 150, "width_m": 4, "pt_i": 1 }, "geometry": { "type": "Point", "coordinates": [ 99.904849155533981, 15.563258842843601 ] } },
{ "type": "Feature", "properties": { "road_key": "61000000ST335", "road_name": "ถนนสายบ้านเขาลูกช้าง-บ้านโคกหม้อ (3)", "road_no": "0", "aumpher": "อำเภอทัพทัน", "office": "สาขาเมือง", "branch_code": "61000000", "name_short": "None", "price_new": 250, "price_old": 150, "width_m": 4, "pt_i": 2 }, "geometry": { "type": "Point", "coordinates": [ 99.905216955617462, 15.564268389789614 ] } },
{ "type": "Feature", "properties": { "road_key": "61000000ST335", "road_name": "ถนนสายบ้านเขาลูกช้าง-บ้านโคกหม้อ (3)", "road_no": "0", "aumpher": "อำเภอทัพทัน", "office": "สาขาเมือง", "branch_code": "61000000", "name_short": "None", "price_new": 250, "price_old": 150, "width_m": 4, "pt_i": 3 }, "geometry": { "type": "Point", "coordinates": [ 99.905607454871969, 15.565281751328037 ] } },
{ "type": "Feature", "properties": { "road_key": "61000000ST336", "road_name": "ถนนสายบ้านเขาลูกช้าง (2)", "road_no": "0", "aumpher": "อำเภอทัพทัน", "office": "สาขาเมือง", "branch_code": "61000000", "name_short": "None", "price_new": 250, "price_old": 150, "width_m": 4, "pt_i": 0 }, "geometry": { "type": "Point", "coordinates": [ 99.908239423433685, 15.579024945165994 ] } },
{ "type": "Feature", "properties": { "road_key": "61000000ST336", "road_name": "ถนนสายบ้านเขาลูกช้าง (2)", "road_no": "0", "aumpher": "อำเภอทัพทัน", "office": "สาขาเมือง", "branch_code": "61000000", "name_short": "None", "price_new": 250, "price_old": 150, "width_m": 4, "pt_i": 1 }, "geometry": { "type": "Point", "coordinates": [ 99.907629161736509, 15.578115649128174 ] } },
{ "type": "Feature", "properties": { "road_key": "61000000ST336", "road_name": "ถนนสายบ้านเขาลูกช้าง (2)", "road_no": "0", "aumpher": "อำเภอทัพทัน", "office": "สาขาเมือง", "branch_code": "61000000", "name_short": "None", "price_new": 250, "price_old": 150, "width_m": 4, "pt_i": 2 }, "geometry": { "type": "Point", "coordinates": [ 99.906999091177696, 15.577220280005424 ] } },
{ "type": "Feature", "properties": { "road_key": "61000000ST336", "road_name": "ถนนสายบ้านเขาลูกช้าง (2)", "road_no": "0", "aumpher": "อำเภอทัพทัน", "office": "สาขาเมือง", "branch_code": "61000000", "name_short": "None", "price_new": 250, "price_old": 150, "width_m": 4, "pt_i": 3 }, "geometry": { "type": "Point", "coordinates": [ 99.906880352456341, 15.576193882057456 ] } },
{ "type": "Feature", "properties": { "road_key": "61000000ST336", "road_name": "ถนนสายบ้านเขาลูกช้าง (2)", "road_no": "0", "aumpher": "อำเภอทัพทัน", "office": "สาขาเมือง", "branch_code": "61000000", "name_short": "None", "price_new": 250, "price_old": 150, "width_m": 4, "pt_i": 4 }, "geometry": { "type": "Point", "coordinates": [ 99.906976935104325, 15.575113164477436 ] } },
{ "type": "Feature", "properties": { "road_key": "61000000ST336", "road_name": "ถนนสายบ้านเขาลูกช้าง (2)", "road_no": "0", "aumpher": "อำเภอทัพทัน", "office": "สาขาเมือง", "branch_code": "61000000", "name_short": "None", "price_new": 250, "price_old": 150, "width_m": 4, "pt_i": 5 }, "geometry": { "type": "Point", "coordinates": [ 99.906963148947312, 15.574033836949368 ] } },
{ "type": "Feature", "properties": { "road_key": "61000000ST336", "road_name": "ถนนสายบ้านเขาลูกช้าง (2)", "road_no": "0", "aumpher": "อำเภอทัพทัน", "office": "สาขาเมือง", "branch_code": "61000000", "name_short": "None", "price_new": 250, "price_old": 150, "width_m": 4, "pt_i": 6 }, "geometry": { "type": "Point", "coordinates": [ 99.90677383800714, 15.57296505049109 ] } },
{ "type": "Feature", "properties": { "road_key": "61000000ST336", "road_name": "ถนนสายบ้านเขาลูกช้าง (2)", "road_no": "0", "aumpher": "อำเภอทัพทัน", "office": "สาขาเมือง", "branch_code": "61000000", "name_short": "None", "price_new": 250, "price_old": 150, "width_m": 4, "pt_i": 7 }, "geometry": { "type": "Point", "coordinates": [ 99.906013269573009, 15.572412541403489 ] } },
{ "type": "Feature", "properties": { "road_key": "61000000ST336", "road_name": "ถนนสายบ้านเขาลูกช้าง (2)", "road_no": "0", "aumpher": "อำเภอทัพทัน", "office": "สาขาเมือง", "branch_code": "61000000", "name_short": "None", "price_new": 250, "price_old": 150, "width_m": 4, "pt_i": 8 }, "geometry": { "type": "Point", "coordinates": [ 99.905187414990351, 15.572330359680853 ] } },
{ "type": "Feature", "properties": { "road_key": "61000000ST336", "road_name": "ถนนสายบ้านเขาลูกช้าง (2)", "road_no": "0", "aumpher": "อำเภอทัพทัน", "office": "สาขาเมือง", "branch_code": "61000000", "name_short": "None", "price_new": 250, "price_old": 150, "width_m": 4, "pt_i": 9 }, "geometry": { "type": "Point", "coordinates": [ 99.904813846662634, 15.571307816119267 ] } },
{ "type": "Feature", "properties": { "road_key": "61000000ST336", "road_name": "ถนนสายบ้านเขาลูกช้าง (2)", "road_no": "0", "aumpher": "อำเภอทัพทัน", "office": "สาขาเมือง", "branch_code": "61000000", "name_short": "None", "price_new": 250, "price_old": 150, "width_m": 4, "pt_i": 10 }, "geometry": { "type": "Point", "coordinates": [ 99.904430675007845, 15.570289055152774 ] } },
{ "type": "Feature", "properties": { "road_key": "61000000ST336", "road_name": "ถนนสายบ้านเขาลูกช้าง (2)", "road_no": "0", "aumpher": "อำเภอทัพทัน", "office": "สาขาเมือง", "branch_code": "61000000", "name_short": "None", "price_new": 250, "price_old": 150, "width_m": 4, "pt_i": 11 }, "geometry": { "type": "Point", "coordinates": [ 99.903933141024623, 15.569319489233585 ] } },
{ "type": "Feature", "properties": { "road_key": "61000000ST336", "road_name": "ถนนสายบ้านเขาลูกช้าง (2)", "road_no": "0", "aumpher": "อำเภอทัพทัน", "office": "สาขาเมือง", "branch_code": "61000000", "name_short": "None", "price_new": 250, "price_old": 150, "width_m": 4, "pt_i": 12 }, "geometry": { "type": "Point", "coordinates": [ 99.903321380976763, 15.568411213751508 ] } },
{ "type": "Feature", "properties": { "road_key": "61000000ST336", "road_name": "ถนนสายบ้านเขาลูกช้าง (2)", "road_no": "0", "aumpher": "อำเภอทัพทัน", "office": "สาขาเมือง", "branch_code": "61000000", "name_short": "None", "price_new": 250, "price_old": 150, "width_m": 4, "pt_i": 13 }, "geometry": { "type": "Point", "coordinates": [ 99.90271074390634, 15.567504895462234 ] } },
{ "type": "Feature", "properties": { "road_key": "61000000ST336", "road_name": "ถนนสายบ้านเขาลูกช้าง (2)", "road_no": "0", "aumpher": "อำเภอทัพทัน", "office": "สาขาเมือง", "branch_code": "61000000", "name_short": "None", "price_new": 250, "price_old": 150, "width_m": 4, "pt_i": 14 }, "geometry": { "type": "Point", "coordinates": [ 99.902187761214449, 15.56655967460952 ] } },
{ "type": "Feature", "properties": { "road_key": "61000000ST336", "road_name": "ถนนสายบ้านเขาลูกช้าง (2)", "road_no": "0", "aumpher": "อำเภอทัพทัน", "office": "สาขาเมือง", "branch_code": "61000000", "name_short": "None", "price_new": 250, "price_old": 150, "width_m": 4, "pt_i": 15 }, "geometry": { "type": "Point", "coordinates": [ 99.903170162976764, 15.566239100432808 ] } },
{ "type": "Feature", "properties": { "road_key": "61000000ST336", "road_name": "ถนนสายบ้านเขาลูกช้าง (2)", "road_no": "0", "aumpher": "อำเภอทัพทัน", "office": "สาขาเมือง", "branch_code": "61000000", "name_short": "None", "price_new": 250, "price_old": 150, "width_m": 4, "pt_i": 16 }, "geometry": { "type": "Point", "coordinates": [ 99.90424264865355, 15.565938126186222 ] } },
{ "type": "Feature", "properties": { "road_key": "61000000ST336", "road_name": "ถนนสายบ้านเขาลูกช้าง (2)", "road_no": "0", "aumpher": "อำเภอทัพทัน", "office": "สาขาเมือง", "branch_code": "61000000", "name_short": "None", "price_new": 250, "price_old": 150, "width_m": 4, "pt_i": 17 }, "geometry": { "type": "Point", "coordinates": [ 99.905285200097637, 15.565551791530956 ] } },
{ "type": "Feature", "properties": { "road_key": "61000000ST336", "road_name": "ถนนสายบ้านเขาลูกช้าง (2)", "road_no": "0", "aumpher": "อำเภอทัพทัน", "office": "สาขาเมือง", "branch_code": "61000000", "name_short": "None", "price_new": 250, "price_old": 150, "width_m": 4, "pt_i": 18 }, "geometry": { "type": "Point", "coordinates": [ 99.906382535027248, 15.565339707484279 ] } },
{ "type": "Feature", "properties": { "road_key": "61000000ST336", "road_name": "ถนนสายบ้านเขาลูกช้าง (2)", "road_no": "0", "aumpher": "อำเภอทัพทัน", "office": "สาขาเมือง", "branch_code": "61000000", "name_short": "None", "price_new": 250, "price_old": 150, "width_m": 4, "pt_i": 19 }, "geometry": { "type": "Point", "coordinates": [ 99.907471903608041, 15.565091589094539 ] } },
{ "type": "Feature", "properties": { "road_key": "61000000ST336", "road_name": "ถนนสายบ้านเขาลูกช้าง (2)", "road_no": "0", "aumpher": "อำเภอทัพทัน", "office": "สาขาเมือง", "branch_code": "61000000", "name_short": "None", "price_new": 250, "price_old": 150, "width_m": 4, "pt_i": 20 }, "geometry": { "type": "Point", "coordinates": [ 99.90855011571324, 15.564805220632884 ] } },
{ "type": "Feature", "properties": { "road_key": "61000000ST336", "road_name": "ถนนสายบ้านเขาลูกช้าง (2)", "road_no": "0", "aumpher": "อำเภอทัพทัน", "office": "สาขาเมือง", "branch_code": "61000000", "name_short": "None", "price_new": 250, "price_old": 150, "width_m": 4, "pt_i": 21 }, "geometry": { "type": "Point", "coordinates": [ 99.909594420326158, 15.564415394995908 ] } },
{ "type": "Feature", "properties": { "road_key": "61000000ST336", "road_name": "ถนนสายบ้านเขาลูกช้าง (2)", "road_no": "0", "aumpher": "อำเภอทัพทัน", "office": "สาขาเมือง", "branch_code": "61000000", "name_short": "None", "price_new": 250, "price_old": 150, "width_m": 4, "pt_i": 22 }, "geometry": { "type": "Point", "coordinates": [ 99.910668946123337, 15.564116020486706 ] } },
{ "type": "Feature", "properties": { "road_key": "61000000ST336", "road_name": "ถนนสายบ้านเขาลูกช้าง (2)", "road_no": "0", "aumpher": "อำเภอทัพทัน", "office": "สาขาเมือง", "branch_code": "61000000", "name_short": "None", "price_new": 250, "price_old": 150, "width_m": 4, "pt_i": 23 }, "geometry": { "type": "Point", "coordinates": [ 99.911585792822478, 15.564217181008853 ] } },
{ "type": "Feature", "properties": { "road_key": "61000000ST336", "road_name": "ถนนสายบ้านเขาลูกช้าง (2)", "road_no": "0", "aumpher": "อำเภอทัพทัน", "office": "สาขาเมือง", "branch_code": "61000000", "name_short": "None", "price_new": 250, "price_old": 150, "width_m": 4, "pt_i": 24 }, "geometry": { "type": "Point", "coordinates": [ 99.912556496827193, 15.564314245019194 ] } },
{ "type": "Feature", "properties": { "road_key": "61000000ST336", "road_name": "ถนนสายบ้านเขาลูกช้าง (2)", "road_no": "0", "aumpher": "อำเภอทัพทัน", "office": "สาขาเมือง", "branch_code": "61000000", "name_short": "None", "price_new": 250, "price_old": 150, "width_m": 4, "pt_i": 25 }, "geometry": { "type": "Point", "coordinates": [ 99.913650700501577, 15.564086895270666 ] } },
{ "type": "Feature", "properties": { "road_key": "61000000ST336", "road_name": "ถนนสายบ้านเขาลูกช้าง (2)", "road_no": "0", "aumpher": "อำเภอทัพทัน", "office": "สาขาเมือง", "branch_code": "61000000", "name_short": "None", "price_new": 250, "price_old": 150, "width_m": 4, "pt_i": 26 }, "geometry": { "type": "Point", "coordinates": [ 99.914749955134653, 15.563884609670614 ] } },
{ "type": "Feature", "properties": { "road_key": "61000000ST336", "road_name": "ถนนสายบ้านเขาลูกช้าง (2)", "road_no": "0", "aumpher": "อำเภอทัพทัน", "office": "สาขาเมือง", "branch_code": "61000000", "name_short": "None", "price_new": 250, "price_old": 150, "width_m": 4, "pt_i": 27 }, "geometry": { "type": "Point", "coordinates": [ 99.915851956785943, 15.563695957509848 ] } },
{ "type": "Feature", "properties": { "road_key": "61000000ST336", "road_name": "ถนนสายบ้านเขาลูกช้าง (2)", "road_no": "0", "aumpher": "อำเภอทัพทัน", "office": "สาขาเมือง", "branch_code": "61000000", "name_short": "None", "price_new": 250, "price_old": 150, "width_m": 4, "pt_i": 28 }, "geometry": { "type": "Point", "coordinates": [ 99.916964368803519, 15.563639367483097 ] } },
{ "type": "Feature", "properties": { "road_key": "61000000ST345", "road_name": "ถนนสายบ้านรถฟ้า-บ้านหนองหญ้าปล้อง", "road_no": "0", "aumpher": "อำเภอทัพทัน", "office": "สาขาเมือง", "branch_code": "61000000", "name_short": "None", "price_new": 250, "price_old": 150, "width_m": 4, "pt_i": 0 }, "geometry": { "type": "Point", "coordinates": [ 99.878678383574709, 15.490157488723737 ] } },
{ "type": "Feature", "properties": { "road_key": "61000000ST345", "road_name": "ถนนสายบ้านรถฟ้า-บ้านหนองหญ้าปล้อง", "road_no": "0", "aumpher": "อำเภอทัพทัน", "office": "สาขาเมือง", "branch_code": "61000000", "name_short": "None", "price_new": 250, "price_old": 150, "width_m": 4, "pt_i": 1 }, "geometry": { "type": "Point", "coordinates": [ 99.879011258726266, 15.491193131282548 ] } },
{ "type": "Feature", "properties": { "road_key": "61000000ST345", "road_name": "ถนนสายบ้านรถฟ้า-บ้านหนองหญ้าปล้อง", "road_no": "0", "aumpher": "อำเภอทัพทัน", "office": "สาขาเมือง", "branch_code": "61000000", "name_short": "None", "price_new": 250, "price_old": 150, "width_m": 4, "pt_i": 2 }, "geometry": { "type": "Point", "coordinates": [ 99.879556382046914, 15.492136039075074 ] } },
{ "type": "Feature", "properties": { "road_key": "61000000ST345", "road_name": "ถนนสายบ้านรถฟ้า-บ้านหนองหญ้าปล้อง", "road_no": "0", "aumpher": "อำเภอทัพทัน", "office": "สาขาเมือง", "branch_code": "61000000", "name_short": "None", "price_new": 250, "price_old": 150, "width_m": 4, "pt_i": 3 }, "geometry": { "type": "Point", "coordinates": [ 99.880141322453582, 15.493060706467498 ] } },
{ "type": "Feature", "properties": { "road_key": "61000000ST345", "road_name": "ถนนสายบ้านรถฟ้า-บ้านหนองหญ้าปล้อง", "road_no": "0", "aumpher": "อำเภอทัพทัน", "office": "สาขาเมือง", "branch_code": "61000000", "name_short": "None", "price_new": 250, "price_old": 150, "width_m": 4, "pt_i": 4 }, "geometry": { "type": "Point", "coordinates": [ 99.880752142517139, 15.493966741107746 ] } },
{ "type": "Feature", "properties": { "road_key": "61000000ST345", "road_name": "ถนนสายบ้านรถฟ้า-บ้านหนองหญ้าปล้อง", "road_no": "0", "aumpher": "อำเภอทัพทัน", "office": "สาขาเมือง", "branch_code": "61000000", "name_short": "None", "price_new": 250, "price_old": 150, "width_m": 4, "pt_i": 5 }, "geometry": { "type": "Point", "coordinates": [ 99.881500182581519, 15.494773334228805 ] } },
{ "type": "Feature", "properties": { "road_key": "61000000ST345", "road_name": "ถนนสายบ้านรถฟ้า-บ้านหนองหญ้าปล้อง", "road_no": "0", "aumpher": "อำเภอทัพทัน", "office": "สาขาเมือง", "branch_code": "61000000", "name_short": "None", "price_new": 250, "price_old": 150, "width_m": 4, "pt_i": 6 }, "geometry": { "type": "Point", "coordinates": [ 99.882413146563536, 15.495367374904639 ] } },
{ "type": "Feature", "properties": { "road_key": "61000000ST345", "road_name": "ถนนสายบ้านรถฟ้า-บ้านหนองหญ้าปล้อง", "road_no": "0", "aumpher": "อำเภอทัพทัน", "office": "สาขาเมือง", "branch_code": "61000000", "name_short": "None", "price_new": 250, "price_old": 150, "width_m": 4, "pt_i": 7 }, "geometry": { "type": "Point", "coordinates": [ 99.883435514276258, 15.494962372148837 ] } },
{ "type": "Feature", "properties": { "road_key": "61000000ST345", "road_name": "ถนนสายบ้านรถฟ้า-บ้านหนองหญ้าปล้อง", "road_no": "0", "aumpher": "อำเภอทัพทัน", "office": "สาขาเมือง", "branch_code": "61000000", "name_short": "None", "price_new": 250, "price_old": 150, "width_m": 4, "pt_i": 8 }, "geometry": { "type": "Point", "coordinates": [ 99.88450000963951, 15.494633862264953 ] } },
{ "type": "Feature", "properties": { "road_key": "61000000ST345", "road_name": "ถนนสายบ้านรถฟ้า-บ้านหนองหญ้าปล้อง", "road_no": "0", "aumpher": "อำเภอทัพทัน", "office": "สาขาเมือง", "branch_code": "61000000", "name_short": "None", "price_new": 250, "price_old": 150, "width_m": 4, "pt_i": 9 }, "geometry": { "type": "Point", "coordinates": [ 99.885539974735664, 15.494993471639582 ] } },
{ "type": "Feature", "properties": { "road_key": "61000000ST345", "road_name": "ถนนสายบ้านรถฟ้า-บ้านหนองหญ้าปล้อง", "road_no": "0", "aumpher": "อำเภอทัพทัน", "office": "สาขาเมือง", "branch_code": "61000000", "name_short": "None", "price_new": 250, "price_old": 150, "width_m": 4, "pt_i": 10 }, "geometry": { "type": "Point", "coordinates": [ 99.886633760341397, 15.495216734758955 ] } },
{ "type": "Feature", "properties": { "road_key": "61000000ST345", "road_name": "ถนนสายบ้านรถฟ้า-บ้านหนองหญ้าปล้อง", "road_no": "0", "aumpher": "อำเภอทัพทัน", "office": "สาขาเมือง", "branch_code": "61000000", "name_short": "None", "price_new": 250, "price_old": 150, "width_m": 4, "pt_i": 11 }, "geometry": { "type": "Point", "coordinates": [ 99.887610431427362, 15.495706980577449 ] } },
{ "type": "Feature", "properties": { "road_key": "61000000ST345", "road_name": "ถนนสายบ้านรถฟ้า-บ้านหนองหญ้าปล้อง", "road_no": "0", "aumpher": "อำเภอทัพทัน", "office": "สาขาเมือง", "branch_code": "61000000", "name_short": "None", "price_new": 250, "price_old": 150, "width_m": 4, "pt_i": 12 }, "geometry": { "type": "Point", "coordinates": [ 99.888578976144842, 15.496217057454237 ] } },
{ "type": "Feature", "properties": { "road_key": "61000000ST345", "road_name": "ถนนสายบ้านรถฟ้า-บ้านหนองหญ้าปล้อง", "road_no": "0", "aumpher": "อำเภอทัพทัน", "office": "สาขาเมือง", "branch_code": "61000000", "name_short": "None", "price_new": 250, "price_old": 150, "width_m": 4, "pt_i": 13 }, "geometry": { "type": "Point", "coordinates": [ 99.889661407091381, 15.496475743482918 ] } },
{ "type": "Feature", "properties": { "road_key": "61000000ST345", "road_name": "ถนนสายบ้านรถฟ้า-บ้านหนองหญ้าปล้อง", "road_no": "0", "aumpher": "อำเภอทัพทัน", "office": "สาขาเมือง", "branch_code": "61000000", "name_short": "None", "price_new": 250, "price_old": 150, "width_m": 4, "pt_i": 14 }, "geometry": { "type": "Point", "coordinates": [ 99.890774904275233, 15.496564311117957 ] } },
{ "type": "Feature", "properties": { "road_key": "61000000ST345", "road_name": "ถนนสายบ้านรถฟ้า-บ้านหนองหญ้าปล้อง", "road_no": "0", "aumpher": "อำเภอทัพทัน", "office": "สาขาเมือง", "branch_code": "61000000", "name_short": "None", "price_new": 250, "price_old": 150, "width_m": 4, "pt_i": 15 }, "geometry": { "type": "Point", "coordinates": [ 99.89184991445785, 15.496804663698112 ] } },
{ "type": "Feature", "properties": { "road_key": "61000000ST345", "road_name": "ถนนสายบ้านรถฟ้า-บ้านหนองหญ้าปล้อง", "road_no": "0", "aumpher": "อำเภอทัพทัน", "office": "สาขาเมือง", "branch_code": "61000000", "name_short": "None", "price_new": 250, "price_old": 150, "width_m": 4, "pt_i": 16 }, "geometry": { "type": "Point", "coordinates": [ 99.892901094921328, 15.49717549753405 ] } },
{ "type": "Feature", "properties": { "road_key": "61000000ST345", "road_name": "ถนนสายบ้านรถฟ้า-บ้านหนองหญ้าปล้อง", "road_no": "0", "aumpher": "อำเภอทัพทัน", "office": "สาขาเมือง", "branch_code": "61000000", "name_short": "None", "price_new": 250, "price_old": 150, "width_m": 4, "pt_i": 17 }, "geometry": { "type": "Point", "coordinates": [ 99.893987981942828, 15.497373243398515 ] } },
{ "type": "Feature", "properties": { "road_key": "61000000ST345", "road_name": "ถนนสายบ้านรถฟ้า-บ้านหนองหญ้าปล้อง", "road_no": "0", "aumpher": "อำเภอทัพทัน", "office": "สาขาเมือง", "branch_code": "61000000", "name_short": "None", "price_new": 250, "price_old": 150, "width_m": 4, "pt_i": 18 }, "geometry": { "type": "Point", "coordinates": [ 99.895077862984252, 15.497171398129977 ] } },
{ "type": "Feature", "properties": { "road_key": "61000000ST345", "road_name": "ถนนสายบ้านรถฟ้า-บ้านหนองหญ้าปล้อง", "road_no": "0", "aumpher": "อำเภอทัพทัน", "office": "สาขาเมือง", "branch_code": "61000000", "name_short": "None", "price_new": 250, "price_old": 150, "width_m": 4, "pt_i": 19 }, "geometry": { "type": "Point", "coordinates": [ 99.896196553991729, 15.497166867470352 ] } },
{ "type": "Feature", "properties": { "road_key": "61000000ST345", "road_name": "ถนนสายบ้านรถฟ้า-บ้านหนองหญ้าปล้อง", "road_no": "0", "aumpher": "อำเภอทัพทัน", "office": "สาขาเมือง", "branch_code": "61000000", "name_short": "None", "price_new": 250, "price_old": 150, "width_m": 4, "pt_i": 20 }, "geometry": { "type": "Point", "coordinates": [ 99.897310040949108, 15.497262378262981 ] } },
{ "type": "Feature", "properties": { "road_key": "61000000ST345", "road_name": "ถนนสายบ้านรถฟ้า-บ้านหนองหญ้าปล้อง", "road_no": "0", "aumpher": "อำเภอทัพทัน", "office": "สาขาเมือง", "branch_code": "61000000", "name_short": "None", "price_new": 250, "price_old": 150, "width_m": 4, "pt_i": 21 }, "geometry": { "type": "Point", "coordinates": [ 99.898413698241001, 15.497438089841138 ] } },
{ "type": "Feature", "properties": { "road_key": "61000000ST345", "road_name": "ถนนสายบ้านรถฟ้า-บ้านหนองหญ้าปล้อง", "road_no": "0", "aumpher": "อำเภอทัพทัน", "office": "สาขาเมือง", "branch_code": "61000000", "name_short": "None", "price_new": 250, "price_old": 150, "width_m": 4, "pt_i": 22 }, "geometry": { "type": "Point", "coordinates": [ 99.8995099496683, 15.497650837746775 ] } },
{ "type": "Feature", "properties": { "road_key": "61000000ST345", "road_name": "ถนนสายบ้านรถฟ้า-บ้านหนองหญ้าปล้อง", "road_no": "0", "aumpher": "อำเภอทัพทัน", "office": "สาขาเมือง", "branch_code": "61000000", "name_short": "None", "price_new": 250, "price_old": 150, "width_m": 4, "pt_i": 23 }, "geometry": { "type": "Point", "coordinates": [ 99.90046852698022, 15.49817145262544 ] } },
{ "type": "Feature", "properties": { "road_key": "61000000ST345", "road_name": "ถนนสายบ้านรถฟ้า-บ้านหนองหญ้าปล้อง", "road_no": "0", "aumpher": "อำเภอทัพทัน", "office": "สาขาเมือง", "branch_code": "61000000", "name_short": "None", "price_new": 250, "price_old": 150, "width_m": 4, "pt_i": 24 }, "geometry": { "type": "Point", "coordinates": [ 99.901362034932845, 15.498824196737099 ] } },
{ "type": "Feature", "properties": { "road_key": "61000000ST345", "road_name": "ถนนสายบ้านรถฟ้า-บ้านหนองหญ้าปล้อง", "road_no": "0", "aumpher": "อำเภอทัพทัน", "office": "สาขาเมือง", "branch_code": "61000000", "name_short": "None", "price_new": 250, "price_old": 150, "width_m": 4, "pt_i": 25 }, "geometry": { "type": "Point", "coordinates": [ 99.902310006743605, 15.4994001893412 ] } },
{ "type": "Feature", "properties": { "road_key": "61000000ST345", "road_name": "ถนนสายบ้านรถฟ้า-บ้านหนองหญ้าปล้อง", "road_no": "0", "aumpher": "อำเภอทัพทัน", "office": "สาขาเมือง", "branch_code": "61000000", "name_short": "None", "price_new": 250, "price_old": 150, "width_m": 4, "pt_i": 26 }, "geometry": { "type": "Point", "coordinates": [ 99.903387343106914, 15.499537153979844 ] } },
{ "type": "Feature", "properties": { "road_key": "61000000ST345", "road_name": "ถนนสายบ้านรถฟ้า-บ้านหนองหญ้าปล้อง", "road_no": "0", "aumpher": "อำเภอทัพทัน", "office": "สาขาเมือง", "branch_code": "61000000", "name_short": "None", "price_new": 250, "price_old": 150, "width_m": 4, "pt_i": 27 }, "geometry": { "type": "Point", "coordinates": [ 99.904386446242725, 15.499071033848885 ] } },
{ "type": "Feature", "properties": { "road_key": "61000000ST345", "road_name": "ถนนสายบ้านรถฟ้า-บ้านหนองหญ้าปล้อง", "road_no": "0", "aumpher": "อำเภอทัพทัน", "office": "สาขาเมือง", "branch_code": "61000000", "name_short": "None", "price_new": 250, "price_old": 150, "width_m": 4, "pt_i": 28 }, "geometry": { "type": "Point", "coordinates": [ 99.905287727124986, 15.498428750765969 ] } },
{ "type": "Feature", "properties": { "road_key": "61000000ST345", "road_name": "ถนนสายบ้านรถฟ้า-บ้านหนองหญ้าปล้อง", "road_no": "0", "aumpher": "อำเภอทัพทัน", "office": "สาขาเมือง", "branch_code": "61000000", "name_short": "None", "price_new": 250, "price_old": 150, "width_m": 4, "pt_i": 29 }, "geometry": { "type": "Point", "coordinates": [ 99.906039055621733, 15.49762536287688 ] } },
{ "type": "Feature", "properties": { "road_key": "61000000ST346", "road_name": "ถนนสายบ้านดอนใหญ่", "road_no": "0", "aumpher": "อำเภอทัพทัน", "office": "สาขาเมือง", "branch_code": "61000000", "name_short": "None", "price_new": 200, "price_old": 150, "width_m": 4, "pt_i": 0 }, "geometry": { "type": "Point", "coordinates": [ 99.944638987721135, 15.446227807574303 ] } },
{ "type": "Feature", "properties": { "road_key": "61000000ST346", "road_name": "ถนนสายบ้านดอนใหญ่", "road_no": "0", "aumpher": "อำเภอทัพทัน", "office": "สาขาเมือง", "branch_code": "61000000", "name_short": "None", "price_new": 200, "price_old": 150, "width_m": 4, "pt_i": 1 }, "geometry": { "type": "Point", "coordinates": [ 99.94564855088268, 15.445866616279528 ] } },
{ "type": "Feature", "properties": { "road_key": "61000000ST346", "road_name": "ถนนสายบ้านดอนใหญ่", "road_no": "0", "aumpher": "อำเภอทัพทัน", "office": "สาขาเมือง", "branch_code": "61000000", "name_short": "None", "price_new": 200, "price_old": 150, "width_m": 4, "pt_i": 2 }, "geometry": { "type": "Point", "coordinates": [ 99.946708365371265, 15.445552805338055 ] } },
{ "type": "Feature", "properties": { "road_key": "61000000ST346", "road_name": "ถนนสายบ้านดอนใหญ่", "road_no": "0", "aumpher": "อำเภอทัพทัน", "office": "สาขาเมือง", "branch_code": "61000000", "name_short": "None", "price_new": 200, "price_old": 150, "width_m": 4, "pt_i": 3 }, "geometry": { "type": "Point", "coordinates": [ 99.947787677879134, 15.44529604015038 ] } },
{ "type": "Feature", "properties": { "road_key": "61000000ST346", "road_name": "ถนนสายบ้านดอนใหญ่", "road_no": "0", "aumpher": "อำเภอทัพทัน", "office": "สาขาเมือง", "branch_code": "61000000", "name_short": "None", "price_new": 200, "price_old": 150, "width_m": 4, "pt_i": 4 }, "geometry": { "type": "Point", "coordinates": [ 99.948878646647728, 15.445427849026487 ] } },
{ "type": "Feature", "properties": { "road_key": "61000000ST346", "road_name": "ถนนสายบ้านดอนใหญ่", "road_no": "0", "aumpher": "อำเภอทัพทัน", "office": "สาขาเมือง", "branch_code": "61000000", "name_short": "None", "price_new": 200, "price_old": 150, "width_m": 4, "pt_i": 5 }, "geometry": { "type": "Point", "coordinates": [ 99.949901213512248, 15.445854361561791 ] } },
{ "type": "Feature", "properties": { "road_key": "61000000ST346", "road_name": "ถนนสายบ้านดอนใหญ่", "road_no": "0", "aumpher": "อำเภอทัพทัน", "office": "สาขาเมือง", "branch_code": "61000000", "name_short": "None", "price_new": 200, "price_old": 150, "width_m": 4, "pt_i": 6 }, "geometry": { "type": "Point", "coordinates": [ 99.950948510809354, 15.446222167808022 ] } },
{ "type": "Feature", "properties": { "road_key": "61000000ST346", "road_name": "ถนนสายบ้านดอนใหญ่", "road_no": "0", "aumpher": "อำเภอทัพทัน", "office": "สาขาเมือง", "branch_code": "61000000", "name_short": "None", "price_new": 200, "price_old": 150, "width_m": 4, "pt_i": 7 }, "geometry": { "type": "Point", "coordinates": [ 99.951896409080732, 15.446797818506562 ] } },
{ "type": "Feature", "properties": { "road_key": "61000000ST346", "road_name": "ถนนสายบ้านดอนใหญ่", "road_no": "0", "aumpher": "อำเภอทัพทัน", "office": "สาขาเมือง", "branch_code": "61000000", "name_short": "None", "price_new": 200, "price_old": 150, "width_m": 4, "pt_i": 8 }, "geometry": { "type": "Point", "coordinates": [ 99.952836569949653, 15.447385356132397 ] } },
{ "type": "Feature", "properties": { "road_key": "61000000ST346", "road_name": "ถนนสายบ้านดอนใหญ่", "road_no": "0", "aumpher": "อำเภอทัพทัน", "office": "สาขาเมือง", "branch_code": "61000000", "name_short": "None", "price_new": 200, "price_old": 150, "width_m": 4, "pt_i": 9 }, "geometry": { "type": "Point", "coordinates": [ 99.953948880493826, 15.447356039066241 ] } },
{ "type": "Feature", "properties": { "road_key": "61000000ST346", "road_name": "ถนนสายบ้านดอนใหญ่", "road_no": "0", "aumpher": "อำเภอทัพทัน", "office": "สาขาเมือง", "branch_code": "61000000", "name_short": "None", "price_new": 200, "price_old": 150, "width_m": 4, "pt_i": 10 }, "geometry": { "type": "Point", "coordinates": [ 99.955040975726135, 15.447326094215557 ] } },
{ "type": "Feature", "properties": { "road_key": "61000000ST346", "road_name": "ถนนสายบ้านดอนใหญ่", "road_no": "0", "aumpher": "อำเภอทัพทัน", "office": "สาขาเมือง", "branch_code": "61000000", "name_short": "None", "price_new": 200, "price_old": 150, "width_m": 4, "pt_i": 11 }, "geometry": { "type": "Point", "coordinates": [ 99.955768727709327, 15.448058648567368 ] } },
{ "type": "Feature", "properties": { "road_key": "61000000ST346", "road_name": "ถนนสายบ้านดอนใหญ่", "road_no": "0", "aumpher": "อำเภอทัพทัน", "office": "สาขาเมือง", "branch_code": "61000000", "name_short": "None", "price_new": 200, "price_old": 150, "width_m": 4, "pt_i": 12 }, "geometry": { "type": "Point", "coordinates": [ 99.95628533600285, 15.449016930461516 ] } },
{ "type": "Feature", "properties": { "road_key": "61000000ST359", "road_name": "ถนนสายบ้านหนองกระดี่-บ้านป่าเรไร", "road_no": "0", "aumpher": "อำเภอทัพทัน", "office": "สาขาเมือง", "branch_code": "61000000", "name_short": "None", "price_new": 250, "price_old": 150, "width_m": 4, "pt_i": 0 }, "geometry": { "type": "Point", "coordinates": [ 99.889588744410304, 15.516263041313254 ] } },
{ "type": "Feature", "properties": { "road_key": "61000000ST359", "road_name": "ถนนสายบ้านหนองกระดี่-บ้านป่าเรไร", "road_no": "0", "aumpher": "อำเภอทัพทัน", "office": "สาขาเมือง", "branch_code": "61000000", "name_short": "None", "price_new": 250, "price_old": 150, "width_m": 4, "pt_i": 1 }, "geometry": { "type": "Point", "coordinates": [ 99.888754380420878, 15.516910125533096 ] } },
{ "type": "Feature", "properties": { "road_key": "61000000ST359", "road_name": "ถนนสายบ้านหนองกระดี่-บ้านป่าเรไร", "road_no": "0", "aumpher": "อำเภอทัพทัน", "office": "สาขาเมือง", "branch_code": "61000000", "name_short": "None", "price_new": 250, "price_old": 150, "width_m": 4, "pt_i": 2 }, "geometry": { "type": "Point", "coordinates": [ 99.88804002800984, 15.517697958166071 ] } },
{ "type": "Feature", "properties": { "road_key": "61000000ST359", "road_name": "ถนนสายบ้านหนองกระดี่-บ้านป่าเรไร", "road_no": "0", "aumpher": "อำเภอทัพทัน", "office": "สาขาเมือง", "branch_code": "61000000", "name_short": "None", "price_new": 250, "price_old": 150, "width_m": 4, "pt_i": 3 }, "geometry": { "type": "Point", "coordinates": [ 99.887515125599236, 15.518545379164612 ] } },
{ "type": "Feature", "properties": { "road_key": "61000000ST359", "road_name": "ถนนสายบ้านหนองกระดี่-บ้านป่าเรไร", "road_no": "0", "aumpher": "อำเภอทัพทัน", "office": "สาขาเมือง", "branch_code": "61000000", "name_short": "None", "price_new": 250, "price_old": 150, "width_m": 4, "pt_i": 4 }, "geometry": { "type": "Point", "coordinates": [ 99.886882392047383, 15.519426603328704 ] } },
{ "type": "Feature", "properties": { "road_key": "61000000ST359", "road_name": "ถนนสายบ้านหนองกระดี่-บ้านป่าเรไร", "road_no": "0", "aumpher": "อำเภอทัพทัน", "office": "สาขาเมือง", "branch_code": "61000000", "name_short": "None", "price_new": 250, "price_old": 150, "width_m": 4, "pt_i": 5 }, "geometry": { "type": "Point", "coordinates": [ 99.88614279338897, 15.520240223567336 ] } },
{ "type": "Feature", "properties": { "road_key": "61000000ST359", "road_name": "ถนนสายบ้านหนองกระดี่-บ้านป่าเรไร", "road_no": "0", "aumpher": "อำเภอทัพทัน", "office": "สาขาเมือง", "branch_code": "61000000", "name_short": "None", "price_new": 250, "price_old": 150, "width_m": 4, "pt_i": 6 }, "geometry": { "type": "Point", "coordinates": [ 99.885157610624475, 15.520369878454554 ] } },
{ "type": "Feature", "properties": { "road_key": "61000000ST359", "road_name": "ถนนสายบ้านหนองกระดี่-บ้านป่าเรไร", "road_no": "0", "aumpher": "อำเภอทัพทัน", "office": "สาขาเมือง", "branch_code": "61000000", "name_short": "None", "price_new": 250, "price_old": 150, "width_m": 4, "pt_i": 7 }, "geometry": { "type": "Point", "coordinates": [ 99.884161098137724, 15.520761446751704 ] } },
{ "type": "Feature", "properties": { "road_key": "61000000ST359", "road_name": "ถนนสายบ้านหนองกระดี่-บ้านป่าเรไร", "road_no": "0", "aumpher": "อำเภอทัพทัน", "office": "สาขาเมือง", "branch_code": "61000000", "name_short": "None", "price_new": 250, "price_old": 150, "width_m": 4, "pt_i": 8 }, "geometry": { "type": "Point", "coordinates": [ 99.883080281824846, 15.521012267007777 ] } },
{ "type": "Feature", "properties": { "road_key": "61000000ST359", "road_name": "ถนนสายบ้านหนองกระดี่-บ้านป่าเรไร", "road_no": "0", "aumpher": "อำเภอทัพทัน", "office": "สาขาเมือง", "branch_code": "61000000", "name_short": "None", "price_new": 250, "price_old": 150, "width_m": 4, "pt_i": 9 }, "geometry": { "type": "Point", "coordinates": [ 99.882229920691927, 15.521620105302983 ] } },
{ "type": "Feature", "properties": { "road_key": "61000000ST359", "road_name": "ถนนสายบ้านหนองกระดี่-บ้านป่าเรไร", "road_no": "0", "aumpher": "อำเภอทัพทัน", "office": "สาขาเมือง", "branch_code": "61000000", "name_short": "None", "price_new": 250, "price_old": 150, "width_m": 4, "pt_i": 10 }, "geometry": { "type": "Point", "coordinates": [ 99.88204470144494, 15.522676041673162 ] } },
{ "type": "Feature", "properties": { "road_key": "61000000ST359", "road_name": "ถนนสายบ้านหนองกระดี่-บ้านป่าเรไร", "road_no": "0", "aumpher": "อำเภอทัพทัน", "office": "สาขาเมือง", "branch_code": "61000000", "name_short": "None", "price_new": 250, "price_old": 150, "width_m": 4, "pt_i": 11 }, "geometry": { "type": "Point", "coordinates": [ 99.881231710596126, 15.523287313382291 ] } },
{ "type": "Feature", "properties": { "road_key": "61000000ST359", "road_name": "ถนนสายบ้านหนองกระดี่-บ้านป่าเรไร", "road_no": "0", "aumpher": "อำเภอทัพทัน", "office": "สาขาเมือง", "branch_code": "61000000", "name_short": "None", "price_new": 250, "price_old": 150, "width_m": 4, "pt_i": 12 }, "geometry": { "type": "Point", "coordinates": [ 99.880197526559655, 15.523695134322226 ] } },
{ "type": "Feature", "properties": { "road_key": "61000000ST359", "road_name": "ถนนสายบ้านหนองกระดี่-บ้านป่าเรไร", "road_no": "0", "aumpher": "อำเภอทัพทัน", "office": "สาขาเมือง", "branch_code": "61000000", "name_short": "None", "price_new": 250, "price_old": 150, "width_m": 4, "pt_i": 13 }, "geometry": { "type": "Point", "coordinates": [ 99.879255848499099, 15.524269820900676 ] } },
{ "type": "Feature", "properties": { "road_key": "61000000ST359", "road_name": "ถนนสายบ้านหนองกระดี่-บ้านป่าเรไร", "road_no": "0", "aumpher": "อำเภอทัพทัน", "office": "สาขาเมือง", "branch_code": "61000000", "name_short": "None", "price_new": 250, "price_old": 150, "width_m": 4, "pt_i": 14 }, "geometry": { "type": "Point", "coordinates": [ 99.878349182303992, 15.524860152416231 ] } },
{ "type": "Feature", "properties": { "road_key": "61000000ST360", "road_name": "ถนนสายบ้านป่าเรไร-บ้านหนองหญ้าปล้อง", "road_no": "0", "aumpher": "อำเภอทัพทัน", "office": "สาขาเมือง", "branch_code": "61000000", "name_short": "None", "price_new": 250, "price_old": 150, "width_m": 4, "pt_i": 0 }, "geometry": { "type": "Point", "coordinates": [ 99.888656168260866, 15.515437631919264 ] } },
{ "type": "Feature", "properties": { "road_key": "61000000ST360", "road_name": "ถนนสายบ้านป่าเรไร-บ้านหนองหญ้าปล้อง", "road_no": "0", "aumpher": "อำเภอทัพทัน", "office": "สาขาเมือง", "branch_code": "61000000", "name_short": "None", "price_new": 250, "price_old": 150, "width_m": 4, "pt_i": 1 }, "geometry": { "type": "Point", "coordinates": [ 99.889766234441751, 15.515304387218867 ] } },
{ "type": "Feature", "properties": { "road_key": "61000000ST360", "road_name": "ถนนสายบ้านป่าเรไร-บ้านหนองหญ้าปล้อง", "road_no": "0", "aumpher": "อำเภอทัพทัน", "office": "สาขาเมือง", "branch_code": "61000000", "name_short": "None", "price_new": 250, "price_old": 150, "width_m": 4, "pt_i": 2 }, "geometry": { "type": "Point", "coordinates": [ 99.890544802838875, 15.514754565715448 ] } },
{ "type": "Feature", "properties": { "road_key": "61000000ST360", "road_name": "ถนนสายบ้านป่าเรไร-บ้านหนองหญ้าปล้อง", "road_no": "0", "aumpher": "อำเภอทัพทัน", "office": "สาขาเมือง", "branch_code": "61000000", "name_short": "None", "price_new": 250, "price_old": 150, "width_m": 4, "pt_i": 3 }, "geometry": { "type": "Point", "coordinates": [ 99.891014210510761, 15.513790760702328 ] } },
{ "type": "Feature", "properties": { "road_key": "61000000ST360", "road_name": "ถนนสายบ้านป่าเรไร-บ้านหนองหญ้าปล้อง", "road_no": "0", "aumpher": "อำเภอทัพทัน", "office": "สาขาเมือง", "branch_code": "61000000", "name_short": "None", "price_new": 250, "price_old": 150, "width_m": 4, "pt_i": 4 }, "geometry": { "type": "Point", "coordinates": [ 99.892071006540363, 15.513434674201186 ] } },
{ "type": "Feature", "properties": { "road_key": "61000000ST360", "road_name": "ถนนสายบ้านป่าเรไร-บ้านหนองหญ้าปล้อง", "road_no": "0", "aumpher": "อำเภอทัพทัน", "office": "สาขาเมือง", "branch_code": "61000000", "name_short": "None", "price_new": 250, "price_old": 150, "width_m": 4, "pt_i": 5 }, "geometry": { "type": "Point", "coordinates": [ 99.893173284352343, 15.513336562354748 ] } },
{ "type": "Feature", "properties": { "road_key": "61000000ST360", "road_name": "ถนนสายบ้านป่าเรไร-บ้านหนองหญ้าปล้อง", "road_no": "0", "aumpher": "อำเภอทัพทัน", "office": "สาขาเมือง", "branch_code": "61000000", "name_short": "None", "price_new": 250, "price_old": 150, "width_m": 4, "pt_i": 6 }, "geometry": { "type": "Point", "coordinates": [ 99.894146877158263, 15.513054501090361 ] } },
{ "type": "Feature", "properties": { "road_key": "61000000ST360", "road_name": "ถนนสายบ้านป่าเรไร-บ้านหนองหญ้าปล้อง", "road_no": "0", "aumpher": "อำเภอทัพทัน", "office": "สาขาเมือง", "branch_code": "61000000", "name_short": "None", "price_new": 250, "price_old": 150, "width_m": 4, "pt_i": 7 }, "geometry": { "type": "Point", "coordinates": [ 99.894944916644818, 15.512294237696402 ] } },
{ "type": "Feature", "properties": { "road_key": "61000000ST360", "road_name": "ถนนสายบ้านป่าเรไร-บ้านหนองหญ้าปล้อง", "road_no": "0", "aumpher": "อำเภอทัพทัน", "office": "สาขาเมือง", "branch_code": "61000000", "name_short": "None", "price_new": 250, "price_old": 150, "width_m": 4, "pt_i": 8 }, "geometry": { "type": "Point", "coordinates": [ 99.895730256476583, 15.511521821653604 ] } },
{ "type": "Feature", "properties": { "road_key": "61000000ST360", "road_name": "ถนนสายบ้านป่าเรไร-บ้านหนองหญ้าปล้อง", "road_no": "0", "aumpher": "อำเภอทัพทัน", "office": "สาขาเมือง", "branch_code": "61000000", "name_short": "None", "price_new": 250, "price_old": 150, "width_m": 4, "pt_i": 9 }, "geometry": { "type": "Point", "coordinates": [ 99.896503978913543, 15.510738288971217 ] } },
{ "type": "Feature", "properties": { "road_key": "61000000ST360", "road_name": "ถนนสายบ้านป่าเรไร-บ้านหนองหญ้าปล้อง", "road_no": "0", "aumpher": "อำเภอทัพทัน", "office": "สาขาเมือง", "branch_code": "61000000", "name_short": "None", "price_new": 250, "price_old": 150, "width_m": 4, "pt_i": 10 }, "geometry": { "type": "Point", "coordinates": [ 99.897283164819996, 15.509959921243793 ] } },
{ "type": "Feature", "properties": { "road_key": "61000000ST360", "road_name": "ถนนสายบ้านป่าเรไร-บ้านหนองหญ้าปล้อง", "road_no": "0", "aumpher": "อำเภอทัพทัน", "office": "สาขาเมือง", "branch_code": "61000000", "name_short": "None", "price_new": 250, "price_old": 150, "width_m": 4, "pt_i": 11 }, "geometry": { "type": "Point", "coordinates": [ 99.898250085501928, 15.509436908155395 ] } },
{ "type": "Feature", "properties": { "road_key": "61000000ST360", "road_name": "ถนนสายบ้านป่าเรไร-บ้านหนองหญ้าปล้อง", "road_no": "0", "aumpher": "อำเภอทัพทัน", "office": "สาขาเมือง", "branch_code": "61000000", "name_short": "None", "price_new": 250, "price_old": 150, "width_m": 4, "pt_i": 12 }, "geometry": { "type": "Point", "coordinates": [ 99.898686107834791, 15.508499805289231 ] } },
{ "type": "Feature", "properties": { "road_key": "61000000ST360", "road_name": "ถนนสายบ้านป่าเรไร-บ้านหนองหญ้าปล้อง", "road_no": "0", "aumpher": "อำเภอทัพทัน", "office": "สาขาเมือง", "branch_code": "61000000", "name_short": "None", "price_new": 250, "price_old": 150, "width_m": 4, "pt_i": 13 }, "geometry": { "type": "Point", "coordinates": [ 99.898932510130479, 15.507455037054813 ] } },
{ "type": "Feature", "properties": { "road_key": "61000000ST360", "road_name": "ถนนสายบ้านป่าเรไร-บ้านหนองหญ้าปล้อง", "road_no": "0", "aumpher": "อำเภอทัพทัน", "office": "สาขาเมือง", "branch_code": "61000000", "name_short": "None", "price_new": 250, "price_old": 150, "width_m": 4, "pt_i": 14 }, "geometry": { "type": "Point", "coordinates": [ 99.898861596805403, 15.506375486473122 ] } },
{ "type": "Feature", "properties": { "road_key": "61000000ST360", "road_name": "ถนนสายบ้านป่าเรไร-บ้านหนองหญ้าปล้อง", "road_no": "0", "aumpher": "อำเภอทัพทัน", "office": "สาขาเมือง", "branch_code": "61000000", "name_short": "None", "price_new": 250, "price_old": 150, "width_m": 4, "pt_i": 15 }, "geometry": { "type": "Point", "coordinates": [ 99.89861372194332, 15.505320750343213 ] } },
{ "type": "Feature", "properties": { "road_key": "61000000ST360", "road_name": "ถนนสายบ้านป่าเรไร-บ้านหนองหญ้าปล้อง", "road_no": "0", "aumpher": "อำเภอทัพทัน", "office": "สาขาเมือง", "branch_code": "61000000", "name_short": "None", "price_new": 250, "price_old": 150, "width_m": 4, "pt_i": 16 }, "geometry": { "type": "Point", "coordinates": [ 99.898400123576764, 15.50428190326744 ] } },
{ "type": "Feature", "properties": { "road_key": "61000000ST360", "road_name": "ถนนสายบ้านป่าเรไร-บ้านหนองหญ้าปล้อง", "road_no": "0", "aumpher": "อำเภอทัพทัน", "office": "สาขาเมือง", "branch_code": "61000000", "name_short": "None", "price_new": 250, "price_old": 150, "width_m": 4, "pt_i": 17 }, "geometry": { "type": "Point", "coordinates": [ 99.899228532674115, 15.503804516396258 ] } },
{ "type": "Feature", "properties": { "road_key": "61000000ST360", "road_name": "ถนนสายบ้านป่าเรไร-บ้านหนองหญ้าปล้อง", "road_no": "0", "aumpher": "อำเภอทัพทัน", "office": "สาขาเมือง", "branch_code": "61000000", "name_short": "None", "price_new": 250, "price_old": 150, "width_m": 4, "pt_i": 18 }, "geometry": { "type": "Point", "coordinates": [ 99.900179133889793, 15.503271885892694 ] } },
{ "type": "Feature", "properties": { "road_key": "61000000ST360", "road_name": "ถนนสายบ้านป่าเรไร-บ้านหนองหญ้าปล้อง", "road_no": "0", "aumpher": "อำเภอทัพทัน", "office": "สาขาเมือง", "branch_code": "61000000", "name_short": "None", "price_new": 250, "price_old": 150, "width_m": 4, "pt_i": 19 }, "geometry": { "type": "Point", "coordinates": [ 99.900887740695566, 15.50243632336262 ] } },
{ "type": "Feature", "properties": { "road_key": "61000000ST360", "road_name": "ถนนสายบ้านป่าเรไร-บ้านหนองหญ้าปล้อง", "road_no": "0", "aumpher": "อำเภอทัพทัน", "office": "สาขาเมือง", "branch_code": "61000000", "name_short": "None", "price_new": 250, "price_old": 150, "width_m": 4, "pt_i": 20 }, "geometry": { "type": "Point", "coordinates": [ 99.901431223722469, 15.501491031351359 ] } },
{ "type": "Feature", "properties": { "road_key": "61000000ST360", "road_name": "ถนนสายบ้านป่าเรไร-บ้านหนองหญ้าปล้อง", "road_no": "0", "aumpher": "อำเภอทัพทัน", "office": "สาขาเมือง", "branch_code": "61000000", "name_short": "None", "price_new": 250, "price_old": 150, "width_m": 4, "pt_i": 21 }, "geometry": { "type": "Point", "coordinates": [ 99.901970353940385, 15.50054149701363 ] } },
{ "type": "Feature", "properties": { "road_key": "61000000ST360", "road_name": "ถนนสายบ้านป่าเรไร-บ้านหนองหญ้าปล้อง", "road_no": "0", "aumpher": "อำเภอทัพทัน", "office": "สาขาเมือง", "branch_code": "61000000", "name_short": "None", "price_new": 250, "price_old": 150, "width_m": 4, "pt_i": 22 }, "geometry": { "type": "Point", "coordinates": [ 99.902529986661264, 15.499602454506963 ] } },
{ "type": "Feature", "properties": { "road_key": "61000000ST361", "road_name": "ถนนในชุมชนบ้านหนองจิกยาว", "road_no": "0", "aumpher": "อำเภอทัพทัน", "office": "สาขาเมือง", "branch_code": "61000000", "name_short": "None", "price_new": 150, "price_old": 150, "width_m": 4, "pt_i": 0 }, "geometry": { "type": "Point", "coordinates": [ 99.791183111307134, 15.422916317869927 ] } },
{ "type": "Feature", "properties": { "road_key": "61000000ST361", "road_name": "ถนนในชุมชนบ้านหนองจิกยาว", "road_no": "0", "aumpher": "อำเภอทัพทัน", "office": "สาขาเมือง", "branch_code": "61000000", "name_short": "None", "price_new": 150, "price_old": 150, "width_m": 4, "pt_i": 1 }, "geometry": { "type": "Point", "coordinates": [ 99.792285147546735, 15.423094502749665 ] } },
{ "type": "Feature", "properties": { "road_key": "61000000ST361", "road_name": "ถนนในชุมชนบ้านหนองจิกยาว", "road_no": "0", "aumpher": "อำเภอทัพทัน", "office": "สาขาเมือง", "branch_code": "61000000", "name_short": "None", "price_new": 150, "price_old": 150, "width_m": 4, "pt_i": 2 }, "geometry": { "type": "Point", "coordinates": [ 99.793380972601113, 15.423311043713243 ] } },
{ "type": "Feature", "properties": { "road_key": "61000000ST361", "road_name": "ถนนในชุมชนบ้านหนองจิกยาว", "road_no": "0", "aumpher": "อำเภอทัพทัน", "office": "สาขาเมือง", "branch_code": "61000000", "name_short": "None", "price_new": 150, "price_old": 150, "width_m": 4, "pt_i": 3 }, "geometry": { "type": "Point", "coordinates": [ 99.79446797257205, 15.423562907569556 ] } },
{ "type": "Feature", "properties": { "road_key": "61000000ST361", "road_name": "ถนนในชุมชนบ้านหนองจิกยาว", "road_no": "0", "aumpher": "อำเภอทัพทัน", "office": "สาขาเมือง", "branch_code": "61000000", "name_short": "None", "price_new": 150, "price_old": 150, "width_m": 4, "pt_i": 4 }, "geometry": { "type": "Point", "coordinates": [ 99.795533574842295, 15.423888875195804 ] } },
{ "type": "Feature", "properties": { "road_key": "61000000ST361", "road_name": "ถนนในชุมชนบ้านหนองจิกยาว", "road_no": "0", "aumpher": "อำเภอทัพทัน", "office": "สาขาเมือง", "branch_code": "61000000", "name_short": "None", "price_new": 150, "price_old": 150, "width_m": 4, "pt_i": 5 }, "geometry": { "type": "Point", "coordinates": [ 99.796580899687783, 15.42426923307907 ] } },
{ "type": "Feature", "properties": { "road_key": "61000000ST361", "road_name": "ถนนในชุมชนบ้านหนองจิกยาว", "road_no": "0", "aumpher": "อำเภอทัพทัน", "office": "สาขาเมือง", "branch_code": "61000000", "name_short": "None", "price_new": 150, "price_old": 150, "width_m": 4, "pt_i": 6 }, "geometry": { "type": "Point", "coordinates": [ 99.797630138260047, 15.424644639559475 ] } },
{ "type": "Feature", "properties": { "road_key": "61000000ST361", "road_name": "ถนนในชุมชนบ้านหนองจิกยาว", "road_no": "0", "aumpher": "อำเภอทัพทัน", "office": "สาขาเมือง", "branch_code": "61000000", "name_short": "None", "price_new": 150, "price_old": 150, "width_m": 4, "pt_i": 7 }, "geometry": { "type": "Point", "coordinates": [ 99.798679380386858, 15.425020040890169 ] } },
{ "type": "Feature", "properties": { "road_key": "61000000ST361", "road_name": "ถนนในชุมชนบ้านหนองจิกยาว", "road_no": "0", "aumpher": "อำเภอทัพทัน", "office": "สาขาเมือง", "branch_code": "61000000", "name_short": "None", "price_new": 150, "price_old": 150, "width_m": 4, "pt_i": 8 }, "geometry": { "type": "Point", "coordinates": [ 99.799723509145451, 15.425408563606066 ] } },
{ "type": "Feature", "properties": { "road_key": "61000000ST361", "road_name": "ถนนในชุมชนบ้านหนองจิกยาว", "road_no": "0", "aumpher": "อำเภอทัพทัน", "office": "สาขาเมือง", "branch_code": "61000000", "name_short": "None", "price_new": 150, "price_old": 150, "width_m": 4, "pt_i": 9 }, "geometry": { "type": "Point", "coordinates": [ 99.800766307202508, 15.42580050435026 ] } },
{ "type": "Feature", "properties": { "road_key": "61000000ST361", "road_name": "ถนนในชุมชนบ้านหนองจิกยาว", "road_no": "0", "aumpher": "อำเภอทัพทัน", "office": "สาขาเมือง", "branch_code": "61000000", "name_short": "None", "price_new": 150, "price_old": 150, "width_m": 4, "pt_i": 10 }, "geometry": { "type": "Point", "coordinates": [ 99.80181211387638, 15.426184799732759 ] } },
{ "type": "Feature", "properties": { "road_key": "61000000ST361", "road_name": "ถนนในชุมชนบ้านหนองจิกยาว", "road_no": "0", "aumpher": "อำเภอทัพทัน", "office": "สาขาเมือง", "branch_code": "61000000", "name_short": "None", "price_new": 150, "price_old": 150, "width_m": 4, "pt_i": 11 }, "geometry": { "type": "Point", "coordinates": [ 99.802859058989654, 15.426566204610118 ] } },
{ "type": "Feature", "properties": { "road_key": "61000000ST361", "road_name": "ถนนในชุมชนบ้านหนองจิกยาว", "road_no": "0", "aumpher": "อำเภอทัพทัน", "office": "สาขาเมือง", "branch_code": "61000000", "name_short": "None", "price_new": 150, "price_old": 150, "width_m": 4, "pt_i": 12 }, "geometry": { "type": "Point", "coordinates": [ 99.803905084697476, 15.426949963897519 ] } },
{ "type": "Feature", "properties": { "road_key": "61000000ST361", "road_name": "ถนนในชุมชนบ้านหนองจิกยาว", "road_no": "0", "aumpher": "อำเภอทัพทัน", "office": "สาขาเมือง", "branch_code": "61000000", "name_short": "None", "price_new": 150, "price_old": 150, "width_m": 4, "pt_i": 13 }, "geometry": { "type": "Point", "coordinates": [ 99.804949333196816, 15.427338270557824 ] } },
{ "type": "Feature", "properties": { "road_key": "61000000ST361", "road_name": "ถนนในชุมชนบ้านหนองจิกยาว", "road_no": "0", "aumpher": "อำเภอทัพทัน", "office": "สาขาเมือง", "branch_code": "61000000", "name_short": "None", "price_new": 150, "price_old": 150, "width_m": 4, "pt_i": 14 }, "geometry": { "type": "Point", "coordinates": [ 99.805993585365258, 15.427726572106851 ] } },
{ "type": "Feature", "properties": { "road_key": "61000000ST361", "road_name": "ถนนในชุมชนบ้านหนองจิกยาว", "road_no": "0", "aumpher": "อำเภอทัพทัน", "office": "สาขาเมือง", "branch_code": "61000000", "name_short": "None", "price_new": 150, "price_old": 150, "width_m": 4, "pt_i": 15 }, "geometry": { "type": "Point", "coordinates": [ 99.806988209910443, 15.428218355508767 ] } },
{ "type": "Feature", "properties": { "road_key": "61000000ST361", "road_name": "ถนนในชุมชนบ้านหนองจิกยาว", "road_no": "0", "aumpher": "อำเภอทัพทัน", "office": "สาขาเมือง", "branch_code": "61000000", "name_short": "None", "price_new": 150, "price_old": 150, "width_m": 4, "pt_i": 16 }, "geometry": { "type": "Point", "coordinates": [ 99.807772609666884, 15.428987582706338 ] } },
{ "type": "Feature", "properties": { "road_key": "61000000ST361", "road_name": "ถนนในชุมชนบ้านหนองจิกยาว", "road_no": "0", "aumpher": "อำเภอทัพทัน", "office": "สาขาเมือง", "branch_code": "61000000", "name_short": "None", "price_new": 150, "price_old": 150, "width_m": 4, "pt_i": 17 }, "geometry": { "type": "Point", "coordinates": [ 99.808489849818386, 15.429819909092325 ] } },
{ "type": "Feature", "properties": { "road_key": "61000000ST361", "road_name": "ถนนในชุมชนบ้านหนองจิกยาว", "road_no": "0", "aumpher": "อำเภอทัพทัน", "office": "สาขาเมือง", "branch_code": "61000000", "name_short": "None", "price_new": 150, "price_old": 150, "width_m": 4, "pt_i": 18 }, "geometry": { "type": "Point", "coordinates": [ 99.809195884702874, 15.430661115559888 ] } },
{ "type": "Feature", "properties": { "road_key": "61000000ST361", "road_name": "ถนนในชุมชนบ้านหนองจิกยาว", "road_no": "0", "aumpher": "อำเภอทัพทัน", "office": "สาขาเมือง", "branch_code": "61000000", "name_short": "None", "price_new": 150, "price_old": 150, "width_m": 4, "pt_i": 19 }, "geometry": { "type": "Point", "coordinates": [ 99.810174604994515, 15.431006904021181 ] } },
{ "type": "Feature", "properties": { "road_key": "61000000ST361", "road_name": "ถนนในชุมชนบ้านหนองจิกยาว", "road_no": "0", "aumpher": "อำเภอทัพทัน", "office": "สาขาเมือง", "branch_code": "61000000", "name_short": "None", "price_new": 150, "price_old": 150, "width_m": 4, "pt_i": 20 }, "geometry": { "type": "Point", "coordinates": [ 99.811291365730199, 15.431065055053109 ] } },
{ "type": "Feature", "properties": { "road_key": "61000000ST361", "road_name": "ถนนในชุมชนบ้านหนองจิกยาว", "road_no": "0", "aumpher": "อำเภอทัพทัน", "office": "สาขาเมือง", "branch_code": "61000000", "name_short": "None", "price_new": 150, "price_old": 150, "width_m": 4, "pt_i": 21 }, "geometry": { "type": "Point", "coordinates": [ 99.812381393060221, 15.430876219355399 ] } },
{ "type": "Feature", "properties": { "road_key": "61000000ST361", "road_name": "ถนนในชุมชนบ้านหนองจิกยาว", "road_no": "0", "aumpher": "อำเภอทัพทัน", "office": "สาขาเมือง", "branch_code": "61000000", "name_short": "None", "price_new": 150, "price_old": 150, "width_m": 4, "pt_i": 22 }, "geometry": { "type": "Point", "coordinates": [ 99.813382427988131, 15.430562212820405 ] } },
{ "type": "Feature", "properties": { "road_key": "61000000ST361", "road_name": "ถนนในชุมชนบ้านหนองจิกยาว", "road_no": "0", "aumpher": "อำเภอทัพทัน", "office": "สาขาเมือง", "branch_code": "61000000", "name_short": "None", "price_new": 150, "price_old": 150, "width_m": 4, "pt_i": 23 }, "geometry": { "type": "Point", "coordinates": [ 99.813331593002374, 15.431641888480661 ] } },
{ "type": "Feature", "properties": { "road_key": "61000000ST361", "road_name": "ถนนในชุมชนบ้านหนองจิกยาว", "road_no": "0", "aumpher": "อำเภอทัพทัน", "office": "สาขาเมือง", "branch_code": "61000000", "name_short": "None", "price_new": 150, "price_old": 150, "width_m": 4, "pt_i": 24 }, "geometry": { "type": "Point", "coordinates": [ 99.813262110643549, 15.432724596445999 ] } },
{ "type": "Feature", "properties": { "road_key": "61000000ST362", "road_name": "ถนนสายแยก ทล.3319-บ้านมาบหนองรัก", "road_no": "0", "aumpher": "อำเภอทัพทัน", "office": "สาขาเมือง", "branch_code": "61000000", "name_short": "None", "price_new": 250, "price_old": 150, "width_m": 4, "pt_i": 0 }, "geometry": { "type": "Point", "coordinates": [ 99.882340117390115, 15.480923499246773 ] } },
{ "type": "Feature", "properties": { "road_key": "61000000ST362", "road_name": "ถนนสายแยก ทล.3319-บ้านมาบหนองรัก", "road_no": "0", "aumpher": "อำเภอทัพทัน", "office": "สาขาเมือง", "branch_code": "61000000", "name_short": "None", "price_new": 250, "price_old": 150, "width_m": 4, "pt_i": 1 }, "geometry": { "type": "Point", "coordinates": [ 99.883337091039934, 15.480461320443906 ] } },
{ "type": "Feature", "properties": { "road_key": "61000000ST362", "road_name": "ถนนสายแยก ทล.3319-บ้านมาบหนองรัก", "road_no": "0", "aumpher": "อำเภอทัพทัน", "office": "สาขาเมือง", "branch_code": "61000000", "name_short": "None", "price_new": 250, "price_old": 150, "width_m": 4, "pt_i": 2 }, "geometry": { "type": "Point", "coordinates": [ 99.884401200888163, 15.480578944243646 ] } },
{ "type": "Feature", "properties": { "road_key": "61000000ST362", "road_name": "ถนนสายแยก ทล.3319-บ้านมาบหนองรัก", "road_no": "0", "aumpher": "อำเภอทัพทัน", "office": "สาขาเมือง", "branch_code": "61000000", "name_short": "None", "price_new": 250, "price_old": 150, "width_m": 4, "pt_i": 3 }, "geometry": { "type": "Point", "coordinates": [ 99.885481747849454, 15.480327483029782 ] } },
{ "type": "Feature", "properties": { "road_key": "61000000ST362", "road_name": "ถนนสายแยก ทล.3319-บ้านมาบหนองรัก", "road_no": "0", "aumpher": "อำเภอทัพทัน", "office": "สาขาเมือง", "branch_code": "61000000", "name_short": "None", "price_new": 250, "price_old": 150, "width_m": 4, "pt_i": 4 }, "geometry": { "type": "Point", "coordinates": [ 99.886552914696409, 15.480025154412823 ] } },
{ "type": "Feature", "properties": { "road_key": "61000000ST362", "road_name": "ถนนสายแยก ทล.3319-บ้านมาบหนองรัก", "road_no": "0", "aumpher": "อำเภอทัพทัน", "office": "สาขาเมือง", "branch_code": "61000000", "name_short": "None", "price_new": 250, "price_old": 150, "width_m": 4, "pt_i": 5 }, "geometry": { "type": "Point", "coordinates": [ 99.887671374554685, 15.480024251493914 ] } },
{ "type": "Feature", "properties": { "road_key": "61000000ST362", "road_name": "ถนนสายแยก ทล.3319-บ้านมาบหนองรัก", "road_no": "0", "aumpher": "อำเภอทัพทัน", "office": "สาขาเมือง", "branch_code": "61000000", "name_short": "None", "price_new": 250, "price_old": 150, "width_m": 4, "pt_i": 6 }, "geometry": { "type": "Point", "coordinates": [ 99.888723393849361, 15.479708209870687 ] } },
{ "type": "Feature", "properties": { "road_key": "61000000ST362", "road_name": "ถนนสายแยก ทล.3319-บ้านมาบหนองรัก", "road_no": "0", "aumpher": "อำเภอทัพทัน", "office": "สาขาเมือง", "branch_code": "61000000", "name_short": "None", "price_new": 250, "price_old": 150, "width_m": 4, "pt_i": 7 }, "geometry": { "type": "Point", "coordinates": [ 99.889814752988315, 15.479517812025131 ] } },
{ "type": "Feature", "properties": { "road_key": "61000000ST362", "road_name": "ถนนสายแยก ทล.3319-บ้านมาบหนองรัก", "road_no": "0", "aumpher": "อำเภอทัพทัน", "office": "สาขาเมือง", "branch_code": "61000000", "name_short": "None", "price_new": 250, "price_old": 150, "width_m": 4, "pt_i": 8 }, "geometry": { "type": "Point", "coordinates": [ 99.890830349228168, 15.479358162310696 ] } },
{ "type": "Feature", "properties": { "road_key": "61000000ST362", "road_name": "ถนนสายแยก ทล.3319-บ้านมาบหนองรัก", "road_no": "0", "aumpher": "อำเภอทัพทัน", "office": "สาขาเมือง", "branch_code": "61000000", "name_short": "None", "price_new": 250, "price_old": 150, "width_m": 4, "pt_i": 9 }, "geometry": { "type": "Point", "coordinates": [ 99.891489949442075, 15.478546666222799 ] } },
{ "type": "Feature", "properties": { "road_key": "61000000ST362", "road_name": "ถนนสายแยก ทล.3319-บ้านมาบหนองรัก", "road_no": "0", "aumpher": "อำเภอทัพทัน", "office": "สาขาเมือง", "branch_code": "61000000", "name_short": "None", "price_new": 250, "price_old": 150, "width_m": 4, "pt_i": 10 }, "geometry": { "type": "Point", "coordinates": [ 99.89254681564104, 15.47819127545884 ] } },
{ "type": "Feature", "properties": { "road_key": "61000000ST362", "road_name": "ถนนสายแยก ทล.3319-บ้านมาบหนองรัก", "road_no": "0", "aumpher": "อำเภอทัพทัน", "office": "สาขาเมือง", "branch_code": "61000000", "name_short": "None", "price_new": 250, "price_old": 150, "width_m": 4, "pt_i": 11 }, "geometry": { "type": "Point", "coordinates": [ 99.893500969875149, 15.478462854163777 ] } },
{ "type": "Feature", "properties": { "road_key": "61000000ST362", "road_name": "ถนนสายแยก ทล.3319-บ้านมาบหนองรัก", "road_no": "0", "aumpher": "อำเภอทัพทัน", "office": "สาขาเมือง", "branch_code": "61000000", "name_short": "None", "price_new": 250, "price_old": 150, "width_m": 4, "pt_i": 12 }, "geometry": { "type": "Point", "coordinates": [ 99.894059386130095, 15.479380944158674 ] } },
{ "type": "Feature", "properties": { "road_key": "61000000ST362", "road_name": "ถนนสายแยก ทล.3319-บ้านมาบหนองรัก", "road_no": "0", "aumpher": "อำเภอทัพทัน", "office": "สาขาเมือง", "branch_code": "61000000", "name_short": "None", "price_new": 250, "price_old": 150, "width_m": 4, "pt_i": 13 }, "geometry": { "type": "Point", "coordinates": [ 99.894923255155703, 15.479788450185231 ] } },
{ "type": "Feature", "properties": { "road_key": "61000000ST362", "road_name": "ถนนสายแยก ทล.3319-บ้านมาบหนองรัก", "road_no": "0", "aumpher": "อำเภอทัพทัน", "office": "สาขาเมือง", "branch_code": "61000000", "name_short": "None", "price_new": 250, "price_old": 150, "width_m": 4, "pt_i": 14 }, "geometry": { "type": "Point", "coordinates": [ 99.896038542413208, 15.479706124522378 ] } },
{ "type": "Feature", "properties": { "road_key": "61000000ST362", "road_name": "ถนนสายแยก ทล.3319-บ้านมาบหนองรัก", "road_no": "0", "aumpher": "อำเภอทัพทัน", "office": "สาขาเมือง", "branch_code": "61000000", "name_short": "None", "price_new": 250, "price_old": 150, "width_m": 4, "pt_i": 15 }, "geometry": { "type": "Point", "coordinates": [ 99.897062226431714, 15.479317382916829 ] } },
{ "type": "Feature", "properties": { "road_key": "61000000ST362", "road_name": "ถนนสายแยก ทล.3319-บ้านมาบหนองรัก", "road_no": "0", "aumpher": "อำเภอทัพทัน", "office": "สาขาเมือง", "branch_code": "61000000", "name_short": "None", "price_new": 250, "price_old": 150, "width_m": 4, "pt_i": 16 }, "geometry": { "type": "Point", "coordinates": [ 99.897953266493374, 15.478661578573444 ] } },
{ "type": "Feature", "properties": { "road_key": "61000000ST362", "road_name": "ถนนสายแยก ทล.3319-บ้านมาบหนองรัก", "road_no": "0", "aumpher": "อำเภอทัพทัน", "office": "สาขาเมือง", "branch_code": "61000000", "name_short": "None", "price_new": 250, "price_old": 150, "width_m": 4, "pt_i": 17 }, "geometry": { "type": "Point", "coordinates": [ 99.89898708688429, 15.478305741821314 ] } },
{ "type": "Feature", "properties": { "road_key": "61000000ST362", "road_name": "ถนนสายแยก ทล.3319-บ้านมาบหนองรัก", "road_no": "0", "aumpher": "อำเภอทัพทัน", "office": "สาขาเมือง", "branch_code": "61000000", "name_short": "None", "price_new": 250, "price_old": 150, "width_m": 4, "pt_i": 18 }, "geometry": { "type": "Point", "coordinates": [ 99.900093312853073, 15.478166312171904 ] } },
{ "type": "Feature", "properties": { "road_key": "61000000ST362", "road_name": "ถนนสายแยก ทล.3319-บ้านมาบหนองรัก", "road_no": "0", "aumpher": "อำเภอทัพทัน", "office": "สาขาเมือง", "branch_code": "61000000", "name_short": "None", "price_new": 250, "price_old": 150, "width_m": 4, "pt_i": 19 }, "geometry": { "type": "Point", "coordinates": [ 99.90119252338485, 15.478065952783549 ] } },
{ "type": "Feature", "properties": { "road_key": "61000000ST363.1", "road_name": "ถนนสายบ้านทุ่งรถฟ้า-บ้านหนองเมน ช่วงที่ 1", "road_no": "0", "aumpher": "อำเภอทัพทัน", "office": "สาขาเมือง", "branch_code": "61000000", "name_short": "None", "price_new": 250, "price_old": 150, "width_m": 6, "pt_i": 0 }, "geometry": { "type": "Point", "coordinates": [ 99.898230417322807, 15.48786375195038 ] } },
{ "type": "Feature", "properties": { "road_key": "61000000ST363.1", "road_name": "ถนนสายบ้านทุ่งรถฟ้า-บ้านหนองเมน ช่วงที่ 1", "road_no": "0", "aumpher": "อำเภอทัพทัน", "office": "สาขาเมือง", "branch_code": "61000000", "name_short": "None", "price_new": 250, "price_old": 150, "width_m": 6, "pt_i": 1 }, "geometry": { "type": "Point", "coordinates": [ 99.89929740670074, 15.487612531591775 ] } },
{ "type": "Feature", "properties": { "road_key": "61000000ST363.1", "road_name": "ถนนสายบ้านทุ่งรถฟ้า-บ้านหนองเมน ช่วงที่ 1", "road_no": "0", "aumpher": "อำเภอทัพทัน", "office": "สาขาเมือง", "branch_code": "61000000", "name_short": "None", "price_new": 250, "price_old": 150, "width_m": 6, "pt_i": 2 }, "geometry": { "type": "Point", "coordinates": [ 99.900414997732952, 15.48756538600993 ] } },
{ "type": "Feature", "properties": { "road_key": "61000000ST363.1", "road_name": "ถนนสายบ้านทุ่งรถฟ้า-บ้านหนองเมน ช่วงที่ 1", "road_no": "0", "aumpher": "อำเภอทัพทัน", "office": "สาขาเมือง", "branch_code": "61000000", "name_short": "None", "price_new": 250, "price_old": 150, "width_m": 6, "pt_i": 3 }, "geometry": { "type": "Point", "coordinates": [ 99.901532587939016, 15.487518234808789 ] } },
{ "type": "Feature", "properties": { "road_key": "61000000ST363.1", "road_name": "ถนนสายบ้านทุ่งรถฟ้า-บ้านหนองเมน ช่วงที่ 1", "road_no": "0", "aumpher": "อำเภอทัพทัน", "office": "สาขาเมือง", "branch_code": "61000000", "name_short": "None", "price_new": 250, "price_old": 150, "width_m": 6, "pt_i": 4 }, "geometry": { "type": "Point", "coordinates": [ 99.902650631019824, 15.487498517699871 ] } },
{ "type": "Feature", "properties": { "road_key": "61000000ST363.1", "road_name": "ถนนสายบ้านทุ่งรถฟ้า-บ้านหนองเมน ช่วงที่ 1", "road_no": "0", "aumpher": "อำเภอทัพทัน", "office": "สาขาเมือง", "branch_code": "61000000", "name_short": "None", "price_new": 250, "price_old": 150, "width_m": 6, "pt_i": 5 }, "geometry": { "type": "Point", "coordinates": [ 99.903769204678355, 15.487510905906918 ] } },
{ "type": "Feature", "properties": { "road_key": "61000000ST363.2", "road_name": "ถนนสายบ้านทุ่งรถฟ้า-บ้านหนองมน ช่วงที่ 2", "road_no": "0", "aumpher": "อำเภอทัพทัน", "office": "สาขาเมือง", "branch_code": "61000000", "name_short": "None", "price_new": 250, "price_old": 150, "width_m": 4, "pt_i": 0 }, "geometry": { "type": "Point", "coordinates": [ 99.878702300695565, 15.490098029362057 ] } },
{ "type": "Feature", "properties": { "road_key": "61000000ST363.2", "road_name": "ถนนสายบ้านทุ่งรถฟ้า-บ้านหนองมน ช่วงที่ 2", "road_no": "0", "aumpher": "อำเภอทัพทัน", "office": "สาขาเมือง", "branch_code": "61000000", "name_short": "None", "price_new": 250, "price_old": 150, "width_m": 4, "pt_i": 1 }, "geometry": { "type": "Point", "coordinates": [ 99.879820333892525, 15.490065662111531 ] } },
{ "type": "Feature", "properties": { "road_key": "61000000ST363.2", "road_name": "ถนนสายบ้านทุ่งรถฟ้า-บ้านหนองมน ช่วงที่ 2", "road_no": "0", "aumpher": "อำเภอทัพทัน", "office": "สาขาเมือง", "branch_code": "61000000", "name_short": "None", "price_new": 250, "price_old": 150, "width_m": 4, "pt_i": 2 }, "geometry": { "type": "Point", "coordinates": [ 99.880937164140036, 15.490003529781809 ] } },
{ "type": "Feature", "properties": { "road_key": "61000000ST363.2", "road_name": "ถนนสายบ้านทุ่งรถฟ้า-บ้านหนองมน ช่วงที่ 2", "road_no": "0", "aumpher": "อำเภอทัพทัน", "office": "สาขาเมือง", "branch_code": "61000000", "name_short": "None", "price_new": 250, "price_old": 150, "width_m": 4, "pt_i": 3 }, "geometry": { "type": "Point", "coordinates": [ 99.882054002338535, 15.48994167370477 ] } },
{ "type": "Feature", "properties": { "road_key": "61000000ST363.2", "road_name": "ถนนสายบ้านทุ่งรถฟ้า-บ้านหนองมน ช่วงที่ 2", "road_no": "0", "aumpher": "อำเภอทัพทัน", "office": "สาขาเมือง", "branch_code": "61000000", "name_short": "None", "price_new": 250, "price_old": 150, "width_m": 4, "pt_i": 4 }, "geometry": { "type": "Point", "coordinates": [ 99.883077072818494, 15.490273067886962 ] } },
{ "type": "Feature", "properties": { "road_key": "61000000ST363.2", "road_name": "ถนนสายบ้านทุ่งรถฟ้า-บ้านหนองมน ช่วงที่ 2", "road_no": "0", "aumpher": "อำเภอทัพทัน", "office": "สาขาเมือง", "branch_code": "61000000", "name_short": "None", "price_new": 250, "price_old": 150, "width_m": 4, "pt_i": 5 }, "geometry": { "type": "Point", "coordinates": [ 99.883959230830797, 15.489746117227471 ] } },
{ "type": "Feature", "properties": { "road_key": "61000000ST363.2", "road_name": "ถนนสายบ้านทุ่งรถฟ้า-บ้านหนองมน ช่วงที่ 2", "road_no": "0", "aumpher": "อำเภอทัพทัน", "office": "สาขาเมือง", "branch_code": "61000000", "name_short": "None", "price_new": 250, "price_old": 150, "width_m": 4, "pt_i": 6 }, "geometry": { "type": "Point", "coordinates": [ 99.884776641930486, 15.489005544652946 ] } },
{ "type": "Feature", "properties": { "road_key": "61000000ST363.2", "road_name": "ถนนสายบ้านทุ่งรถฟ้า-บ้านหนองมน ช่วงที่ 2", "road_no": "0", "aumpher": "อำเภอทัพทัน", "office": "สาขาเมือง", "branch_code": "61000000", "name_short": "None", "price_new": 250, "price_old": 150, "width_m": 4, "pt_i": 7 }, "geometry": { "type": "Point", "coordinates": [ 99.88575336145216, 15.488599073652383 ] } },
{ "type": "Feature", "properties": { "road_key": "61000000ST363.2", "road_name": "ถนนสายบ้านทุ่งรถฟ้า-บ้านหนองมน ช่วงที่ 2", "road_no": "0", "aumpher": "อำเภอทัพทัน", "office": "สาขาเมือง", "branch_code": "61000000", "name_short": "None", "price_new": 250, "price_old": 150, "width_m": 4, "pt_i": 8 }, "geometry": { "type": "Point", "coordinates": [ 99.886866964023625, 15.488496205058606 ] } },
{ "type": "Feature", "properties": { "road_key": "61000000ST363.2", "road_name": "ถนนสายบ้านทุ่งรถฟ้า-บ้านหนองมน ช่วงที่ 2", "road_no": "0", "aumpher": "อำเภอทัพทัน", "office": "สาขาเมือง", "branch_code": "61000000", "name_short": "None", "price_new": 250, "price_old": 150, "width_m": 4, "pt_i": 9 }, "geometry": { "type": "Point", "coordinates": [ 99.887980704391225, 15.488394620603721 ] } },
{ "type": "Feature", "properties": { "road_key": "61000000ST363.2", "road_name": "ถนนสายบ้านทุ่งรถฟ้า-บ้านหนองมน ช่วงที่ 2", "road_no": "0", "aumpher": "อำเภอทัพทัน", "office": "สาขาเมือง", "branch_code": "61000000", "name_short": "None", "price_new": 250, "price_old": 150, "width_m": 4, "pt_i": 10 }, "geometry": { "type": "Point", "coordinates": [ 99.889094443360165, 15.488293030597601 ] } },
{ "type": "Feature", "properties": { "road_key": "61000000ST363.2", "road_name": "ถนนสายบ้านทุ่งรถฟ้า-บ้านหนองมน ช่วงที่ 2", "road_no": "0", "aumpher": "อำเภอทัพทัน", "office": "สาขาเมือง", "branch_code": "61000000", "name_short": "None", "price_new": 250, "price_old": 150, "width_m": 4, "pt_i": 11 }, "geometry": { "type": "Point", "coordinates": [ 99.890208180930046, 15.488191435040388 ] } },
{ "type": "Feature", "properties": { "road_key": "61000000ST363.2", "road_name": "ถนนสายบ้านทุ่งรถฟ้า-บ้านหนองมน ช่วงที่ 2", "road_no": "0", "aumpher": "อำเภอทัพทัน", "office": "สาขาเมือง", "branch_code": "61000000", "name_short": "None", "price_new": 250, "price_old": 150, "width_m": 4, "pt_i": 12 }, "geometry": { "type": "Point", "coordinates": [ 99.891322524059916, 15.48809741767497 ] } },
{ "type": "Feature", "properties": { "road_key": "61000000ST363.2", "road_name": "ถนนสายบ้านทุ่งรถฟ้า-บ้านหนองมน ช่วงที่ 2", "road_no": "0", "aumpher": "อำเภอทัพทัน", "office": "สาขาเมือง", "branch_code": "61000000", "name_short": "None", "price_new": 250, "price_old": 150, "width_m": 4, "pt_i": 13 }, "geometry": { "type": "Point", "coordinates": [ 99.892439088621714, 15.488031165386653 ] } },
{ "type": "Feature", "properties": { "road_key": "61000000ST363.2", "road_name": "ถนนสายบ้านทุ่งรถฟ้า-บ้านหนองมน ช่วงที่ 2", "road_no": "0", "aumpher": "อำเภอทัพทัน", "office": "สาขาเมือง", "branch_code": "61000000", "name_short": "None", "price_new": 250, "price_old": 150, "width_m": 4, "pt_i": 14 }, "geometry": { "type": "Point", "coordinates": [ 99.893555652156692, 15.487964907499661 ] } },
{ "type": "Feature", "properties": { "road_key": "61000000ST363.2", "road_name": "ถนนสายบ้านทุ่งรถฟ้า-บ้านหนองมน ช่วงที่ 2", "road_no": "0", "aumpher": "อำเภอทัพทัน", "office": "สาขาเมือง", "branch_code": "61000000", "name_short": "None", "price_new": 250, "price_old": 150, "width_m": 4, "pt_i": 15 }, "geometry": { "type": "Point", "coordinates": [ 99.894593421610423, 15.488073678462632 ] } },
{ "type": "Feature", "properties": { "road_key": "61000000ST363.2", "road_name": "ถนนสายบ้านทุ่งรถฟ้า-บ้านหนองมน ช่วงที่ 2", "road_no": "0", "aumpher": "อำเภอทัพทัน", "office": "สาขาเมือง", "branch_code": "61000000", "name_short": "None", "price_new": 250, "price_old": 150, "width_m": 4, "pt_i": 16 }, "geometry": { "type": "Point", "coordinates": [ 99.895520419201063, 15.488643290476414 ] } },
{ "type": "Feature", "properties": { "road_key": "61000000ST363.2", "road_name": "ถนนสายบ้านทุ่งรถฟ้า-บ้านหนองมน ช่วงที่ 2", "road_no": "0", "aumpher": "อำเภอทัพทัน", "office": "สาขาเมือง", "branch_code": "61000000", "name_short": "None", "price_new": 250, "price_old": 150, "width_m": 4, "pt_i": 17 }, "geometry": { "type": "Point", "coordinates": [ 99.896605305485863, 15.48846708760192 ] } },
{ "type": "Feature", "properties": { "road_key": "61000000ST363.2", "road_name": "ถนนสายบ้านทุ่งรถฟ้า-บ้านหนองมน ช่วงที่ 2", "road_no": "0", "aumpher": "อำเภอทัพทัน", "office": "สาขาเมือง", "branch_code": "61000000", "name_short": "None", "price_new": 250, "price_old": 150, "width_m": 4, "pt_i": 18 }, "geometry": { "type": "Point", "coordinates": [ 99.897695645835768, 15.48823141973193 ] } },
{ "type": "Feature", "properties": { "road_key": "61000000ST365", "road_name": "ถนนสายบ้านตาลแถว", "road_no": "0", "aumpher": "อำเภอทัพทัน", "office": "สาขาเมือง", "branch_code": "61000000", "name_short": "None", "price_new": 250, "price_old": 150, "width_m": 4, "pt_i": 0 }, "geometry": { "type": "Point", "coordinates": [ 99.886626293311764, 15.470173271092211 ] } },
{ "type": "Feature", "properties": { "road_key": "61000000ST365", "road_name": "ถนนสายบ้านตาลแถว", "road_no": "0", "aumpher": "อำเภอทัพทัน", "office": "สาขาเมือง", "branch_code": "61000000", "name_short": "None", "price_new": 250, "price_old": 150, "width_m": 4, "pt_i": 1 }, "geometry": { "type": "Point", "coordinates": [ 99.887625403538166, 15.470595029334866 ] } },
{ "type": "Feature", "properties": { "road_key": "61000000ST365", "road_name": "ถนนสายบ้านตาลแถว", "road_no": "0", "aumpher": "อำเภอทัพทัน", "office": "สาขาเมือง", "branch_code": "61000000", "name_short": "None", "price_new": 250, "price_old": 150, "width_m": 4, "pt_i": 2 }, "geometry": { "type": "Point", "coordinates": [ 99.888628630883971, 15.471014841492968 ] } },
{ "type": "Feature", "properties": { "road_key": "61000000ST365", "road_name": "ถนนสายบ้านตาลแถว", "road_no": "0", "aumpher": "อำเภอทัพทัน", "office": "สาขาเมือง", "branch_code": "61000000", "name_short": "None", "price_new": 250, "price_old": 150, "width_m": 4, "pt_i": 3 }, "geometry": { "type": "Point", "coordinates": [ 99.889518899981184, 15.471625378934169 ] } },
{ "type": "Feature", "properties": { "road_key": "61000000ST365", "road_name": "ถนนสายบ้านตาลแถว", "road_no": "0", "aumpher": "อำเภอทัพทัน", "office": "สาขาเมือง", "branch_code": "61000000", "name_short": "None", "price_new": 250, "price_old": 150, "width_m": 4, "pt_i": 4 }, "geometry": { "type": "Point", "coordinates": [ 99.890283801244379, 15.472395542489576 ] } },
{ "type": "Feature", "properties": { "road_key": "61000000ST365", "road_name": "ถนนสายบ้านตาลแถว", "road_no": "0", "aumpher": "อำเภอทัพทัน", "office": "สาขาเมือง", "branch_code": "61000000", "name_short": "None", "price_new": 250, "price_old": 150, "width_m": 4, "pt_i": 5 }, "geometry": { "type": "Point", "coordinates": [ 99.890597185023282, 15.473433862465601 ] } },
{ "type": "Feature", "properties": { "road_key": "61000000ST365", "road_name": "ถนนสายบ้านตาลแถว", "road_no": "0", "aumpher": "อำเภอทัพทัน", "office": "สาขาเมือง", "branch_code": "61000000", "name_short": "None", "price_new": 250, "price_old": 150, "width_m": 4, "pt_i": 6 }, "geometry": { "type": "Point", "coordinates": [ 99.890763815740243, 15.47450578883066 ] } },
{ "type": "Feature", "properties": { "road_key": "61000000ST365", "road_name": "ถนนสายบ้านตาลแถว", "road_no": "0", "aumpher": "อำเภอทัพทัน", "office": "สาขาเมือง", "branch_code": "61000000", "name_short": "None", "price_new": 250, "price_old": 150, "width_m": 4, "pt_i": 0 }, "geometry": { "type": "Point", "coordinates": [ 99.890772476190349, 15.474592829123067 ] } },
{ "type": "Feature", "properties": { "road_key": "61000000ST365", "road_name": "ถนนสายบ้านตาลแถว", "road_no": "0", "aumpher": "อำเภอทัพทัน", "office": "สาขาเมือง", "branch_code": "61000000", "name_short": "None", "price_new": 250, "price_old": 150, "width_m": 4, "pt_i": 1 }, "geometry": { "type": "Point", "coordinates": [ 99.891706533055654, 15.474000009287595 ] } },
{ "type": "Feature", "properties": { "road_key": "61000000ST365", "road_name": "ถนนสายบ้านตาลแถว", "road_no": "0", "aumpher": "อำเภอทัพทัน", "office": "สาขาเมือง", "branch_code": "61000000", "name_short": "None", "price_new": 250, "price_old": 150, "width_m": 4, "pt_i": 2 }, "geometry": { "type": "Point", "coordinates": [ 99.892794902170593, 15.473839920085151 ] } },
{ "type": "Feature", "properties": { "road_key": "61000000ST365", "road_name": "ถนนสายบ้านตาลแถว", "road_no": "0", "aumpher": "อำเภอทัพทัน", "office": "สาขาเมือง", "branch_code": "61000000", "name_short": "None", "price_new": 250, "price_old": 150, "width_m": 4, "pt_i": 3 }, "geometry": { "type": "Point", "coordinates": [ 99.893344667061612, 15.473086390312078 ] } },
{ "type": "Feature", "properties": { "road_key": "61000000ST365", "road_name": "ถนนสายบ้านตาลแถว", "road_no": "0", "aumpher": "อำเภอทัพทัน", "office": "สาขาเมือง", "branch_code": "61000000", "name_short": "None", "price_new": 250, "price_old": 150, "width_m": 4, "pt_i": 4 }, "geometry": { "type": "Point", "coordinates": [ 99.8943607689597, 15.472735174737853 ] } },
{ "type": "Feature", "properties": { "road_key": "61000000ST365", "road_name": "ถนนสายบ้านตาลแถว", "road_no": "0", "aumpher": "อำเภอทัพทัน", "office": "สาขาเมือง", "branch_code": "61000000", "name_short": "None", "price_new": 250, "price_old": 150, "width_m": 4, "pt_i": 5 }, "geometry": { "type": "Point", "coordinates": [ 99.895463271458254, 15.472879920312449 ] } },
{ "type": "Feature", "properties": { "road_key": "61000000ST365", "road_name": "ถนนสายบ้านตาลแถว", "road_no": "0", "aumpher": "อำเภอทัพทัน", "office": "สาขาเมือง", "branch_code": "61000000", "name_short": "None", "price_new": 250, "price_old": 150, "width_m": 4, "pt_i": 6 }, "geometry": { "type": "Point", "coordinates": [ 99.896571143134352, 15.473015158976386 ] } },
{ "type": "Feature", "properties": { "road_key": "61000000ST365", "road_name": "ถนนสายบ้านตาลแถว", "road_no": "0", "aumpher": "อำเภอทัพทัน", "office": "สาขาเมือง", "branch_code": "61000000", "name_short": "None", "price_new": 250, "price_old": 150, "width_m": 4, "pt_i": 7 }, "geometry": { "type": "Point", "coordinates": [ 99.897654232473087, 15.472823212518058 ] } },
{ "type": "Feature", "properties": { "road_key": "61000000ST365", "road_name": "ถนนสายบ้านตาลแถว", "road_no": "0", "aumpher": "อำเภอทัพทัน", "office": "สาขาเมือง", "branch_code": "61000000", "name_short": "None", "price_new": 250, "price_old": 150, "width_m": 4, "pt_i": 0 }, "geometry": { "type": "Point", "coordinates": [ 99.890772476190349, 15.474592829123067 ] } },
{ "type": "Feature", "properties": { "road_key": "61000000ST365", "road_name": "ถนนสายบ้านตาลแถว", "road_no": "0", "aumpher": "อำเภอทัพทัน", "office": "สาขาเมือง", "branch_code": "61000000", "name_short": "None", "price_new": 250, "price_old": 150, "width_m": 4, "pt_i": 1 }, "geometry": { "type": "Point", "coordinates": [ 99.89110742693434, 15.475449815075759 ] } },
{ "type": "Feature", "properties": { "road_key": "61000000ST365", "road_name": "ถนนสายบ้านตาลแถว", "road_no": "0", "aumpher": "อำเภอทัพทัน", "office": "สาขาเมือง", "branch_code": "61000000", "name_short": "None", "price_new": 250, "price_old": 150, "width_m": 4, "pt_i": 2 }, "geometry": { "type": "Point", "coordinates": [ 99.892145084552638, 15.475854923841103 ] } },
{ "type": "Feature", "properties": { "road_key": "61000000ST365", "road_name": "ถนนสายบ้านตาลแถว", "road_no": "0", "aumpher": "อำเภอทัพทัน", "office": "สาขาเมือง", "branch_code": "61000000", "name_short": "None", "price_new": 250, "price_old": 150, "width_m": 4, "pt_i": 3 }, "geometry": { "type": "Point", "coordinates": [ 99.893182745980056, 15.47626002751424 ] } },
{ "type": "Feature", "properties": { "road_key": "61000000ST365", "road_name": "ถนนสายบ้านตาลแถว", "road_no": "0", "aumpher": "อำเภอทัพทัน", "office": "สาขาเมือง", "branch_code": "61000000", "name_short": "None", "price_new": 250, "price_old": 150, "width_m": 4, "pt_i": 4 }, "geometry": { "type": "Point", "coordinates": [ 99.893551825150737, 15.476968557637893 ] } },
{ "type": "Feature", "properties": { "road_key": "61000000ST365", "road_name": "ถนนสายบ้านตาลแถว", "road_no": "0", "aumpher": "อำเภอทัพทัน", "office": "สาขาเมือง", "branch_code": "61000000", "name_short": "None", "price_new": 250, "price_old": 150, "width_m": 4, "pt_i": 5 }, "geometry": { "type": "Point", "coordinates": [ 99.893143255994488, 15.477977746281773 ] } },
{ "type": "Feature", "properties": { "road_key": "61000000ST369", "road_name": "ถนนสายบ้านเขาลูกช้าง-บ้านโคกหม้อ (1)", "road_no": "0", "aumpher": "อำเภอทัพทัน", "office": "สาขาเมือง", "branch_code": "61000000", "name_short": "None", "price_new": 250, "price_old": 150, "width_m": 4, "pt_i": 0 }, "geometry": { "type": "Point", "coordinates": [ 99.899485360065597, 15.542019337699013 ] } },
{ "type": "Feature", "properties": { "road_key": "61000000ST369", "road_name": "ถนนสายบ้านเขาลูกช้าง-บ้านโคกหม้อ (1)", "road_no": "0", "aumpher": "อำเภอทัพทัน", "office": "สาขาเมือง", "branch_code": "61000000", "name_short": "None", "price_new": 250, "price_old": 150, "width_m": 4, "pt_i": 1 }, "geometry": { "type": "Point", "coordinates": [ 99.900077049161425, 15.542937194452957 ] } },
{ "type": "Feature", "properties": { "road_key": "61000000ST369", "road_name": "ถนนสายบ้านเขาลูกช้าง-บ้านโคกหม้อ (1)", "road_no": "0", "aumpher": "อำเภอทัพทัน", "office": "สาขาเมือง", "branch_code": "61000000", "name_short": "None", "price_new": 250, "price_old": 150, "width_m": 4, "pt_i": 2 }, "geometry": { "type": "Point", "coordinates": [ 99.900397882570829, 15.543966856812885 ] } },
{ "type": "Feature", "properties": { "road_key": "61000000ST369", "road_name": "ถนนสายบ้านเขาลูกช้าง-บ้านโคกหม้อ (1)", "road_no": "0", "aumpher": "อำเภอทัพทัน", "office": "สาขาเมือง", "branch_code": "61000000", "name_short": "None", "price_new": 250, "price_old": 150, "width_m": 4, "pt_i": 3 }, "geometry": { "type": "Point", "coordinates": [ 99.900592690076365, 15.545034927324378 ] } },
{ "type": "Feature", "properties": { "road_key": "61000000ST369", "road_name": "ถนนสายบ้านเขาลูกช้าง-บ้านโคกหม้อ (1)", "road_no": "0", "aumpher": "อำเภอทัพทัน", "office": "สาขาเมือง", "branch_code": "61000000", "name_short": "None", "price_new": 250, "price_old": 150, "width_m": 4, "pt_i": 4 }, "geometry": { "type": "Point", "coordinates": [ 99.901028469602522, 15.546020736793531 ] } },
{ "type": "Feature", "properties": { "road_key": "61000000ST369", "road_name": "ถนนสายบ้านเขาลูกช้าง-บ้านโคกหม้อ (1)", "road_no": "0", "aumpher": "อำเภอทัพทัน", "office": "สาขาเมือง", "branch_code": "61000000", "name_short": "None", "price_new": 250, "price_old": 150, "width_m": 4, "pt_i": 5 }, "geometry": { "type": "Point", "coordinates": [ 99.901412983273872, 15.54703434963842 ] } },
{ "type": "Feature", "properties": { "road_key": "61000000ST369", "road_name": "ถนนสายบ้านเขาลูกช้าง-บ้านโคกหม้อ (1)", "road_no": "0", "aumpher": "อำเภอทัพทัน", "office": "สาขาเมือง", "branch_code": "61000000", "name_short": "None", "price_new": 250, "price_old": 150, "width_m": 4, "pt_i": 6 }, "geometry": { "type": "Point", "coordinates": [ 99.901705899878394, 15.548081227644312 ] } },
{ "type": "Feature", "properties": { "road_key": "61000000ST369", "road_name": "ถนนสายบ้านเขาลูกช้าง-บ้านโคกหม้อ (1)", "road_no": "0", "aumpher": "อำเภอทัพทัน", "office": "สาขาเมือง", "branch_code": "61000000", "name_short": "None", "price_new": 250, "price_old": 150, "width_m": 4, "pt_i": 7 }, "geometry": { "type": "Point", "coordinates": [ 99.90200401248309, 15.54912515858709 ] } },
{ "type": "Feature", "properties": { "road_key": "61000000ST369", "road_name": "ถนนสายบ้านเขาลูกช้าง-บ้านโคกหม้อ (1)", "road_no": "0", "aumpher": "อำเภอทัพทัน", "office": "สาขาเมือง", "branch_code": "61000000", "name_short": "None", "price_new": 250, "price_old": 150, "width_m": 4, "pt_i": 8 }, "geometry": { "type": "Point", "coordinates": [ 99.902389476657277, 15.550142111840689 ] } },
{ "type": "Feature", "properties": { "road_key": "61000000ST369", "road_name": "ถนนสายบ้านเขาลูกช้าง-บ้านโคกหม้อ (1)", "road_no": "0", "aumpher": "อำเภอทัพทัน", "office": "สาขาเมือง", "branch_code": "61000000", "name_short": "None", "price_new": 250, "price_old": 150, "width_m": 4, "pt_i": 9 }, "geometry": { "type": "Point", "coordinates": [ 99.902625509962377, 15.551202427634868 ] } },
{ "type": "Feature", "properties": { "road_key": "61000000ST369", "road_name": "ถนนสายบ้านเขาลูกช้าง-บ้านโคกหม้อ (1)", "road_no": "0", "aumpher": "อำเภอทัพทัน", "office": "สาขาเมือง", "branch_code": "61000000", "name_short": "None", "price_new": 250, "price_old": 150, "width_m": 4, "pt_i": 10 }, "geometry": { "type": "Point", "coordinates": [ 99.902882702501131, 15.552257991315692 ] } },
{ "type": "Feature", "properties": { "road_key": "61000000ST369", "road_name": "ถนนสายบ้านเขาลูกช้าง-บ้านโคกหม้อ (1)", "road_no": "0", "aumpher": "อำเภอทัพทัน", "office": "สาขาเมือง", "branch_code": "61000000", "name_short": "None", "price_new": 250, "price_old": 150, "width_m": 4, "pt_i": 11 }, "geometry": { "type": "Point", "coordinates": [ 99.903215551527765, 15.553292206985294 ] } },
{ "type": "Feature", "properties": { "road_key": "61000000ST369", "road_name": "ถนนสายบ้านเขาลูกช้าง-บ้านโคกหม้อ (1)", "road_no": "0", "aumpher": "อำเภอทัพทัน", "office": "สาขาเมือง", "branch_code": "61000000", "name_short": "None", "price_new": 250, "price_old": 150, "width_m": 4, "pt_i": 12 }, "geometry": { "type": "Point", "coordinates": [ 99.903607808066539, 15.554308143641151 ] } },
{ "type": "Feature", "properties": { "road_key": "61000000ST369", "road_name": "ถนนสายบ้านเขาลูกช้าง-บ้านโคกหม้อ (1)", "road_no": "0", "aumpher": "อำเภอทัพทัน", "office": "สาขาเมือง", "branch_code": "61000000", "name_short": "None", "price_new": 250, "price_old": 150, "width_m": 4, "pt_i": 13 }, "geometry": { "type": "Point", "coordinates": [ 99.903959261373572, 15.555337648561922 ] } },
{ "type": "Feature", "properties": { "road_key": "61000000ST369", "road_name": "ถนนสายบ้านเขาลูกช้าง-บ้านโคกหม้อ (1)", "road_no": "0", "aumpher": "อำเภอทัพทัน", "office": "สาขาเมือง", "branch_code": "61000000", "name_short": "None", "price_new": 250, "price_old": 150, "width_m": 4, "pt_i": 14 }, "geometry": { "type": "Point", "coordinates": [ 99.904285424744032, 15.556375278800488 ] } },
{ "type": "Feature", "properties": { "road_key": "61000000ST369", "road_name": "ถนนสายบ้านเขาลูกช้าง-บ้านโคกหม้อ (1)", "road_no": "0", "aumpher": "อำเภอทัพทัน", "office": "สาขาเมือง", "branch_code": "61000000", "name_short": "None", "price_new": 250, "price_old": 150, "width_m": 4, "pt_i": 15 }, "geometry": { "type": "Point", "coordinates": [ 99.904594280184511, 15.557417860307188 ] } },
{ "type": "Feature", "properties": { "road_key": "61000000ST369", "road_name": "ถนนสายบ้านเขาลูกช้าง-บ้านโคกหม้อ (1)", "road_no": "0", "aumpher": "อำเภอทัพทัน", "office": "สาขาเมือง", "branch_code": "61000000", "name_short": "None", "price_new": 250, "price_old": 150, "width_m": 4, "pt_i": 16 }, "geometry": { "type": "Point", "coordinates": [ 99.904894942373545, 15.558462486384864 ] } },
{ "type": "Feature", "properties": { "road_key": "61000000ST369", "road_name": "ถนนสายบ้านเขาลูกช้าง-บ้านโคกหม้อ (1)", "road_no": "0", "aumpher": "อำเภอทัพทัน", "office": "สาขาเมือง", "branch_code": "61000000", "name_short": "None", "price_new": 250, "price_old": 150, "width_m": 4, "pt_i": 17 }, "geometry": { "type": "Point", "coordinates": [ 99.905296933372952, 15.559474787762616 ] } },
{ "type": "Feature", "properties": { "road_key": "61000000ST369", "road_name": "ถนนสายบ้านเขาลูกช้าง-บ้านโคกหม้อ (1)", "road_no": "0", "aumpher": "อำเภอทัพทัน", "office": "สาขาเมือง", "branch_code": "61000000", "name_short": "None", "price_new": 250, "price_old": 150, "width_m": 4, "pt_i": 18 }, "geometry": { "type": "Point", "coordinates": [ 99.905529480610241, 15.560532433984752 ] } },
{ "type": "Feature", "properties": { "road_key": "61000000ST369", "road_name": "ถนนสายบ้านเขาลูกช้าง-บ้านโคกหม้อ (1)", "road_no": "0", "aumpher": "อำเภอทัพทัน", "office": "สาขาเมือง", "branch_code": "61000000", "name_short": "None", "price_new": 250, "price_old": 150, "width_m": 4, "pt_i": 19 }, "geometry": { "type": "Point", "coordinates": [ 99.904646052175892, 15.561009232377137 ] } },
{ "type": "Feature", "properties": { "road_key": "61000000ST369", "road_name": "ถนนสายบ้านเขาลูกช้าง-บ้านโคกหม้อ (1)", "road_no": "0", "aumpher": "อำเภอทัพทัน", "office": "สาขาเมือง", "branch_code": "61000000", "name_short": "None", "price_new": 250, "price_old": 150, "width_m": 4, "pt_i": 20 }, "geometry": { "type": "Point", "coordinates": [ 99.903614868670459, 15.561420171079387 ] } },
{ "type": "Feature", "properties": { "road_key": "61000000ST369", "road_name": "ถนนสายบ้านเขาลูกช้าง-บ้านโคกหม้อ (1)", "road_no": "0", "aumpher": "อำเภอทัพทัน", "office": "สาขาเมือง", "branch_code": "61000000", "name_short": "None", "price_new": 250, "price_old": 150, "width_m": 4, "pt_i": 21 }, "geometry": { "type": "Point", "coordinates": [ 99.903860176183159, 15.562454131266204 ] } }
]
}
