{
"type": "FeatureCollection",
"name": "roads_ar_points_อำเภอหนองขาหย่าง",
"crs": { "type": "name", "properties": { "name": "urn:ogc:def:crs:OGC:1.3:CRS84" } },
"features": [
{ "type": "Feature", "properties": { "road_key": "61000000ST001.1", "road_name": "ทางหลวงแผ่นดินหมายเลข 333 (สายการุ้ง-อุทัยธานี) ช่วงที่ 1", "road_no": "333", "aumpher": "อำเภอหนองขาหย่าง", "office": "สาขาเมือง", "branch_code": "61000000", "name_short": "ทล.", "price_new": 2000, "price_old": 2000, "width_m": 40, "pt_i": 0 }, "geometry": { "type": "Point", "coordinates": [ 99.993275146111813, 15.365674730299069 ] } },
{ "type": "Feature", "properties": { "road_key": "61000000ST001.1", "road_name": "ทางหลวงแผ่นดินหมายเลข 333 (สายการุ้ง-อุทัยธานี) ช่วงที่ 1", "road_no": "333", "aumpher": "อำเภอหนองขาหย่าง", "office": "สาขาเมือง", "branch_code": "61000000", "name_short": "ทล.", "price_new": 2000, "price_old": 2000, "width_m": 40, "pt_i": 1 }, "geometry": { "type": "Point", "coordinates": [ 99.992161295812124, 15.365594132432451 ] } },
{ "type": "Feature", "properties": { "road_key": "61000000ST001.1", "road_name": "ทางหลวงแผ่นดินหมายเลข 333 (สายการุ้ง-อุทัยธานี) ช่วงที่ 1", "road_no": "333", "aumpher": "อำเภอหนองขาหย่าง", "office": "สาขาเมือง", "branch_code": "61000000", "name_short": "ทล.", "price_new": 2000, "price_old": 2000, "width_m": 40, "pt_i": 2 }, "geometry": { "type": "Point", "coordinates": [ 99.991049878460473, 15.365480339030601 ] } },
{ "type": "Feature", "properties": { "road_key": "61000000ST001.1", "road_name": "ทางหลวงแผ่นดินหมายเลข 333 (สายการุ้ง-อุทัยธานี) ช่วงที่ 1", "road_no": "333", "aumpher": "อำเภอหนองขาหย่าง", "office": "สาขาเมือง", "branch_code": "61000000", "name_short": "ทล.", "price_new": 2000, "price_old": 2000, "width_m": 40, "pt_i": 3 }, "geometry": { "type": "Point", "coordinates": [ 99.989968100265315, 15.365214442618951 ] } },
{ "type": "Feature", "properties": { "road_key": "61000000ST001.1", "road_name": "ทางหลวงแผ่นดินหมายเลข 333 (สายการุ้ง-อุทัยธานี) ช่วงที่ 1", "road_no": "333", "aumpher": "อำเภอหนองขาหย่าง", "office": "สาขาเมือง", "branch_code": "61000000", "name_short": "ทล.", "price_new": 2000, "price_old": 2000, "width_m": 40, "pt_i": 4 }, "geometry": { "type": "Point", "coordinates": [ 99.988894505800729, 15.364911881303135 ] } },
{ "type": "Feature", "properties": { "road_key": "61000000ST001.1", "road_name": "ทางหลวงแผ่นดินหมายเลข 333 (สายการุ้ง-อุทัยธานี) ช่วงที่ 1", "road_no": "333", "aumpher": "อำเภอหนองขาหย่าง", "office": "สาขาเมือง", "branch_code": "61000000", "name_short": "ทล.", "price_new": 2000, "price_old": 2000, "width_m": 40, "pt_i": 5 }, "geometry": { "type": "Point", "coordinates": [ 99.987829671153349, 15.364582191270534 ] } },
{ "type": "Feature", "properties": { "road_key": "61000000ST001.1", "road_name": "ทางหลวงแผ่นดินหมายเลข 333 (สายการุ้ง-อุทัยธานี) ช่วงที่ 1", "road_no": "333", "aumpher": "อำเภอหนองขาหย่าง", "office": "สาขาเมือง", "branch_code": "61000000", "name_short": "ทล.", "price_new": 2000, "price_old": 2000, "width_m": 40, "pt_i": 6 }, "geometry": { "type": "Point", "coordinates": [ 99.986727278093014, 15.364411860074719 ] } },
{ "type": "Feature", "properties": { "road_key": "61000000ST001.1", "road_name": "ทางหลวงแผ่นดินหมายเลข 333 (สายการุ้ง-อุทัยธานี) ช่วงที่ 1", "road_no": "333", "aumpher": "อำเภอหนองขาหย่าง", "office": "สาขาเมือง", "branch_code": "61000000", "name_short": "ทล.", "price_new": 2000, "price_old": 2000, "width_m": 40, "pt_i": 7 }, "geometry": { "type": "Point", "coordinates": [ 99.985613611204073, 15.364317159822219 ] } },
{ "type": "Feature", "properties": { "road_key": "61000000ST001.1", "road_name": "ทางหลวงแผ่นดินหมายเลข 333 (สายการุ้ง-อุทัยธานี) ช่วงที่ 1", "road_no": "333", "aumpher": "อำเภอหนองขาหย่าง", "office": "สาขาเมือง", "branch_code": "61000000", "name_short": "ทล.", "price_new": 2000, "price_old": 2000, "width_m": 40, "pt_i": 8 }, "geometry": { "type": "Point", "coordinates": [ 99.984501804034451, 15.36420416588464 ] } },
{ "type": "Feature", "properties": { "road_key": "61000000ST001.1", "road_name": "ทางหลวงแผ่นดินหมายเลข 333 (สายการุ้ง-อุทัยธานี) ช่วงที่ 1", "road_no": "333", "aumpher": "อำเภอหนองขาหย่าง", "office": "สาขาเมือง", "branch_code": "61000000", "name_short": "ทล.", "price_new": 2000, "price_old": 2000, "width_m": 40, "pt_i": 9 }, "geometry": { "type": "Point", "coordinates": [ 99.983415174767245, 15.363966963587563 ] } },
{ "type": "Feature", "properties": { "road_key": "61000000ST001.1", "road_name": "ทางหลวงแผ่นดินหมายเลข 333 (สายการุ้ง-อุทัยธานี) ช่วงที่ 1", "road_no": "333", "aumpher": "อำเภอหนองขาหย่าง", "office": "สาขาเมือง", "branch_code": "61000000", "name_short": "ทล.", "price_new": 2000, "price_old": 2000, "width_m": 40, "pt_i": 10 }, "geometry": { "type": "Point", "coordinates": [ 99.982358273575073, 15.363613424668886 ] } },
{ "type": "Feature", "properties": { "road_key": "61000000ST001.1", "road_name": "ทางหลวงแผ่นดินหมายเลข 333 (สายการุ้ง-อุทัยธานี) ช่วงที่ 1", "road_no": "333", "aumpher": "อำเภอหนองขาหย่าง", "office": "สาขาเมือง", "branch_code": "61000000", "name_short": "ทล.", "price_new": 2000, "price_old": 2000, "width_m": 40, "pt_i": 11 }, "geometry": { "type": "Point", "coordinates": [ 99.981270077494841, 15.363391420842866 ] } },
{ "type": "Feature", "properties": { "road_key": "61000000ST001.1", "road_name": "ทางหลวงแผ่นดินหมายเลข 333 (สายการุ้ง-อุทัยธานี) ช่วงที่ 1", "road_no": "333", "aumpher": "อำเภอหนองขาหย่าง", "office": "สาขาเมือง", "branch_code": "61000000", "name_short": "ทล.", "price_new": 2000, "price_old": 2000, "width_m": 40, "pt_i": 12 }, "geometry": { "type": "Point", "coordinates": [ 99.980158730341572, 15.363500178858795 ] } },
{ "type": "Feature", "properties": { "road_key": "61000000ST001.1", "road_name": "ทางหลวงแผ่นดินหมายเลข 333 (สายการุ้ง-อุทัยธานี) ช่วงที่ 1", "road_no": "333", "aumpher": "อำเภอหนองขาหย่าง", "office": "สาขาเมือง", "branch_code": "61000000", "name_short": "ทล.", "price_new": 2000, "price_old": 2000, "width_m": 40, "pt_i": 13 }, "geometry": { "type": "Point", "coordinates": [ 99.979049058639404, 15.363631383697962 ] } },
{ "type": "Feature", "properties": { "road_key": "61000000ST001.1", "road_name": "ทางหลวงแผ่นดินหมายเลข 333 (สายการุ้ง-อุทัยธานี) ช่วงที่ 1", "road_no": "333", "aumpher": "อำเภอหนองขาหย่าง", "office": "สาขาเมือง", "branch_code": "61000000", "name_short": "ทล.", "price_new": 2000, "price_old": 2000, "width_m": 40, "pt_i": 14 }, "geometry": { "type": "Point", "coordinates": [ 99.977941254245792, 15.363777274818286 ] } },
{ "type": "Feature", "properties": { "road_key": "61000000ST001.1", "road_name": "ทางหลวงแผ่นดินหมายเลข 333 (สายการุ้ง-อุทัยธานี) ช่วงที่ 1", "road_no": "333", "aumpher": "อำเภอหนองขาหย่าง", "office": "สาขาเมือง", "branch_code": "61000000", "name_short": "ทล.", "price_new": 2000, "price_old": 2000, "width_m": 40, "pt_i": 15 }, "geometry": { "type": "Point", "coordinates": [ 99.976833447975551, 15.36392316051886 ] } },
{ "type": "Feature", "properties": { "road_key": "61000000ST001.1", "road_name": "ทางหลวงแผ่นดินหมายเลข 333 (สายการุ้ง-อุทัยธานี) ช่วงที่ 1", "road_no": "333", "aumpher": "อำเภอหนองขาหย่าง", "office": "สาขาเมือง", "branch_code": "61000000", "name_short": "ทล.", "price_new": 2000, "price_old": 2000, "width_m": 40, "pt_i": 16 }, "geometry": { "type": "Point", "coordinates": [ 99.975725589235466, 15.364068677258969 ] } },
{ "type": "Feature", "properties": { "road_key": "61000000ST001.1", "road_name": "ทางหลวงแผ่นดินหมายเลข 333 (สายการุ้ง-อุทัยธานี) ช่วงที่ 1", "road_no": "333", "aumpher": "อำเภอหนองขาหย่าง", "office": "สาขาเมือง", "branch_code": "61000000", "name_short": "ทล.", "price_new": 2000, "price_old": 2000, "width_m": 40, "pt_i": 17 }, "geometry": { "type": "Point", "coordinates": [ 99.974617580941583, 15.364213127371158 ] } },
{ "type": "Feature", "properties": { "road_key": "61000000ST001.1", "road_name": "ทางหลวงแผ่นดินหมายเลข 333 (สายการุ้ง-อุทัยธานี) ช่วงที่ 1", "road_no": "333", "aumpher": "อำเภอหนองขาหย่าง", "office": "สาขาเมือง", "branch_code": "61000000", "name_short": "ทล.", "price_new": 2000, "price_old": 2000, "width_m": 40, "pt_i": 18 }, "geometry": { "type": "Point", "coordinates": [ 99.973510183975208, 15.364361917239163 ] } },
{ "type": "Feature", "properties": { "road_key": "61000000ST001.1", "road_name": "ทางหลวงแผ่นดินหมายเลข 333 (สายการุ้ง-อุทัยธานี) ช่วงที่ 1", "road_no": "333", "aumpher": "อำเภอหนองขาหย่าง", "office": "สาขาเมือง", "branch_code": "61000000", "name_short": "ทล.", "price_new": 2000, "price_old": 2000, "width_m": 40, "pt_i": 19 }, "geometry": { "type": "Point", "coordinates": [ 99.972398998166099, 15.364468555331623 ] } },
{ "type": "Feature", "properties": { "road_key": "61000000ST001.1", "road_name": "ทางหลวงแผ่นดินหมายเลข 333 (สายการุ้ง-อุทัยธานี) ช่วงที่ 1", "road_no": "333", "aumpher": "อำเภอหนองขาหย่าง", "office": "สาขาเมือง", "branch_code": "61000000", "name_short": "ทล.", "price_new": 2000, "price_old": 2000, "width_m": 40, "pt_i": 20 }, "geometry": { "type": "Point", "coordinates": [ 99.971281829871458, 15.364509566152813 ] } },
{ "type": "Feature", "properties": { "road_key": "61000000ST001.1", "road_name": "ทางหลวงแผ่นดินหมายเลข 333 (สายการุ้ง-อุทัยธานี) ช่วงที่ 1", "road_no": "333", "aumpher": "อำเภอหนองขาหย่าง", "office": "สาขาเมือง", "branch_code": "61000000", "name_short": "ทล.", "price_new": 2000, "price_old": 2000, "width_m": 40, "pt_i": 21 }, "geometry": { "type": "Point", "coordinates": [ 99.970164604371831, 15.364477580513105 ] } },
{ "type": "Feature", "properties": { "road_key": "61000000ST001.1", "road_name": "ทางหลวงแผ่นดินหมายเลข 333 (สายการุ้ง-อุทัยธานี) ช่วงที่ 1", "road_no": "333", "aumpher": "อำเภอหนองขาหย่าง", "office": "สาขาเมือง", "branch_code": "61000000", "name_short": "ทล.", "price_new": 2000, "price_old": 2000, "width_m": 40, "pt_i": 22 }, "geometry": { "type": "Point", "coordinates": [ 99.969047461070076, 15.364462883075999 ] } },
{ "type": "Feature", "properties": { "road_key": "61000000ST001.1", "road_name": "ทางหลวงแผ่นดินหมายเลข 333 (สายการุ้ง-อุทัยธานี) ช่วงที่ 1", "road_no": "333", "aumpher": "อำเภอหนองขาหย่าง", "office": "สาขาเมือง", "branch_code": "61000000", "name_short": "ทล.", "price_new": 2000, "price_old": 2000, "width_m": 40, "pt_i": 23 }, "geometry": { "type": "Point", "coordinates": [ 99.967932444329534, 15.364537842705669 ] } },
{ "type": "Feature", "properties": { "road_key": "61000000ST001.1", "road_name": "ทางหลวงแผ่นดินหมายเลข 333 (สายการุ้ง-อุทัยธานี) ช่วงที่ 1", "road_no": "333", "aumpher": "อำเภอหนองขาหย่าง", "office": "สาขาเมือง", "branch_code": "61000000", "name_short": "ทล.", "price_new": 2000, "price_old": 2000, "width_m": 40, "pt_i": 24 }, "geometry": { "type": "Point", "coordinates": [ 99.966832848742897, 15.364733247675069 ] } },
{ "type": "Feature", "properties": { "road_key": "61000000ST001.1", "road_name": "ทางหลวงแผ่นดินหมายเลข 333 (สายการุ้ง-อุทัยธานี) ช่วงที่ 1", "road_no": "333", "aumpher": "อำเภอหนองขาหย่าง", "office": "สาขาเมือง", "branch_code": "61000000", "name_short": "ทล.", "price_new": 2000, "price_old": 2000, "width_m": 40, "pt_i": 25 }, "geometry": { "type": "Point", "coordinates": [ 99.965727402049964, 15.364885070215896 ] } },
{ "type": "Feature", "properties": { "road_key": "61000000ST001.1", "road_name": "ทางหลวงแผ่นดินหมายเลข 333 (สายการุ้ง-อุทัยธานี) ช่วงที่ 1", "road_no": "333", "aumpher": "อำเภอหนองขาหย่าง", "office": "สาขาเมือง", "branch_code": "61000000", "name_short": "ทล.", "price_new": 2000, "price_old": 2000, "width_m": 40, "pt_i": 26 }, "geometry": { "type": "Point", "coordinates": [ 99.964612713703872, 15.364968149227538 ] } },
{ "type": "Feature", "properties": { "road_key": "61000000ST001.1", "road_name": "ทางหลวงแผ่นดินหมายเลข 333 (สายการุ้ง-อุทัยธานี) ช่วงที่ 1", "road_no": "333", "aumpher": "อำเภอหนองขาหย่าง", "office": "สาขาเมือง", "branch_code": "61000000", "name_short": "ทล.", "price_new": 2000, "price_old": 2000, "width_m": 40, "pt_i": 27 }, "geometry": { "type": "Point", "coordinates": [ 99.963496496287902, 15.36502420538817 ] } },
{ "type": "Feature", "properties": { "road_key": "61000000ST001.1", "road_name": "ทางหลวงแผ่นดินหมายเลข 333 (สายการุ้ง-อุทัยธานี) ช่วงที่ 1", "road_no": "333", "aumpher": "อำเภอหนองขาหย่าง", "office": "สาขาเมือง", "branch_code": "61000000", "name_short": "ทล.", "price_new": 2000, "price_old": 2000, "width_m": 40, "pt_i": 28 }, "geometry": { "type": "Point", "coordinates": [ 99.962380778474738, 15.364955339524897 ] } },
{ "type": "Feature", "properties": { "road_key": "61000000ST001.1", "road_name": "ทางหลวงแผ่นดินหมายเลข 333 (สายการุ้ง-อุทัยธานี) ช่วงที่ 1", "road_no": "333", "aumpher": "อำเภอหนองขาหย่าง", "office": "สาขาเมือง", "branch_code": "61000000", "name_short": "ทล.", "price_new": 2000, "price_old": 2000, "width_m": 40, "pt_i": 29 }, "geometry": { "type": "Point", "coordinates": [ 99.96126391952599, 15.364962039896481 ] } },
{ "type": "Feature", "properties": { "road_key": "61000000ST001.1", "road_name": "ทางหลวงแผ่นดินหมายเลข 333 (สายการุ้ง-อุทัยธานี) ช่วงที่ 1", "road_no": "333", "aumpher": "อำเภอหนองขาหย่าง", "office": "สาขาเมือง", "branch_code": "61000000", "name_short": "ทล.", "price_new": 2000, "price_old": 2000, "width_m": 40, "pt_i": 30 }, "geometry": { "type": "Point", "coordinates": [ 99.96014707906383, 15.365009352919538 ] } },
{ "type": "Feature", "properties": { "road_key": "61000000ST001.1", "road_name": "ทางหลวงแผ่นดินหมายเลข 333 (สายการุ้ง-อุทัยธานี) ช่วงที่ 1", "road_no": "333", "aumpher": "อำเภอหนองขาหย่าง", "office": "สาขาเมือง", "branch_code": "61000000", "name_short": "ทล.", "price_new": 2000, "price_old": 2000, "width_m": 40, "pt_i": 31 }, "geometry": { "type": "Point", "coordinates": [ 99.959030906591792, 15.365070914780771 ] } },
{ "type": "Feature", "properties": { "road_key": "61000000ST001.1", "road_name": "ทางหลวงแผ่นดินหมายเลข 333 (สายการุ้ง-อุทัยธานี) ช่วงที่ 1", "road_no": "333", "aumpher": "อำเภอหนองขาหย่าง", "office": "สาขาเมือง", "branch_code": "61000000", "name_short": "ทล.", "price_new": 2000, "price_old": 2000, "width_m": 40, "pt_i": 32 }, "geometry": { "type": "Point", "coordinates": [ 99.957914733125179, 15.365132471087385 ] } },
{ "type": "Feature", "properties": { "road_key": "61000000ST001.1", "road_name": "ทางหลวงแผ่นดินหมายเลข 333 (สายการุ้ง-อุทัยธานี) ช่วงที่ 1", "road_no": "333", "aumpher": "อำเภอหนองขาหย่าง", "office": "สาขาเมือง", "branch_code": "61000000", "name_short": "ทล.", "price_new": 2000, "price_old": 2000, "width_m": 40, "pt_i": 33 }, "geometry": { "type": "Point", "coordinates": [ 99.956798087019905, 15.365185353154049 ] } },
{ "type": "Feature", "properties": { "road_key": "61000000ST001.1", "road_name": "ทางหลวงแผ่นดินหมายเลข 333 (สายการุ้ง-อุทัยธานี) ช่วงที่ 1", "road_no": "333", "aumpher": "อำเภอหนองขาหย่าง", "office": "สาขาเมือง", "branch_code": "61000000", "name_short": "ทล.", "price_new": 2000, "price_old": 2000, "width_m": 40, "pt_i": 34 }, "geometry": { "type": "Point", "coordinates": [ 99.955681436431576, 15.365237975539058 ] } },
{ "type": "Feature", "properties": { "road_key": "61000000ST001.1", "road_name": "ทางหลวงแผ่นดินหมายเลข 333 (สายการุ้ง-อุทัยธานี) ช่วงที่ 1", "road_no": "333", "aumpher": "อำเภอหนองขาหย่าง", "office": "สาขาเมือง", "branch_code": "61000000", "name_short": "ทล.", "price_new": 2000, "price_old": 2000, "width_m": 40, "pt_i": 35 }, "geometry": { "type": "Point", "coordinates": [ 99.95456445166306, 15.365192293409113 ] } },
{ "type": "Feature", "properties": { "road_key": "61000000ST001.1", "road_name": "ทางหลวงแผ่นดินหมายเลข 333 (สายการุ้ง-อุทัยธานี) ช่วงที่ 1", "road_no": "333", "aumpher": "อำเภอหนองขาหย่าง", "office": "สาขาเมือง", "branch_code": "61000000", "name_short": "ทล.", "price_new": 2000, "price_old": 2000, "width_m": 40, "pt_i": 36 }, "geometry": { "type": "Point", "coordinates": [ 99.953447467042238, 15.365146605651203 ] } },
{ "type": "Feature", "properties": { "road_key": "61000000ST001.1", "road_name": "ทางหลวงแผ่นดินหมายเลข 333 (สายการุ้ง-อุทัยธานี) ช่วงที่ 1", "road_no": "333", "aumpher": "อำเภอหนองขาหย่าง", "office": "สาขาเมือง", "branch_code": "61000000", "name_short": "ทล.", "price_new": 2000, "price_old": 2000, "width_m": 40, "pt_i": 37 }, "geometry": { "type": "Point", "coordinates": [ 99.952332129797909, 15.365072177508356 ] } },
{ "type": "Feature", "properties": { "road_key": "61000000ST001.1", "road_name": "ทางหลวงแผ่นดินหมายเลข 333 (สายการุ้ง-อุทัยธานี) ช่วงที่ 1", "road_no": "333", "aumpher": "อำเภอหนองขาหย่าง", "office": "สาขาเมือง", "branch_code": "61000000", "name_short": "ทล.", "price_new": 2000, "price_old": 2000, "width_m": 40, "pt_i": 38 }, "geometry": { "type": "Point", "coordinates": [ 99.95121681316833, 15.364997392104009 ] } },
{ "type": "Feature", "properties": { "road_key": "61000000ST001.1", "road_name": "ทางหลวงแผ่นดินหมายเลข 333 (สายการุ้ง-อุทัยธานี) ช่วงที่ 1", "road_no": "333", "aumpher": "อำเภอหนองขาหย่าง", "office": "สาขาเมือง", "branch_code": "61000000", "name_short": "ทล.", "price_new": 2000, "price_old": 2000, "width_m": 40, "pt_i": 39 }, "geometry": { "type": "Point", "coordinates": [ 99.950100926072267, 15.364931311301346 ] } },
{ "type": "Feature", "properties": { "road_key": "61000000ST001.1", "road_name": "ทางหลวงแผ่นดินหมายเลข 333 (สายการุ้ง-อุทัยธานี) ช่วงที่ 1", "road_no": "333", "aumpher": "อำเภอหนองขาหย่าง", "office": "สาขาเมือง", "branch_code": "61000000", "name_short": "ทล.", "price_new": 2000, "price_old": 2000, "width_m": 40, "pt_i": 40 }, "geometry": { "type": "Point", "coordinates": [ 99.948984831222873, 15.364868399762679 ] } },
{ "type": "Feature", "properties": { "road_key": "61000000ST001.1", "road_name": "ทางหลวงแผ่นดินหมายเลข 333 (สายการุ้ง-อุทัยธานี) ช่วงที่ 1", "road_no": "333", "aumpher": "อำเภอหนองขาหย่าง", "office": "สาขาเมือง", "branch_code": "61000000", "name_short": "ทล.", "price_new": 2000, "price_old": 2000, "width_m": 40, "pt_i": 41 }, "geometry": { "type": "Point", "coordinates": [ 99.947875186132862, 15.364736857379862 ] } },
{ "type": "Feature", "properties": { "road_key": "61000000ST001.1", "road_name": "ทางหลวงแผ่นดินหมายเลข 333 (สายการุ้ง-อุทัยธานี) ช่วงที่ 1", "road_no": "333", "aumpher": "อำเภอหนองขาหย่าง", "office": "สาขาเมือง", "branch_code": "61000000", "name_short": "ทล.", "price_new": 2000, "price_old": 2000, "width_m": 40, "pt_i": 42 }, "geometry": { "type": "Point", "coordinates": [ 99.946765807876105, 15.364602584058995 ] } },
{ "type": "Feature", "properties": { "road_key": "61000000ST001.1", "road_name": "ทางหลวงแผ่นดินหมายเลข 333 (สายการุ้ง-อุทัยธานี) ช่วงที่ 1", "road_no": "333", "aumpher": "อำเภอหนองขาหย่าง", "office": "สาขาเมือง", "branch_code": "61000000", "name_short": "ทล.", "price_new": 2000, "price_old": 2000, "width_m": 40, "pt_i": 43 }, "geometry": { "type": "Point", "coordinates": [ 99.945656574348803, 15.364467191440788 ] } },
{ "type": "Feature", "properties": { "road_key": "61000000ST001.1", "road_name": "ทางหลวงแผ่นดินหมายเลข 333 (สายการุ้ง-อุทัยธานี) ช่วงที่ 1", "road_no": "333", "aumpher": "อำเภอหนองขาหย่าง", "office": "สาขาเมือง", "branch_code": "61000000", "name_short": "ทล.", "price_new": 2000, "price_old": 2000, "width_m": 40, "pt_i": 44 }, "geometry": { "type": "Point", "coordinates": [ 99.94454734192702, 15.364331793217703 ] } },
{ "type": "Feature", "properties": { "road_key": "61000000ST001.1", "road_name": "ทางหลวงแผ่นดินหมายเลข 333 (สายการุ้ง-อุทัยธานี) ช่วงที่ 1", "road_no": "333", "aumpher": "อำเภอหนองขาหย่าง", "office": "สาขาเมือง", "branch_code": "61000000", "name_short": "ทล.", "price_new": 2000, "price_old": 2000, "width_m": 40, "pt_i": 45 }, "geometry": { "type": "Point", "coordinates": [ 99.943438223143147, 15.364195525599307 ] } },
{ "type": "Feature", "properties": { "road_key": "61000000ST001.1", "road_name": "ทางหลวงแผ่นดินหมายเลข 333 (สายการุ้ง-อุทัยธานี) ช่วงที่ 1", "road_no": "333", "aumpher": "อำเภอหนองขาหย่าง", "office": "สาขาเมือง", "branch_code": "61000000", "name_short": "ทล.", "price_new": 2000, "price_old": 2000, "width_m": 40, "pt_i": 46 }, "geometry": { "type": "Point", "coordinates": [ 99.94232915842457, 15.364058845953039 ] } },
{ "type": "Feature", "properties": { "road_key": "61000000ST001.1", "road_name": "ทางหลวงแผ่นดินหมายเลข 333 (สายการุ้ง-อุทัยธานี) ช่วงที่ 1", "road_no": "333", "aumpher": "อำเภอหนองขาหย่าง", "office": "สาขาเมือง", "branch_code": "61000000", "name_short": "ทล.", "price_new": 2000, "price_old": 2000, "width_m": 40, "pt_i": 47 }, "geometry": { "type": "Point", "coordinates": [ 99.9412221086925, 15.363908172145445 ] } },
{ "type": "Feature", "properties": { "road_key": "61000000ST001.1", "road_name": "ทางหลวงแผ่นดินหมายเลข 333 (สายการุ้ง-อุทัยธานี) ช่วงที่ 1", "road_no": "333", "aumpher": "อำเภอหนองขาหย่าง", "office": "สาขาเมือง", "branch_code": "61000000", "name_short": "ทล.", "price_new": 2000, "price_old": 2000, "width_m": 40, "pt_i": 48 }, "geometry": { "type": "Point", "coordinates": [ 99.940143853996162, 15.363633152174863 ] } },
{ "type": "Feature", "properties": { "road_key": "61000000ST001.1", "road_name": "ทางหลวงแผ่นดินหมายเลข 333 (สายการุ้ง-อุทัยธานี) ช่วงที่ 1", "road_no": "333", "aumpher": "อำเภอหนองขาหย่าง", "office": "สาขาเมือง", "branch_code": "61000000", "name_short": "ทล.", "price_new": 2000, "price_old": 2000, "width_m": 40, "pt_i": 49 }, "geometry": { "type": "Point", "coordinates": [ 99.939078925128186, 15.363302980061233 ] } },
{ "type": "Feature", "properties": { "road_key": "61000000ST001.1", "road_name": "ทางหลวงแผ่นดินหมายเลข 333 (สายการุ้ง-อุทัยธานี) ช่วงที่ 1", "road_no": "333", "aumpher": "อำเภอหนองขาหย่าง", "office": "สาขาเมือง", "branch_code": "61000000", "name_short": "ทล.", "price_new": 2000, "price_old": 2000, "width_m": 40, "pt_i": 50 }, "geometry": { "type": "Point", "coordinates": [ 99.937984154475771, 15.363098834570987 ] } },
{ "type": "Feature", "properties": { "road_key": "61000000ST001.1", "road_name": "ทางหลวงแผ่นดินหมายเลข 333 (สายการุ้ง-อุทัยธานี) ช่วงที่ 1", "road_no": "333", "aumpher": "อำเภอหนองขาหย่าง", "office": "สาขาเมือง", "branch_code": "61000000", "name_short": "ทล.", "price_new": 2000, "price_old": 2000, "width_m": 40, "pt_i": 51 }, "geometry": { "type": "Point", "coordinates": [ 99.936870390553281, 15.363004821587795 ] } },
{ "type": "Feature", "properties": { "road_key": "61000000ST001.1", "road_name": "ทางหลวงแผ่นดินหมายเลข 333 (สายการุ้ง-อุทัยธานี) ช่วงที่ 1", "road_no": "333", "aumpher": "อำเภอหนองขาหย่าง", "office": "สาขาเมือง", "branch_code": "61000000", "name_short": "ทล.", "price_new": 2000, "price_old": 2000, "width_m": 40, "pt_i": 52 }, "geometry": { "type": "Point", "coordinates": [ 99.935756627300279, 15.362910802980913 ] } },
{ "type": "Feature", "properties": { "road_key": "61000000ST001.1", "road_name": "ทางหลวงแผ่นดินหมายเลข 333 (สายการุ้ง-อุทัยธานี) ช่วงที่ 1", "road_no": "333", "aumpher": "อำเภอหนองขาหย่าง", "office": "สาขาเมือง", "branch_code": "61000000", "name_short": "ทล.", "price_new": 2000, "price_old": 2000, "width_m": 40, "pt_i": 53 }, "geometry": { "type": "Point", "coordinates": [ 99.934642864717233, 15.362816778750433 ] } },
{ "type": "Feature", "properties": { "road_key": "61000000ST001.1", "road_name": "ทางหลวงแผ่นดินหมายเลข 333 (สายการุ้ง-อุทัยธานี) ช่วงที่ 1", "road_no": "333", "aumpher": "อำเภอหนองขาหย่าง", "office": "สาขาเมือง", "branch_code": "61000000", "name_short": "ทล.", "price_new": 2000, "price_old": 2000, "width_m": 40, "pt_i": 54 }, "geometry": { "type": "Point", "coordinates": [ 99.933528645266762, 15.36272803611144 ] } },
{ "type": "Feature", "properties": { "road_key": "61000000ST001.1", "road_name": "ทางหลวงแผ่นดินหมายเลข 333 (สายการุ้ง-อุทัยธานี) ช่วงที่ 1", "road_no": "333", "aumpher": "อำเภอหนองขาหย่าง", "office": "สาขาเมือง", "branch_code": "61000000", "name_short": "ทล.", "price_new": 2000, "price_old": 2000, "width_m": 40, "pt_i": 55 }, "geometry": { "type": "Point", "coordinates": [ 99.932412986108801, 15.362680862701829 ] } },
{ "type": "Feature", "properties": { "road_key": "61000000ST001.1", "road_name": "ทางหลวงแผ่นดินหมายเลข 333 (สายการุ้ง-อุทัยธานี) ช่วงที่ 1", "road_no": "333", "aumpher": "อำเภอหนองขาหย่าง", "office": "สาขาเมือง", "branch_code": "61000000", "name_short": "ทล.", "price_new": 2000, "price_old": 2000, "width_m": 40, "pt_i": 56 }, "geometry": { "type": "Point", "coordinates": [ 99.931304519883355, 15.362812023237286 ] } },
{ "type": "Feature", "properties": { "road_key": "61000000ST001.1", "road_name": "ทางหลวงแผ่นดินหมายเลข 333 (สายการุ้ง-อุทัยธานี) ช่วงที่ 1", "road_no": "333", "aumpher": "อำเภอหนองขาหย่าง", "office": "สาขาเมือง", "branch_code": "61000000", "name_short": "ทล.", "price_new": 2000, "price_old": 2000, "width_m": 40, "pt_i": 57 }, "geometry": { "type": "Point", "coordinates": [ 99.930209013250121, 15.363028395281708 ] } },
{ "type": "Feature", "properties": { "road_key": "61000000ST001.1", "road_name": "ทางหลวงแผ่นดินหมายเลข 333 (สายการุ้ง-อุทัยธานี) ช่วงที่ 1", "road_no": "333", "aumpher": "อำเภอหนองขาหย่าง", "office": "สาขาเมือง", "branch_code": "61000000", "name_short": "ทล.", "price_new": 2000, "price_old": 2000, "width_m": 40, "pt_i": 58 }, "geometry": { "type": "Point", "coordinates": [ 99.92911350405214, 15.363244762061717 ] } },
{ "type": "Feature", "properties": { "road_key": "61000000ST001.1", "road_name": "ทางหลวงแผ่นดินหมายเลข 333 (สายการุ้ง-อุทัยธานี) ช่วงที่ 1", "road_no": "333", "aumpher": "อำเภอหนองขาหย่าง", "office": "สาขาเมือง", "branch_code": "61000000", "name_short": "ทล.", "price_new": 2000, "price_old": 2000, "width_m": 40, "pt_i": 59 }, "geometry": { "type": "Point", "coordinates": [ 99.928014792949241, 15.363445100647098 ] } },
{ "type": "Feature", "properties": { "road_key": "61000000ST001.1", "road_name": "ทางหลวงแผ่นดินหมายเลข 333 (สายการุ้ง-อุทัยธานี) ช่วงที่ 1", "road_no": "333", "aumpher": "อำเภอหนองขาหย่าง", "office": "สาขาเมือง", "branch_code": "61000000", "name_short": "ทล.", "price_new": 2000, "price_old": 2000, "width_m": 40, "pt_i": 60 }, "geometry": { "type": "Point", "coordinates": [ 99.926915271116869, 15.363641385580944 ] } },
{ "type": "Feature", "properties": { "road_key": "61000000ST001.1", "road_name": "ทางหลวงแผ่นดินหมายเลข 333 (สายการุ้ง-อุทัยธานี) ช่วงที่ 1", "road_no": "333", "aumpher": "อำเภอหนองขาหย่าง", "office": "สาขาเมือง", "branch_code": "61000000", "name_short": "ทล.", "price_new": 2000, "price_old": 2000, "width_m": 40, "pt_i": 61 }, "geometry": { "type": "Point", "coordinates": [ 99.925815789999817, 15.363837892172269 ] } },
{ "type": "Feature", "properties": { "road_key": "61000000ST001.1", "road_name": "ทางหลวงแผ่นดินหมายเลข 333 (สายการุ้ง-อุทัยธานี) ช่วงที่ 1", "road_no": "333", "aumpher": "อำเภอหนองขาหย่าง", "office": "สาขาเมือง", "branch_code": "61000000", "name_short": "ทล.", "price_new": 2000, "price_old": 2000, "width_m": 40, "pt_i": 62 }, "geometry": { "type": "Point", "coordinates": [ 99.924716341398209, 15.364034577235506 ] } },
{ "type": "Feature", "properties": { "road_key": "61000000ST001.1", "road_name": "ทางหลวงแผ่นดินหมายเลข 333 (สายการุ้ง-อุทัยธานี) ช่วงที่ 1", "road_no": "333", "aumpher": "อำเภอหนองขาหย่าง", "office": "สาขาเมือง", "branch_code": "61000000", "name_short": "ทล.", "price_new": 2000, "price_old": 2000, "width_m": 40, "pt_i": 63 }, "geometry": { "type": "Point", "coordinates": [ 99.923614578682063, 15.364217830129091 ] } },
{ "type": "Feature", "properties": { "road_key": "61000000ST001.1", "road_name": "ทางหลวงแผ่นดินหมายเลข 333 (สายการุ้ง-อุทัยธานี) ช่วงที่ 1", "road_no": "333", "aumpher": "อำเภอหนองขาหย่าง", "office": "สาขาเมือง", "branch_code": "61000000", "name_short": "ทล.", "price_new": 2000, "price_old": 2000, "width_m": 40, "pt_i": 64 }, "geometry": { "type": "Point", "coordinates": [ 99.922508942615764, 15.364378593157877 ] } },
{ "type": "Feature", "properties": { "road_key": "61000000ST001.1", "road_name": "ทางหลวงแผ่นดินหมายเลข 333 (สายการุ้ง-อุทัยธานี) ช่วงที่ 1", "road_no": "333", "aumpher": "อำเภอหนองขาหย่าง", "office": "สาขาเมือง", "branch_code": "61000000", "name_short": "ทล.", "price_new": 2000, "price_old": 2000, "width_m": 40, "pt_i": 65 }, "geometry": { "type": "Point", "coordinates": [ 99.921403304540618, 15.364539350791407 ] } },
{ "type": "Feature", "properties": { "road_key": "61000000ST001.1", "road_name": "ทางหลวงแผ่นดินหมายเลข 333 (สายการุ้ง-อุทัยธานี) ช่วงที่ 1", "road_no": "333", "aumpher": "อำเภอหนองขาหย่าง", "office": "สาขาเมือง", "branch_code": "61000000", "name_short": "ทล.", "price_new": 2000, "price_old": 2000, "width_m": 40, "pt_i": 0 }, "geometry": { "type": "Point", "coordinates": [ 99.920865835141811, 15.364605596269335 ] } },
{ "type": "Feature", "properties": { "road_key": "61000000ST001.1", "road_name": "ทางหลวงแผ่นดินหมายเลข 333 (สายการุ้ง-อุทัยธานี) ช่วงที่ 1", "road_no": "333", "aumpher": "อำเภอหนองขาหย่าง", "office": "สาขาเมือง", "branch_code": "61000000", "name_short": "ทล.", "price_new": 2000, "price_old": 2000, "width_m": 40, "pt_i": 1 }, "geometry": { "type": "Point", "coordinates": [ 99.919754395379556, 15.364588672071646 ] } },
{ "type": "Feature", "properties": { "road_key": "61000000ST001.1", "road_name": "ทางหลวงแผ่นดินหมายเลข 333 (สายการุ้ง-อุทัยธานี) ช่วงที่ 1", "road_no": "333", "aumpher": "อำเภอหนองขาหย่าง", "office": "สาขาเมือง", "branch_code": "61000000", "name_short": "ทล.", "price_new": 2000, "price_old": 2000, "width_m": 40, "pt_i": 2 }, "geometry": { "type": "Point", "coordinates": [ 99.918670966070295, 15.36432109789291 ] } },
{ "type": "Feature", "properties": { "road_key": "61000000ST001.1", "road_name": "ทางหลวงแผ่นดินหมายเลข 333 (สายการุ้ง-อุทัยธานี) ช่วงที่ 1", "road_no": "333", "aumpher": "อำเภอหนองขาหย่าง", "office": "สาขาเมือง", "branch_code": "61000000", "name_short": "ทล.", "price_new": 2000, "price_old": 2000, "width_m": 40, "pt_i": 3 }, "geometry": { "type": "Point", "coordinates": [ 99.917590253886104, 15.364043338244604 ] } },
{ "type": "Feature", "properties": { "road_key": "61000000ST001.1", "road_name": "ทางหลวงแผ่นดินหมายเลข 333 (สายการุ้ง-อุทัยธานี) ช่วงที่ 1", "road_no": "333", "aumpher": "อำเภอหนองขาหย่าง", "office": "สาขาเมือง", "branch_code": "61000000", "name_short": "ทล.", "price_new": 2000, "price_old": 2000, "width_m": 40, "pt_i": 4 }, "geometry": { "type": "Point", "coordinates": [ 99.916509544279776, 15.36376557319071 ] } },
{ "type": "Feature", "properties": { "road_key": "61000000ST001.1", "road_name": "ทางหลวงแผ่นดินหมายเลข 333 (สายการุ้ง-อุทัยธานี) ช่วงที่ 1", "road_no": "333", "aumpher": "อำเภอหนองขาหย่าง", "office": "สาขาเมือง", "branch_code": "61000000", "name_short": "ทล.", "price_new": 2000, "price_old": 2000, "width_m": 40, "pt_i": 5 }, "geometry": { "type": "Point", "coordinates": [ 99.915427392383293, 15.363493153058714 ] } },
{ "type": "Feature", "properties": { "road_key": "61000000ST001.1", "road_name": "ทางหลวงแผ่นดินหมายเลข 333 (สายการุ้ง-อุทัยธานี) ช่วงที่ 1", "road_no": "333", "aumpher": "อำเภอหนองขาหย่าง", "office": "สาขาเมือง", "branch_code": "61000000", "name_short": "ทล.", "price_new": 2000, "price_old": 2000, "width_m": 40, "pt_i": 6 }, "geometry": { "type": "Point", "coordinates": [ 99.914340227681777, 15.363242631912506 ] } },
{ "type": "Feature", "properties": { "road_key": "61000000ST001.1", "road_name": "ทางหลวงแผ่นดินหมายเลข 333 (สายการุ้ง-อุทัยธานี) ช่วงที่ 1", "road_no": "333", "aumpher": "อำเภอหนองขาหย่าง", "office": "สาขาเมือง", "branch_code": "61000000", "name_short": "ทล.", "price_new": 2000, "price_old": 2000, "width_m": 40, "pt_i": 7 }, "geometry": { "type": "Point", "coordinates": [ 99.913240856980948, 15.363045541140531 ] } },
{ "type": "Feature", "properties": { "road_key": "61000000ST001.1", "road_name": "ทางหลวงแผ่นดินหมายเลข 333 (สายการุ้ง-อุทัยธานี) ช่วงที่ 1", "road_no": "333", "aumpher": "อำเภอหนองขาหย่าง", "office": "สาขาเมือง", "branch_code": "61000000", "name_short": "ทล.", "price_new": 2000, "price_old": 2000, "width_m": 40, "pt_i": 8 }, "geometry": { "type": "Point", "coordinates": [ 99.912141488041911, 15.362848444828332 ] } },
{ "type": "Feature", "properties": { "road_key": "61000000ST001.1", "road_name": "ทางหลวงแผ่นดินหมายเลข 333 (สายการุ้ง-อุทัยธานี) ช่วงที่ 1", "road_no": "333", "aumpher": "อำเภอหนองขาหย่าง", "office": "สาขาเมือง", "branch_code": "61000000", "name_short": "ทล.", "price_new": 2000, "price_old": 2000, "width_m": 40, "pt_i": 9 }, "geometry": { "type": "Point", "coordinates": [ 99.911043261573369, 15.36264553035643 ] } },
{ "type": "Feature", "properties": { "road_key": "61000000ST001.1", "road_name": "ทางหลวงแผ่นดินหมายเลข 333 (สายการุ้ง-อุทัยธานี) ช่วงที่ 1", "road_no": "333", "aumpher": "อำเภอหนองขาหย่าง", "office": "สาขาเมือง", "branch_code": "61000000", "name_short": "ทล.", "price_new": 2000, "price_old": 2000, "width_m": 40, "pt_i": 10 }, "geometry": { "type": "Point", "coordinates": [ 99.909946177154737, 15.362436800340118 ] } },
{ "type": "Feature", "properties": { "road_key": "61000000ST001.1", "road_name": "ทางหลวงแผ่นดินหมายเลข 333 (สายการุ้ง-อุทัยธานี) ช่วงที่ 1", "road_no": "333", "aumpher": "อำเภอหนองขาหย่าง", "office": "สาขาเมือง", "branch_code": "61000000", "name_short": "ทล.", "price_new": 2000, "price_old": 2000, "width_m": 40, "pt_i": 11 }, "geometry": { "type": "Point", "coordinates": [ 99.908849122549142, 15.362227928040932 ] } },
{ "type": "Feature", "properties": { "road_key": "61000000ST001.1", "road_name": "ทางหลวงแผ่นดินหมายเลข 333 (สายการุ้ง-อุทัยธานี) ช่วงที่ 1", "road_no": "333", "aumpher": "อำเภอหนองขาหย่าง", "office": "สาขาเมือง", "branch_code": "61000000", "name_short": "ทล.", "price_new": 2000, "price_old": 2000, "width_m": 40, "pt_i": 12 }, "geometry": { "type": "Point", "coordinates": [ 99.907752911358756, 15.362014929806071 ] } },
{ "type": "Feature", "properties": { "road_key": "61000000ST001.1", "road_name": "ทางหลวงแผ่นดินหมายเลข 333 (สายการุ้ง-อุทัยธานี) ช่วงที่ 1", "road_no": "333", "aumpher": "อำเภอหนองขาหย่าง", "office": "สาขาเมือง", "branch_code": "61000000", "name_short": "ทล.", "price_new": 2000, "price_old": 2000, "width_m": 40, "pt_i": 13 }, "geometry": { "type": "Point", "coordinates": [ 99.906652662035782, 15.361825646905103 ] } },
{ "type": "Feature", "properties": { "road_key": "61000000ST001.1", "road_name": "ทางหลวงแผ่นดินหมายเลข 333 (สายการุ้ง-อุทัยธานี) ช่วงที่ 1", "road_no": "333", "aumpher": "อำเภอหนองขาหย่าง", "office": "สาขาเมือง", "branch_code": "61000000", "name_short": "ทล.", "price_new": 2000, "price_old": 2000, "width_m": 40, "pt_i": 14 }, "geometry": { "type": "Point", "coordinates": [ 99.905538871853523, 15.361764694065352 ] } },
{ "type": "Feature", "properties": { "road_key": "61000000ST001.1", "road_name": "ทางหลวงแผ่นดินหมายเลข 333 (สายการุ้ง-อุทัยธานี) ช่วงที่ 1", "road_no": "333", "aumpher": "อำเภอหนองขาหย่าง", "office": "สาขาเมือง", "branch_code": "61000000", "name_short": "ทล.", "price_new": 2000, "price_old": 2000, "width_m": 40, "pt_i": 15 }, "geometry": { "type": "Point", "coordinates": [ 99.904430584885901, 15.361907136407007 ] } },
{ "type": "Feature", "properties": { "road_key": "61000000ST001.1", "road_name": "ทางหลวงแผ่นดินหมายเลข 333 (สายการุ้ง-อุทัยธานี) ช่วงที่ 1", "road_no": "333", "aumpher": "อำเภอหนองขาหย่าง", "office": "สาขาเมือง", "branch_code": "61000000", "name_short": "ทล.", "price_new": 2000, "price_old": 2000, "width_m": 40, "pt_i": 16 }, "geometry": { "type": "Point", "coordinates": [ 99.903321299068381, 15.362042117678511 ] } },
{ "type": "Feature", "properties": { "road_key": "61000000ST001.1", "road_name": "ทางหลวงแผ่นดินหมายเลข 333 (สายการุ้ง-อุทัยธานี) ช่วงที่ 1", "road_no": "333", "aumpher": "อำเภอหนองขาหย่าง", "office": "สาขาเมือง", "branch_code": "61000000", "name_short": "ทล.", "price_new": 2000, "price_old": 2000, "width_m": 40, "pt_i": 17 }, "geometry": { "type": "Point", "coordinates": [ 99.902212011511722, 15.362177093503593 ] } },
{ "type": "Feature", "properties": { "road_key": "61000000ST001.1", "road_name": "ทางหลวงแผ่นดินหมายเลข 333 (สายการุ้ง-อุทัยธานี) ช่วงที่ 1", "road_no": "333", "aumpher": "อำเภอหนองขาหย่าง", "office": "สาขาเมือง", "branch_code": "61000000", "name_short": "ทล.", "price_new": 2000, "price_old": 2000, "width_m": 40, "pt_i": 18 }, "geometry": { "type": "Point", "coordinates": [ 99.901102722216351, 15.362312063882099 ] } },
{ "type": "Feature", "properties": { "road_key": "61000000ST001.1", "road_name": "ทางหลวงแผ่นดินหมายเลข 333 (สายการุ้ง-อุทัยธานี) ช่วงที่ 1", "road_no": "333", "aumpher": "อำเภอหนองขาหย่าง", "office": "สาขาเมือง", "branch_code": "61000000", "name_short": "ทล.", "price_new": 2000, "price_old": 2000, "width_m": 40, "pt_i": 19 }, "geometry": { "type": "Point", "coordinates": [ 99.899990297056192, 15.362418823689641 ] } },
{ "type": "Feature", "properties": { "road_key": "61000000ST001.1", "road_name": "ทางหลวงแผ่นดินหมายเลข 333 (สายการุ้ง-อุทัยธานี) ช่วงที่ 1", "road_no": "333", "aumpher": "อำเภอหนองขาหย่าง", "office": "สาขาเมือง", "branch_code": "61000000", "name_short": "ทล.", "price_new": 2000, "price_old": 2000, "width_m": 40, "pt_i": 20 }, "geometry": { "type": "Point", "coordinates": [ 99.898874343601207, 15.362442020037486 ] } },
{ "type": "Feature", "properties": { "road_key": "61000000ST001.1", "road_name": "ทางหลวงแผ่นดินหมายเลข 333 (สายการุ้ง-อุทัยธานี) ช่วงที่ 1", "road_no": "333", "aumpher": "อำเภอหนองขาหย่าง", "office": "สาขาเมือง", "branch_code": "61000000", "name_short": "ทล.", "price_new": 2000, "price_old": 2000, "width_m": 40, "pt_i": 21 }, "geometry": { "type": "Point", "coordinates": [ 99.89775655637942, 15.362429357694888 ] } },
{ "type": "Feature", "properties": { "road_key": "61000000ST001.1", "road_name": "ทางหลวงแผ่นดินหมายเลข 333 (สายการุ้ง-อุทัยธานี) ช่วงที่ 1", "road_no": "333", "aumpher": "อำเภอหนองขาหย่าง", "office": "สาขาเมือง", "branch_code": "61000000", "name_short": "ทล.", "price_new": 2000, "price_old": 2000, "width_m": 40, "pt_i": 22 }, "geometry": { "type": "Point", "coordinates": [ 99.896646191029888, 15.36251317034109 ] } },
{ "type": "Feature", "properties": { "road_key": "61000000ST001.1", "road_name": "ทางหลวงแผ่นดินหมายเลข 333 (สายการุ้ง-อุทัยธานี) ช่วงที่ 1", "road_no": "333", "aumpher": "อำเภอหนองขาหย่าง", "office": "สาขาเมือง", "branch_code": "61000000", "name_short": "ทล.", "price_new": 2000, "price_old": 2000, "width_m": 40, "pt_i": 23 }, "geometry": { "type": "Point", "coordinates": [ 99.895567029500285, 15.362790221847909 ] } },
{ "type": "Feature", "properties": { "road_key": "61000000ST001.1", "road_name": "ทางหลวงแผ่นดินหมายเลข 333 (สายการุ้ง-อุทัยธานี) ช่วงที่ 1", "road_no": "333", "aumpher": "อำเภอหนองขาหย่าง", "office": "สาขาเมือง", "branch_code": "61000000", "name_short": "ทล.", "price_new": 2000, "price_old": 2000, "width_m": 40, "pt_i": 24 }, "geometry": { "type": "Point", "coordinates": [ 99.894500504571752, 15.363114995188448 ] } },
{ "type": "Feature", "properties": { "road_key": "61000000ST001.1", "road_name": "ทางหลวงแผ่นดินหมายเลข 333 (สายการุ้ง-อุทัยธานี) ช่วงที่ 1", "road_no": "333", "aumpher": "อำเภอหนองขาหย่าง", "office": "สาขาเมือง", "branch_code": "61000000", "name_short": "ทล.", "price_new": 2000, "price_old": 2000, "width_m": 40, "pt_i": 25 }, "geometry": { "type": "Point", "coordinates": [ 99.89346142568985, 15.363513958557771 ] } },
{ "type": "Feature", "properties": { "road_key": "61000000ST001.1", "road_name": "ทางหลวงแผ่นดินหมายเลข 333 (สายการุ้ง-อุทัยธานี) ช่วงที่ 1", "road_no": "333", "aumpher": "อำเภอหนองขาหย่าง", "office": "สาขาเมือง", "branch_code": "61000000", "name_short": "ทล.", "price_new": 2000, "price_old": 2000, "width_m": 40, "pt_i": 26 }, "geometry": { "type": "Point", "coordinates": [ 99.89245773135319, 15.363985460199503 ] } },
{ "type": "Feature", "properties": { "road_key": "61000000ST001.2", "road_name": "ทางหลวงแผ่นดินหมายเลข 333 (สายการุ้ง-อุทัยธานี) ช่วงที่ 2", "road_no": "333", "aumpher": "อำเภอหนองขาหย่าง", "office": "สาขาเมือง", "branch_code": "61000000", "name_short": "ทล.", "price_new": 4000, "price_old": 2000, "width_m": 40, "pt_i": 0 }, "geometry": { "type": "Point", "coordinates": [ 100.000863660969202, 15.366719989451035 ] } },
{ "type": "Feature", "properties": { "road_key": "61000000ST001.2", "road_name": "ทางหลวงแผ่นดินหมายเลข 333 (สายการุ้ง-อุทัยธานี) ช่วงที่ 2", "road_no": "333", "aumpher": "อำเภอหนองขาหย่าง", "office": "สาขาเมือง", "branch_code": "61000000", "name_short": "ทล.", "price_new": 4000, "price_old": 2000, "width_m": 40, "pt_i": 1 }, "geometry": { "type": "Point", "coordinates": [ 99.999751610821576, 15.366608503757247 ] } },
{ "type": "Feature", "properties": { "road_key": "61000000ST001.2", "road_name": "ทางหลวงแผ่นดินหมายเลข 333 (สายการุ้ง-อุทัยธานี) ช่วงที่ 2", "road_no": "333", "aumpher": "อำเภอหนองขาหย่าง", "office": "สาขาเมือง", "branch_code": "61000000", "name_short": "ทล.", "price_new": 4000, "price_old": 2000, "width_m": 40, "pt_i": 2 }, "geometry": { "type": "Point", "coordinates": [ 99.998640343198858, 15.366489965592413 ] } },
{ "type": "Feature", "properties": { "road_key": "61000000ST001.2", "road_name": "ทางหลวงแผ่นดินหมายเลข 333 (สายการุ้ง-อุทัยธานี) ช่วงที่ 2", "road_no": "333", "aumpher": "อำเภอหนองขาหย่าง", "office": "สาขาเมือง", "branch_code": "61000000", "name_short": "ทล.", "price_new": 4000, "price_old": 2000, "width_m": 40, "pt_i": 3 }, "geometry": { "type": "Point", "coordinates": [ 99.997529313009338, 15.36636928967387 ] } },
{ "type": "Feature", "properties": { "road_key": "61000000ST001.2", "road_name": "ทางหลวงแผ่นดินหมายเลข 333 (สายการุ้ง-อุทัยธานี) ช่วงที่ 2", "road_no": "333", "aumpher": "อำเภอหนองขาหย่าง", "office": "สาขาเมือง", "branch_code": "61000000", "name_short": "ทล.", "price_new": 4000, "price_old": 2000, "width_m": 40, "pt_i": 4 }, "geometry": { "type": "Point", "coordinates": [ 99.996427056040332, 15.3661896103467 ] } },
{ "type": "Feature", "properties": { "road_key": "61000000ST001.2", "road_name": "ทางหลวงแผ่นดินหมายเลข 333 (สายการุ้ง-อุทัยธานี) ช่วงที่ 2", "road_no": "333", "aumpher": "อำเภอหนองขาหย่าง", "office": "สาขาเมือง", "branch_code": "61000000", "name_short": "ทล.", "price_new": 4000, "price_old": 2000, "width_m": 40, "pt_i": 5 }, "geometry": { "type": "Point", "coordinates": [ 99.995326178869959, 15.366000656425923 ] } },
{ "type": "Feature", "properties": { "road_key": "61000000ST001.2", "road_name": "ทางหลวงแผ่นดินหมายเลข 333 (สายการุ้ง-อุทัยธานี) ช่วงที่ 2", "road_no": "333", "aumpher": "อำเภอหนองขาหย่าง", "office": "สาขาเมือง", "branch_code": "61000000", "name_short": "ทล.", "price_new": 4000, "price_old": 2000, "width_m": 40, "pt_i": 6 }, "geometry": { "type": "Point", "coordinates": [ 99.994225303350106, 15.36581169694392 ] } },
{ "type": "Feature", "properties": { "road_key": "61000000ST005.2", "road_name": "ทางหลวงแผ่นดินหมายเลข 3183 (สายหนองบัว-อุทัยธานี) ช่วงที่ 2", "road_no": "3183", "aumpher": "อำเภอหนองขาหย่าง", "office": "สาขาเมือง", "branch_code": "61000000", "name_short": "ทล.", "price_new": 1000, "price_old": 500, "width_m": 16, "pt_i": 0 }, "geometry": { "type": "Point", "coordinates": [ 100.03276618367812, 15.332032099551878 ] } },
{ "type": "Feature", "properties": { "road_key": "61000000ST005.2", "road_name": "ทางหลวงแผ่นดินหมายเลข 3183 (สายหนองบัว-อุทัยธานี) ช่วงที่ 2", "road_no": "3183", "aumpher": "อำเภอหนองขาหย่าง", "office": "สาขาเมือง", "branch_code": "61000000", "name_short": "ทล.", "price_new": 1000, "price_old": 500, "width_m": 16, "pt_i": 1 }, "geometry": { "type": "Point", "coordinates": [ 100.032589068692261, 15.330961053995861 ] } },
{ "type": "Feature", "properties": { "road_key": "61000000ST005.2", "road_name": "ทางหลวงแผ่นดินหมายเลข 3183 (สายหนองบัว-อุทัยธานี) ช่วงที่ 2", "road_no": "3183", "aumpher": "อำเภอหนองขาหย่าง", "office": "สาขาเมือง", "branch_code": "61000000", "name_short": "ทล.", "price_new": 1000, "price_old": 500, "width_m": 16, "pt_i": 2 }, "geometry": { "type": "Point", "coordinates": [ 100.032414626816859, 15.329889594481488 ] } },
{ "type": "Feature", "properties": { "road_key": "61000000ST005.2", "road_name": "ทางหลวงแผ่นดินหมายเลข 3183 (สายหนองบัว-อุทัยธานี) ช่วงที่ 2", "road_no": "3183", "aumpher": "อำเภอหนองขาหย่าง", "office": "สาขาเมือง", "branch_code": "61000000", "name_short": "ทล.", "price_new": 1000, "price_old": 500, "width_m": 16, "pt_i": 3 }, "geometry": { "type": "Point", "coordinates": [ 100.032240187069235, 15.328818134619807 ] } },
{ "type": "Feature", "properties": { "road_key": "61000000ST005.2", "road_name": "ทางหลวงแผ่นดินหมายเลข 3183 (สายหนองบัว-อุทัยธานี) ช่วงที่ 2", "road_no": "3183", "aumpher": "อำเภอหนองขาหย่าง", "office": "สาขาเมือง", "branch_code": "61000000", "name_short": "ทล.", "price_new": 1000, "price_old": 500, "width_m": 16, "pt_i": 4 }, "geometry": { "type": "Point", "coordinates": [ 100.032061576953637, 15.327747344570641 ] } },
{ "type": "Feature", "properties": { "road_key": "61000000ST005.2", "road_name": "ทางหลวงแผ่นดินหมายเลข 3183 (สายหนองบัว-อุทัยธานี) ช่วงที่ 2", "road_no": "3183", "aumpher": "อำเภอหนองขาหย่าง", "office": "สาขาเมือง", "branch_code": "61000000", "name_short": "ทล.", "price_new": 1000, "price_old": 500, "width_m": 16, "pt_i": 5 }, "geometry": { "type": "Point", "coordinates": [ 100.031871013281474, 15.326678474413722 ] } },
{ "type": "Feature", "properties": { "road_key": "61000000ST005.2", "road_name": "ทางหลวงแผ่นดินหมายเลข 3183 (สายหนองบัว-อุทัยธานี) ช่วงที่ 2", "road_no": "3183", "aumpher": "อำเภอหนองขาหย่าง", "office": "สาขาเมือง", "branch_code": "61000000", "name_short": "ทล.", "price_new": 1000, "price_old": 500, "width_m": 16, "pt_i": 6 }, "geometry": { "type": "Point", "coordinates": [ 100.031680451892612, 15.325609603873852 ] } },
{ "type": "Feature", "properties": { "road_key": "61000000ST005.2", "road_name": "ทางหลวงแผ่นดินหมายเลข 3183 (สายหนองบัว-อุทัยธานี) ช่วงที่ 2", "road_no": "3183", "aumpher": "อำเภอหนองขาหย่าง", "office": "สาขาเมือง", "branch_code": "61000000", "name_short": "ทล.", "price_new": 1000, "price_old": 500, "width_m": 16, "pt_i": 7 }, "geometry": { "type": "Point", "coordinates": [ 100.031501717834672, 15.324538837951687 ] } },
{ "type": "Feature", "properties": { "road_key": "61000000ST005.2", "road_name": "ทางหลวงแผ่นดินหมายเลข 3183 (สายหนองบัว-อุทัยธานี) ช่วงที่ 2", "road_no": "3183", "aumpher": "อำเภอหนองขาหย่าง", "office": "สาขาเมือง", "branch_code": "61000000", "name_short": "ทล.", "price_new": 1000, "price_old": 500, "width_m": 16, "pt_i": 8 }, "geometry": { "type": "Point", "coordinates": [ 100.031328085318009, 15.323467254484692 ] } },
{ "type": "Feature", "properties": { "road_key": "61000000ST005.2", "road_name": "ทางหลวงแผ่นดินหมายเลข 3183 (สายหนองบัว-อุทัยธานี) ช่วงที่ 2", "road_no": "3183", "aumpher": "อำเภอหนองขาหย่าง", "office": "สาขาเมือง", "branch_code": "61000000", "name_short": "ทล.", "price_new": 1000, "price_old": 500, "width_m": 16, "pt_i": 9 }, "geometry": { "type": "Point", "coordinates": [ 100.031151558811345, 15.322396123249938 ] } },
{ "type": "Feature", "properties": { "road_key": "61000000ST005.2", "road_name": "ทางหลวงแผ่นดินหมายเลข 3183 (สายหนองบัว-อุทัยธานี) ช่วงที่ 2", "road_no": "3183", "aumpher": "อำเภอหนองขาหย่าง", "office": "สาขาเมือง", "branch_code": "61000000", "name_short": "ทล.", "price_new": 1000, "price_old": 500, "width_m": 16, "pt_i": 10 }, "geometry": { "type": "Point", "coordinates": [ 100.030969814933911, 15.321325807320694 ] } },
{ "type": "Feature", "properties": { "road_key": "61000000ST005.2", "road_name": "ทางหลวงแผ่นดินหมายเลข 3183 (สายหนองบัว-อุทัยธานี) ช่วงที่ 2", "road_no": "3183", "aumpher": "อำเภอหนองขาหย่าง", "office": "สาขาเมือง", "branch_code": "61000000", "name_short": "ทล.", "price_new": 1000, "price_old": 500, "width_m": 16, "pt_i": 11 }, "geometry": { "type": "Point", "coordinates": [ 100.030788073253589, 15.320255491028476 ] } },
{ "type": "Feature", "properties": { "road_key": "61000000ST005.2", "road_name": "ทางหลวงแผ่นดินหมายเลข 3183 (สายหนองบัว-อุทัยธานี) ช่วงที่ 2", "road_no": "3183", "aumpher": "อำเภอหนองขาหย่าง", "office": "สาขาเมือง", "branch_code": "61000000", "name_short": "ทล.", "price_new": 1000, "price_old": 500, "width_m": 16, "pt_i": 12 }, "geometry": { "type": "Point", "coordinates": [ 100.030609295075237, 15.319184706123265 ] } },
{ "type": "Feature", "properties": { "road_key": "61000000ST005.2", "road_name": "ทางหลวงแผ่นดินหมายเลข 3183 (สายหนองบัว-อุทัยธานี) ช่วงที่ 2", "road_no": "3183", "aumpher": "อำเภอหนองขาหย่าง", "office": "สาขาเมือง", "branch_code": "61000000", "name_short": "ทล.", "price_new": 1000, "price_old": 500, "width_m": 16, "pt_i": 13 }, "geometry": { "type": "Point", "coordinates": [ 100.030431566053181, 15.31811375530919 ] } },
{ "type": "Feature", "properties": { "road_key": "61000000ST005.2", "road_name": "ทางหลวงแผ่นดินหมายเลข 3183 (สายหนองบัว-อุทัยธานี) ช่วงที่ 2", "road_no": "3183", "aumpher": "อำเภอหนองขาหย่าง", "office": "สาขาเมือง", "branch_code": "61000000", "name_short": "ทล.", "price_new": 1000, "price_old": 500, "width_m": 16, "pt_i": 14 }, "geometry": { "type": "Point", "coordinates": [ 100.030253839188731, 15.317042804141062 ] } },
{ "type": "Feature", "properties": { "road_key": "61000000ST005.2", "road_name": "ทางหลวงแผ่นดินหมายเลข 3183 (สายหนองบัว-อุทัยธานี) ช่วงที่ 2", "road_no": "3183", "aumpher": "อำเภอหนองขาหย่าง", "office": "สาขาเมือง", "branch_code": "61000000", "name_short": "ทล.", "price_new": 1000, "price_old": 500, "width_m": 16, "pt_i": 15 }, "geometry": { "type": "Point", "coordinates": [ 100.030072515115279, 15.315972422467302 ] } },
{ "type": "Feature", "properties": { "road_key": "61000000ST005.2", "road_name": "ทางหลวงแผ่นดินหมายเลข 3183 (สายหนองบัว-อุทัยธานี) ช่วงที่ 2", "road_no": "3183", "aumpher": "อำเภอหนองขาหย่าง", "office": "สาขาเมือง", "branch_code": "61000000", "name_short": "ทล.", "price_new": 1000, "price_old": 500, "width_m": 16, "pt_i": 16 }, "geometry": { "type": "Point", "coordinates": [ 100.029890347902608, 15.314902174263446 ] } },
{ "type": "Feature", "properties": { "road_key": "61000000ST005.2", "road_name": "ทางหลวงแผ่นดินหมายเลข 3183 (สายหนองบัว-อุทัยธานี) ช่วงที่ 2", "road_no": "3183", "aumpher": "อำเภอหนองขาหย่าง", "office": "สาขาเมือง", "branch_code": "61000000", "name_short": "ทล.", "price_new": 1000, "price_old": 500, "width_m": 16, "pt_i": 17 }, "geometry": { "type": "Point", "coordinates": [ 100.029707999190677, 15.313831955781309 ] } },
{ "type": "Feature", "properties": { "road_key": "61000000ST005.2", "road_name": "ทางหลวงแผ่นดินหมายเลข 3183 (สายหนองบัว-อุทัยธานี) ช่วงที่ 2", "road_no": "3183", "aumpher": "อำเภอหนองขาหย่าง", "office": "สาขาเมือง", "branch_code": "61000000", "name_short": "ทล.", "price_new": 1000, "price_old": 500, "width_m": 16, "pt_i": 18 }, "geometry": { "type": "Point", "coordinates": [ 100.029518216005883, 15.312762954876177 ] } },
{ "type": "Feature", "properties": { "road_key": "61000000ST005.2", "road_name": "ทางหลวงแผ่นดินหมายเลข 3183 (สายหนองบัว-อุทัยธานี) ช่วงที่ 2", "road_no": "3183", "aumpher": "อำเภอหนองขาหย่าง", "office": "สาขาเมือง", "branch_code": "61000000", "name_short": "ทล.", "price_new": 1000, "price_old": 500, "width_m": 16, "pt_i": 19 }, "geometry": { "type": "Point", "coordinates": [ 100.029317665682768, 15.311695886616706 ] } },
{ "type": "Feature", "properties": { "road_key": "61000000ST005.2", "road_name": "ทางหลวงแผ่นดินหมายเลข 3183 (สายหนองบัว-อุทัยธานี) ช่วงที่ 2", "road_no": "3183", "aumpher": "อำเภอหนองขาหย่าง", "office": "สาขาเมือง", "branch_code": "61000000", "name_short": "ทล.", "price_new": 1000, "price_old": 500, "width_m": 16, "pt_i": 20 }, "geometry": { "type": "Point", "coordinates": [ 100.0291463397146, 15.310623953197194 ] } },
{ "type": "Feature", "properties": { "road_key": "61000000ST005.2", "road_name": "ทางหลวงแผ่นดินหมายเลข 3183 (สายหนองบัว-อุทัยธานี) ช่วงที่ 2", "road_no": "3183", "aumpher": "อำเภอหนองขาหย่าง", "office": "สาขาเมือง", "branch_code": "61000000", "name_short": "ทล.", "price_new": 1000, "price_old": 500, "width_m": 16, "pt_i": 21 }, "geometry": { "type": "Point", "coordinates": [ 100.028975126361033, 15.309552002912163 ] } },
{ "type": "Feature", "properties": { "road_key": "61000000ST005.2", "road_name": "ทางหลวงแผ่นดินหมายเลข 3183 (สายหนองบัว-อุทัยธานี) ช่วงที่ 2", "road_no": "3183", "aumpher": "อำเภอหนองขาหย่าง", "office": "สาขาเมือง", "branch_code": "61000000", "name_short": "ทล.", "price_new": 1000, "price_old": 500, "width_m": 16, "pt_i": 22 }, "geometry": { "type": "Point", "coordinates": [ 100.028796311574183, 15.308481325206863 ] } },
{ "type": "Feature", "properties": { "road_key": "61000000ST005.2", "road_name": "ทางหลวงแผ่นดินหมายเลข 3183 (สายหนองบัว-อุทัยธานี) ช่วงที่ 2", "road_no": "3183", "aumpher": "อำเภอหนองขาหย่าง", "office": "สาขาเมือง", "branch_code": "61000000", "name_short": "ทล.", "price_new": 1000, "price_old": 500, "width_m": 16, "pt_i": 23 }, "geometry": { "type": "Point", "coordinates": [ 100.028812231690281, 15.307407495711836 ] } },
{ "type": "Feature", "properties": { "road_key": "61000000ST005.2", "road_name": "ทางหลวงแผ่นดินหมายเลข 3183 (สายหนองบัว-อุทัยธานี) ช่วงที่ 2", "road_no": "3183", "aumpher": "อำเภอหนองขาหย่าง", "office": "สาขาเมือง", "branch_code": "61000000", "name_short": "ทล.", "price_new": 1000, "price_old": 500, "width_m": 16, "pt_i": 24 }, "geometry": { "type": "Point", "coordinates": [ 100.029260874202691, 15.306423648902891 ] } },
{ "type": "Feature", "properties": { "road_key": "61000000ST005.2", "road_name": "ทางหลวงแผ่นดินหมายเลข 3183 (สายหนองบัว-อุทัยธานี) ช่วงที่ 2", "road_no": "3183", "aumpher": "อำเภอหนองขาหย่าง", "office": "สาขาเมือง", "branch_code": "61000000", "name_short": "ทล.", "price_new": 1000, "price_old": 500, "width_m": 16, "pt_i": 25 }, "geometry": { "type": "Point", "coordinates": [ 100.030039341801725, 15.30565249137557 ] } },
{ "type": "Feature", "properties": { "road_key": "61000000ST005.2", "road_name": "ทางหลวงแผ่นดินหมายเลข 3183 (สายหนองบัว-อุทัยธานี) ช่วงที่ 2", "road_no": "3183", "aumpher": "อำเภอหนองขาหย่าง", "office": "สาขาเมือง", "branch_code": "61000000", "name_short": "ทล.", "price_new": 1000, "price_old": 500, "width_m": 16, "pt_i": 26 }, "geometry": { "type": "Point", "coordinates": [ 100.030886269809812, 15.30494468668506 ] } },
{ "type": "Feature", "properties": { "road_key": "61000000ST005.2", "road_name": "ทางหลวงแผ่นดินหมายเลข 3183 (สายหนองบัว-อุทัยธานี) ช่วงที่ 2", "road_no": "3183", "aumpher": "อำเภอหนองขาหย่าง", "office": "สาขาเมือง", "branch_code": "61000000", "name_short": "ทล.", "price_new": 1000, "price_old": 500, "width_m": 16, "pt_i": 27 }, "geometry": { "type": "Point", "coordinates": [ 100.031735684631172, 15.304239703709106 ] } },
{ "type": "Feature", "properties": { "road_key": "61000000ST005.2", "road_name": "ทางหลวงแผ่นดินหมายเลข 3183 (สายหนองบัว-อุทัยธานี) ช่วงที่ 2", "road_no": "3183", "aumpher": "อำเภอหนองขาหย่าง", "office": "สาขาเมือง", "branch_code": "61000000", "name_short": "ทล.", "price_new": 1000, "price_old": 500, "width_m": 16, "pt_i": 28 }, "geometry": { "type": "Point", "coordinates": [ 100.032459132414829, 15.303430051135123 ] } },
{ "type": "Feature", "properties": { "road_key": "61000000ST005.2", "road_name": "ทางหลวงแผ่นดินหมายเลข 3183 (สายหนองบัว-อุทัยธานี) ช่วงที่ 2", "road_no": "3183", "aumpher": "อำเภอหนองขาหย่าง", "office": "สาขาเมือง", "branch_code": "61000000", "name_short": "ทล.", "price_new": 1000, "price_old": 500, "width_m": 16, "pt_i": 29 }, "geometry": { "type": "Point", "coordinates": [ 100.032802925023418, 15.302404703873844 ] } },
{ "type": "Feature", "properties": { "road_key": "61000000ST005.2", "road_name": "ทางหลวงแผ่นดินหมายเลข 3183 (สายหนองบัว-อุทัยธานี) ช่วงที่ 2", "road_no": "3183", "aumpher": "อำเภอหนองขาหย่าง", "office": "สาขาเมือง", "branch_code": "61000000", "name_short": "ทล.", "price_new": 1000, "price_old": 500, "width_m": 16, "pt_i": 30 }, "geometry": { "type": "Point", "coordinates": [ 100.032678419964739, 15.30133196556149 ] } },
{ "type": "Feature", "properties": { "road_key": "61000000ST005.2", "road_name": "ทางหลวงแผ่นดินหมายเลข 3183 (สายหนองบัว-อุทัยธานี) ช่วงที่ 2", "road_no": "3183", "aumpher": "อำเภอหนองขาหย่าง", "office": "สาขาเมือง", "branch_code": "61000000", "name_short": "ทล.", "price_new": 1000, "price_old": 500, "width_m": 16, "pt_i": 31 }, "geometry": { "type": "Point", "coordinates": [ 100.03247244304292, 15.300265841889507 ] } },
{ "type": "Feature", "properties": { "road_key": "61000000ST005.2", "road_name": "ทางหลวงแผ่นดินหมายเลข 3183 (สายหนองบัว-อุทัยธานี) ช่วงที่ 2", "road_no": "3183", "aumpher": "อำเภอหนองขาหย่าง", "office": "สาขาเมือง", "branch_code": "61000000", "name_short": "ทล.", "price_new": 1000, "price_old": 500, "width_m": 16, "pt_i": 32 }, "geometry": { "type": "Point", "coordinates": [ 100.032262685030503, 15.299200365056214 ] } },
{ "type": "Feature", "properties": { "road_key": "61000000ST005.2", "road_name": "ทางหลวงแผ่นดินหมายเลข 3183 (สายหนองบัว-อุทัยธานี) ช่วงที่ 2", "road_no": "3183", "aumpher": "อำเภอหนองขาหย่าง", "office": "สาขาเมือง", "branch_code": "61000000", "name_short": "ทล.", "price_new": 1000, "price_old": 500, "width_m": 16, "pt_i": 33 }, "geometry": { "type": "Point", "coordinates": [ 100.032061029651686, 15.298133441991681 ] } },
{ "type": "Feature", "properties": { "road_key": "61000000ST005.2", "road_name": "ทางหลวงแผ่นดินหมายเลข 3183 (สายหนองบัว-อุทัยธานี) ช่วงที่ 2", "road_no": "3183", "aumpher": "อำเภอหนองขาหย่าง", "office": "สาขาเมือง", "branch_code": "61000000", "name_short": "ทล.", "price_new": 1000, "price_old": 500, "width_m": 16, "pt_i": 34 }, "geometry": { "type": "Point", "coordinates": [ 100.031866534466616, 15.297065240920361 ] } },
{ "type": "Feature", "properties": { "road_key": "61000000ST005.2", "road_name": "ทางหลวงแผ่นดินหมายเลข 3183 (สายหนองบัว-อุทัยธานี) ช่วงที่ 2", "road_no": "3183", "aumpher": "อำเภอหนองขาหย่าง", "office": "สาขาเมือง", "branch_code": "61000000", "name_short": "ทล.", "price_new": 1000, "price_old": 500, "width_m": 16, "pt_i": 35 }, "geometry": { "type": "Point", "coordinates": [ 100.031682161643971, 15.295995388675756 ] } },
{ "type": "Feature", "properties": { "road_key": "61000000ST005.2", "road_name": "ทางหลวงแผ่นดินหมายเลข 3183 (สายหนองบัว-อุทัยธานี) ช่วงที่ 2", "road_no": "3183", "aumpher": "อำเภอหนองขาหย่าง", "office": "สาขาเมือง", "branch_code": "61000000", "name_short": "ทล.", "price_new": 1000, "price_old": 500, "width_m": 16, "pt_i": 36 }, "geometry": { "type": "Point", "coordinates": [ 100.031667184653998, 15.294912004997865 ] } },
{ "type": "Feature", "properties": { "road_key": "61000000ST005.2", "road_name": "ทางหลวงแผ่นดินหมายเลข 3183 (สายหนองบัว-อุทัยธานี) ช่วงที่ 2", "road_no": "3183", "aumpher": "อำเภอหนองขาหย่าง", "office": "สาขาเมือง", "branch_code": "61000000", "name_short": "ทล.", "price_new": 1000, "price_old": 500, "width_m": 16, "pt_i": 37 }, "geometry": { "type": "Point", "coordinates": [ 100.031797017246518, 15.293836453061573 ] } },
{ "type": "Feature", "properties": { "road_key": "61000000ST005.2", "road_name": "ทางหลวงแผ่นดินหมายเลข 3183 (สายหนองบัว-อุทัยธานี) ช่วงที่ 2", "road_no": "3183", "aumpher": "อำเภอหนองขาหย่าง", "office": "สาขาเมือง", "branch_code": "61000000", "name_short": "ทล.", "price_new": 1000, "price_old": 500, "width_m": 16, "pt_i": 38 }, "geometry": { "type": "Point", "coordinates": [ 100.032109111738762, 15.292796425613458 ] } },
{ "type": "Feature", "properties": { "road_key": "61000000ST005.2", "road_name": "ทางหลวงแผ่นดินหมายเลข 3183 (สายหนองบัว-อุทัยธานี) ช่วงที่ 2", "road_no": "3183", "aumpher": "อำเภอหนองขาหย่าง", "office": "สาขาเมือง", "branch_code": "61000000", "name_short": "ทล.", "price_new": 1000, "price_old": 500, "width_m": 16, "pt_i": 39 }, "geometry": { "type": "Point", "coordinates": [ 100.032576646453435, 15.291811159101456 ] } },
{ "type": "Feature", "properties": { "road_key": "61000000ST005.2", "road_name": "ทางหลวงแผ่นดินหมายเลข 3183 (สายหนองบัว-อุทัยธานี) ช่วงที่ 2", "road_no": "3183", "aumpher": "อำเภอหนองขาหย่าง", "office": "สาขาเมือง", "branch_code": "61000000", "name_short": "ทล.", "price_new": 1000, "price_old": 500, "width_m": 16, "pt_i": 40 }, "geometry": { "type": "Point", "coordinates": [ 100.03305198354542, 15.290829430389939 ] } },
{ "type": "Feature", "properties": { "road_key": "61000000ST005.2", "road_name": "ทางหลวงแผ่นดินหมายเลข 3183 (สายหนองบัว-อุทัยธานี) ช่วงที่ 2", "road_no": "3183", "aumpher": "อำเภอหนองขาหย่าง", "office": "สาขาเมือง", "branch_code": "61000000", "name_short": "ทล.", "price_new": 1000, "price_old": 500, "width_m": 16, "pt_i": 41 }, "geometry": { "type": "Point", "coordinates": [ 100.033527668713802, 15.289847853984764 ] } },
{ "type": "Feature", "properties": { "road_key": "61000000ST005.2", "road_name": "ทางหลวงแผ่นดินหมายเลข 3183 (สายหนองบัว-อุทัยธานี) ช่วงที่ 2", "road_no": "3183", "aumpher": "อำเภอหนองขาหย่าง", "office": "สาขาเมือง", "branch_code": "61000000", "name_short": "ทล.", "price_new": 1000, "price_old": 500, "width_m": 16, "pt_i": 42 }, "geometry": { "type": "Point", "coordinates": [ 100.033999659888707, 15.288864594597674 ] } },
{ "type": "Feature", "properties": { "road_key": "61000000ST005.2", "road_name": "ทางหลวงแผ่นดินหมายเลข 3183 (สายหนองบัว-อุทัยธานี) ช่วงที่ 2", "road_no": "3183", "aumpher": "อำเภอหนองขาหย่าง", "office": "สาขาเมือง", "branch_code": "61000000", "name_short": "ทล.", "price_new": 1000, "price_old": 500, "width_m": 16, "pt_i": 43 }, "geometry": { "type": "Point", "coordinates": [ 100.034471646898439, 15.28788133440405 ] } },
{ "type": "Feature", "properties": { "road_key": "61000000ST014", "road_name": "ทางหลวงชนบท อน 3032 (สายแยก ทล. 333-บ้านกุดจอก)", "road_no": "3032", "aumpher": "อำเภอหนองขาหย่าง", "office": "สาขาเมือง", "branch_code": "61000000", "name_short": "อน.", "price_new": 400, "price_old": 250, "width_m": 6, "pt_i": 0 }, "geometry": { "type": "Point", "coordinates": [ 99.905114771645842, 15.361819888190936 ] } },
{ "type": "Feature", "properties": { "road_key": "61000000ST014", "road_name": "ทางหลวงชนบท อน 3032 (สายแยก ทล. 333-บ้านกุดจอก)", "road_no": "3032", "aumpher": "อำเภอหนองขาหย่าง", "office": "สาขาเมือง", "branch_code": "61000000", "name_short": "อน.", "price_new": 400, "price_old": 250, "width_m": 6, "pt_i": 1 }, "geometry": { "type": "Point", "coordinates": [ 99.905083415311282, 15.360735528911 ] } },
{ "type": "Feature", "properties": { "road_key": "61000000ST014", "road_name": "ทางหลวงชนบท อน 3032 (สายแยก ทล. 333-บ้านกุดจอก)", "road_no": "3032", "aumpher": "อำเภอหนองขาหย่าง", "office": "สาขาเมือง", "branch_code": "61000000", "name_short": "อน.", "price_new": 400, "price_old": 250, "width_m": 6, "pt_i": 2 }, "geometry": { "type": "Point", "coordinates": [ 99.905060202782252, 15.359650995830391 ] } },
{ "type": "Feature", "properties": { "road_key": "61000000ST014", "road_name": "ทางหลวงชนบท อน 3032 (สายแยก ทล. 333-บ้านกุดจอก)", "road_no": "3032", "aumpher": "อำเภอหนองขาหย่าง", "office": "สาขาเมือง", "branch_code": "61000000", "name_short": "อน.", "price_new": 400, "price_old": 250, "width_m": 6, "pt_i": 3 }, "geometry": { "type": "Point", "coordinates": [ 99.905091809809477, 15.358568509016145 ] } },
{ "type": "Feature", "properties": { "road_key": "61000000ST014", "road_name": "ทางหลวงชนบท อน 3032 (สายแยก ทล. 333-บ้านกุดจอก)", "road_no": "3032", "aumpher": "อำเภอหนองขาหย่าง", "office": "สาขาเมือง", "branch_code": "61000000", "name_short": "อน.", "price_new": 400, "price_old": 250, "width_m": 6, "pt_i": 4 }, "geometry": { "type": "Point", "coordinates": [ 99.905361712659172, 15.357516615494445 ] } },
{ "type": "Feature", "properties": { "road_key": "61000000ST014", "road_name": "ทางหลวงชนบท อน 3032 (สายแยก ทล. 333-บ้านกุดจอก)", "road_no": "3032", "aumpher": "อำเภอหนองขาหย่าง", "office": "สาขาเมือง", "branch_code": "61000000", "name_short": "อน.", "price_new": 400, "price_old": 250, "width_m": 6, "pt_i": 5 }, "geometry": { "type": "Point", "coordinates": [ 99.906236573195457, 15.356942006972782 ] } },
{ "type": "Feature", "properties": { "road_key": "61000000ST014", "road_name": "ทางหลวงชนบท อน 3032 (สายแยก ทล. 333-บ้านกุดจอก)", "road_no": "3032", "aumpher": "อำเภอหนองขาหย่าง", "office": "สาขาเมือง", "branch_code": "61000000", "name_short": "อน.", "price_new": 400, "price_old": 250, "width_m": 6, "pt_i": 6 }, "geometry": { "type": "Point", "coordinates": [ 99.907326448015624, 15.356778522291524 ] } },
{ "type": "Feature", "properties": { "road_key": "61000000ST014", "road_name": "ทางหลวงชนบท อน 3032 (สายแยก ทล. 333-บ้านกุดจอก)", "road_no": "3032", "aumpher": "อำเภอหนองขาหย่าง", "office": "สาขาเมือง", "branch_code": "61000000", "name_short": "อน.", "price_new": 400, "price_old": 250, "width_m": 6, "pt_i": 7 }, "geometry": { "type": "Point", "coordinates": [ 99.908271232254137, 15.356225176794531 ] } },
{ "type": "Feature", "properties": { "road_key": "61000000ST014", "road_name": "ทางหลวงชนบท อน 3032 (สายแยก ทล. 333-บ้านกุดจอก)", "road_no": "3032", "aumpher": "อำเภอหนองขาหย่าง", "office": "สาขาเมือง", "branch_code": "61000000", "name_short": "อน.", "price_new": 400, "price_old": 250, "width_m": 6, "pt_i": 8 }, "geometry": { "type": "Point", "coordinates": [ 99.90907393569718, 15.35547782807226 ] } },
{ "type": "Feature", "properties": { "road_key": "61000000ST014", "road_name": "ทางหลวงชนบท อน 3032 (สายแยก ทล. 333-บ้านกุดจอก)", "road_no": "3032", "aumpher": "อำเภอหนองขาหย่าง", "office": "สาขาเมือง", "branch_code": "61000000", "name_short": "อน.", "price_new": 400, "price_old": 250, "width_m": 6, "pt_i": 9 }, "geometry": { "type": "Point", "coordinates": [ 99.909312892871554, 15.354426194933296 ] } },
{ "type": "Feature", "properties": { "road_key": "61000000ST014", "road_name": "ทางหลวงชนบท อน 3032 (สายแยก ทล. 333-บ้านกุดจอก)", "road_no": "3032", "aumpher": "อำเภอหนองขาหย่าง", "office": "สาขาเมือง", "branch_code": "61000000", "name_short": "อน.", "price_new": 400, "price_old": 250, "width_m": 6, "pt_i": 10 }, "geometry": { "type": "Point", "coordinates": [ 99.909429046568022, 15.353347784291646 ] } },
{ "type": "Feature", "properties": { "road_key": "61000000ST014", "road_name": "ทางหลวงชนบท อน 3032 (สายแยก ทล. 333-บ้านกุดจอก)", "road_no": "3032", "aumpher": "อำเภอหนองขาหย่าง", "office": "สาขาเมือง", "branch_code": "61000000", "name_short": "อน.", "price_new": 400, "price_old": 250, "width_m": 6, "pt_i": 11 }, "geometry": { "type": "Point", "coordinates": [ 99.909754732402007, 15.352317181435531 ] } },
{ "type": "Feature", "properties": { "road_key": "61000000ST014", "road_name": "ทางหลวงชนบท อน 3032 (สายแยก ทล. 333-บ้านกุดจอก)", "road_no": "3032", "aumpher": "อำเภอหนองขาหย่าง", "office": "สาขาเมือง", "branch_code": "61000000", "name_short": "อน.", "price_new": 400, "price_old": 250, "width_m": 6, "pt_i": 12 }, "geometry": { "type": "Point", "coordinates": [ 99.91016012719642, 15.351306467959741 ] } },
{ "type": "Feature", "properties": { "road_key": "61000000ST014", "road_name": "ทางหลวงชนบท อน 3032 (สายแยก ทล. 333-บ้านกุดจอก)", "road_no": "3032", "aumpher": "อำเภอหนองขาหย่าง", "office": "สาขาเมือง", "branch_code": "61000000", "name_short": "อน.", "price_new": 400, "price_old": 250, "width_m": 6, "pt_i": 13 }, "geometry": { "type": "Point", "coordinates": [ 99.910575352259556, 15.350299835342788 ] } },
{ "type": "Feature", "properties": { "road_key": "61000000ST014", "road_name": "ทางหลวงชนบท อน 3032 (สายแยก ทล. 333-บ้านกุดจอก)", "road_no": "3032", "aumpher": "อำเภอหนองขาหย่าง", "office": "สาขาเมือง", "branch_code": "61000000", "name_short": "อน.", "price_new": 400, "price_old": 250, "width_m": 6, "pt_i": 14 }, "geometry": { "type": "Point", "coordinates": [ 99.910702839100466, 15.34922740076048 ] } },
{ "type": "Feature", "properties": { "road_key": "61000000ST014", "road_name": "ทางหลวงชนบท อน 3032 (สายแยก ทล. 333-บ้านกุดจอก)", "road_no": "3032", "aumpher": "อำเภอหนองขาหย่าง", "office": "สาขาเมือง", "branch_code": "61000000", "name_short": "อน.", "price_new": 400, "price_old": 250, "width_m": 6, "pt_i": 15 }, "geometry": { "type": "Point", "coordinates": [ 99.910730126914515, 15.348143484481771 ] } },
{ "type": "Feature", "properties": { "road_key": "61000000ST014", "road_name": "ทางหลวงชนบท อน 3032 (สายแยก ทล. 333-บ้านกุดจอก)", "road_no": "3032", "aumpher": "อำเภอหนองขาหย่าง", "office": "สาขาเมือง", "branch_code": "61000000", "name_short": "อน.", "price_new": 400, "price_old": 250, "width_m": 6, "pt_i": 16 }, "geometry": { "type": "Point", "coordinates": [ 99.910518935798834, 15.347081654993733 ] } },
{ "type": "Feature", "properties": { "road_key": "61000000ST014", "road_name": "ทางหลวงชนบท อน 3032 (สายแยก ทล. 333-บ้านกุดจอก)", "road_no": "3032", "aumpher": "อำเภอหนองขาหย่าง", "office": "สาขาเมือง", "branch_code": "61000000", "name_short": "อน.", "price_new": 400, "price_old": 250, "width_m": 6, "pt_i": 17 }, "geometry": { "type": "Point", "coordinates": [ 99.910372779214228, 15.346014589989275 ] } },
{ "type": "Feature", "properties": { "road_key": "61000000ST014", "road_name": "ทางหลวงชนบท อน 3032 (สายแยก ทล. 333-บ้านกุดจอก)", "road_no": "3032", "aumpher": "อำเภอหนองขาหย่าง", "office": "สาขาเมือง", "branch_code": "61000000", "name_short": "อน.", "price_new": 400, "price_old": 250, "width_m": 6, "pt_i": 18 }, "geometry": { "type": "Point", "coordinates": [ 99.910404395310451, 15.344930304630537 ] } },
{ "type": "Feature", "properties": { "road_key": "61000000ST014", "road_name": "ทางหลวงชนบท อน 3032 (สายแยก ทล. 333-บ้านกุดจอก)", "road_no": "3032", "aumpher": "อำเภอหนองขาหย่าง", "office": "สาขาเมือง", "branch_code": "61000000", "name_short": "อน.", "price_new": 400, "price_old": 250, "width_m": 6, "pt_i": 19 }, "geometry": { "type": "Point", "coordinates": [ 99.910171011566547, 15.343874821570232 ] } },
{ "type": "Feature", "properties": { "road_key": "61000000ST014", "road_name": "ทางหลวงชนบท อน 3032 (สายแยก ทล. 333-บ้านกุดจอก)", "road_no": "3032", "aumpher": "อำเภอหนองขาหย่าง", "office": "สาขาเมือง", "branch_code": "61000000", "name_short": "อน.", "price_new": 400, "price_old": 250, "width_m": 6, "pt_i": 20 }, "geometry": { "type": "Point", "coordinates": [ 99.909698888359188, 15.342896616170908 ] } },
{ "type": "Feature", "properties": { "road_key": "61000000ST014", "road_name": "ทางหลวงชนบท อน 3032 (สายแยก ทล. 333-บ้านกุดจอก)", "road_no": "3032", "aumpher": "อำเภอหนองขาหย่าง", "office": "สาขาเมือง", "branch_code": "61000000", "name_short": "อน.", "price_new": 400, "price_old": 250, "width_m": 6, "pt_i": 21 }, "geometry": { "type": "Point", "coordinates": [ 99.909349970059409, 15.341875875964547 ] } },
{ "type": "Feature", "properties": { "road_key": "61000000ST014", "road_name": "ทางหลวงชนบท อน 3032 (สายแยก ทล. 333-บ้านกุดจอก)", "road_no": "3032", "aumpher": "อำเภอหนองขาหย่าง", "office": "สาขาเมือง", "branch_code": "61000000", "name_short": "อน.", "price_new": 400, "price_old": 250, "width_m": 6, "pt_i": 22 }, "geometry": { "type": "Point", "coordinates": [ 99.908908987841272, 15.340880166813255 ] } },
{ "type": "Feature", "properties": { "road_key": "61000000ST014", "road_name": "ทางหลวงชนบท อน 3032 (สายแยก ทล. 333-บ้านกุดจอก)", "road_no": "3032", "aumpher": "อำเภอหนองขาหย่าง", "office": "สาขาเมือง", "branch_code": "61000000", "name_short": "อน.", "price_new": 400, "price_old": 250, "width_m": 6, "pt_i": 23 }, "geometry": { "type": "Point", "coordinates": [ 99.908198282027129, 15.340046329953942 ] } },
{ "type": "Feature", "properties": { "road_key": "61000000ST014", "road_name": "ทางหลวงชนบท อน 3032 (สายแยก ทล. 333-บ้านกุดจอก)", "road_no": "3032", "aumpher": "อำเภอหนองขาหย่าง", "office": "สาขาเมือง", "branch_code": "61000000", "name_short": "อน.", "price_new": 400, "price_old": 250, "width_m": 6, "pt_i": 24 }, "geometry": { "type": "Point", "coordinates": [ 99.907529636299003, 15.339181909169119 ] } },
{ "type": "Feature", "properties": { "road_key": "61000000ST014", "road_name": "ทางหลวงชนบท อน 3032 (สายแยก ทล. 333-บ้านกุดจอก)", "road_no": "3032", "aumpher": "อำเภอหนองขาหย่าง", "office": "สาขาเมือง", "branch_code": "61000000", "name_short": "อน.", "price_new": 400, "price_old": 250, "width_m": 6, "pt_i": 25 }, "geometry": { "type": "Point", "coordinates": [ 99.907366885573765, 15.33812137452913 ] } },
{ "type": "Feature", "properties": { "road_key": "61000000ST014", "road_name": "ทางหลวงชนบท อน 3032 (สายแยก ทล. 333-บ้านกุดจอก)", "road_no": "3032", "aumpher": "อำเภอหนองขาหย่าง", "office": "สาขาเมือง", "branch_code": "61000000", "name_short": "อน.", "price_new": 400, "price_old": 250, "width_m": 6, "pt_i": 26 }, "geometry": { "type": "Point", "coordinates": [ 99.907024428891191, 15.337088867343915 ] } },
{ "type": "Feature", "properties": { "road_key": "61000000ST014", "road_name": "ทางหลวงชนบท อน 3032 (สายแยก ทล. 333-บ้านกุดจอก)", "road_no": "3032", "aumpher": "อำเภอหนองขาหย่าง", "office": "สาขาเมือง", "branch_code": "61000000", "name_short": "อน.", "price_new": 400, "price_old": 250, "width_m": 6, "pt_i": 27 }, "geometry": { "type": "Point", "coordinates": [ 99.90646250999167, 15.336159521045095 ] } },
{ "type": "Feature", "properties": { "road_key": "61000000ST014", "road_name": "ทางหลวงชนบท อน 3032 (สายแยก ทล. 333-บ้านกุดจอก)", "road_no": "3032", "aumpher": "อำเภอหนองขาหย่าง", "office": "สาขาเมือง", "branch_code": "61000000", "name_short": "อน.", "price_new": 400, "price_old": 250, "width_m": 6, "pt_i": 28 }, "geometry": { "type": "Point", "coordinates": [ 99.905606356695714, 15.335465207743438 ] } },
{ "type": "Feature", "properties": { "road_key": "61000000ST014", "road_name": "ทางหลวงชนบท อน 3032 (สายแยก ทล. 333-บ้านกุดจอก)", "road_no": "3032", "aumpher": "อำเภอหนองขาหย่าง", "office": "สาขาเมือง", "branch_code": "61000000", "name_short": "อน.", "price_new": 400, "price_old": 250, "width_m": 6, "pt_i": 29 }, "geometry": { "type": "Point", "coordinates": [ 99.904913711334117, 15.334632329906496 ] } },
{ "type": "Feature", "properties": { "road_key": "61000000ST014", "road_name": "ทางหลวงชนบท อน 3032 (สายแยก ทล. 333-บ้านกุดจอก)", "road_no": "3032", "aumpher": "อำเภอหนองขาหย่าง", "office": "สาขาเมือง", "branch_code": "61000000", "name_short": "อน.", "price_new": 400, "price_old": 250, "width_m": 6, "pt_i": 30 }, "geometry": { "type": "Point", "coordinates": [ 99.904251654539038, 15.333761981734252 ] } },
{ "type": "Feature", "properties": { "road_key": "61000000ST014", "road_name": "ทางหลวงชนบท อน 3032 (สายแยก ทล. 333-บ้านกุดจอก)", "road_no": "3032", "aumpher": "อำเภอหนองขาหย่าง", "office": "สาขาเมือง", "branch_code": "61000000", "name_short": "อน.", "price_new": 400, "price_old": 250, "width_m": 6, "pt_i": 31 }, "geometry": { "type": "Point", "coordinates": [ 99.903553931609409, 15.332914932796003 ] } },
{ "type": "Feature", "properties": { "road_key": "61000000ST014", "road_name": "ทางหลวงชนบท อน 3032 (สายแยก ทล. 333-บ้านกุดจอก)", "road_no": "3032", "aumpher": "อำเภอหนองขาหย่าง", "office": "สาขาเมือง", "branch_code": "61000000", "name_short": "อน.", "price_new": 400, "price_old": 250, "width_m": 6, "pt_i": 32 }, "geometry": { "type": "Point", "coordinates": [ 99.902830241226098, 15.332089541808404 ] } },
{ "type": "Feature", "properties": { "road_key": "61000000ST014", "road_name": "ทางหลวงชนบท อน 3032 (สายแยก ทล. 333-บ้านกุดจอก)", "road_no": "3032", "aumpher": "อำเภอหนองขาหย่าง", "office": "สาขาเมือง", "branch_code": "61000000", "name_short": "อน.", "price_new": 400, "price_old": 250, "width_m": 6, "pt_i": 33 }, "geometry": { "type": "Point", "coordinates": [ 99.90227003750671, 15.331157625352104 ] } },
{ "type": "Feature", "properties": { "road_key": "61000000ST014", "road_name": "ทางหลวงชนบท อน 3032 (สายแยก ทล. 333-บ้านกุดจอก)", "road_no": "3032", "aumpher": "อำเภอหนองขาหย่าง", "office": "สาขาเมือง", "branch_code": "61000000", "name_short": "อน.", "price_new": 400, "price_old": 250, "width_m": 6, "pt_i": 34 }, "geometry": { "type": "Point", "coordinates": [ 99.901802872276804, 15.330172116405826 ] } },
{ "type": "Feature", "properties": { "road_key": "61000000ST014", "road_name": "ทางหลวงชนบท อน 3032 (สายแยก ทล. 333-บ้านกุดจอก)", "road_no": "3032", "aumpher": "อำเภอหนองขาหย่าง", "office": "สาขาเมือง", "branch_code": "61000000", "name_short": "อน.", "price_new": 400, "price_old": 250, "width_m": 6, "pt_i": 35 }, "geometry": { "type": "Point", "coordinates": [ 99.901386447529234, 15.329166901742465 ] } },
{ "type": "Feature", "properties": { "road_key": "61000000ST014", "road_name": "ทางหลวงชนบท อน 3032 (สายแยก ทล. 333-บ้านกุดจอก)", "road_no": "3032", "aumpher": "อำเภอหนองขาหย่าง", "office": "สาขาเมือง", "branch_code": "61000000", "name_short": "อน.", "price_new": 400, "price_old": 250, "width_m": 6, "pt_i": 36 }, "geometry": { "type": "Point", "coordinates": [ 99.901060825817723, 15.328129304380559 ] } },
{ "type": "Feature", "properties": { "road_key": "61000000ST014", "road_name": "ทางหลวงชนบท อน 3032 (สายแยก ทล. 333-บ้านกุดจอก)", "road_no": "3032", "aumpher": "อำเภอหนองขาหย่าง", "office": "สาขาเมือง", "branch_code": "61000000", "name_short": "อน.", "price_new": 400, "price_old": 250, "width_m": 6, "pt_i": 37 }, "geometry": { "type": "Point", "coordinates": [ 99.900566036224077, 15.327163858017448 ] } },
{ "type": "Feature", "properties": { "road_key": "61000000ST014", "road_name": "ทางหลวงชนบท อน 3032 (สายแยก ทล. 333-บ้านกุดจอก)", "road_no": "3032", "aumpher": "อำเภอหนองขาหย่าง", "office": "สาขาเมือง", "branch_code": "61000000", "name_short": "อน.", "price_new": 400, "price_old": 250, "width_m": 6, "pt_i": 38 }, "geometry": { "type": "Point", "coordinates": [ 99.899969561828982, 15.326246822753557 ] } },
{ "type": "Feature", "properties": { "road_key": "61000000ST014", "road_name": "ทางหลวงชนบท อน 3032 (สายแยก ทล. 333-บ้านกุดจอก)", "road_no": "3032", "aumpher": "อำเภอหนองขาหย่าง", "office": "สาขาเมือง", "branch_code": "61000000", "name_short": "อน.", "price_new": 400, "price_old": 250, "width_m": 6, "pt_i": 39 }, "geometry": { "type": "Point", "coordinates": [ 99.899756230675223, 15.325308252442706 ] } },
{ "type": "Feature", "properties": { "road_key": "61000000ST014", "road_name": "ทางหลวงชนบท อน 3032 (สายแยก ทล. 333-บ้านกุดจอก)", "road_no": "3032", "aumpher": "อำเภอหนองขาหย่าง", "office": "สาขาเมือง", "branch_code": "61000000", "name_short": "อน.", "price_new": 400, "price_old": 250, "width_m": 6, "pt_i": 40 }, "geometry": { "type": "Point", "coordinates": [ 99.900392151807822, 15.324461908638966 ] } },
{ "type": "Feature", "properties": { "road_key": "61000000ST014", "road_name": "ทางหลวงชนบท อน 3032 (สายแยก ทล. 333-บ้านกุดจอก)", "road_no": "3032", "aumpher": "อำเภอหนองขาหย่าง", "office": "สาขาเมือง", "branch_code": "61000000", "name_short": "อน.", "price_new": 400, "price_old": 250, "width_m": 6, "pt_i": 41 }, "geometry": { "type": "Point", "coordinates": [ 99.900076178230805, 15.32350964489731 ] } },
{ "type": "Feature", "properties": { "road_key": "61000000ST014", "road_name": "ทางหลวงชนบท อน 3032 (สายแยก ทล. 333-บ้านกุดจอก)", "road_no": "3032", "aumpher": "อำเภอหนองขาหย่าง", "office": "สาขาเมือง", "branch_code": "61000000", "name_short": "อน.", "price_new": 400, "price_old": 250, "width_m": 6, "pt_i": 42 }, "geometry": { "type": "Point", "coordinates": [ 99.899751966510095, 15.32259830469288 ] } },
{ "type": "Feature", "properties": { "road_key": "61000000ST014", "road_name": "ทางหลวงชนบท อน 3032 (สายแยก ทล. 333-บ้านกุดจอก)", "road_no": "3032", "aumpher": "อำเภอหนองขาหย่าง", "office": "สาขาเมือง", "branch_code": "61000000", "name_short": "อน.", "price_new": 400, "price_old": 250, "width_m": 6, "pt_i": 43 }, "geometry": { "type": "Point", "coordinates": [ 99.900075330727347, 15.321570876988128 ] } },
{ "type": "Feature", "properties": { "road_key": "61000000ST014", "road_name": "ทางหลวงชนบท อน 3032 (สายแยก ทล. 333-บ้านกุดจอก)", "road_no": "3032", "aumpher": "อำเภอหนองขาหย่าง", "office": "สาขาเมือง", "branch_code": "61000000", "name_short": "อน.", "price_new": 400, "price_old": 250, "width_m": 6, "pt_i": 44 }, "geometry": { "type": "Point", "coordinates": [ 99.90049289378571, 15.320573846912502 ] } },
{ "type": "Feature", "properties": { "road_key": "61000000ST014", "road_name": "ทางหลวงชนบท อน 3032 (สายแยก ทล. 333-บ้านกุดจอก)", "road_no": "3032", "aumpher": "อำเภอหนองขาหย่าง", "office": "สาขาเมือง", "branch_code": "61000000", "name_short": "อน.", "price_new": 400, "price_old": 250, "width_m": 6, "pt_i": 45 }, "geometry": { "type": "Point", "coordinates": [ 99.900625099453947, 15.319497604030511 ] } },
{ "type": "Feature", "properties": { "road_key": "61000000ST014", "road_name": "ทางหลวงชนบท อน 3032 (สายแยก ทล. 333-บ้านกุดจอก)", "road_no": "3032", "aumpher": "อำเภอหนองขาหย่าง", "office": "สาขาเมือง", "branch_code": "61000000", "name_short": "อน.", "price_new": 400, "price_old": 250, "width_m": 6, "pt_i": 46 }, "geometry": { "type": "Point", "coordinates": [ 99.900706096581061, 15.318415776858362 ] } },
{ "type": "Feature", "properties": { "road_key": "61000000ST014", "road_name": "ทางหลวงชนบท อน 3032 (สายแยก ทล. 333-บ้านกุดจอก)", "road_no": "3032", "aumpher": "อำเภอหนองขาหย่าง", "office": "สาขาเมือง", "branch_code": "61000000", "name_short": "อน.", "price_new": 400, "price_old": 250, "width_m": 6, "pt_i": 47 }, "geometry": { "type": "Point", "coordinates": [ 99.900321396450437, 15.31741439441158 ] } },
{ "type": "Feature", "properties": { "road_key": "61000000ST014", "road_name": "ทางหลวงชนบท อน 3032 (สายแยก ทล. 333-บ้านกุดจอก)", "road_no": "3032", "aumpher": "อำเภอหนองขาหย่าง", "office": "สาขาเมือง", "branch_code": "61000000", "name_short": "อน.", "price_new": 400, "price_old": 250, "width_m": 6, "pt_i": 48 }, "geometry": { "type": "Point", "coordinates": [ 99.899922661702263, 15.316418644120125 ] } },
{ "type": "Feature", "properties": { "road_key": "61000000ST014", "road_name": "ทางหลวงชนบท อน 3032 (สายแยก ทล. 333-บ้านกุดจอก)", "road_no": "3032", "aumpher": "อำเภอหนองขาหย่าง", "office": "สาขาเมือง", "branch_code": "61000000", "name_short": "อน.", "price_new": 400, "price_old": 250, "width_m": 6, "pt_i": 49 }, "geometry": { "type": "Point", "coordinates": [ 99.900882447990455, 15.316015113965058 ] } },
{ "type": "Feature", "properties": { "road_key": "61000000ST014", "road_name": "ทางหลวงชนบท อน 3032 (สายแยก ทล. 333-บ้านกุดจอก)", "road_no": "3032", "aumpher": "อำเภอหนองขาหย่าง", "office": "สาขาเมือง", "branch_code": "61000000", "name_short": "อน.", "price_new": 400, "price_old": 250, "width_m": 6, "pt_i": 50 }, "geometry": { "type": "Point", "coordinates": [ 99.901992029681296, 15.316141384454518 ] } },
{ "type": "Feature", "properties": { "road_key": "61000000ST014", "road_name": "ทางหลวงชนบท อน 3032 (สายแยก ทล. 333-บ้านกุดจอก)", "road_no": "3032", "aumpher": "อำเภอหนองขาหย่าง", "office": "สาขาเมือง", "branch_code": "61000000", "name_short": "อน.", "price_new": 400, "price_old": 250, "width_m": 6, "pt_i": 51 }, "geometry": { "type": "Point", "coordinates": [ 99.903103342984267, 15.316254629439657 ] } },
{ "type": "Feature", "properties": { "road_key": "61000000ST014", "road_name": "ทางหลวงชนบท อน 3032 (สายแยก ทล. 333-บ้านกุดจอก)", "road_no": "3032", "aumpher": "อำเภอหนองขาหย่าง", "office": "สาขาเมือง", "branch_code": "61000000", "name_short": "อน.", "price_new": 400, "price_old": 250, "width_m": 6, "pt_i": 52 }, "geometry": { "type": "Point", "coordinates": [ 99.903809009646707, 15.315576031256798 ] } },
{ "type": "Feature", "properties": { "road_key": "61000000ST014", "road_name": "ทางหลวงชนบท อน 3032 (สายแยก ทล. 333-บ้านกุดจอก)", "road_no": "3032", "aumpher": "อำเภอหนองขาหย่าง", "office": "สาขาเมือง", "branch_code": "61000000", "name_short": "อน.", "price_new": 400, "price_old": 250, "width_m": 6, "pt_i": 53 }, "geometry": { "type": "Point", "coordinates": [ 99.903175094030672, 15.31469787893438 ] } },
{ "type": "Feature", "properties": { "road_key": "61000000ST014", "road_name": "ทางหลวงชนบท อน 3032 (สายแยก ทล. 333-บ้านกุดจอก)", "road_no": "3032", "aumpher": "อำเภอหนองขาหย่าง", "office": "สาขาเมือง", "branch_code": "61000000", "name_short": "อน.", "price_new": 400, "price_old": 250, "width_m": 6, "pt_i": 54 }, "geometry": { "type": "Point", "coordinates": [ 99.903023534550371, 15.313625389964361 ] } },
{ "type": "Feature", "properties": { "road_key": "61000000ST014", "road_name": "ทางหลวงชนบท อน 3032 (สายแยก ทล. 333-บ้านกุดจอก)", "road_no": "3032", "aumpher": "อำเภอหนองขาหย่าง", "office": "สาขาเมือง", "branch_code": "61000000", "name_short": "อน.", "price_new": 400, "price_old": 250, "width_m": 6, "pt_i": 55 }, "geometry": { "type": "Point", "coordinates": [ 99.902920583778936, 15.312545210156971 ] } },
{ "type": "Feature", "properties": { "road_key": "61000000ST014", "road_name": "ทางหลวงชนบท อน 3032 (สายแยก ทล. 333-บ้านกุดจอก)", "road_no": "3032", "aumpher": "อำเภอหนองขาหย่าง", "office": "สาขาเมือง", "branch_code": "61000000", "name_short": "อน.", "price_new": 400, "price_old": 250, "width_m": 6, "pt_i": 56 }, "geometry": { "type": "Point", "coordinates": [ 99.902812848090832, 15.311465472021517 ] } },
{ "type": "Feature", "properties": { "road_key": "61000000ST014", "road_name": "ทางหลวงชนบท อน 3032 (สายแยก ทล. 333-บ้านกุดจอก)", "road_no": "3032", "aumpher": "อำเภอหนองขาหย่าง", "office": "สาขาเมือง", "branch_code": "61000000", "name_short": "อน.", "price_new": 400, "price_old": 250, "width_m": 6, "pt_i": 57 }, "geometry": { "type": "Point", "coordinates": [ 99.902779222860374, 15.310384195225422 ] } },
{ "type": "Feature", "properties": { "road_key": "61000000ST014", "road_name": "ทางหลวงชนบท อน 3032 (สายแยก ทล. 333-บ้านกุดจอก)", "road_no": "3032", "aumpher": "อำเภอหนองขาหย่าง", "office": "สาขาเมือง", "branch_code": "61000000", "name_short": "อน.", "price_new": 400, "price_old": 250, "width_m": 6, "pt_i": 58 }, "geometry": { "type": "Point", "coordinates": [ 99.90285151972094, 15.309324691417366 ] } },
{ "type": "Feature", "properties": { "road_key": "61000000ST014", "road_name": "ทางหลวงชนบท อน 3032 (สายแยก ทล. 333-บ้านกุดจอก)", "road_no": "3032", "aumpher": "อำเภอหนองขาหย่าง", "office": "สาขาเมือง", "branch_code": "61000000", "name_short": "อน.", "price_new": 400, "price_old": 250, "width_m": 6, "pt_i": 59 }, "geometry": { "type": "Point", "coordinates": [ 99.902635297890697, 15.308262527102844 ] } },
{ "type": "Feature", "properties": { "road_key": "61000000ST014", "road_name": "ทางหลวงชนบท อน 3032 (สายแยก ทล. 333-บ้านกุดจอก)", "road_no": "3032", "aumpher": "อำเภอหนองขาหย่าง", "office": "สาขาเมือง", "branch_code": "61000000", "name_short": "อน.", "price_new": 400, "price_old": 250, "width_m": 6, "pt_i": 60 }, "geometry": { "type": "Point", "coordinates": [ 99.902627592575698, 15.307178665083695 ] } },
{ "type": "Feature", "properties": { "road_key": "61000000ST014", "road_name": "ทางหลวงชนบท อน 3032 (สายแยก ทล. 333-บ้านกุดจอก)", "road_no": "3032", "aumpher": "อำเภอหนองขาหย่าง", "office": "สาขาเมือง", "branch_code": "61000000", "name_short": "อน.", "price_new": 400, "price_old": 250, "width_m": 6, "pt_i": 61 }, "geometry": { "type": "Point", "coordinates": [ 99.902022501754402, 15.306348727539843 ] } },
{ "type": "Feature", "properties": { "road_key": "61000000ST014", "road_name": "ทางหลวงชนบท อน 3032 (สายแยก ทล. 333-บ้านกุดจอก)", "road_no": "3032", "aumpher": "อำเภอหนองขาหย่าง", "office": "สาขาเมือง", "branch_code": "61000000", "name_short": "อน.", "price_new": 400, "price_old": 250, "width_m": 6, "pt_i": 62 }, "geometry": { "type": "Point", "coordinates": [ 99.901773674244978, 15.305302224400098 ] } },
{ "type": "Feature", "properties": { "road_key": "61000000ST014", "road_name": "ทางหลวงชนบท อน 3032 (สายแยก ทล. 333-บ้านกุดจอก)", "road_no": "3032", "aumpher": "อำเภอหนองขาหย่าง", "office": "สาขาเมือง", "branch_code": "61000000", "name_short": "อน.", "price_new": 400, "price_old": 250, "width_m": 6, "pt_i": 63 }, "geometry": { "type": "Point", "coordinates": [ 99.90204650417985, 15.304262389902421 ] } },
{ "type": "Feature", "properties": { "road_key": "61000000ST014", "road_name": "ทางหลวงชนบท อน 3032 (สายแยก ทล. 333-บ้านกุดจอก)", "road_no": "3032", "aumpher": "อำเภอหนองขาหย่าง", "office": "สาขาเมือง", "branch_code": "61000000", "name_short": "อน.", "price_new": 400, "price_old": 250, "width_m": 6, "pt_i": 64 }, "geometry": { "type": "Point", "coordinates": [ 99.902528718059273, 15.303283763718207 ] } },
{ "type": "Feature", "properties": { "road_key": "61000000ST014", "road_name": "ทางหลวงชนบท อน 3032 (สายแยก ทล. 333-บ้านกุดจอก)", "road_no": "3032", "aumpher": "อำเภอหนองขาหย่าง", "office": "สาขาเมือง", "branch_code": "61000000", "name_short": "อน.", "price_new": 400, "price_old": 250, "width_m": 6, "pt_i": 65 }, "geometry": { "type": "Point", "coordinates": [ 99.902589993445375, 15.302266695238099 ] } },
{ "type": "Feature", "properties": { "road_key": "61000000ST014", "road_name": "ทางหลวงชนบท อน 3032 (สายแยก ทล. 333-บ้านกุดจอก)", "road_no": "3032", "aumpher": "อำเภอหนองขาหย่าง", "office": "สาขาเมือง", "branch_code": "61000000", "name_short": "อน.", "price_new": 400, "price_old": 250, "width_m": 6, "pt_i": 66 }, "geometry": { "type": "Point", "coordinates": [ 99.902358036901745, 15.301250006730173 ] } },
{ "type": "Feature", "properties": { "road_key": "61000000ST014", "road_name": "ทางหลวงชนบท อน 3032 (สายแยก ทล. 333-บ้านกุดจอก)", "road_no": "3032", "aumpher": "อำเภอหนองขาหย่าง", "office": "สาขาเมือง", "branch_code": "61000000", "name_short": "อน.", "price_new": 400, "price_old": 250, "width_m": 6, "pt_i": 67 }, "geometry": { "type": "Point", "coordinates": [ 99.902411943485561, 15.300260768928311 ] } },
{ "type": "Feature", "properties": { "road_key": "61000000ST014", "road_name": "ทางหลวงชนบท อน 3032 (สายแยก ทล. 333-บ้านกุดจอก)", "road_no": "3032", "aumpher": "อำเภอหนองขาหย่าง", "office": "สาขาเมือง", "branch_code": "61000000", "name_short": "อน.", "price_new": 400, "price_old": 250, "width_m": 6, "pt_i": 68 }, "geometry": { "type": "Point", "coordinates": [ 99.902733843198121, 15.299277934489938 ] } },
{ "type": "Feature", "properties": { "road_key": "61000000ST014", "road_name": "ทางหลวงชนบท อน 3032 (สายแยก ทล. 333-บ้านกุดจอก)", "road_no": "3032", "aumpher": "อำเภอหนองขาหย่าง", "office": "สาขาเมือง", "branch_code": "61000000", "name_short": "อน.", "price_new": 400, "price_old": 250, "width_m": 6, "pt_i": 69 }, "geometry": { "type": "Point", "coordinates": [ 99.902797349202274, 15.298200772769517 ] } },
{ "type": "Feature", "properties": { "road_key": "61000000ST014", "road_name": "ทางหลวงชนบท อน 3032 (สายแยก ทล. 333-บ้านกุดจอก)", "road_no": "3032", "aumpher": "อำเภอหนองขาหย่าง", "office": "สาขาเมือง", "branch_code": "61000000", "name_short": "อน.", "price_new": 400, "price_old": 250, "width_m": 6, "pt_i": 70 }, "geometry": { "type": "Point", "coordinates": [ 99.902931015229768, 15.297123766141233 ] } },
{ "type": "Feature", "properties": { "road_key": "61000000ST014", "road_name": "ทางหลวงชนบท อน 3032 (สายแยก ทล. 333-บ้านกุดจอก)", "road_no": "3032", "aumpher": "อำเภอหนองขาหย่าง", "office": "สาขาเมือง", "branch_code": "61000000", "name_short": "อน.", "price_new": 400, "price_old": 250, "width_m": 6, "pt_i": 71 }, "geometry": { "type": "Point", "coordinates": [ 99.903022316809469, 15.296042705717742 ] } },
{ "type": "Feature", "properties": { "road_key": "61000000ST014", "road_name": "ทางหลวงชนบท อน 3032 (สายแยก ทล. 333-บ้านกุดจอก)", "road_no": "3032", "aumpher": "อำเภอหนองขาหย่าง", "office": "สาขาเมือง", "branch_code": "61000000", "name_short": "อน.", "price_new": 400, "price_old": 250, "width_m": 6, "pt_i": 72 }, "geometry": { "type": "Point", "coordinates": [ 99.903073063151709, 15.294959170848761 ] } },
{ "type": "Feature", "properties": { "road_key": "61000000ST014", "road_name": "ทางหลวงชนบท อน 3032 (สายแยก ทล. 333-บ้านกุดจอก)", "road_no": "3032", "aumpher": "อำเภอหนองขาหย่าง", "office": "สาขาเมือง", "branch_code": "61000000", "name_short": "อน.", "price_new": 400, "price_old": 250, "width_m": 6, "pt_i": 73 }, "geometry": { "type": "Point", "coordinates": [ 99.903083475549224, 15.29387443124573 ] } },
{ "type": "Feature", "properties": { "road_key": "61000000ST014", "road_name": "ทางหลวงชนบท อน 3032 (สายแยก ทล. 333-บ้านกุดจอก)", "road_no": "3032", "aumpher": "อำเภอหนองขาหย่าง", "office": "สาขาเมือง", "branch_code": "61000000", "name_short": "อน.", "price_new": 400, "price_old": 250, "width_m": 6, "pt_i": 74 }, "geometry": { "type": "Point", "coordinates": [ 99.902971681352128, 15.292802149519165 ] } },
{ "type": "Feature", "properties": { "road_key": "61000000ST014", "road_name": "ทางหลวงชนบท อน 3032 (สายแยก ทล. 333-บ้านกุดจอก)", "road_no": "3032", "aumpher": "อำเภอหนองขาหย่าง", "office": "สาขาเมือง", "branch_code": "61000000", "name_short": "อน.", "price_new": 400, "price_old": 250, "width_m": 6, "pt_i": 75 }, "geometry": { "type": "Point", "coordinates": [ 99.902803322958036, 15.291738941294966 ] } },
{ "type": "Feature", "properties": { "road_key": "61000000ST014", "road_name": "ทางหลวงชนบท อน 3032 (สายแยก ทล. 333-บ้านกุดจอก)", "road_no": "3032", "aumpher": "อำเภอหนองขาหย่าง", "office": "สาขาเมือง", "branch_code": "61000000", "name_short": "อน.", "price_new": 400, "price_old": 250, "width_m": 6, "pt_i": 76 }, "geometry": { "type": "Point", "coordinates": [ 99.902916334010357, 15.290659831108254 ] } },
{ "type": "Feature", "properties": { "road_key": "61000000ST016.1", "road_name": "ทางหลวงขนบท อน 4017 (สายแยก ทล.3183-บ้านหนองขาหย่าง) ช่วงที่ 1", "road_no": "4017", "aumpher": "อำเภอหนองขาหย่าง", "office": "สาขาเมือง", "branch_code": "61000000", "name_short": "อน.", "price_new": 400, "price_old": 300, "width_m": 6, "pt_i": 0 }, "geometry": { "type": "Point", "coordinates": [ 100.018353934365805, 15.312841795031337 ] } },
{ "type": "Feature", "properties": { "road_key": "61000000ST016.1", "road_name": "ทางหลวงขนบท อน 4017 (สายแยก ทล.3183-บ้านหนองขาหย่าง) ช่วงที่ 1", "road_no": "4017", "aumpher": "อำเภอหนองขาหย่าง", "office": "สาขาเมือง", "branch_code": "61000000", "name_short": "อน.", "price_new": 400, "price_old": 300, "width_m": 6, "pt_i": 1 }, "geometry": { "type": "Point", "coordinates": [ 100.019442535851041, 15.312935697573378 ] } },
{ "type": "Feature", "properties": { "road_key": "61000000ST016.1", "road_name": "ทางหลวงขนบท อน 4017 (สายแยก ทล.3183-บ้านหนองขาหย่าง) ช่วงที่ 1", "road_no": "4017", "aumpher": "อำเภอหนองขาหย่าง", "office": "สาขาเมือง", "branch_code": "61000000", "name_short": "อน.", "price_new": 400, "price_old": 300, "width_m": 6, "pt_i": 2 }, "geometry": { "type": "Point", "coordinates": [ 100.020530090896585, 15.312686239829665 ] } },
{ "type": "Feature", "properties": { "road_key": "61000000ST016.1", "road_name": "ทางหลวงขนบท อน 4017 (สายแยก ทล.3183-บ้านหนองขาหย่าง) ช่วงที่ 1", "road_no": "4017", "aumpher": "อำเภอหนองขาหย่าง", "office": "สาขาเมือง", "branch_code": "61000000", "name_short": "อน.", "price_new": 400, "price_old": 300, "width_m": 6, "pt_i": 3 }, "geometry": { "type": "Point", "coordinates": [ 100.021600087031601, 15.312677781502428 ] } },
{ "type": "Feature", "properties": { "road_key": "61000000ST016.1", "road_name": "ทางหลวงขนบท อน 4017 (สายแยก ทล.3183-บ้านหนองขาหย่าง) ช่วงที่ 1", "road_no": "4017", "aumpher": "อำเภอหนองขาหย่าง", "office": "สาขาเมือง", "branch_code": "61000000", "name_short": "อน.", "price_new": 400, "price_old": 300, "width_m": 6, "pt_i": 4 }, "geometry": { "type": "Point", "coordinates": [ 100.022568450737353, 15.313203549780379 ] } },
{ "type": "Feature", "properties": { "road_key": "61000000ST016.1", "road_name": "ทางหลวงขนบท อน 4017 (สายแยก ทล.3183-บ้านหนองขาหย่าง) ช่วงที่ 1", "road_no": "4017", "aumpher": "อำเภอหนองขาหย่าง", "office": "สาขาเมือง", "branch_code": "61000000", "name_short": "อน.", "price_new": 400, "price_old": 300, "width_m": 6, "pt_i": 5 }, "geometry": { "type": "Point", "coordinates": [ 100.023609102702508, 15.313598868490425 ] } },
{ "type": "Feature", "properties": { "road_key": "61000000ST016.1", "road_name": "ทางหลวงขนบท อน 4017 (สายแยก ทล.3183-บ้านหนองขาหย่าง) ช่วงที่ 1", "road_no": "4017", "aumpher": "อำเภอหนองขาหย่าง", "office": "สาขาเมือง", "branch_code": "61000000", "name_short": "อน.", "price_new": 400, "price_old": 300, "width_m": 6, "pt_i": 6 }, "geometry": { "type": "Point", "coordinates": [ 100.024673017481803, 15.313901754538872 ] } },
{ "type": "Feature", "properties": { "road_key": "61000000ST016.1", "road_name": "ทางหลวงขนบท อน 4017 (สายแยก ทล.3183-บ้านหนองขาหย่าง) ช่วงที่ 1", "road_no": "4017", "aumpher": "อำเภอหนองขาหย่าง", "office": "สาขาเมือง", "branch_code": "61000000", "name_short": "อน.", "price_new": 400, "price_old": 300, "width_m": 6, "pt_i": 7 }, "geometry": { "type": "Point", "coordinates": [ 100.025771059721919, 15.313715624320922 ] } },
{ "type": "Feature", "properties": { "road_key": "61000000ST016.1", "road_name": "ทางหลวงขนบท อน 4017 (สายแยก ทล.3183-บ้านหนองขาหย่าง) ช่วงที่ 1", "road_no": "4017", "aumpher": "อำเภอหนองขาหย่าง", "office": "สาขาเมือง", "branch_code": "61000000", "name_short": "อน.", "price_new": 400, "price_old": 300, "width_m": 6, "pt_i": 8 }, "geometry": { "type": "Point", "coordinates": [ 100.026843830824149, 15.313414598211809 ] } },
{ "type": "Feature", "properties": { "road_key": "61000000ST016.1", "road_name": "ทางหลวงขนบท อน 4017 (สายแยก ทล.3183-บ้านหนองขาหย่าง) ช่วงที่ 1", "road_no": "4017", "aumpher": "อำเภอหนองขาหย่าง", "office": "สาขาเมือง", "branch_code": "61000000", "name_short": "อน.", "price_new": 400, "price_old": 300, "width_m": 6, "pt_i": 9 }, "geometry": { "type": "Point", "coordinates": [ 100.027719813560452, 15.312799237462897 ] } },
{ "type": "Feature", "properties": { "road_key": "61000000ST016.1", "road_name": "ทางหลวงขนบท อน 4017 (สายแยก ทล.3183-บ้านหนองขาหย่าง) ช่วงที่ 1", "road_no": "4017", "aumpher": "อำเภอหนองขาหย่าง", "office": "สาขาเมือง", "branch_code": "61000000", "name_short": "อน.", "price_new": 400, "price_old": 300, "width_m": 6, "pt_i": 10 }, "geometry": { "type": "Point", "coordinates": [ 100.028606029571279, 15.3121637661436 ] } },
{ "type": "Feature", "properties": { "road_key": "61000000ST016.2", "road_name": "ทางหลวงขนบท อน 4017 (สายแยก ทล.3183-บ้านหนองขาหย่าง) ช่วงที่ 2", "road_no": "4017", "aumpher": "อำเภอหนองขาหย่าง", "office": "สาขาเมือง", "branch_code": "61000000", "name_short": "อน.", "price_new": 400, "price_old": 300, "width_m": 6, "pt_i": 0 }, "geometry": { "type": "Point", "coordinates": [ 99.932450283734354, 15.3539881993136 ] } },
{ "type": "Feature", "properties": { "road_key": "61000000ST016.2", "road_name": "ทางหลวงขนบท อน 4017 (สายแยก ทล.3183-บ้านหนองขาหย่าง) ช่วงที่ 2", "road_no": "4017", "aumpher": "อำเภอหนองขาหย่าง", "office": "สาขาเมือง", "branch_code": "61000000", "name_short": "อน.", "price_new": 400, "price_old": 300, "width_m": 6, "pt_i": 1 }, "geometry": { "type": "Point", "coordinates": [ 99.932650584306302, 15.352922657894407 ] } },
{ "type": "Feature", "properties": { "road_key": "61000000ST016.2", "road_name": "ทางหลวงขนบท อน 4017 (สายแยก ทล.3183-บ้านหนองขาหย่าง) ช่วงที่ 2", "road_no": "4017", "aumpher": "อำเภอหนองขาหย่าง", "office": "สาขาเมือง", "branch_code": "61000000", "name_short": "อน.", "price_new": 400, "price_old": 300, "width_m": 6, "pt_i": 2 }, "geometry": { "type": "Point", "coordinates": [ 99.932911549688214, 15.351869230114092 ] } },
{ "type": "Feature", "properties": { "road_key": "61000000ST016.2", "road_name": "ทางหลวงขนบท อน 4017 (สายแยก ทล.3183-บ้านหนองขาหย่าง) ช่วงที่ 2", "road_no": "4017", "aumpher": "อำเภอหนองขาหย่าง", "office": "สาขาเมือง", "branch_code": "61000000", "name_short": "อน.", "price_new": 400, "price_old": 300, "width_m": 6, "pt_i": 3 }, "geometry": { "type": "Point", "coordinates": [ 99.933248538830398, 15.350834931321799 ] } },
{ "type": "Feature", "properties": { "road_key": "61000000ST016.2", "road_name": "ทางหลวงขนบท อน 4017 (สายแยก ทล.3183-บ้านหนองขาหย่าง) ช่วงที่ 2", "road_no": "4017", "aumpher": "อำเภอหนองขาหย่าง", "office": "สาขาเมือง", "branch_code": "61000000", "name_short": "อน.", "price_new": 400, "price_old": 300, "width_m": 6, "pt_i": 4 }, "geometry": { "type": "Point", "coordinates": [ 99.933446025885758, 15.349775682728957 ] } },
{ "type": "Feature", "properties": { "road_key": "61000000ST016.2", "road_name": "ทางหลวงขนบท อน 4017 (สายแยก ทล.3183-บ้านหนองขาหย่าง) ช่วงที่ 2", "road_no": "4017", "aumpher": "อำเภอหนองขาหย่าง", "office": "สาขาเมือง", "branch_code": "61000000", "name_short": "อน.", "price_new": 400, "price_old": 300, "width_m": 6, "pt_i": 5 }, "geometry": { "type": "Point", "coordinates": [ 99.933428898919104, 15.348691055251214 ] } },
{ "type": "Feature", "properties": { "road_key": "61000000ST016.2", "road_name": "ทางหลวงขนบท อน 4017 (สายแยก ทล.3183-บ้านหนองขาหย่าง) ช่วงที่ 2", "road_no": "4017", "aumpher": "อำเภอหนองขาหย่าง", "office": "สาขาเมือง", "branch_code": "61000000", "name_short": "อน.", "price_new": 400, "price_old": 300, "width_m": 6, "pt_i": 6 }, "geometry": { "type": "Point", "coordinates": [ 99.933423667444529, 15.347606287877506 ] } },
{ "type": "Feature", "properties": { "road_key": "61000000ST016.2", "road_name": "ทางหลวงขนบท อน 4017 (สายแยก ทล.3183-บ้านหนองขาหย่าง) ช่วงที่ 2", "road_no": "4017", "aumpher": "อำเภอหนองขาหย่าง", "office": "สาขาเมือง", "branch_code": "61000000", "name_short": "อน.", "price_new": 400, "price_old": 300, "width_m": 6, "pt_i": 7 }, "geometry": { "type": "Point", "coordinates": [ 99.933418436356533, 15.34652152039674 ] } },
{ "type": "Feature", "properties": { "road_key": "61000000ST016.2", "road_name": "ทางหลวงขนบท อน 4017 (สายแยก ทล.3183-บ้านหนองขาหย่าง) ช่วงที่ 2", "road_no": "4017", "aumpher": "อำเภอหนองขาหย่าง", "office": "สาขาเมือง", "branch_code": "61000000", "name_short": "อน.", "price_new": 400, "price_old": 300, "width_m": 6, "pt_i": 8 }, "geometry": { "type": "Point", "coordinates": [ 99.933396278414364, 15.345437264423788 ] } },
{ "type": "Feature", "properties": { "road_key": "61000000ST016.2", "road_name": "ทางหลวงขนบท อน 4017 (สายแยก ทล.3183-บ้านหนองขาหย่าง) ช่วงที่ 2", "road_no": "4017", "aumpher": "อำเภอหนองขาหย่าง", "office": "สาขาเมือง", "branch_code": "61000000", "name_short": "อน.", "price_new": 400, "price_old": 300, "width_m": 6, "pt_i": 9 }, "geometry": { "type": "Point", "coordinates": [ 99.933176538132983, 15.344375312545573 ] } },
{ "type": "Feature", "properties": { "road_key": "61000000ST016.2", "road_name": "ทางหลวงขนบท อน 4017 (สายแยก ทล.3183-บ้านหนองขาหย่าง) ช่วงที่ 2", "road_no": "4017", "aumpher": "อำเภอหนองขาหย่าง", "office": "สาขาเมือง", "branch_code": "61000000", "name_short": "อน.", "price_new": 400, "price_old": 300, "width_m": 6, "pt_i": 10 }, "geometry": { "type": "Point", "coordinates": [ 99.932963865342103, 15.34331034519875 ] } },
{ "type": "Feature", "properties": { "road_key": "61000000ST016.2", "road_name": "ทางหลวงขนบท อน 4017 (สายแยก ทล.3183-บ้านหนองขาหย่าง) ช่วงที่ 2", "road_no": "4017", "aumpher": "อำเภอหนองขาหย่าง", "office": "สาขาเมือง", "branch_code": "61000000", "name_short": "อน.", "price_new": 400, "price_old": 300, "width_m": 6, "pt_i": 11 }, "geometry": { "type": "Point", "coordinates": [ 99.932795056854928, 15.342238229116957 ] } },
{ "type": "Feature", "properties": { "road_key": "61000000ST016.2", "road_name": "ทางหลวงขนบท อน 4017 (สายแยก ทล.3183-บ้านหนองขาหย่าง) ช่วงที่ 2", "road_no": "4017", "aumpher": "อำเภอหนองขาหย่าง", "office": "สาขาเมือง", "branch_code": "61000000", "name_short": "อน.", "price_new": 400, "price_old": 300, "width_m": 6, "pt_i": 12 }, "geometry": { "type": "Point", "coordinates": [ 99.932695703986965, 15.341157779756074 ] } },
{ "type": "Feature", "properties": { "road_key": "61000000ST016.2", "road_name": "ทางหลวงขนบท อน 4017 (สายแยก ทล.3183-บ้านหนองขาหย่าง) ช่วงที่ 2", "road_no": "4017", "aumpher": "อำเภอหนองขาหย่าง", "office": "สาขาเมือง", "branch_code": "61000000", "name_short": "อน.", "price_new": 400, "price_old": 300, "width_m": 6, "pt_i": 13 }, "geometry": { "type": "Point", "coordinates": [ 99.932585730570906, 15.340078261824116 ] } },
{ "type": "Feature", "properties": { "road_key": "61000000ST016.2", "road_name": "ทางหลวงขนบท อน 4017 (สายแยก ทล.3183-บ้านหนองขาหย่าง) ช่วงที่ 2", "road_no": "4017", "aumpher": "อำเภอหนองขาหย่าง", "office": "สาขาเมือง", "branch_code": "61000000", "name_short": "อน.", "price_new": 400, "price_old": 300, "width_m": 6, "pt_i": 14 }, "geometry": { "type": "Point", "coordinates": [ 99.932515213680375, 15.33899606612554 ] } },
{ "type": "Feature", "properties": { "road_key": "61000000ST016.2", "road_name": "ทางหลวงขนบท อน 4017 (สายแยก ทล.3183-บ้านหนองขาหย่าง) ช่วงที่ 2", "road_no": "4017", "aumpher": "อำเภอหนองขาหย่าง", "office": "สาขาเมือง", "branch_code": "61000000", "name_short": "อน.", "price_new": 400, "price_old": 300, "width_m": 6, "pt_i": 15 }, "geometry": { "type": "Point", "coordinates": [ 99.932488830199347, 15.337911653393647 ] } },
{ "type": "Feature", "properties": { "road_key": "61000000ST016.2", "road_name": "ทางหลวงขนบท อน 4017 (สายแยก ทล.3183-บ้านหนองขาหย่าง) ช่วงที่ 2", "road_no": "4017", "aumpher": "อำเภอหนองขาหย่าง", "office": "สาขาเมือง", "branch_code": "61000000", "name_short": "อน.", "price_new": 400, "price_old": 300, "width_m": 6, "pt_i": 16 }, "geometry": { "type": "Point", "coordinates": [ 99.932486803862048, 15.336827068352484 ] } },
{ "type": "Feature", "properties": { "road_key": "61000000ST016.2", "road_name": "ทางหลวงขนบท อน 4017 (สายแยก ทล.3183-บ้านหนองขาหย่าง) ช่วงที่ 2", "road_no": "4017", "aumpher": "อำเภอหนองขาหย่าง", "office": "สาขาเมือง", "branch_code": "61000000", "name_short": "อน.", "price_new": 400, "price_old": 300, "width_m": 6, "pt_i": 17 }, "geometry": { "type": "Point", "coordinates": [ 99.932525344026146, 15.335743003138004 ] } },
{ "type": "Feature", "properties": { "road_key": "61000000ST016.2", "road_name": "ทางหลวงขนบท อน 4017 (สายแยก ทล.3183-บ้านหนองขาหย่าง) ช่วงที่ 2", "road_no": "4017", "aumpher": "อำเภอหนองขาหย่าง", "office": "สาขาเมือง", "branch_code": "61000000", "name_short": "อน.", "price_new": 400, "price_old": 300, "width_m": 6, "pt_i": 18 }, "geometry": { "type": "Point", "coordinates": [ 99.932462864123337, 15.334661715567906 ] } },
{ "type": "Feature", "properties": { "road_key": "61000000ST016.2", "road_name": "ทางหลวงขนบท อน 4017 (สายแยก ทล.3183-บ้านหนองขาหย่าง) ช่วงที่ 2", "road_no": "4017", "aumpher": "อำเภอหนองขาหย่าง", "office": "สาขาเมือง", "branch_code": "61000000", "name_short": "อน.", "price_new": 400, "price_old": 300, "width_m": 6, "pt_i": 19 }, "geometry": { "type": "Point", "coordinates": [ 99.932355283813465, 15.333581970203369 ] } },
{ "type": "Feature", "properties": { "road_key": "61000000ST016.2", "road_name": "ทางหลวงขนบท อน 4017 (สายแยก ทล.3183-บ้านหนองขาหย่าง) ช่วงที่ 2", "road_no": "4017", "aumpher": "อำเภอหนองขาหย่าง", "office": "สาขาเมือง", "branch_code": "61000000", "name_short": "อน.", "price_new": 400, "price_old": 300, "width_m": 6, "pt_i": 20 }, "geometry": { "type": "Point", "coordinates": [ 99.932249970083561, 15.332502025275421 ] } },
{ "type": "Feature", "properties": { "road_key": "61000000ST016.2", "road_name": "ทางหลวงขนบท อน 4017 (สายแยก ทล.3183-บ้านหนองขาหย่าง) ช่วงที่ 2", "road_no": "4017", "aumpher": "อำเภอหนองขาหย่าง", "office": "สาขาเมือง", "branch_code": "61000000", "name_short": "อน.", "price_new": 400, "price_old": 300, "width_m": 6, "pt_i": 21 }, "geometry": { "type": "Point", "coordinates": [ 99.932070360230014, 15.33143432475085 ] } },
{ "type": "Feature", "properties": { "road_key": "61000000ST016.2", "road_name": "ทางหลวงขนบท อน 4017 (สายแยก ทล.3183-บ้านหนองขาหย่าง) ช่วงที่ 2", "road_no": "4017", "aumpher": "อำเภอหนองขาหย่าง", "office": "สาขาเมือง", "branch_code": "61000000", "name_short": "อน.", "price_new": 400, "price_old": 300, "width_m": 6, "pt_i": 22 }, "geometry": { "type": "Point", "coordinates": [ 99.931772363952405, 15.330388802084224 ] } },
{ "type": "Feature", "properties": { "road_key": "61000000ST016.2", "road_name": "ทางหลวงขนบท อน 4017 (สายแยก ทล.3183-บ้านหนองขาหย่าง) ช่วงที่ 2", "road_no": "4017", "aumpher": "อำเภอหนองขาหย่าง", "office": "สาขาเมือง", "branch_code": "61000000", "name_short": "อน.", "price_new": 400, "price_old": 300, "width_m": 6, "pt_i": 23 }, "geometry": { "type": "Point", "coordinates": [ 99.931471937955564, 15.329343958851897 ] } },
{ "type": "Feature", "properties": { "road_key": "61000000ST016.2", "road_name": "ทางหลวงขนบท อน 4017 (สายแยก ทล.3183-บ้านหนองขาหย่าง) ช่วงที่ 2", "road_no": "4017", "aumpher": "อำเภอหนองขาหย่าง", "office": "สาขาเมือง", "branch_code": "61000000", "name_short": "อน.", "price_new": 400, "price_old": 300, "width_m": 6, "pt_i": 24 }, "geometry": { "type": "Point", "coordinates": [ 99.931367702922941, 15.32827868550695 ] } },
{ "type": "Feature", "properties": { "road_key": "61000000ST016.2", "road_name": "ทางหลวงขนบท อน 4017 (สายแยก ทล.3183-บ้านหนองขาหย่าง) ช่วงที่ 2", "road_no": "4017", "aumpher": "อำเภอหนองขาหย่าง", "office": "สาขาเมือง", "branch_code": "61000000", "name_short": "อน.", "price_new": 400, "price_old": 300, "width_m": 6, "pt_i": 25 }, "geometry": { "type": "Point", "coordinates": [ 99.931262207971741, 15.327202225061749 ] } },
{ "type": "Feature", "properties": { "road_key": "61000000ST016.2", "road_name": "ทางหลวงขนบท อน 4017 (สายแยก ทล.3183-บ้านหนองขาหย่าง) ช่วงที่ 2", "road_no": "4017", "aumpher": "อำเภอหนองขาหย่าง", "office": "สาขาเมือง", "branch_code": "61000000", "name_short": "อน.", "price_new": 400, "price_old": 300, "width_m": 6, "pt_i": 26 }, "geometry": { "type": "Point", "coordinates": [ 99.930857407755269, 15.326195566063946 ] } },
{ "type": "Feature", "properties": { "road_key": "61000000ST016.2", "road_name": "ทางหลวงขนบท อน 4017 (สายแยก ทล.3183-บ้านหนองขาหย่าง) ช่วงที่ 2", "road_no": "4017", "aumpher": "อำเภอหนองขาหย่าง", "office": "สาขาเมือง", "branch_code": "61000000", "name_short": "อน.", "price_new": 400, "price_old": 300, "width_m": 6, "pt_i": 27 }, "geometry": { "type": "Point", "coordinates": [ 99.930239749279181, 15.325292964529556 ] } },
{ "type": "Feature", "properties": { "road_key": "61000000ST016.2", "road_name": "ทางหลวงขนบท อน 4017 (สายแยก ทล.3183-บ้านหนองขาหย่าง) ช่วงที่ 2", "road_no": "4017", "aumpher": "อำเภอหนองขาหย่าง", "office": "สาขาเมือง", "branch_code": "61000000", "name_short": "อน.", "price_new": 400, "price_old": 300, "width_m": 6, "pt_i": 28 }, "geometry": { "type": "Point", "coordinates": [ 99.929592281823304, 15.324408706765341 ] } },
{ "type": "Feature", "properties": { "road_key": "61000000ST016.2", "road_name": "ทางหลวงขนบท อน 4017 (สายแยก ทล.3183-บ้านหนองขาหย่าง) ช่วงที่ 2", "road_no": "4017", "aumpher": "อำเภอหนองขาหย่าง", "office": "สาขาเมือง", "branch_code": "61000000", "name_short": "อน.", "price_new": 400, "price_old": 300, "width_m": 6, "pt_i": 29 }, "geometry": { "type": "Point", "coordinates": [ 99.929375452780121, 15.323348307738801 ] } },
{ "type": "Feature", "properties": { "road_key": "61000000ST016.2", "road_name": "ทางหลวงขนบท อน 4017 (สายแยก ทล.3183-บ้านหนองขาหย่าง) ช่วงที่ 2", "road_no": "4017", "aumpher": "อำเภอหนองขาหย่าง", "office": "สาขาเมือง", "branch_code": "61000000", "name_short": "อน.", "price_new": 400, "price_old": 300, "width_m": 6, "pt_i": 30 }, "geometry": { "type": "Point", "coordinates": [ 99.929171947305804, 15.322281660994518 ] } },
{ "type": "Feature", "properties": { "road_key": "61000000ST016.2", "road_name": "ทางหลวงขนบท อน 4017 (สายแยก ทล.3183-บ้านหนองขาหย่าง) ช่วงที่ 2", "road_no": "4017", "aumpher": "อำเภอหนองขาหย่าง", "office": "สาขาเมือง", "branch_code": "61000000", "name_short": "อน.", "price_new": 400, "price_old": 300, "width_m": 6, "pt_i": 31 }, "geometry": { "type": "Point", "coordinates": [ 99.928680646386312, 15.321326136183613 ] } },
{ "type": "Feature", "properties": { "road_key": "61000000ST016.2", "road_name": "ทางหลวงขนบท อน 4017 (สายแยก ทล.3183-บ้านหนองขาหย่าง) ช่วงที่ 2", "road_no": "4017", "aumpher": "อำเภอหนองขาหย่าง", "office": "สาขาเมือง", "branch_code": "61000000", "name_short": "อน.", "price_new": 400, "price_old": 300, "width_m": 6, "pt_i": 32 }, "geometry": { "type": "Point", "coordinates": [ 99.928772445344947, 15.320295394421276 ] } },
{ "type": "Feature", "properties": { "road_key": "61000000ST016.2", "road_name": "ทางหลวงขนบท อน 4017 (สายแยก ทล.3183-บ้านหนองขาหย่าง) ช่วงที่ 2", "road_no": "4017", "aumpher": "อำเภอหนองขาหย่าง", "office": "สาขาเมือง", "branch_code": "61000000", "name_short": "อน.", "price_new": 400, "price_old": 300, "width_m": 6, "pt_i": 33 }, "geometry": { "type": "Point", "coordinates": [ 99.929110989677483, 15.319265929335456 ] } },
{ "type": "Feature", "properties": { "road_key": "61000000ST016.2", "road_name": "ทางหลวงขนบท อน 4017 (สายแยก ทล.3183-บ้านหนองขาหย่าง) ช่วงที่ 2", "road_no": "4017", "aumpher": "อำเภอหนองขาหย่าง", "office": "สาขาเมือง", "branch_code": "61000000", "name_short": "อน.", "price_new": 400, "price_old": 300, "width_m": 6, "pt_i": 34 }, "geometry": { "type": "Point", "coordinates": [ 99.929083688305909, 15.318207588081407 ] } },
{ "type": "Feature", "properties": { "road_key": "61000000ST016.2", "road_name": "ทางหลวงขนบท อน 4017 (สายแยก ทล.3183-บ้านหนองขาหย่าง) ช่วงที่ 2", "road_no": "4017", "aumpher": "อำเภอหนองขาหย่าง", "office": "สาขาเมือง", "branch_code": "61000000", "name_short": "อน.", "price_new": 400, "price_old": 300, "width_m": 6, "pt_i": 35 }, "geometry": { "type": "Point", "coordinates": [ 99.928049828888845, 15.318031643044193 ] } },
{ "type": "Feature", "properties": { "road_key": "61000000ST016.2", "road_name": "ทางหลวงขนบท อน 4017 (สายแยก ทล.3183-บ้านหนองขาหย่าง) ช่วงที่ 2", "road_no": "4017", "aumpher": "อำเภอหนองขาหย่าง", "office": "สาขาเมือง", "branch_code": "61000000", "name_short": "อน.", "price_new": 400, "price_old": 300, "width_m": 6, "pt_i": 36 }, "geometry": { "type": "Point", "coordinates": [ 99.926943188790275, 15.317989134648823 ] } },
{ "type": "Feature", "properties": { "road_key": "61000000ST016.2", "road_name": "ทางหลวงขนบท อน 4017 (สายแยก ทล.3183-บ้านหนองขาหย่าง) ช่วงที่ 2", "road_no": "4017", "aumpher": "อำเภอหนองขาหย่าง", "office": "สาขาเมือง", "branch_code": "61000000", "name_short": "อน.", "price_new": 400, "price_old": 300, "width_m": 6, "pt_i": 37 }, "geometry": { "type": "Point", "coordinates": [ 99.926443469158457, 15.31702727566344 ] } },
{ "type": "Feature", "properties": { "road_key": "61000000ST016.2", "road_name": "ทางหลวงขนบท อน 4017 (สายแยก ทล.3183-บ้านหนองขาหย่าง) ช่วงที่ 2", "road_no": "4017", "aumpher": "อำเภอหนองขาหย่าง", "office": "สาขาเมือง", "branch_code": "61000000", "name_short": "อน.", "price_new": 400, "price_old": 300, "width_m": 6, "pt_i": 38 }, "geometry": { "type": "Point", "coordinates": [ 99.925858517938252, 15.316102905085604 ] } },
{ "type": "Feature", "properties": { "road_key": "61000000ST016.2", "road_name": "ทางหลวงขนบท อน 4017 (สายแยก ทล.3183-บ้านหนองขาหย่าง) ช่วงที่ 2", "road_no": "4017", "aumpher": "อำเภอหนองขาหย่าง", "office": "สาขาเมือง", "branch_code": "61000000", "name_short": "อน.", "price_new": 400, "price_old": 300, "width_m": 6, "pt_i": 39 }, "geometry": { "type": "Point", "coordinates": [ 99.92524920204886, 15.315193590562624 ] } },
{ "type": "Feature", "properties": { "road_key": "61000000ST016.2", "road_name": "ทางหลวงขนบท อน 4017 (สายแยก ทล.3183-บ้านหนองขาหย่าง) ช่วงที่ 2", "road_no": "4017", "aumpher": "อำเภอหนองขาหย่าง", "office": "สาขาเมือง", "branch_code": "61000000", "name_short": "อน.", "price_new": 400, "price_old": 300, "width_m": 6, "pt_i": 40 }, "geometry": { "type": "Point", "coordinates": [ 99.924717560327196, 15.314265332221206 ] } },
{ "type": "Feature", "properties": { "road_key": "61000000ST016.2", "road_name": "ทางหลวงขนบท อน 4017 (สายแยก ทล.3183-บ้านหนองขาหย่าง) ช่วงที่ 2", "road_no": "4017", "aumpher": "อำเภอหนองขาหย่าง", "office": "สาขาเมือง", "branch_code": "61000000", "name_short": "อน.", "price_new": 400, "price_old": 300, "width_m": 6, "pt_i": 41 }, "geometry": { "type": "Point", "coordinates": [ 99.92570111631133, 15.313771610628296 ] } },
{ "type": "Feature", "properties": { "road_key": "61000000ST016.2", "road_name": "ทางหลวงขนบท อน 4017 (สายแยก ทล.3183-บ้านหนองขาหย่าง) ช่วงที่ 2", "road_no": "4017", "aumpher": "อำเภอหนองขาหย่าง", "office": "สาขาเมือง", "branch_code": "61000000", "name_short": "อน.", "price_new": 400, "price_old": 300, "width_m": 6, "pt_i": 42 }, "geometry": { "type": "Point", "coordinates": [ 99.926686779015682, 15.31326541903249 ] } },
{ "type": "Feature", "properties": { "road_key": "61000000ST016.2", "road_name": "ทางหลวงขนบท อน 4017 (สายแยก ทล.3183-บ้านหนองขาหย่าง) ช่วงที่ 2", "road_no": "4017", "aumpher": "อำเภอหนองขาหย่าง", "office": "สาขาเมือง", "branch_code": "61000000", "name_short": "อน.", "price_new": 400, "price_old": 300, "width_m": 6, "pt_i": 43 }, "geometry": { "type": "Point", "coordinates": [ 99.927574019028171, 15.312606195671473 ] } },
{ "type": "Feature", "properties": { "road_key": "61000000ST016.2", "road_name": "ทางหลวงขนบท อน 4017 (สายแยก ทล.3183-บ้านหนองขาหย่าง) ช่วงที่ 2", "road_no": "4017", "aumpher": "อำเภอหนองขาหย่าง", "office": "สาขาเมือง", "branch_code": "61000000", "name_short": "อน.", "price_new": 400, "price_old": 300, "width_m": 6, "pt_i": 44 }, "geometry": { "type": "Point", "coordinates": [ 99.928500940924366, 15.312013791152065 ] } },
{ "type": "Feature", "properties": { "road_key": "61000000ST016.2", "road_name": "ทางหลวงขนบท อน 4017 (สายแยก ทล.3183-บ้านหนองขาหย่าง) ช่วงที่ 2", "road_no": "4017", "aumpher": "อำเภอหนองขาหย่าง", "office": "สาขาเมือง", "branch_code": "61000000", "name_short": "อน.", "price_new": 400, "price_old": 300, "width_m": 6, "pt_i": 45 }, "geometry": { "type": "Point", "coordinates": [ 99.929560190560963, 15.311667582942972 ] } },
{ "type": "Feature", "properties": { "road_key": "61000000ST016.2", "road_name": "ทางหลวงขนบท อน 4017 (สายแยก ทล.3183-บ้านหนองขาหย่าง) ช่วงที่ 2", "road_no": "4017", "aumpher": "อำเภอหนองขาหย่าง", "office": "สาขาเมือง", "branch_code": "61000000", "name_short": "อน.", "price_new": 400, "price_old": 300, "width_m": 6, "pt_i": 46 }, "geometry": { "type": "Point", "coordinates": [ 99.930620175033596, 15.311323510074528 ] } },
{ "type": "Feature", "properties": { "road_key": "61000000ST016.2", "road_name": "ทางหลวงขนบท อน 4017 (สายแยก ทล.3183-บ้านหนองขาหย่าง) ช่วงที่ 2", "road_no": "4017", "aumpher": "อำเภอหนองขาหย่าง", "office": "สาขาเมือง", "branch_code": "61000000", "name_short": "อน.", "price_new": 400, "price_old": 300, "width_m": 6, "pt_i": 47 }, "geometry": { "type": "Point", "coordinates": [ 99.931687852613834, 15.311003653801755 ] } },
{ "type": "Feature", "properties": { "road_key": "61000000ST016.2", "road_name": "ทางหลวงขนบท อน 4017 (สายแยก ทล.3183-บ้านหนองขาหย่าง) ช่วงที่ 2", "road_no": "4017", "aumpher": "อำเภอหนองขาหย่าง", "office": "สาขาเมือง", "branch_code": "61000000", "name_short": "อน.", "price_new": 400, "price_old": 300, "width_m": 6, "pt_i": 48 }, "geometry": { "type": "Point", "coordinates": [ 99.932537029720962, 15.310335927991021 ] } },
{ "type": "Feature", "properties": { "road_key": "61000000ST016.2", "road_name": "ทางหลวงขนบท อน 4017 (สายแยก ทล.3183-บ้านหนองขาหย่าง) ช่วงที่ 2", "road_no": "4017", "aumpher": "อำเภอหนองขาหย่าง", "office": "สาขาเมือง", "branch_code": "61000000", "name_short": "อน.", "price_new": 400, "price_old": 300, "width_m": 6, "pt_i": 49 }, "geometry": { "type": "Point", "coordinates": [ 99.933303065228742, 15.309546040188465 ] } },
{ "type": "Feature", "properties": { "road_key": "61000000ST016.2", "road_name": "ทางหลวงขนบท อน 4017 (สายแยก ทล.3183-บ้านหนองขาหย่าง) ช่วงที่ 2", "road_no": "4017", "aumpher": "อำเภอหนองขาหย่าง", "office": "สาขาเมือง", "branch_code": "61000000", "name_short": "อน.", "price_new": 400, "price_old": 300, "width_m": 6, "pt_i": 50 }, "geometry": { "type": "Point", "coordinates": [ 99.93405133617469, 15.308740233747379 ] } },
{ "type": "Feature", "properties": { "road_key": "61000000ST016.2", "road_name": "ทางหลวงขนบท อน 4017 (สายแยก ทล.3183-บ้านหนองขาหย่าง) ช่วงที่ 2", "road_no": "4017", "aumpher": "อำเภอหนองขาหย่าง", "office": "สาขาเมือง", "branch_code": "61000000", "name_short": "อน.", "price_new": 400, "price_old": 300, "width_m": 6, "pt_i": 51 }, "geometry": { "type": "Point", "coordinates": [ 99.934771388054131, 15.307910908743949 ] } },
{ "type": "Feature", "properties": { "road_key": "61000000ST016.2", "road_name": "ทางหลวงขนบท อน 4017 (สายแยก ทล.3183-บ้านหนองขาหย่าง) ช่วงที่ 2", "road_no": "4017", "aumpher": "อำเภอหนองขาหย่าง", "office": "สาขาเมือง", "branch_code": "61000000", "name_short": "อน.", "price_new": 400, "price_old": 300, "width_m": 6, "pt_i": 52 }, "geometry": { "type": "Point", "coordinates": [ 99.935476150325556, 15.307069203279287 ] } },
{ "type": "Feature", "properties": { "road_key": "61000000ST016.2", "road_name": "ทางหลวงขนบท อน 4017 (สายแยก ทล.3183-บ้านหนองขาหย่าง) ช่วงที่ 2", "road_no": "4017", "aumpher": "อำเภอหนองขาหย่าง", "office": "สาขาเมือง", "branch_code": "61000000", "name_short": "อน.", "price_new": 400, "price_old": 300, "width_m": 6, "pt_i": 53 }, "geometry": { "type": "Point", "coordinates": [ 99.936255283801074, 15.306344284761305 ] } },
{ "type": "Feature", "properties": { "road_key": "61000000ST016.2", "road_name": "ทางหลวงขนบท อน 4017 (สายแยก ทล.3183-บ้านหนองขาหย่าง) ช่วงที่ 2", "road_no": "4017", "aumpher": "อำเภอหนองขาหย่าง", "office": "สาขาเมือง", "branch_code": "61000000", "name_short": "อน.", "price_new": 400, "price_old": 300, "width_m": 6, "pt_i": 54 }, "geometry": { "type": "Point", "coordinates": [ 99.937220018470185, 15.306843864521646 ] } },
{ "type": "Feature", "properties": { "road_key": "61000000ST016.2", "road_name": "ทางหลวงขนบท อน 4017 (สายแยก ทล.3183-บ้านหนองขาหย่าง) ช่วงที่ 2", "road_no": "4017", "aumpher": "อำเภอหนองขาหย่าง", "office": "สาขาเมือง", "branch_code": "61000000", "name_short": "อน.", "price_new": 400, "price_old": 300, "width_m": 6, "pt_i": 55 }, "geometry": { "type": "Point", "coordinates": [ 99.938193111416837, 15.30731108513813 ] } },
{ "type": "Feature", "properties": { "road_key": "61000000ST016.2", "road_name": "ทางหลวงขนบท อน 4017 (สายแยก ทล.3183-บ้านหนองขาหย่าง) ช่วงที่ 2", "road_no": "4017", "aumpher": "อำเภอหนองขาหย่าง", "office": "สาขาเมือง", "branch_code": "61000000", "name_short": "อน.", "price_new": 400, "price_old": 300, "width_m": 6, "pt_i": 56 }, "geometry": { "type": "Point", "coordinates": [ 99.939299204940966, 15.307466756306971 ] } },
{ "type": "Feature", "properties": { "road_key": "61000000ST016.2", "road_name": "ทางหลวงขนบท อน 4017 (สายแยก ทล.3183-บ้านหนองขาหย่าง) ช่วงที่ 2", "road_no": "4017", "aumpher": "อำเภอหนองขาหย่าง", "office": "สาขาเมือง", "branch_code": "61000000", "name_short": "อน.", "price_new": 400, "price_old": 300, "width_m": 6, "pt_i": 57 }, "geometry": { "type": "Point", "coordinates": [ 99.940408724274178, 15.307395792871434 ] } },
{ "type": "Feature", "properties": { "road_key": "61000000ST016.2", "road_name": "ทางหลวงขนบท อน 4017 (สายแยก ทล.3183-บ้านหนองขาหย่าง) ช่วงที่ 2", "road_no": "4017", "aumpher": "อำเภอหนองขาหย่าง", "office": "สาขาเมือง", "branch_code": "61000000", "name_short": "อน.", "price_new": 400, "price_old": 300, "width_m": 6, "pt_i": 58 }, "geometry": { "type": "Point", "coordinates": [ 99.941499026038869, 15.307161785972882 ] } },
{ "type": "Feature", "properties": { "road_key": "61000000ST016.2", "road_name": "ทางหลวงขนบท อน 4017 (สายแยก ทล.3183-บ้านหนองขาหย่าง) ช่วงที่ 2", "road_no": "4017", "aumpher": "อำเภอหนองขาหย่าง", "office": "สาขาเมือง", "branch_code": "61000000", "name_short": "อน.", "price_new": 400, "price_old": 300, "width_m": 6, "pt_i": 59 }, "geometry": { "type": "Point", "coordinates": [ 99.942395688010706, 15.306520258785 ] } },
{ "type": "Feature", "properties": { "road_key": "61000000ST016.2", "road_name": "ทางหลวงขนบท อน 4017 (สายแยก ทล.3183-บ้านหนองขาหย่าง) ช่วงที่ 2", "road_no": "4017", "aumpher": "อำเภอหนองขาหย่าง", "office": "สาขาเมือง", "branch_code": "61000000", "name_short": "อน.", "price_new": 400, "price_old": 300, "width_m": 6, "pt_i": 60 }, "geometry": { "type": "Point", "coordinates": [ 99.943306844634435, 15.305930977755205 ] } },
{ "type": "Feature", "properties": { "road_key": "61000000ST016.2", "road_name": "ทางหลวงขนบท อน 4017 (สายแยก ทล.3183-บ้านหนองขาหย่าง) ช่วงที่ 2", "road_no": "4017", "aumpher": "อำเภอหนองขาหย่าง", "office": "สาขาเมือง", "branch_code": "61000000", "name_short": "อน.", "price_new": 400, "price_old": 300, "width_m": 6, "pt_i": 61 }, "geometry": { "type": "Point", "coordinates": [ 99.944395060137495, 15.306177701395535 ] } },
{ "type": "Feature", "properties": { "road_key": "61000000ST016.2", "road_name": "ทางหลวงขนบท อน 4017 (สายแยก ทล.3183-บ้านหนองขาหย่าง) ช่วงที่ 2", "road_no": "4017", "aumpher": "อำเภอหนองขาหย่าง", "office": "สาขาเมือง", "branch_code": "61000000", "name_short": "อน.", "price_new": 400, "price_old": 300, "width_m": 6, "pt_i": 62 }, "geometry": { "type": "Point", "coordinates": [ 99.945476748940877, 15.306450720481056 ] } },
{ "type": "Feature", "properties": { "road_key": "61000000ST016.2", "road_name": "ทางหลวงขนบท อน 4017 (สายแยก ทล.3183-บ้านหนองขาหย่าง) ช่วงที่ 2", "road_no": "4017", "aumpher": "อำเภอหนองขาหย่าง", "office": "สาขาเมือง", "branch_code": "61000000", "name_short": "อน.", "price_new": 400, "price_old": 300, "width_m": 6, "pt_i": 63 }, "geometry": { "type": "Point", "coordinates": [ 99.946400282750474, 15.30693437468241 ] } },
{ "type": "Feature", "properties": { "road_key": "61000000ST016.2", "road_name": "ทางหลวงขนบท อน 4017 (สายแยก ทล.3183-บ้านหนองขาหย่าง) ช่วงที่ 2", "road_no": "4017", "aumpher": "อำเภอหนองขาหย่าง", "office": "สาขาเมือง", "branch_code": "61000000", "name_short": "อน.", "price_new": 400, "price_old": 300, "width_m": 6, "pt_i": 64 }, "geometry": { "type": "Point", "coordinates": [ 99.946783116731666, 15.307953533092878 ] } },
{ "type": "Feature", "properties": { "road_key": "61000000ST016.2", "road_name": "ทางหลวงขนบท อน 4017 (สายแยก ทล.3183-บ้านหนองขาหย่าง) ช่วงที่ 2", "road_no": "4017", "aumpher": "อำเภอหนองขาหย่าง", "office": "สาขาเมือง", "branch_code": "61000000", "name_short": "อน.", "price_new": 400, "price_old": 300, "width_m": 6, "pt_i": 65 }, "geometry": { "type": "Point", "coordinates": [ 99.947433855793719, 15.308813719079168 ] } },
{ "type": "Feature", "properties": { "road_key": "61000000ST016.2", "road_name": "ทางหลวงขนบท อน 4017 (สายแยก ทล.3183-บ้านหนองขาหย่าง) ช่วงที่ 2", "road_no": "4017", "aumpher": "อำเภอหนองขาหย่าง", "office": "สาขาเมือง", "branch_code": "61000000", "name_short": "อน.", "price_new": 400, "price_old": 300, "width_m": 6, "pt_i": 66 }, "geometry": { "type": "Point", "coordinates": [ 99.948292268711441, 15.309508425646804 ] } },
{ "type": "Feature", "properties": { "road_key": "61000000ST016.2", "road_name": "ทางหลวงขนบท อน 4017 (สายแยก ทล.3183-บ้านหนองขาหย่าง) ช่วงที่ 2", "road_no": "4017", "aumpher": "อำเภอหนองขาหย่าง", "office": "สาขาเมือง", "branch_code": "61000000", "name_short": "อน.", "price_new": 400, "price_old": 300, "width_m": 6, "pt_i": 67 }, "geometry": { "type": "Point", "coordinates": [ 99.948434257632996, 15.310474675809923 ] } },
{ "type": "Feature", "properties": { "road_key": "61000000ST016.2", "road_name": "ทางหลวงขนบท อน 4017 (สายแยก ทล.3183-บ้านหนองขาหย่าง) ช่วงที่ 2", "road_no": "4017", "aumpher": "อำเภอหนองขาหย่าง", "office": "สาขาเมือง", "branch_code": "61000000", "name_short": "อน.", "price_new": 400, "price_old": 300, "width_m": 6, "pt_i": 68 }, "geometry": { "type": "Point", "coordinates": [ 99.948317542325938, 15.311542378210014 ] } },
{ "type": "Feature", "properties": { "road_key": "61000000ST016.2", "road_name": "ทางหลวงขนบท อน 4017 (สายแยก ทล.3183-บ้านหนองขาหย่าง) ช่วงที่ 2", "road_no": "4017", "aumpher": "อำเภอหนองขาหย่าง", "office": "สาขาเมือง", "branch_code": "61000000", "name_short": "อน.", "price_new": 400, "price_old": 300, "width_m": 6, "pt_i": 69 }, "geometry": { "type": "Point", "coordinates": [ 99.949032028963273, 15.312229401634655 ] } },
{ "type": "Feature", "properties": { "road_key": "61000000ST016.2", "road_name": "ทางหลวงขนบท อน 4017 (สายแยก ทล.3183-บ้านหนองขาหย่าง) ช่วงที่ 2", "road_no": "4017", "aumpher": "อำเภอหนองขาหย่าง", "office": "สาขาเมือง", "branch_code": "61000000", "name_short": "อน.", "price_new": 400, "price_old": 300, "width_m": 6, "pt_i": 70 }, "geometry": { "type": "Point", "coordinates": [ 99.949938961492492, 15.312699780268998 ] } },
{ "type": "Feature", "properties": { "road_key": "61000000ST016.2", "road_name": "ทางหลวงขนบท อน 4017 (สายแยก ทล.3183-บ้านหนองขาหย่าง) ช่วงที่ 2", "road_no": "4017", "aumpher": "อำเภอหนองขาหย่าง", "office": "สาขาเมือง", "branch_code": "61000000", "name_short": "อน.", "price_new": 400, "price_old": 300, "width_m": 6, "pt_i": 71 }, "geometry": { "type": "Point", "coordinates": [ 99.950615642182143, 15.313407120869369 ] } },
{ "type": "Feature", "properties": { "road_key": "61000000ST016.2", "road_name": "ทางหลวงขนบท อน 4017 (สายแยก ทล.3183-บ้านหนองขาหย่าง) ช่วงที่ 2", "road_no": "4017", "aumpher": "อำเภอหนองขาหย่าง", "office": "สาขาเมือง", "branch_code": "61000000", "name_short": "อน.", "price_new": 400, "price_old": 300, "width_m": 6, "pt_i": 72 }, "geometry": { "type": "Point", "coordinates": [ 99.951697817372107, 15.313146648875092 ] } },
{ "type": "Feature", "properties": { "road_key": "61000000ST016.2", "road_name": "ทางหลวงขนบท อน 4017 (สายแยก ทล.3183-บ้านหนองขาหย่าง) ช่วงที่ 2", "road_no": "4017", "aumpher": "อำเภอหนองขาหย่าง", "office": "สาขาเมือง", "branch_code": "61000000", "name_short": "อน.", "price_new": 400, "price_old": 300, "width_m": 6, "pt_i": 73 }, "geometry": { "type": "Point", "coordinates": [ 99.952649104652792, 15.312582873080126 ] } },
{ "type": "Feature", "properties": { "road_key": "61000000ST016.2", "road_name": "ทางหลวงขนบท อน 4017 (สายแยก ทล.3183-บ้านหนองขาหย่าง) ช่วงที่ 2", "road_no": "4017", "aumpher": "อำเภอหนองขาหย่าง", "office": "สาขาเมือง", "branch_code": "61000000", "name_short": "อน.", "price_new": 400, "price_old": 300, "width_m": 6, "pt_i": 74 }, "geometry": { "type": "Point", "coordinates": [ 99.953586543305804, 15.311992262785127 ] } },
{ "type": "Feature", "properties": { "road_key": "61000000ST016.2", "road_name": "ทางหลวงขนบท อน 4017 (สายแยก ทล.3183-บ้านหนองขาหย่าง) ช่วงที่ 2", "road_no": "4017", "aumpher": "อำเภอหนองขาหย่าง", "office": "สาขาเมือง", "branch_code": "61000000", "name_short": "อน.", "price_new": 400, "price_old": 300, "width_m": 6, "pt_i": 75 }, "geometry": { "type": "Point", "coordinates": [ 99.954563985657785, 15.31147200950242 ] } },
{ "type": "Feature", "properties": { "road_key": "61000000ST016.2", "road_name": "ทางหลวงขนบท อน 4017 (สายแยก ทล.3183-บ้านหนองขาหย่าง) ช่วงที่ 2", "road_no": "4017", "aumpher": "อำเภอหนองขาหย่าง", "office": "สาขาเมือง", "branch_code": "61000000", "name_short": "อน.", "price_new": 400, "price_old": 300, "width_m": 6, "pt_i": 76 }, "geometry": { "type": "Point", "coordinates": [ 99.955656620677757, 15.311302321917449 ] } },
{ "type": "Feature", "properties": { "road_key": "61000000ST016.2", "road_name": "ทางหลวงขนบท อน 4017 (สายแยก ทล.3183-บ้านหนองขาหย่าง) ช่วงที่ 2", "road_no": "4017", "aumpher": "อำเภอหนองขาหย่าง", "office": "สาขาเมือง", "branch_code": "61000000", "name_short": "อน.", "price_new": 400, "price_old": 300, "width_m": 6, "pt_i": 77 }, "geometry": { "type": "Point", "coordinates": [ 99.956763245451569, 15.311208480564002 ] } },
{ "type": "Feature", "properties": { "road_key": "61000000ST016.2", "road_name": "ทางหลวงขนบท อน 4017 (สายแยก ทล.3183-บ้านหนองขาหย่าง) ช่วงที่ 2", "road_no": "4017", "aumpher": "อำเภอหนองขาหย่าง", "office": "สาขาเมือง", "branch_code": "61000000", "name_short": "อน.", "price_new": 400, "price_old": 300, "width_m": 6, "pt_i": 78 }, "geometry": { "type": "Point", "coordinates": [ 99.957808684871438, 15.311279037973621 ] } },
{ "type": "Feature", "properties": { "road_key": "61000000ST016.2", "road_name": "ทางหลวงขนบท อน 4017 (สายแยก ทล.3183-บ้านหนองขาหย่าง) ช่วงที่ 2", "road_no": "4017", "aumpher": "อำเภอหนองขาหย่าง", "office": "สาขาเมือง", "branch_code": "61000000", "name_short": "อน.", "price_new": 400, "price_old": 300, "width_m": 6, "pt_i": 79 }, "geometry": { "type": "Point", "coordinates": [ 99.958581163486954, 15.312061195674797 ] } },
{ "type": "Feature", "properties": { "road_key": "61000000ST016.2", "road_name": "ทางหลวงขนบท อน 4017 (สายแยก ทล.3183-บ้านหนองขาหย่าง) ช่วงที่ 2", "road_no": "4017", "aumpher": "อำเภอหนองขาหย่าง", "office": "สาขาเมือง", "branch_code": "61000000", "name_short": "อน.", "price_new": 400, "price_old": 300, "width_m": 6, "pt_i": 80 }, "geometry": { "type": "Point", "coordinates": [ 99.959369285980543, 15.312824412835074 ] } },
{ "type": "Feature", "properties": { "road_key": "61000000ST016.2", "road_name": "ทางหลวงขนบท อน 4017 (สายแยก ทล.3183-บ้านหนองขาหย่าง) ช่วงที่ 2", "road_no": "4017", "aumpher": "อำเภอหนองขาหย่าง", "office": "สาขาเมือง", "branch_code": "61000000", "name_short": "อน.", "price_new": 400, "price_old": 300, "width_m": 6, "pt_i": 81 }, "geometry": { "type": "Point", "coordinates": [ 99.96046705181395, 15.312747186430755 ] } },
{ "type": "Feature", "properties": { "road_key": "61000000ST016.2", "road_name": "ทางหลวงขนบท อน 4017 (สายแยก ทล.3183-บ้านหนองขาหย่าง) ช่วงที่ 2", "road_no": "4017", "aumpher": "อำเภอหนองขาหย่าง", "office": "สาขาเมือง", "branch_code": "61000000", "name_short": "อน.", "price_new": 400, "price_old": 300, "width_m": 6, "pt_i": 82 }, "geometry": { "type": "Point", "coordinates": [ 99.961568181900361, 15.312561398558826 ] } },
{ "type": "Feature", "properties": { "road_key": "61000000ST016.2", "road_name": "ทางหลวงขนบท อน 4017 (สายแยก ทล.3183-บ้านหนองขาหย่าง) ช่วงที่ 2", "road_no": "4017", "aumpher": "อำเภอหนองขาหย่าง", "office": "สาขาเมือง", "branch_code": "61000000", "name_short": "อน.", "price_new": 400, "price_old": 300, "width_m": 6, "pt_i": 83 }, "geometry": { "type": "Point", "coordinates": [ 99.962648119185928, 15.312293916225219 ] } },
{ "type": "Feature", "properties": { "road_key": "61000000ST016.2", "road_name": "ทางหลวงขนบท อน 4017 (สายแยก ทล.3183-บ้านหนองขาหย่าง) ช่วงที่ 2", "road_no": "4017", "aumpher": "อำเภอหนองขาหย่าง", "office": "สาขาเมือง", "branch_code": "61000000", "name_short": "อน.", "price_new": 400, "price_old": 300, "width_m": 6, "pt_i": 84 }, "geometry": { "type": "Point", "coordinates": [ 99.963717986704282, 15.311989102993552 ] } },
{ "type": "Feature", "properties": { "road_key": "61000000ST016.2", "road_name": "ทางหลวงขนบท อน 4017 (สายแยก ทล.3183-บ้านหนองขาหย่าง) ช่วงที่ 2", "road_no": "4017", "aumpher": "อำเภอหนองขาหย่าง", "office": "สาขาเมือง", "branch_code": "61000000", "name_short": "อน.", "price_new": 400, "price_old": 300, "width_m": 6, "pt_i": 85 }, "geometry": { "type": "Point", "coordinates": [ 99.964825712012683, 15.311853320835814 ] } },
{ "type": "Feature", "properties": { "road_key": "61000000ST016.2", "road_name": "ทางหลวงขนบท อน 4017 (สายแยก ทล.3183-บ้านหนองขาหย่าง) ช่วงที่ 2", "road_no": "4017", "aumpher": "อำเภอหนองขาหย่าง", "office": "สาขาเมือง", "branch_code": "61000000", "name_short": "อน.", "price_new": 400, "price_old": 300, "width_m": 6, "pt_i": 86 }, "geometry": { "type": "Point", "coordinates": [ 99.965932458766801, 15.311887003309856 ] } },
{ "type": "Feature", "properties": { "road_key": "61000000ST016.2", "road_name": "ทางหลวงขนบท อน 4017 (สายแยก ทล.3183-บ้านหนองขาหย่าง) ช่วงที่ 2", "road_no": "4017", "aumpher": "อำเภอหนองขาหย่าง", "office": "สาขาเมือง", "branch_code": "61000000", "name_short": "อน.", "price_new": 400, "price_old": 300, "width_m": 6, "pt_i": 87 }, "geometry": { "type": "Point", "coordinates": [ 99.966991231011704, 15.312216418619482 ] } },
{ "type": "Feature", "properties": { "road_key": "61000000ST016.2", "road_name": "ทางหลวงขนบท อน 4017 (สายแยก ทล.3183-บ้านหนองขาหย่าง) ช่วงที่ 2", "road_no": "4017", "aumpher": "อำเภอหนองขาหย่าง", "office": "สาขาเมือง", "branch_code": "61000000", "name_short": "อน.", "price_new": 400, "price_old": 300, "width_m": 6, "pt_i": 88 }, "geometry": { "type": "Point", "coordinates": [ 99.968088557759728, 15.312057373810397 ] } },
{ "type": "Feature", "properties": { "road_key": "61000000ST016.2", "road_name": "ทางหลวงขนบท อน 4017 (สายแยก ทล.3183-บ้านหนองขาหย่าง) ช่วงที่ 2", "road_no": "4017", "aumpher": "อำเภอหนองขาหย่าง", "office": "สาขาเมือง", "branch_code": "61000000", "name_short": "อน.", "price_new": 400, "price_old": 300, "width_m": 6, "pt_i": 89 }, "geometry": { "type": "Point", "coordinates": [ 99.969157157928421, 15.311739736753175 ] } },
{ "type": "Feature", "properties": { "road_key": "61000000ST016.2", "road_name": "ทางหลวงขนบท อน 4017 (สายแยก ทล.3183-บ้านหนองขาหย่าง) ช่วงที่ 2", "road_no": "4017", "aumpher": "อำเภอหนองขาหย่าง", "office": "สาขาเมือง", "branch_code": "61000000", "name_short": "อน.", "price_new": 400, "price_old": 300, "width_m": 6, "pt_i": 90 }, "geometry": { "type": "Point", "coordinates": [ 99.970072248950174, 15.311121911735873 ] } },
{ "type": "Feature", "properties": { "road_key": "61000000ST016.2", "road_name": "ทางหลวงขนบท อน 4017 (สายแยก ทล.3183-บ้านหนองขาหย่าง) ช่วงที่ 2", "road_no": "4017", "aumpher": "อำเภอหนองขาหย่าง", "office": "สาขาเมือง", "branch_code": "61000000", "name_short": "อน.", "price_new": 400, "price_old": 300, "width_m": 6, "pt_i": 91 }, "geometry": { "type": "Point", "coordinates": [ 99.970950424958914, 15.310450879521754 ] } },
{ "type": "Feature", "properties": { "road_key": "61000000ST016.2", "road_name": "ทางหลวงขนบท อน 4017 (สายแยก ทล.3183-บ้านหนองขาหย่าง) ช่วงที่ 2", "road_no": "4017", "aumpher": "อำเภอหนองขาหย่าง", "office": "สาขาเมือง", "branch_code": "61000000", "name_short": "อน.", "price_new": 400, "price_old": 300, "width_m": 6, "pt_i": 92 }, "geometry": { "type": "Point", "coordinates": [ 99.971843682273203, 15.309798980838604 ] } },
{ "type": "Feature", "properties": { "road_key": "61000000ST016.2", "road_name": "ทางหลวงขนบท อน 4017 (สายแยก ทล.3183-บ้านหนองขาหย่าง) ช่วงที่ 2", "road_no": "4017", "aumpher": "อำเภอหนองขาหย่าง", "office": "สาขาเมือง", "branch_code": "61000000", "name_short": "อน.", "price_new": 400, "price_old": 300, "width_m": 6, "pt_i": 93 }, "geometry": { "type": "Point", "coordinates": [ 99.97276185980337, 15.309181378577545 ] } },
{ "type": "Feature", "properties": { "road_key": "61000000ST016.2", "road_name": "ทางหลวงขนบท อน 4017 (สายแยก ทล.3183-บ้านหนองขาหย่าง) ช่วงที่ 2", "road_no": "4017", "aumpher": "อำเภอหนองขาหย่าง", "office": "สาขาเมือง", "branch_code": "61000000", "name_short": "อน.", "price_new": 400, "price_old": 300, "width_m": 6, "pt_i": 94 }, "geometry": { "type": "Point", "coordinates": [ 99.973776297356011, 15.308769276749269 ] } },
{ "type": "Feature", "properties": { "road_key": "61000000ST016.2", "road_name": "ทางหลวงขนบท อน 4017 (สายแยก ทล.3183-บ้านหนองขาหย่าง) ช่วงที่ 2", "road_no": "4017", "aumpher": "อำเภอหนองขาหย่าง", "office": "สาขาเมือง", "branch_code": "61000000", "name_short": "อน.", "price_new": 400, "price_old": 300, "width_m": 6, "pt_i": 95 }, "geometry": { "type": "Point", "coordinates": [ 99.974889903734365, 15.308861699392155 ] } },
{ "type": "Feature", "properties": { "road_key": "61000000ST016.2", "road_name": "ทางหลวงขนบท อน 4017 (สายแยก ทล.3183-บ้านหนองขาหย่าง) ช่วงที่ 2", "road_no": "4017", "aumpher": "อำเภอหนองขาหย่าง", "office": "สาขาเมือง", "branch_code": "61000000", "name_short": "อน.", "price_new": 400, "price_old": 300, "width_m": 6, "pt_i": 96 }, "geometry": { "type": "Point", "coordinates": [ 99.975999671463683, 15.308979201721899 ] } },
{ "type": "Feature", "properties": { "road_key": "61000000ST016.2", "road_name": "ทางหลวงขนบท อน 4017 (สายแยก ทล.3183-บ้านหนองขาหย่าง) ช่วงที่ 2", "road_no": "4017", "aumpher": "อำเภอหนองขาหย่าง", "office": "สาขาเมือง", "branch_code": "61000000", "name_short": "อน.", "price_new": 400, "price_old": 300, "width_m": 6, "pt_i": 97 }, "geometry": { "type": "Point", "coordinates": [ 99.977090153426346, 15.309215694528641 ] } },
{ "type": "Feature", "properties": { "road_key": "61000000ST016.2", "road_name": "ทางหลวงขนบท อน 4017 (สายแยก ทล.3183-บ้านหนองขาหย่าง) ช่วงที่ 2", "road_no": "4017", "aumpher": "อำเภอหนองขาหย่าง", "office": "สาขาเมือง", "branch_code": "61000000", "name_short": "อน.", "price_new": 400, "price_old": 300, "width_m": 6, "pt_i": 98 }, "geometry": { "type": "Point", "coordinates": [ 99.978151194082329, 15.309523036458408 ] } },
{ "type": "Feature", "properties": { "road_key": "61000000ST016.2", "road_name": "ทางหลวงขนบท อน 4017 (สายแยก ทล.3183-บ้านหนองขาหย่าง) ช่วงที่ 2", "road_no": "4017", "aumpher": "อำเภอหนองขาหย่าง", "office": "สาขาเมือง", "branch_code": "61000000", "name_short": "อน.", "price_new": 400, "price_old": 300, "width_m": 6, "pt_i": 99 }, "geometry": { "type": "Point", "coordinates": [ 99.979264493215624, 15.309609759076137 ] } },
{ "type": "Feature", "properties": { "road_key": "61000000ST016.2", "road_name": "ทางหลวงขนบท อน 4017 (สายแยก ทล.3183-บ้านหนองขาหย่าง) ช่วงที่ 2", "road_no": "4017", "aumpher": "อำเภอหนองขาหย่าง", "office": "สาขาเมือง", "branch_code": "61000000", "name_short": "อน.", "price_new": 400, "price_old": 300, "width_m": 6, "pt_i": 100 }, "geometry": { "type": "Point", "coordinates": [ 99.980334181446935, 15.309920295651478 ] } },
{ "type": "Feature", "properties": { "road_key": "61000000ST016.2", "road_name": "ทางหลวงขนบท อน 4017 (สายแยก ทล.3183-บ้านหนองขาหย่าง) ช่วงที่ 2", "road_no": "4017", "aumpher": "อำเภอหนองขาหย่าง", "office": "สาขาเมือง", "branch_code": "61000000", "name_short": "อน.", "price_new": 400, "price_old": 300, "width_m": 6, "pt_i": 101 }, "geometry": { "type": "Point", "coordinates": [ 99.981442216022785, 15.310054160344894 ] } },
{ "type": "Feature", "properties": { "road_key": "61000000ST016.2", "road_name": "ทางหลวงขนบท อน 4017 (สายแยก ทล.3183-บ้านหนองขาหย่าง) ช่วงที่ 2", "road_no": "4017", "aumpher": "อำเภอหนองขาหย่าง", "office": "สาขาเมือง", "branch_code": "61000000", "name_short": "อน.", "price_new": 400, "price_old": 300, "width_m": 6, "pt_i": 102 }, "geometry": { "type": "Point", "coordinates": [ 99.982353615168506, 15.310471718377469 ] } },
{ "type": "Feature", "properties": { "road_key": "61000000ST016.2", "road_name": "ทางหลวงขนบท อน 4017 (สายแยก ทล.3183-บ้านหนองขาหย่าง) ช่วงที่ 2", "road_no": "4017", "aumpher": "อำเภอหนองขาหย่าง", "office": "สาขาเมือง", "branch_code": "61000000", "name_short": "อน.", "price_new": 400, "price_old": 300, "width_m": 6, "pt_i": 103 }, "geometry": { "type": "Point", "coordinates": [ 99.982305086155009, 15.311554634971287 ] } },
{ "type": "Feature", "properties": { "road_key": "61000000ST016.2", "road_name": "ทางหลวงขนบท อน 4017 (สายแยก ทล.3183-บ้านหนองขาหย่าง) ช่วงที่ 2", "road_no": "4017", "aumpher": "อำเภอหนองขาหย่าง", "office": "สาขาเมือง", "branch_code": "61000000", "name_short": "อน.", "price_new": 400, "price_old": 300, "width_m": 6, "pt_i": 104 }, "geometry": { "type": "Point", "coordinates": [ 99.98267186838612, 15.312569680767966 ] } },
{ "type": "Feature", "properties": { "road_key": "61000000ST016.2", "road_name": "ทางหลวงขนบท อน 4017 (สายแยก ทล.3183-บ้านหนองขาหย่าง) ช่วงที่ 2", "road_no": "4017", "aumpher": "อำเภอหนองขาหย่าง", "office": "สาขาเมือง", "branch_code": "61000000", "name_short": "อน.", "price_new": 400, "price_old": 300, "width_m": 6, "pt_i": 105 }, "geometry": { "type": "Point", "coordinates": [ 99.982825485750439, 15.313639384667473 ] } },
{ "type": "Feature", "properties": { "road_key": "61000000ST016.2", "road_name": "ทางหลวงขนบท อน 4017 (สายแยก ทล.3183-บ้านหนองขาหย่าง) ช่วงที่ 2", "road_no": "4017", "aumpher": "อำเภอหนองขาหย่าง", "office": "สาขาเมือง", "branch_code": "61000000", "name_short": "อน.", "price_new": 400, "price_old": 300, "width_m": 6, "pt_i": 106 }, "geometry": { "type": "Point", "coordinates": [ 99.983010382539206, 15.31470536738402 ] } },
{ "type": "Feature", "properties": { "road_key": "61000000ST016.2", "road_name": "ทางหลวงขนบท อน 4017 (สายแยก ทล.3183-บ้านหนองขาหย่าง) ช่วงที่ 2", "road_no": "4017", "aumpher": "อำเภอหนองขาหย่าง", "office": "สาขาเมือง", "branch_code": "61000000", "name_short": "อน.", "price_new": 400, "price_old": 300, "width_m": 6, "pt_i": 107 }, "geometry": { "type": "Point", "coordinates": [ 99.983290416146104, 15.315755536591508 ] } },
{ "type": "Feature", "properties": { "road_key": "61000000ST016.2", "road_name": "ทางหลวงขนบท อน 4017 (สายแยก ทล.3183-บ้านหนองขาหย่าง) ช่วงที่ 2", "road_no": "4017", "aumpher": "อำเภอหนองขาหย่าง", "office": "สาขาเมือง", "branch_code": "61000000", "name_short": "อน.", "price_new": 400, "price_old": 300, "width_m": 6, "pt_i": 108 }, "geometry": { "type": "Point", "coordinates": [ 99.983912272460103, 15.316327239396745 ] } },
{ "type": "Feature", "properties": { "road_key": "61000000ST016.2", "road_name": "ทางหลวงขนบท อน 4017 (สายแยก ทล.3183-บ้านหนองขาหย่าง) ช่วงที่ 2", "road_no": "4017", "aumpher": "อำเภอหนองขาหย่าง", "office": "สาขาเมือง", "branch_code": "61000000", "name_short": "อน.", "price_new": 400, "price_old": 300, "width_m": 6, "pt_i": 109 }, "geometry": { "type": "Point", "coordinates": [ 99.984982630161824, 15.316014855548246 ] } },
{ "type": "Feature", "properties": { "road_key": "61000000ST016.2", "road_name": "ทางหลวงขนบท อน 4017 (สายแยก ทล.3183-บ้านหนองขาหย่าง) ช่วงที่ 2", "road_no": "4017", "aumpher": "อำเภอหนองขาหย่าง", "office": "สาขาเมือง", "branch_code": "61000000", "name_short": "อน.", "price_new": 400, "price_old": 300, "width_m": 6, "pt_i": 110 }, "geometry": { "type": "Point", "coordinates": [ 99.986052436806929, 15.315700701410671 ] } },
{ "type": "Feature", "properties": { "road_key": "61000000ST016.2", "road_name": "ทางหลวงขนบท อน 4017 (สายแยก ทล.3183-บ้านหนองขาหย่าง) ช่วงที่ 2", "road_no": "4017", "aumpher": "อำเภอหนองขาหย่าง", "office": "สาขาเมือง", "branch_code": "61000000", "name_short": "อน.", "price_new": 400, "price_old": 300, "width_m": 6, "pt_i": 111 }, "geometry": { "type": "Point", "coordinates": [ 99.987149902897059, 15.315689970651263 ] } },
{ "type": "Feature", "properties": { "road_key": "61000000ST016.2", "road_name": "ทางหลวงขนบท อน 4017 (สายแยก ทล.3183-บ้านหนองขาหย่าง) ช่วงที่ 2", "road_no": "4017", "aumpher": "อำเภอหนองขาหย่าง", "office": "สาขาเมือง", "branch_code": "61000000", "name_short": "อน.", "price_new": 400, "price_old": 300, "width_m": 6, "pt_i": 112 }, "geometry": { "type": "Point", "coordinates": [ 99.988255284596292, 15.315850599245977 ] } },
{ "type": "Feature", "properties": { "road_key": "61000000ST016.2", "road_name": "ทางหลวงขนบท อน 4017 (สายแยก ทล.3183-บ้านหนองขาหย่าง) ช่วงที่ 2", "road_no": "4017", "aumpher": "อำเภอหนองขาหย่าง", "office": "สาขาเมือง", "branch_code": "61000000", "name_short": "อน.", "price_new": 400, "price_old": 300, "width_m": 6, "pt_i": 113 }, "geometry": { "type": "Point", "coordinates": [ 99.989362092454826, 15.315950123552573 ] } },
{ "type": "Feature", "properties": { "road_key": "61000000ST016.2", "road_name": "ทางหลวงขนบท อน 4017 (สายแยก ทล.3183-บ้านหนองขาหย่าง) ช่วงที่ 2", "road_no": "4017", "aumpher": "อำเภอหนองขาหย่าง", "office": "สาขาเมือง", "branch_code": "61000000", "name_short": "อน.", "price_new": 400, "price_old": 300, "width_m": 6, "pt_i": 114 }, "geometry": { "type": "Point", "coordinates": [ 99.990472809246697, 15.315829215378322 ] } },
{ "type": "Feature", "properties": { "road_key": "61000000ST016.2", "road_name": "ทางหลวงขนบท อน 4017 (สายแยก ทล.3183-บ้านหนองขาหย่าง) ช่วงที่ 2", "road_no": "4017", "aumpher": "อำเภอหนองขาหย่าง", "office": "สาขาเมือง", "branch_code": "61000000", "name_short": "อน.", "price_new": 400, "price_old": 300, "width_m": 6, "pt_i": 115 }, "geometry": { "type": "Point", "coordinates": [ 99.991570920769675, 15.315633456544269 ] } },
{ "type": "Feature", "properties": { "road_key": "61000000ST016.2", "road_name": "ทางหลวงขนบท อน 4017 (สายแยก ทล.3183-บ้านหนองขาหย่าง) ช่วงที่ 2", "road_no": "4017", "aumpher": "อำเภอหนองขาหย่าง", "office": "สาขาเมือง", "branch_code": "61000000", "name_short": "อน.", "price_new": 400, "price_old": 300, "width_m": 6, "pt_i": 116 }, "geometry": { "type": "Point", "coordinates": [ 99.992664789561687, 15.315422651928859 ] } },
{ "type": "Feature", "properties": { "road_key": "61000000ST016.2", "road_name": "ทางหลวงขนบท อน 4017 (สายแยก ทล.3183-บ้านหนองขาหย่าง) ช่วงที่ 2", "road_no": "4017", "aumpher": "อำเภอหนองขาหย่าง", "office": "สาขาเมือง", "branch_code": "61000000", "name_short": "อน.", "price_new": 400, "price_old": 300, "width_m": 6, "pt_i": 117 }, "geometry": { "type": "Point", "coordinates": [ 99.993775371008979, 15.315318689074054 ] } },
{ "type": "Feature", "properties": { "road_key": "61000000ST016.2", "road_name": "ทางหลวงขนบท อน 4017 (สายแยก ทล.3183-บ้านหนองขาหย่าง) ช่วงที่ 2", "road_no": "4017", "aumpher": "อำเภอหนองขาหย่าง", "office": "สาขาเมือง", "branch_code": "61000000", "name_short": "อน.", "price_new": 400, "price_old": 300, "width_m": 6, "pt_i": 118 }, "geometry": { "type": "Point", "coordinates": [ 99.994887339650987, 15.315400219538509 ] } },
{ "type": "Feature", "properties": { "road_key": "61000000ST016.2", "road_name": "ทางหลวงขนบท อน 4017 (สายแยก ทล.3183-บ้านหนองขาหย่าง) ช่วงที่ 2", "road_no": "4017", "aumpher": "อำเภอหนองขาหย่าง", "office": "สาขาเมือง", "branch_code": "61000000", "name_short": "อน.", "price_new": 400, "price_old": 300, "width_m": 6, "pt_i": 119 }, "geometry": { "type": "Point", "coordinates": [ 99.995994038538939, 15.315408178727214 ] } },
{ "type": "Feature", "properties": { "road_key": "61000000ST016.2", "road_name": "ทางหลวงขนบท อน 4017 (สายแยก ทล.3183-บ้านหนองขาหย่าง) ช่วงที่ 2", "road_no": "4017", "aumpher": "อำเภอหนองขาหย่าง", "office": "สาขาเมือง", "branch_code": "61000000", "name_short": "อน.", "price_new": 400, "price_old": 300, "width_m": 6, "pt_i": 120 }, "geometry": { "type": "Point", "coordinates": [ 99.997102403089784, 15.315268381661742 ] } },
{ "type": "Feature", "properties": { "road_key": "61000000ST016.2", "road_name": "ทางหลวงขนบท อน 4017 (สายแยก ทล.3183-บ้านหนองขาหย่าง) ช่วงที่ 2", "road_no": "4017", "aumpher": "อำเภอหนองขาหย่าง", "office": "สาขาเมือง", "branch_code": "61000000", "name_short": "อน.", "price_new": 400, "price_old": 300, "width_m": 6, "pt_i": 121 }, "geometry": { "type": "Point", "coordinates": [ 99.998210674036471, 15.315127796345463 ] } },
{ "type": "Feature", "properties": { "road_key": "61000000ST016.2", "road_name": "ทางหลวงขนบท อน 4017 (สายแยก ทล.3183-บ้านหนองขาหย่าง) ช่วงที่ 2", "road_no": "4017", "aumpher": "อำเภอหนองขาหย่าง", "office": "สาขาเมือง", "branch_code": "61000000", "name_short": "อน.", "price_new": 400, "price_old": 300, "width_m": 6, "pt_i": 122 }, "geometry": { "type": "Point", "coordinates": [ 99.999318882568843, 15.315115792183482 ] } },
{ "type": "Feature", "properties": { "road_key": "61000000ST016.2", "road_name": "ทางหลวงขนบท อน 4017 (สายแยก ทล.3183-บ้านหนองขาหย่าง) ช่วงที่ 2", "road_no": "4017", "aumpher": "อำเภอหนองขาหย่าง", "office": "สาขาเมือง", "branch_code": "61000000", "name_short": "อน.", "price_new": 400, "price_old": 300, "width_m": 6, "pt_i": 123 }, "geometry": { "type": "Point", "coordinates": [ 100.000423456859536, 15.315281526648066 ] } },
{ "type": "Feature", "properties": { "road_key": "61000000ST016.2", "road_name": "ทางหลวงขนบท อน 4017 (สายแยก ทล.3183-บ้านหนองขาหย่าง) ช่วงที่ 2", "road_no": "4017", "aumpher": "อำเภอหนองขาหย่าง", "office": "สาขาเมือง", "branch_code": "61000000", "name_short": "อน.", "price_new": 400, "price_old": 300, "width_m": 6, "pt_i": 124 }, "geometry": { "type": "Point", "coordinates": [ 100.00152849353708, 15.315444291304585 ] } },
{ "type": "Feature", "properties": { "road_key": "61000000ST016.2", "road_name": "ทางหลวงขนบท อน 4017 (สายแยก ทล.3183-บ้านหนองขาหย่าง) ช่วงที่ 2", "road_no": "4017", "aumpher": "อำเภอหนองขาหย่าง", "office": "สาขาเมือง", "branch_code": "61000000", "name_short": "อน.", "price_new": 400, "price_old": 300, "width_m": 6, "pt_i": 125 }, "geometry": { "type": "Point", "coordinates": [ 100.002642480587681, 15.315489889108127 ] } },
{ "type": "Feature", "properties": { "road_key": "61000000ST016.2", "road_name": "ทางหลวงขนบท อน 4017 (สายแยก ทล.3183-บ้านหนองขาหย่าง) ช่วงที่ 2", "road_no": "4017", "aumpher": "อำเภอหนองขาหย่าง", "office": "สาขาเมือง", "branch_code": "61000000", "name_short": "อน.", "price_new": 400, "price_old": 300, "width_m": 6, "pt_i": 126 }, "geometry": { "type": "Point", "coordinates": [ 100.003759182100779, 15.315460701303689 ] } },
{ "type": "Feature", "properties": { "road_key": "61000000ST016.2", "road_name": "ทางหลวงขนบท อน 4017 (สายแยก ทล.3183-บ้านหนองขาหย่าง) ช่วงที่ 2", "road_no": "4017", "aumpher": "อำเภอหนองขาหย่าง", "office": "สาขาเมือง", "branch_code": "61000000", "name_short": "อน.", "price_new": 400, "price_old": 300, "width_m": 6, "pt_i": 127 }, "geometry": { "type": "Point", "coordinates": [ 100.004775471302537, 15.315034495756256 ] } },
{ "type": "Feature", "properties": { "road_key": "61000000ST016.2", "road_name": "ทางหลวงขนบท อน 4017 (สายแยก ทล.3183-บ้านหนองขาหย่าง) ช่วงที่ 2", "road_no": "4017", "aumpher": "อำเภอหนองขาหย่าง", "office": "สาขาเมือง", "branch_code": "61000000", "name_short": "อน.", "price_new": 400, "price_old": 300, "width_m": 6, "pt_i": 128 }, "geometry": { "type": "Point", "coordinates": [ 100.005877310162973, 15.314935723372585 ] } },
{ "type": "Feature", "properties": { "road_key": "61000000ST016.2", "road_name": "ทางหลวงขนบท อน 4017 (สายแยก ทล.3183-บ้านหนองขาหย่าง) ช่วงที่ 2", "road_no": "4017", "aumpher": "อำเภอหนองขาหย่าง", "office": "สาขาเมือง", "branch_code": "61000000", "name_short": "อน.", "price_new": 400, "price_old": 300, "width_m": 6, "pt_i": 129 }, "geometry": { "type": "Point", "coordinates": [ 100.006772582916341, 15.314350995441819 ] } },
{ "type": "Feature", "properties": { "road_key": "61000000ST016.2", "road_name": "ทางหลวงขนบท อน 4017 (สายแยก ทล.3183-บ้านหนองขาหย่าง) ช่วงที่ 2", "road_no": "4017", "aumpher": "อำเภอหนองขาหย่าง", "office": "สาขาเมือง", "branch_code": "61000000", "name_short": "อน.", "price_new": 400, "price_old": 300, "width_m": 6, "pt_i": 130 }, "geometry": { "type": "Point", "coordinates": [ 100.007823806843717, 15.313990774043109 ] } },
{ "type": "Feature", "properties": { "road_key": "61000000ST016.2", "road_name": "ทางหลวงขนบท อน 4017 (สายแยก ทล.3183-บ้านหนองขาหย่าง) ช่วงที่ 2", "road_no": "4017", "aumpher": "อำเภอหนองขาหย่าง", "office": "สาขาเมือง", "branch_code": "61000000", "name_short": "อน.", "price_new": 400, "price_old": 300, "width_m": 6, "pt_i": 131 }, "geometry": { "type": "Point", "coordinates": [ 100.00887384608825, 15.313619118503713 ] } },
{ "type": "Feature", "properties": { "road_key": "61000000ST016.2", "road_name": "ทางหลวงขนบท อน 4017 (สายแยก ทล.3183-บ้านหนองขาหย่าง) ช่วงที่ 2", "road_no": "4017", "aumpher": "อำเภอหนองขาหย่าง", "office": "สาขาเมือง", "branch_code": "61000000", "name_short": "อน.", "price_new": 400, "price_old": 300, "width_m": 6, "pt_i": 132 }, "geometry": { "type": "Point", "coordinates": [ 100.009925058417394, 15.313251836833043 ] } },
{ "type": "Feature", "properties": { "road_key": "61000000ST016.2", "road_name": "ทางหลวงขนบท อน 4017 (สายแยก ทล.3183-บ้านหนองขาหย่าง) ช่วงที่ 2", "road_no": "4017", "aumpher": "อำเภอหนองขาหย่าง", "office": "สาขาเมือง", "branch_code": "61000000", "name_short": "อน.", "price_new": 400, "price_old": 300, "width_m": 6, "pt_i": 133 }, "geometry": { "type": "Point", "coordinates": [ 100.010930948397458, 15.312778993005891 ] } },
{ "type": "Feature", "properties": { "road_key": "61000000ST016.2", "road_name": "ทางหลวงขนบท อน 4017 (สายแยก ทล.3183-บ้านหนองขาหย่าง) ช่วงที่ 2", "road_no": "4017", "aumpher": "อำเภอหนองขาหย่าง", "office": "สาขาเมือง", "branch_code": "61000000", "name_short": "อน.", "price_new": 400, "price_old": 300, "width_m": 6, "pt_i": 134 }, "geometry": { "type": "Point", "coordinates": [ 100.011944564585377, 15.312322368271822 ] } },
{ "type": "Feature", "properties": { "road_key": "61000000ST016.2", "road_name": "ทางหลวงขนบท อน 4017 (สายแยก ทล.3183-บ้านหนองขาหย่าง) ช่วงที่ 2", "road_no": "4017", "aumpher": "อำเภอหนองขาหย่าง", "office": "สาขาเมือง", "branch_code": "61000000", "name_short": "อน.", "price_new": 400, "price_old": 300, "width_m": 6, "pt_i": 135 }, "geometry": { "type": "Point", "coordinates": [ 100.013017774518232, 15.312037533971198 ] } },
{ "type": "Feature", "properties": { "road_key": "61000000ST016.2", "road_name": "ทางหลวงขนบท อน 4017 (สายแยก ทล.3183-บ้านหนองขาหย่าง) ช่วงที่ 2", "road_no": "4017", "aumpher": "อำเภอหนองขาหย่าง", "office": "สาขาเมือง", "branch_code": "61000000", "name_short": "อน.", "price_new": 400, "price_old": 300, "width_m": 6, "pt_i": 136 }, "geometry": { "type": "Point", "coordinates": [ 100.01412024673661, 15.311861814974172 ] } },
{ "type": "Feature", "properties": { "road_key": "61000000ST016.2", "road_name": "ทางหลวงขนบท อน 4017 (สายแยก ทล.3183-บ้านหนองขาหย่าง) ช่วงที่ 2", "road_no": "4017", "aumpher": "อำเภอหนองขาหย่าง", "office": "สาขาเมือง", "branch_code": "61000000", "name_short": "อน.", "price_new": 400, "price_old": 300, "width_m": 6, "pt_i": 137 }, "geometry": { "type": "Point", "coordinates": [ 100.015220566321872, 15.311966496299837 ] } },
{ "type": "Feature", "properties": { "road_key": "61000000ST016.2", "road_name": "ทางหลวงขนบท อน 4017 (สายแยก ทล.3183-บ้านหนองขาหย่าง) ช่วงที่ 2", "road_no": "4017", "aumpher": "อำเภอหนองขาหย่าง", "office": "สาขาเมือง", "branch_code": "61000000", "name_short": "อน.", "price_new": 400, "price_old": 300, "width_m": 6, "pt_i": 138 }, "geometry": { "type": "Point", "coordinates": [ 100.016308430036673, 15.312215286820486 ] } },
{ "type": "Feature", "properties": { "road_key": "61000000ST016.2", "road_name": "ทางหลวงขนบท อน 4017 (สายแยก ทล.3183-บ้านหนองขาหย่าง) ช่วงที่ 2", "road_no": "4017", "aumpher": "อำเภอหนองขาหย่าง", "office": "สาขาเมือง", "branch_code": "61000000", "name_short": "อน.", "price_new": 400, "price_old": 300, "width_m": 6, "pt_i": 139 }, "geometry": { "type": "Point", "coordinates": [ 100.017377977170511, 15.312525905471917 ] } },
{ "type": "Feature", "properties": { "road_key": "61000000ST016.3", "road_name": "ทางหลวงขนบท อน 4017 (สายแยก ทล.3183-บ้านหนองขาหย่าง) ช่วงที่ 3", "road_no": "4017", "aumpher": "อำเภอหนองขาหย่าง", "office": "สาขาเมือง", "branch_code": "61000000", "name_short": "อน.", "price_new": 1000, "price_old": 800, "width_m": 12, "pt_i": 0 }, "geometry": { "type": "Point", "coordinates": [ 99.930264254958104, 15.363017482495216 ] } },
{ "type": "Feature", "properties": { "road_key": "61000000ST016.3", "road_name": "ทางหลวงขนบท อน 4017 (สายแยก ทล.3183-บ้านหนองขาหย่าง) ช่วงที่ 3", "road_no": "4017", "aumpher": "อำเภอหนองขาหย่าง", "office": "สาขาเมือง", "branch_code": "61000000", "name_short": "อน.", "price_new": 1000, "price_old": 800, "width_m": 12, "pt_i": 1 }, "geometry": { "type": "Point", "coordinates": [ 99.930210322942841, 15.361936363621348 ] } },
{ "type": "Feature", "properties": { "road_key": "61000000ST016.3", "road_name": "ทางหลวงขนบท อน 4017 (สายแยก ทล.3183-บ้านหนองขาหย่าง) ช่วงที่ 3", "road_no": "4017", "aumpher": "อำเภอหนองขาหย่าง", "office": "สาขาเมือง", "branch_code": "61000000", "name_short": "อน.", "price_new": 1000, "price_old": 800, "width_m": 12, "pt_i": 2 }, "geometry": { "type": "Point", "coordinates": [ 99.930586378444488, 15.360915948955734 ] } },
{ "type": "Feature", "properties": { "road_key": "61000000ST016.3", "road_name": "ทางหลวงขนบท อน 4017 (สายแยก ทล.3183-บ้านหนองขาหย่าง) ช่วงที่ 3", "road_no": "4017", "aumpher": "อำเภอหนองขาหย่าง", "office": "สาขาเมือง", "branch_code": "61000000", "name_short": "อน.", "price_new": 1000, "price_old": 800, "width_m": 12, "pt_i": 3 }, "geometry": { "type": "Point", "coordinates": [ 99.93103045968752, 15.359920936792728 ] } },
{ "type": "Feature", "properties": { "road_key": "61000000ST016.3", "road_name": "ทางหลวงขนบท อน 4017 (สายแยก ทล.3183-บ้านหนองขาหย่าง) ช่วงที่ 3", "road_no": "4017", "aumpher": "อำเภอหนองขาหย่าง", "office": "สาขาเมือง", "branch_code": "61000000", "name_short": "อน.", "price_new": 1000, "price_old": 800, "width_m": 12, "pt_i": 0 }, "geometry": { "type": "Point", "coordinates": [ 99.931509002694298, 15.358961100360055 ] } },
{ "type": "Feature", "properties": { "road_key": "61000000ST016.3", "road_name": "ทางหลวงขนบท อน 4017 (สายแยก ทล.3183-บ้านหนองขาหย่าง) ช่วงที่ 3", "road_no": "4017", "aumpher": "อำเภอหนองขาหย่าง", "office": "สาขาเมือง", "branch_code": "61000000", "name_short": "อน.", "price_new": 1000, "price_old": 800, "width_m": 12, "pt_i": 1 }, "geometry": { "type": "Point", "coordinates": [ 99.931998663709464, 15.357985913593154 ] } },
{ "type": "Feature", "properties": { "road_key": "61000000ST016.3", "road_name": "ทางหลวงขนบท อน 4017 (สายแยก ทล.3183-บ้านหนองขาหย่าง) ช่วงที่ 3", "road_no": "4017", "aumpher": "อำเภอหนองขาหย่าง", "office": "สาขาเมือง", "branch_code": "61000000", "name_short": "อน.", "price_new": 1000, "price_old": 800, "width_m": 12, "pt_i": 2 }, "geometry": { "type": "Point", "coordinates": [ 99.932232973684364, 15.356935181432965 ] } },
{ "type": "Feature", "properties": { "road_key": "61000000ST016.3", "road_name": "ทางหลวงขนบท อน 4017 (สายแยก ทล.3183-บ้านหนองขาหย่าง) ช่วงที่ 3", "road_no": "4017", "aumpher": "อำเภอหนองขาหย่าง", "office": "สาขาเมือง", "branch_code": "61000000", "name_short": "อน.", "price_new": 1000, "price_old": 800, "width_m": 12, "pt_i": 3 }, "geometry": { "type": "Point", "coordinates": [ 99.932338394704857, 15.355855236569464 ] } },
{ "type": "Feature", "properties": { "road_key": "61000000ST016.3", "road_name": "ทางหลวงขนบท อน 4017 (สายแยก ทล.3183-บ้านหนองขาหย่าง) ช่วงที่ 3", "road_no": "4017", "aumpher": "อำเภอหนองขาหย่าง", "office": "สาขาเมือง", "branch_code": "61000000", "name_short": "อน.", "price_new": 1000, "price_old": 800, "width_m": 12, "pt_i": 4 }, "geometry": { "type": "Point", "coordinates": [ 99.932407947391567, 15.354772708441661 ] } },
{ "type": "Feature", "properties": { "road_key": "61000000ST039.1", "road_name": "ถนนสาย แยก ทล.3321-บ้านหนองเขาหย่าง ช่วงที่ 1", "road_no": "0", "aumpher": "อำเภอหนองขาหย่าง", "office": "สาขาเมือง", "branch_code": "61000000", "name_short": "None", "price_new": 1000, "price_old": 800, "width_m": 6, "pt_i": 0 }, "geometry": { "type": "Point", "coordinates": [ 99.92453065818728, 15.371560797901557 ] } },
{ "type": "Feature", "properties": { "road_key": "61000000ST039.1", "road_name": "ถนนสาย แยก ทล.3321-บ้านหนองเขาหย่าง ช่วงที่ 1", "road_no": "0", "aumpher": "อำเภอหนองขาหย่าง", "office": "สาขาเมือง", "branch_code": "61000000", "name_short": "None", "price_new": 1000, "price_old": 800, "width_m": 6, "pt_i": 1 }, "geometry": { "type": "Point", "coordinates": [ 99.924893110949938, 15.370534935222427 ] } },
{ "type": "Feature", "properties": { "road_key": "61000000ST039.1", "road_name": "ถนนสาย แยก ทล.3321-บ้านหนองเขาหย่าง ช่วงที่ 1", "road_no": "0", "aumpher": "อำเภอหนองขาหย่าง", "office": "สาขาเมือง", "branch_code": "61000000", "name_short": "None", "price_new": 1000, "price_old": 800, "width_m": 6, "pt_i": 2 }, "geometry": { "type": "Point", "coordinates": [ 99.925114652551471, 15.36947263196264 ] } },
{ "type": "Feature", "properties": { "road_key": "61000000ST039.1", "road_name": "ถนนสาย แยก ทล.3321-บ้านหนองเขาหย่าง ช่วงที่ 1", "road_no": "0", "aumpher": "อำเภอหนองขาหย่าง", "office": "สาขาเมือง", "branch_code": "61000000", "name_short": "None", "price_new": 1000, "price_old": 800, "width_m": 6, "pt_i": 3 }, "geometry": { "type": "Point", "coordinates": [ 99.92521118718652, 15.368394164381762 ] } },
{ "type": "Feature", "properties": { "road_key": "61000000ST039.1", "road_name": "ถนนสาย แยก ทล.3321-บ้านหนองเขาหย่าง ช่วงที่ 1", "road_no": "0", "aumpher": "อำเภอหนองขาหย่าง", "office": "สาขาเมือง", "branch_code": "61000000", "name_short": "None", "price_new": 1000, "price_old": 800, "width_m": 6, "pt_i": 4 }, "geometry": { "type": "Point", "coordinates": [ 99.924841113937745, 15.36737798440303 ] } },
{ "type": "Feature", "properties": { "road_key": "61000000ST039.1", "road_name": "ถนนสาย แยก ทล.3321-บ้านหนองเขาหย่าง ช่วงที่ 1", "road_no": "0", "aumpher": "อำเภอหนองขาหย่าง", "office": "สาขาเมือง", "branch_code": "61000000", "name_short": "None", "price_new": 1000, "price_old": 800, "width_m": 6, "pt_i": 5 }, "geometry": { "type": "Point", "coordinates": [ 99.924449339177627, 15.366365519987633 ] } },
{ "type": "Feature", "properties": { "road_key": "61000000ST039.1", "road_name": "ถนนสาย แยก ทล.3321-บ้านหนองเขาหย่าง ช่วงที่ 1", "road_no": "0", "aumpher": "อำเภอหนองขาหย่าง", "office": "สาขาเมือง", "branch_code": "61000000", "name_short": "None", "price_new": 1000, "price_old": 800, "width_m": 6, "pt_i": 6 }, "geometry": { "type": "Point", "coordinates": [ 99.92427408720711, 15.3652942657924 ] } },
{ "type": "Feature", "properties": { "road_key": "61000000ST039.1", "road_name": "ถนนสาย แยก ทล.3321-บ้านหนองเขาหย่าง ช่วงที่ 1", "road_no": "0", "aumpher": "อำเภอหนองขาหย่าง", "office": "สาขาเมือง", "branch_code": "61000000", "name_short": "None", "price_new": 1000, "price_old": 800, "width_m": 6, "pt_i": 7 }, "geometry": { "type": "Point", "coordinates": [ 99.924103346419784, 15.364222230693819 ] } },
{ "type": "Feature", "properties": { "road_key": "61000000ST039.2", "road_name": "ถนนสาย แยก ทล.3321-บ้านหนองเขาหย่าง ช่วงที่ 2", "road_no": "0", "aumpher": "อำเภอหนองขาหย่าง", "office": "สาขาเมือง", "branch_code": "61000000", "name_short": "None", "price_new": 350, "price_old": 200, "width_m": 6, "pt_i": 0 }, "geometry": { "type": "Point", "coordinates": [ 99.921076257961246, 15.390396139489312 ] } },
{ "type": "Feature", "properties": { "road_key": "61000000ST039.2", "road_name": "ถนนสาย แยก ทล.3321-บ้านหนองเขาหย่าง ช่วงที่ 2", "road_no": "0", "aumpher": "อำเภอหนองขาหย่าง", "office": "สาขาเมือง", "branch_code": "61000000", "name_short": "None", "price_new": 350, "price_old": 200, "width_m": 6, "pt_i": 1 }, "geometry": { "type": "Point", "coordinates": [ 99.920654777460101, 15.389391677365918 ] } },
{ "type": "Feature", "properties": { "road_key": "61000000ST039.2", "road_name": "ถนนสาย แยก ทล.3321-บ้านหนองเขาหย่าง ช่วงที่ 2", "road_no": "0", "aumpher": "อำเภอหนองขาหย่าง", "office": "สาขาเมือง", "branch_code": "61000000", "name_short": "None", "price_new": 350, "price_old": 200, "width_m": 6, "pt_i": 2 }, "geometry": { "type": "Point", "coordinates": [ 99.919889171381399, 15.388807041978726 ] } },
{ "type": "Feature", "properties": { "road_key": "61000000ST039.2", "road_name": "ถนนสาย แยก ทล.3321-บ้านหนองเขาหย่าง ช่วงที่ 2", "road_no": "0", "aumpher": "อำเภอหนองขาหย่าง", "office": "สาขาเมือง", "branch_code": "61000000", "name_short": "None", "price_new": 350, "price_old": 200, "width_m": 6, "pt_i": 3 }, "geometry": { "type": "Point", "coordinates": [ 99.919175771779564, 15.388502731520546 ] } },
{ "type": "Feature", "properties": { "road_key": "61000000ST039.2", "road_name": "ถนนสาย แยก ทล.3321-บ้านหนองเขาหย่าง ช่วงที่ 2", "road_no": "0", "aumpher": "อำเภอหนองขาหย่าง", "office": "สาขาเมือง", "branch_code": "61000000", "name_short": "None", "price_new": 350, "price_old": 200, "width_m": 6, "pt_i": 4 }, "geometry": { "type": "Point", "coordinates": [ 99.919698754755345, 15.387562018024987 ] } },
{ "type": "Feature", "properties": { "road_key": "61000000ST039.2", "road_name": "ถนนสาย แยก ทล.3321-บ้านหนองเขาหย่าง ช่วงที่ 2", "road_no": "0", "aumpher": "อำเภอหนองขาหย่าง", "office": "สาขาเมือง", "branch_code": "61000000", "name_short": "None", "price_new": 350, "price_old": 200, "width_m": 6, "pt_i": 5 }, "geometry": { "type": "Point", "coordinates": [ 99.919538955815781, 15.386500997956482 ] } },
{ "type": "Feature", "properties": { "road_key": "61000000ST039.2", "road_name": "ถนนสาย แยก ทล.3321-บ้านหนองเขาหย่าง ช่วงที่ 2", "road_no": "0", "aumpher": "อำเภอหนองขาหย่าง", "office": "สาขาเมือง", "branch_code": "61000000", "name_short": "None", "price_new": 350, "price_old": 200, "width_m": 6, "pt_i": 6 }, "geometry": { "type": "Point", "coordinates": [ 99.919625712234719, 15.385537916983449 ] } },
{ "type": "Feature", "properties": { "road_key": "61000000ST039.2", "road_name": "ถนนสาย แยก ทล.3321-บ้านหนองเขาหย่าง ช่วงที่ 2", "road_no": "0", "aumpher": "อำเภอหนองขาหย่าง", "office": "สาขาเมือง", "branch_code": "61000000", "name_short": "None", "price_new": 350, "price_old": 200, "width_m": 6, "pt_i": 7 }, "geometry": { "type": "Point", "coordinates": [ 99.920364609860471, 15.384724781881033 ] } },
{ "type": "Feature", "properties": { "road_key": "61000000ST039.2", "road_name": "ถนนสาย แยก ทล.3321-บ้านหนองเขาหย่าง ช่วงที่ 2", "road_no": "0", "aumpher": "อำเภอหนองขาหย่าง", "office": "สาขาเมือง", "branch_code": "61000000", "name_short": "None", "price_new": 350, "price_old": 200, "width_m": 6, "pt_i": 8 }, "geometry": { "type": "Point", "coordinates": [ 99.920969894653851, 15.383827573467952 ] } },
{ "type": "Feature", "properties": { "road_key": "61000000ST039.2", "road_name": "ถนนสาย แยก ทล.3321-บ้านหนองเขาหย่าง ช่วงที่ 2", "road_no": "0", "aumpher": "อำเภอหนองขาหย่าง", "office": "สาขาเมือง", "branch_code": "61000000", "name_short": "None", "price_new": 350, "price_old": 200, "width_m": 6, "pt_i": 9 }, "geometry": { "type": "Point", "coordinates": [ 99.921309176153216, 15.382797613450471 ] } },
{ "type": "Feature", "properties": { "road_key": "61000000ST039.2", "road_name": "ถนนสาย แยก ทล.3321-บ้านหนองเขาหย่าง ช่วงที่ 2", "road_no": "0", "aumpher": "อำเภอหนองขาหย่าง", "office": "สาขาเมือง", "branch_code": "61000000", "name_short": "None", "price_new": 350, "price_old": 200, "width_m": 6, "pt_i": 10 }, "geometry": { "type": "Point", "coordinates": [ 99.921719147100148, 15.381789183331167 ] } },
{ "type": "Feature", "properties": { "road_key": "61000000ST039.2", "road_name": "ถนนสาย แยก ทล.3321-บ้านหนองเขาหย่าง ช่วงที่ 2", "road_no": "0", "aumpher": "อำเภอหนองขาหย่าง", "office": "สาขาเมือง", "branch_code": "61000000", "name_short": "None", "price_new": 350, "price_old": 200, "width_m": 6, "pt_i": 11 }, "geometry": { "type": "Point", "coordinates": [ 99.922077925491237, 15.380762749784251 ] } },
{ "type": "Feature", "properties": { "road_key": "61000000ST039.2", "road_name": "ถนนสาย แยก ทล.3321-บ้านหนองเขาหย่าง ช่วงที่ 2", "road_no": "0", "aumpher": "อำเภอหนองขาหย่าง", "office": "สาขาเมือง", "branch_code": "61000000", "name_short": "None", "price_new": 350, "price_old": 200, "width_m": 6, "pt_i": 12 }, "geometry": { "type": "Point", "coordinates": [ 99.922540592058439, 15.379775206238808 ] } },
{ "type": "Feature", "properties": { "road_key": "61000000ST039.2", "road_name": "ถนนสาย แยก ทล.3321-บ้านหนองเขาหย่าง ช่วงที่ 2", "road_no": "0", "aumpher": "อำเภอหนองขาหย่าง", "office": "สาขาเมือง", "branch_code": "61000000", "name_short": "None", "price_new": 350, "price_old": 200, "width_m": 6, "pt_i": 13 }, "geometry": { "type": "Point", "coordinates": [ 99.922810170337968, 15.378737187234181 ] } },
{ "type": "Feature", "properties": { "road_key": "61000000ST039.2", "road_name": "ถนนสาย แยก ทล.3321-บ้านหนองเขาหย่าง ช่วงที่ 2", "road_no": "0", "aumpher": "อำเภอหนองขาหย่าง", "office": "สาขาเมือง", "branch_code": "61000000", "name_short": "None", "price_new": 350, "price_old": 200, "width_m": 6, "pt_i": 14 }, "geometry": { "type": "Point", "coordinates": [ 99.922850411617375, 15.37765424998514 ] } },
{ "type": "Feature", "properties": { "road_key": "61000000ST039.2", "road_name": "ถนนสาย แยก ทล.3321-บ้านหนองเขาหย่าง ช่วงที่ 2", "road_no": "0", "aumpher": "อำเภอหนองขาหย่าง", "office": "สาขาเมือง", "branch_code": "61000000", "name_short": "None", "price_new": 350, "price_old": 200, "width_m": 6, "pt_i": 15 }, "geometry": { "type": "Point", "coordinates": [ 99.922435062176291, 15.376673599872749 ] } },
{ "type": "Feature", "properties": { "road_key": "61000000ST039.2", "road_name": "ถนนสาย แยก ทล.3321-บ้านหนองเขาหย่าง ช่วงที่ 2", "road_no": "0", "aumpher": "อำเภอหนองขาหย่าง", "office": "สาขาเมือง", "branch_code": "61000000", "name_short": "None", "price_new": 350, "price_old": 200, "width_m": 6, "pt_i": 16 }, "geometry": { "type": "Point", "coordinates": [ 99.922554043856437, 15.375619770347948 ] } },
{ "type": "Feature", "properties": { "road_key": "61000000ST039.2", "road_name": "ถนนสาย แยก ทล.3321-บ้านหนองเขาหย่าง ช่วงที่ 2", "road_no": "0", "aumpher": "อำเภอหนองขาหย่าง", "office": "สาขาเมือง", "branch_code": "61000000", "name_short": "None", "price_new": 350, "price_old": 200, "width_m": 6, "pt_i": 17 }, "geometry": { "type": "Point", "coordinates": [ 99.922981494328397, 15.374623567607783 ] } },
{ "type": "Feature", "properties": { "road_key": "61000000ST039.2", "road_name": "ถนนสาย แยก ทล.3321-บ้านหนองเขาหย่าง ช่วงที่ 2", "road_no": "0", "aumpher": "อำเภอหนองขาหย่าง", "office": "สาขาเมือง", "branch_code": "61000000", "name_short": "None", "price_new": 350, "price_old": 200, "width_m": 6, "pt_i": 18 }, "geometry": { "type": "Point", "coordinates": [ 99.923561613773529, 15.373696285740881 ] } },
{ "type": "Feature", "properties": { "road_key": "61000000ST039.2", "road_name": "ถนนสาย แยก ทล.3321-บ้านหนองเขาหย่าง ช่วงที่ 2", "road_no": "0", "aumpher": "อำเภอหนองขาหย่าง", "office": "สาขาเมือง", "branch_code": "61000000", "name_short": "None", "price_new": 350, "price_old": 200, "width_m": 6, "pt_i": 19 }, "geometry": { "type": "Point", "coordinates": [ 99.924075625710003, 15.372736715910435 ] } },
{ "type": "Feature", "properties": { "road_key": "61000000ST039.2", "road_name": "ถนนสาย แยก ทล.3321-บ้านหนองเขาหย่าง ช่วงที่ 2", "road_no": "0", "aumpher": "อำเภอหนองขาหย่าง", "office": "สาขาเมือง", "branch_code": "61000000", "name_short": "None", "price_new": 350, "price_old": 200, "width_m": 6, "pt_i": 20 }, "geometry": { "type": "Point", "coordinates": [ 99.924472040992725, 15.371722430858201 ] } },
{ "type": "Feature", "properties": { "road_key": "61000000ST039.3", "road_name": "ถนนสาย แยก ทล.3321-บ้านหนองเขาหย่าง ช่วงที่ 3", "road_no": "0", "aumpher": "อำเภอหนองขาหย่าง", "office": "สาขาเมือง", "branch_code": "61000000", "name_short": "None", "price_new": 400, "price_old": 200, "width_m": 6, "pt_i": 0 }, "geometry": { "type": "Point", "coordinates": [ 99.919383294732896, 15.400319467969693 ] } },
{ "type": "Feature", "properties": { "road_key": "61000000ST039.3", "road_name": "ถนนสาย แยก ทล.3321-บ้านหนองเขาหย่าง ช่วงที่ 3", "road_no": "0", "aumpher": "อำเภอหนองขาหย่าง", "office": "สาขาเมือง", "branch_code": "61000000", "name_short": "None", "price_new": 400, "price_old": 200, "width_m": 6, "pt_i": 1 }, "geometry": { "type": "Point", "coordinates": [ 99.918744343858378, 15.399429959709147 ] } },
{ "type": "Feature", "properties": { "road_key": "61000000ST039.3", "road_name": "ถนนสาย แยก ทล.3321-บ้านหนองเขาหย่าง ช่วงที่ 3", "road_no": "0", "aumpher": "อำเภอหนองขาหย่าง", "office": "สาขาเมือง", "branch_code": "61000000", "name_short": "None", "price_new": 400, "price_old": 200, "width_m": 6, "pt_i": 2 }, "geometry": { "type": "Point", "coordinates": [ 99.918197843791134, 15.398487680647369 ] } },
{ "type": "Feature", "properties": { "road_key": "61000000ST039.3", "road_name": "ถนนสาย แยก ทล.3321-บ้านหนองเขาหย่าง ช่วงที่ 3", "road_no": "0", "aumpher": "อำเภอหนองขาหย่าง", "office": "สาขาเมือง", "branch_code": "61000000", "name_short": "None", "price_new": 400, "price_old": 200, "width_m": 6, "pt_i": 3 }, "geometry": { "type": "Point", "coordinates": [ 99.917822358606031, 15.397471725250611 ] } },
{ "type": "Feature", "properties": { "road_key": "61000000ST039.3", "road_name": "ถนนสาย แยก ทล.3321-บ้านหนองเขาหย่าง ช่วงที่ 3", "road_no": "0", "aumpher": "อำเภอหนองขาหย่าง", "office": "สาขาเมือง", "branch_code": "61000000", "name_short": "None", "price_new": 400, "price_old": 200, "width_m": 6, "pt_i": 4 }, "geometry": { "type": "Point", "coordinates": [ 99.91768082528813, 15.396399793134053 ] } },
{ "type": "Feature", "properties": { "road_key": "61000000ST039.3", "road_name": "ถนนสาย แยก ทล.3321-บ้านหนองเขาหย่าง ช่วงที่ 3", "road_no": "0", "aumpher": "อำเภอหนองขาหย่าง", "office": "สาขาเมือง", "branch_code": "61000000", "name_short": "None", "price_new": 400, "price_old": 200, "width_m": 6, "pt_i": 5 }, "geometry": { "type": "Point", "coordinates": [ 99.918594886449526, 15.396258402940775 ] } },
{ "type": "Feature", "properties": { "road_key": "61000000ST039.3", "road_name": "ถนนสาย แยก ทล.3321-บ้านหนองเขาหย่าง ช่วงที่ 3", "road_no": "0", "aumpher": "อำเภอหนองขาหย่าง", "office": "สาขาเมือง", "branch_code": "61000000", "name_short": "None", "price_new": 400, "price_old": 200, "width_m": 6, "pt_i": 6 }, "geometry": { "type": "Point", "coordinates": [ 99.919305164859082, 15.395492454140992 ] } },
{ "type": "Feature", "properties": { "road_key": "61000000ST039.3", "road_name": "ถนนสาย แยก ทล.3321-บ้านหนองเขาหย่าง ช่วงที่ 3", "road_no": "0", "aumpher": "อำเภอหนองขาหย่าง", "office": "สาขาเมือง", "branch_code": "61000000", "name_short": "None", "price_new": 400, "price_old": 200, "width_m": 6, "pt_i": 7 }, "geometry": { "type": "Point", "coordinates": [ 99.920017351642727, 15.394686939942819 ] } },
{ "type": "Feature", "properties": { "road_key": "61000000ST039.3", "road_name": "ถนนสาย แยก ทล.3321-บ้านหนองเขาหย่าง ช่วงที่ 3", "road_no": "0", "aumpher": "อำเภอหนองขาหย่าง", "office": "สาขาเมือง", "branch_code": "61000000", "name_short": "None", "price_new": 400, "price_old": 200, "width_m": 6, "pt_i": 8 }, "geometry": { "type": "Point", "coordinates": [ 99.921065334167778, 15.394364781999736 ] } },
{ "type": "Feature", "properties": { "road_key": "61000000ST039.3", "road_name": "ถนนสาย แยก ทล.3321-บ้านหนองเขาหย่าง ช่วงที่ 3", "road_no": "0", "aumpher": "อำเภอหนองขาหย่าง", "office": "สาขาเมือง", "branch_code": "61000000", "name_short": "None", "price_new": 400, "price_old": 200, "width_m": 6, "pt_i": 9 }, "geometry": { "type": "Point", "coordinates": [ 99.92128037014659, 15.393346637072044 ] } },
{ "type": "Feature", "properties": { "road_key": "61000000ST039.3", "road_name": "ถนนสาย แยก ทล.3321-บ้านหนองเขาหย่าง ช่วงที่ 3", "road_no": "0", "aumpher": "อำเภอหนองขาหย่าง", "office": "สาขาเมือง", "branch_code": "61000000", "name_short": "None", "price_new": 400, "price_old": 200, "width_m": 6, "pt_i": 10 }, "geometry": { "type": "Point", "coordinates": [ 99.921560589832566, 15.392300797019622 ] } },
{ "type": "Feature", "properties": { "road_key": "61000000ST039.3", "road_name": "ถนนสาย แยก ทล.3321-บ้านหนองเขาหย่าง ช่วงที่ 3", "road_no": "0", "aumpher": "อำเภอหนองขาหย่าง", "office": "สาขาเมือง", "branch_code": "61000000", "name_short": "None", "price_new": 400, "price_old": 200, "width_m": 6, "pt_i": 11 }, "geometry": { "type": "Point", "coordinates": [ 99.921435590534784, 15.391266925540492 ] } },
{ "type": "Feature", "properties": { "road_key": "61000000ST039.4", "road_name": "ถนนสาย แยก ทล.3321-บ้านหนองเขาหย่าง ช่วงที่ 4", "road_no": "0", "aumpher": "อำเภอหนองขาหย่าง", "office": "สาขาเมือง", "branch_code": "61000000", "name_short": "None", "price_new": 350, "price_old": 200, "width_m": 6, "pt_i": 0 }, "geometry": { "type": "Point", "coordinates": [ 99.9302457171203, 15.435961506875708 ] } },
{ "type": "Feature", "properties": { "road_key": "61000000ST039.4", "road_name": "ถนนสาย แยก ทล.3321-บ้านหนองเขาหย่าง ช่วงที่ 4", "road_no": "0", "aumpher": "อำเภอหนองขาหย่าง", "office": "สาขาเมือง", "branch_code": "61000000", "name_short": "None", "price_new": 350, "price_old": 200, "width_m": 6, "pt_i": 1 }, "geometry": { "type": "Point", "coordinates": [ 99.929257049034803, 15.435455841621714 ] } },
{ "type": "Feature", "properties": { "road_key": "61000000ST039.4", "road_name": "ถนนสาย แยก ทล.3321-บ้านหนองเขาหย่าง ช่วงที่ 4", "road_no": "0", "aumpher": "อำเภอหนองขาหย่าง", "office": "สาขาเมือง", "branch_code": "61000000", "name_short": "None", "price_new": 350, "price_old": 200, "width_m": 6, "pt_i": 2 }, "geometry": { "type": "Point", "coordinates": [ 99.928272873533032, 15.434947331367255 ] } },
{ "type": "Feature", "properties": { "road_key": "61000000ST039.4", "road_name": "ถนนสาย แยก ทล.3321-บ้านหนองเขาหย่าง ช่วงที่ 4", "road_no": "0", "aumpher": "อำเภอหนองขาหย่าง", "office": "สาขาเมือง", "branch_code": "61000000", "name_short": "None", "price_new": 350, "price_old": 200, "width_m": 6, "pt_i": 3 }, "geometry": { "type": "Point", "coordinates": [ 99.927446882488596, 15.434217055770217 ] } },
{ "type": "Feature", "properties": { "road_key": "61000000ST039.4", "road_name": "ถนนสาย แยก ทล.3321-บ้านหนองเขาหย่าง ช่วงที่ 4", "road_no": "0", "aumpher": "อำเภอหนองขาหย่าง", "office": "สาขาเมือง", "branch_code": "61000000", "name_short": "None", "price_new": 350, "price_old": 200, "width_m": 6, "pt_i": 4 }, "geometry": { "type": "Point", "coordinates": [ 99.926640352057845, 15.433465906139547 ] } },
{ "type": "Feature", "properties": { "road_key": "61000000ST039.4", "road_name": "ถนนสาย แยก ทล.3321-บ้านหนองเขาหย่าง ช่วงที่ 4", "road_no": "0", "aumpher": "อำเภอหนองขาหย่าง", "office": "สาขาเมือง", "branch_code": "61000000", "name_short": "None", "price_new": 350, "price_old": 200, "width_m": 6, "pt_i": 5 }, "geometry": { "type": "Point", "coordinates": [ 99.925750405110151, 15.432819054957109 ] } },
{ "type": "Feature", "properties": { "road_key": "61000000ST039.4", "road_name": "ถนนสาย แยก ทล.3321-บ้านหนองเขาหย่าง ช่วงที่ 4", "road_no": "0", "aumpher": "อำเภอหนองขาหย่าง", "office": "สาขาเมือง", "branch_code": "61000000", "name_short": "None", "price_new": 350, "price_old": 200, "width_m": 6, "pt_i": 6 }, "geometry": { "type": "Point", "coordinates": [ 99.924821447904534, 15.432250150677437 ] } },
{ "type": "Feature", "properties": { "road_key": "61000000ST039.4", "road_name": "ถนนสาย แยก ทล.3321-บ้านหนองเขาหย่าง ช่วงที่ 4", "road_no": "0", "aumpher": "อำเภอหนองขาหย่าง", "office": "สาขาเมือง", "branch_code": "61000000", "name_short": "None", "price_new": 350, "price_old": 200, "width_m": 6, "pt_i": 7 }, "geometry": { "type": "Point", "coordinates": [ 99.924373213857422, 15.431258147857273 ] } },
{ "type": "Feature", "properties": { "road_key": "61000000ST039.4", "road_name": "ถนนสาย แยก ทล.3321-บ้านหนองเขาหย่าง ช่วงที่ 4", "road_no": "0", "aumpher": "อำเภอหนองขาหย่าง", "office": "สาขาเมือง", "branch_code": "61000000", "name_short": "None", "price_new": 350, "price_old": 200, "width_m": 6, "pt_i": 8 }, "geometry": { "type": "Point", "coordinates": [ 99.924364843347703, 15.43025055285473 ] } },
{ "type": "Feature", "properties": { "road_key": "61000000ST039.4", "road_name": "ถนนสาย แยก ทล.3321-บ้านหนองเขาหย่าง ช่วงที่ 4", "road_no": "0", "aumpher": "อำเภอหนองขาหย่าง", "office": "สาขาเมือง", "branch_code": "61000000", "name_short": "None", "price_new": 350, "price_old": 200, "width_m": 6, "pt_i": 9 }, "geometry": { "type": "Point", "coordinates": [ 99.924852091430708, 15.429274152561289 ] } },
{ "type": "Feature", "properties": { "road_key": "61000000ST039.4", "road_name": "ถนนสาย แยก ทล.3321-บ้านหนองเขาหย่าง ช่วงที่ 4", "road_no": "0", "aumpher": "อำเภอหนองขาหย่าง", "office": "สาขาเมือง", "branch_code": "61000000", "name_short": "None", "price_new": 350, "price_old": 200, "width_m": 6, "pt_i": 10 }, "geometry": { "type": "Point", "coordinates": [ 99.925324169988471, 15.428291120780854 ] } },
{ "type": "Feature", "properties": { "road_key": "61000000ST039.4", "road_name": "ถนนสาย แยก ทล.3321-บ้านหนองเขาหย่าง ช่วงที่ 4", "road_no": "0", "aumpher": "อำเภอหนองขาหย่าง", "office": "สาขาเมือง", "branch_code": "61000000", "name_short": "None", "price_new": 350, "price_old": 200, "width_m": 6, "pt_i": 11 }, "geometry": { "type": "Point", "coordinates": [ 99.925697210747899, 15.427272585393307 ] } },
{ "type": "Feature", "properties": { "road_key": "61000000ST039.4", "road_name": "ถนนสาย แยก ทล.3321-บ้านหนองเขาหย่าง ช่วงที่ 4", "road_no": "0", "aumpher": "อำเภอหนองขาหย่าง", "office": "สาขาเมือง", "branch_code": "61000000", "name_short": "None", "price_new": 350, "price_old": 200, "width_m": 6, "pt_i": 12 }, "geometry": { "type": "Point", "coordinates": [ 99.925919562622582, 15.42620971038837 ] } },
{ "type": "Feature", "properties": { "road_key": "61000000ST039.4", "road_name": "ถนนสาย แยก ทล.3321-บ้านหนองเขาหย่าง ช่วงที่ 4", "road_no": "0", "aumpher": "อำเภอหนองขาหย่าง", "office": "สาขาเมือง", "branch_code": "61000000", "name_short": "None", "price_new": 350, "price_old": 200, "width_m": 6, "pt_i": 13 }, "geometry": { "type": "Point", "coordinates": [ 99.926097864804547, 15.425138813150745 ] } },
{ "type": "Feature", "properties": { "road_key": "61000000ST039.4", "road_name": "ถนนสาย แยก ทล.3321-บ้านหนองเขาหย่าง ช่วงที่ 4", "road_no": "0", "aumpher": "อำเภอหนองขาหย่าง", "office": "สาขาเมือง", "branch_code": "61000000", "name_short": "None", "price_new": 350, "price_old": 200, "width_m": 6, "pt_i": 14 }, "geometry": { "type": "Point", "coordinates": [ 99.926192691159187, 15.42405834273919 ] } },
{ "type": "Feature", "properties": { "road_key": "61000000ST039.4", "road_name": "ถนนสาย แยก ทล.3321-บ้านหนองเขาหย่าง ช่วงที่ 4", "road_no": "0", "aumpher": "อำเภอหนองขาหย่าง", "office": "สาขาเมือง", "branch_code": "61000000", "name_short": "None", "price_new": 350, "price_old": 200, "width_m": 6, "pt_i": 15 }, "geometry": { "type": "Point", "coordinates": [ 99.925999066198955, 15.423001585510221 ] } },
{ "type": "Feature", "properties": { "road_key": "61000000ST039.4", "road_name": "ถนนสาย แยก ทล.3321-บ้านหนองเขาหย่าง ช่วงที่ 4", "road_no": "0", "aumpher": "อำเภอหนองขาหย่าง", "office": "สาขาเมือง", "branch_code": "61000000", "name_short": "None", "price_new": 350, "price_old": 200, "width_m": 6, "pt_i": 16 }, "geometry": { "type": "Point", "coordinates": [ 99.925810834454367, 15.421938990553107 ] } },
{ "type": "Feature", "properties": { "road_key": "61000000ST039.4", "road_name": "ถนนสาย แยก ทล.3321-บ้านหนองเขาหย่าง ช่วงที่ 4", "road_no": "0", "aumpher": "อำเภอหนองขาหย่าง", "office": "สาขาเมือง", "branch_code": "61000000", "name_short": "None", "price_new": 350, "price_old": 200, "width_m": 6, "pt_i": 17 }, "geometry": { "type": "Point", "coordinates": [ 99.925769977454451, 15.420854940378836 ] } },
{ "type": "Feature", "properties": { "road_key": "61000000ST039.4", "road_name": "ถนนสาย แยก ทล.3321-บ้านหนองเขาหย่าง ช่วงที่ 4", "road_no": "0", "aumpher": "อำเภอหนองขาหย่าง", "office": "สาขาเมือง", "branch_code": "61000000", "name_short": "None", "price_new": 350, "price_old": 200, "width_m": 6, "pt_i": 18 }, "geometry": { "type": "Point", "coordinates": [ 99.925693894082897, 15.41977301010918 ] } },
{ "type": "Feature", "properties": { "road_key": "61000000ST039.4", "road_name": "ถนนสาย แยก ทล.3321-บ้านหนองเขาหย่าง ช่วงที่ 4", "road_no": "0", "aumpher": "อำเภอหนองขาหย่าง", "office": "สาขาเมือง", "branch_code": "61000000", "name_short": "None", "price_new": 350, "price_old": 200, "width_m": 6, "pt_i": 19 }, "geometry": { "type": "Point", "coordinates": [ 99.925401631883929, 15.418726257389242 ] } },
{ "type": "Feature", "properties": { "road_key": "61000000ST039.4", "road_name": "ถนนสาย แยก ทล.3321-บ้านหนองเขาหย่าง ช่วงที่ 4", "road_no": "0", "aumpher": "อำเภอหนองขาหย่าง", "office": "สาขาเมือง", "branch_code": "61000000", "name_short": "None", "price_new": 350, "price_old": 200, "width_m": 6, "pt_i": 20 }, "geometry": { "type": "Point", "coordinates": [ 99.925154546992815, 15.417668880349408 ] } },
{ "type": "Feature", "properties": { "road_key": "61000000ST039.4", "road_name": "ถนนสาย แยก ทล.3321-บ้านหนองเขาหย่าง ช่วงที่ 4", "road_no": "0", "aumpher": "อำเภอหนองขาหย่าง", "office": "สาขาเมือง", "branch_code": "61000000", "name_short": "None", "price_new": 350, "price_old": 200, "width_m": 6, "pt_i": 21 }, "geometry": { "type": "Point", "coordinates": [ 99.924927170799222, 15.416606766699408 ] } },
{ "type": "Feature", "properties": { "road_key": "61000000ST039.4", "road_name": "ถนนสาย แยก ทล.3321-บ้านหนองเขาหย่าง ช่วงที่ 4", "road_no": "0", "aumpher": "อำเภอหนองขาหย่าง", "office": "สาขาเมือง", "branch_code": "61000000", "name_short": "None", "price_new": 350, "price_old": 200, "width_m": 6, "pt_i": 22 }, "geometry": { "type": "Point", "coordinates": [ 99.924700958666207, 15.415544418478619 ] } },
{ "type": "Feature", "properties": { "road_key": "61000000ST039.4", "road_name": "ถนนสาย แยก ทล.3321-บ้านหนองเขาหย่าง ช่วงที่ 4", "road_no": "0", "aumpher": "อำเภอหนองขาหย่าง", "office": "สาขาเมือง", "branch_code": "61000000", "name_short": "None", "price_new": 350, "price_old": 200, "width_m": 6, "pt_i": 23 }, "geometry": { "type": "Point", "coordinates": [ 99.924519235643928, 15.414474900869546 ] } },
{ "type": "Feature", "properties": { "road_key": "61000000ST039.4", "road_name": "ถนนสาย แยก ทล.3321-บ้านหนองเขาหย่าง ช่วงที่ 4", "road_no": "0", "aumpher": "อำเภอหนองขาหย่าง", "office": "สาขาเมือง", "branch_code": "61000000", "name_short": "None", "price_new": 350, "price_old": 200, "width_m": 6, "pt_i": 24 }, "geometry": { "type": "Point", "coordinates": [ 99.924581000047723, 15.413393344150153 ] } },
{ "type": "Feature", "properties": { "road_key": "61000000ST039.4", "road_name": "ถนนสาย แยก ทล.3321-บ้านหนองเขาหย่าง ช่วงที่ 4", "road_no": "0", "aumpher": "อำเภอหนองขาหย่าง", "office": "สาขาเมือง", "branch_code": "61000000", "name_short": "None", "price_new": 350, "price_old": 200, "width_m": 6, "pt_i": 25 }, "geometry": { "type": "Point", "coordinates": [ 99.924536777254488, 15.412315779987711 ] } },
{ "type": "Feature", "properties": { "road_key": "61000000ST039.4", "road_name": "ถนนสาย แยก ทล.3321-บ้านหนองเขาหย่าง ช่วงที่ 4", "road_no": "0", "aumpher": "อำเภอหนองขาหย่าง", "office": "สาขาเมือง", "branch_code": "61000000", "name_short": "None", "price_new": 350, "price_old": 200, "width_m": 6, "pt_i": 26 }, "geometry": { "type": "Point", "coordinates": [ 99.924364233188641, 15.411244033552995 ] } },
{ "type": "Feature", "properties": { "road_key": "61000000ST039.4", "road_name": "ถนนสาย แยก ทล.3321-บ้านหนองเขาหย่าง ช่วงที่ 4", "road_no": "0", "aumpher": "อำเภอหนองขาหย่าง", "office": "สาขาเมือง", "branch_code": "61000000", "name_short": "None", "price_new": 350, "price_old": 200, "width_m": 6, "pt_i": 27 }, "geometry": { "type": "Point", "coordinates": [ 99.924183700596899, 15.410173488107299 ] } },
{ "type": "Feature", "properties": { "road_key": "61000000ST039.4", "road_name": "ถนนสาย แยก ทล.3321-บ้านหนองเขาหย่าง ช่วงที่ 4", "road_no": "0", "aumpher": "อำเภอหนองขาหย่าง", "office": "สาขาเมือง", "branch_code": "61000000", "name_short": "None", "price_new": 350, "price_old": 200, "width_m": 6, "pt_i": 28 }, "geometry": { "type": "Point", "coordinates": [ 99.924003810397295, 15.409102843013507 ] } },
{ "type": "Feature", "properties": { "road_key": "61000000ST039.4", "road_name": "ถนนสาย แยก ทล.3321-บ้านหนองเขาหย่าง ช่วงที่ 4", "road_no": "0", "aumpher": "อำเภอหนองขาหย่าง", "office": "สาขาเมือง", "branch_code": "61000000", "name_short": "None", "price_new": 350, "price_old": 200, "width_m": 6, "pt_i": 29 }, "geometry": { "type": "Point", "coordinates": [ 99.923827013123031, 15.408031720792689 ] } },
{ "type": "Feature", "properties": { "road_key": "61000000ST039.4", "road_name": "ถนนสาย แยก ทล.3321-บ้านหนองเขาหย่าง ช่วงที่ 4", "road_no": "0", "aumpher": "อำเภอหนองขาหย่าง", "office": "สาขาเมือง", "branch_code": "61000000", "name_short": "None", "price_new": 350, "price_old": 200, "width_m": 6, "pt_i": 30 }, "geometry": { "type": "Point", "coordinates": [ 99.923645136745606, 15.406961389403378 ] } },
{ "type": "Feature", "properties": { "road_key": "61000000ST039.4", "road_name": "ถนนสาย แยก ทล.3321-บ้านหนองเขาหย่าง ช่วงที่ 4", "road_no": "0", "aumpher": "อำเภอหนองขาหย่าง", "office": "สาขาเมือง", "branch_code": "61000000", "name_short": "None", "price_new": 350, "price_old": 200, "width_m": 6, "pt_i": 31 }, "geometry": { "type": "Point", "coordinates": [ 99.923455473684626, 15.405898506619653 ] } },
{ "type": "Feature", "properties": { "road_key": "61000000ST039.4", "road_name": "ถนนสาย แยก ทล.3321-บ้านหนองเขาหย่าง ช่วงที่ 4", "road_no": "0", "aumpher": "อำเภอหนองขาหย่าง", "office": "สาขาเมือง", "branch_code": "61000000", "name_short": "None", "price_new": 350, "price_old": 200, "width_m": 6, "pt_i": 32 }, "geometry": { "type": "Point", "coordinates": [ 99.922918283144483, 15.40495041139884 ] } },
{ "type": "Feature", "properties": { "road_key": "61000000ST039.4", "road_name": "ถนนสาย แยก ทล.3321-บ้านหนองเขาหย่าง ช่วงที่ 4", "road_no": "0", "aumpher": "อำเภอหนองขาหย่าง", "office": "สาขาเมือง", "branch_code": "61000000", "name_short": "None", "price_new": 350, "price_old": 200, "width_m": 6, "pt_i": 33 }, "geometry": { "type": "Point", "coordinates": [ 99.922281181239015, 15.404059610843152 ] } },
{ "type": "Feature", "properties": { "road_key": "61000000ST039.4", "road_name": "ถนนสาย แยก ทล.3321-บ้านหนองเขาหย่าง ช่วงที่ 4", "road_no": "0", "aumpher": "อำเภอหนองขาหย่าง", "office": "สาขาเมือง", "branch_code": "61000000", "name_short": "None", "price_new": 350, "price_old": 200, "width_m": 6, "pt_i": 34 }, "geometry": { "type": "Point", "coordinates": [ 99.921623623393202, 15.403182220152447 ] } },
{ "type": "Feature", "properties": { "road_key": "61000000ST039.4", "road_name": "ถนนสาย แยก ทล.3321-บ้านหนองเขาหย่าง ช่วงที่ 4", "road_no": "0", "aumpher": "อำเภอหนองขาหย่าง", "office": "สาขาเมือง", "branch_code": "61000000", "name_short": "None", "price_new": 350, "price_old": 200, "width_m": 6, "pt_i": 35 }, "geometry": { "type": "Point", "coordinates": [ 99.920952380848448, 15.402314719497207 ] } },
{ "type": "Feature", "properties": { "road_key": "61000000ST039.4", "road_name": "ถนนสาย แยก ทล.3321-บ้านหนองเขาหย่าง ช่วงที่ 4", "road_no": "0", "aumpher": "อำเภอหนองขาหย่าง", "office": "สาขาเมือง", "branch_code": "61000000", "name_short": "None", "price_new": 350, "price_old": 200, "width_m": 6, "pt_i": 36 }, "geometry": { "type": "Point", "coordinates": [ 99.920274138704187, 15.401452278288961 ] } },
{ "type": "Feature", "properties": { "road_key": "61000000ST039.4", "road_name": "ถนนสาย แยก ทล.3321-บ้านหนองเขาหย่าง ช่วงที่ 4", "road_no": "0", "aumpher": "อำเภอหนองขาหย่าง", "office": "สาขาเมือง", "branch_code": "61000000", "name_short": "None", "price_new": 350, "price_old": 200, "width_m": 6, "pt_i": 37 }, "geometry": { "type": "Point", "coordinates": [ 99.919595902237589, 15.40058983463898 ] } },
{ "type": "Feature", "properties": { "road_key": "61000000ST041.4", "road_name": "ถนนสายโคกหม้อ-บ้านบึงทับแต้ ช่วงที่ 4", "road_no": "0", "aumpher": "อำเภอหนองขาหย่าง", "office": "สาขาเมือง", "branch_code": "61000000", "name_short": "None", "price_new": 1000, "price_old": 1000, "width_m": 8, "pt_i": 0 }, "geometry": { "type": "Point", "coordinates": [ 100.002611552328531, 15.343446522890995 ] } },
{ "type": "Feature", "properties": { "road_key": "61000000ST041.4", "road_name": "ถนนสายโคกหม้อ-บ้านบึงทับแต้ ช่วงที่ 4", "road_no": "0", "aumpher": "อำเภอหนองขาหย่าง", "office": "สาขาเมือง", "branch_code": "61000000", "name_short": "None", "price_new": 1000, "price_old": 1000, "width_m": 8, "pt_i": 1 }, "geometry": { "type": "Point", "coordinates": [ 100.002933676672896, 15.344479902073079 ] } },
{ "type": "Feature", "properties": { "road_key": "61000000ST041.4", "road_name": "ถนนสายโคกหม้อ-บ้านบึงทับแต้ ช่วงที่ 4", "road_no": "0", "aumpher": "อำเภอหนองขาหย่าง", "office": "สาขาเมือง", "branch_code": "61000000", "name_short": "None", "price_new": 1000, "price_old": 1000, "width_m": 8, "pt_i": 2 }, "geometry": { "type": "Point", "coordinates": [ 100.003074030609795, 15.345555839699516 ] } },
{ "type": "Feature", "properties": { "road_key": "61000000ST041.4", "road_name": "ถนนสายโคกหม้อ-บ้านบึงทับแต้ ช่วงที่ 4", "road_no": "0", "aumpher": "อำเภอหนองขาหย่าง", "office": "สาขาเมือง", "branch_code": "61000000", "name_short": "None", "price_new": 1000, "price_old": 1000, "width_m": 8, "pt_i": 3 }, "geometry": { "type": "Point", "coordinates": [ 100.002989022619843, 15.346624290229695 ] } },
{ "type": "Feature", "properties": { "road_key": "61000000ST041.4", "road_name": "ถนนสายโคกหม้อ-บ้านบึงทับแต้ ช่วงที่ 4", "road_no": "0", "aumpher": "อำเภอหนองขาหย่าง", "office": "สาขาเมือง", "branch_code": "61000000", "name_short": "None", "price_new": 1000, "price_old": 1000, "width_m": 8, "pt_i": 4 }, "geometry": { "type": "Point", "coordinates": [ 100.00280692275804, 15.347693972408701 ] } },
{ "type": "Feature", "properties": { "road_key": "61000000ST043.2", "road_name": "ถนนสายทัพทัน-ดอนกลอย ช่วงที่ 2", "road_no": "0", "aumpher": "อำเภอหนองขาหย่าง", "office": "สาขาเมือง", "branch_code": "61000000", "name_short": "None", "price_new": 400, "price_old": 200, "width_m": 6, "pt_i": 0 }, "geometry": { "type": "Point", "coordinates": [ 99.901193819715374, 15.410286490057516 ] } },
{ "type": "Feature", "properties": { "road_key": "61000000ST043.2", "road_name": "ถนนสายทัพทัน-ดอนกลอย ช่วงที่ 2", "road_no": "0", "aumpher": "อำเภอหนองขาหย่าง", "office": "สาขาเมือง", "branch_code": "61000000", "name_short": "None", "price_new": 400, "price_old": 200, "width_m": 6, "pt_i": 1 }, "geometry": { "type": "Point", "coordinates": [ 99.900788691180239, 15.411271262532264 ] } },
{ "type": "Feature", "properties": { "road_key": "61000000ST043.2", "road_name": "ถนนสายทัพทัน-ดอนกลอย ช่วงที่ 2", "road_no": "0", "aumpher": "อำเภอหนองขาหย่าง", "office": "สาขาเมือง", "branch_code": "61000000", "name_short": "None", "price_new": 400, "price_old": 200, "width_m": 6, "pt_i": 2 }, "geometry": { "type": "Point", "coordinates": [ 99.900437355575875, 15.412301113212751 ] } },
{ "type": "Feature", "properties": { "road_key": "61000000ST043.2", "road_name": "ถนนสายทัพทัน-ดอนกลอย ช่วงที่ 2", "road_no": "0", "aumpher": "อำเภอหนองขาหย่าง", "office": "สาขาเมือง", "branch_code": "61000000", "name_short": "None", "price_new": 400, "price_old": 200, "width_m": 6, "pt_i": 3 }, "geometry": { "type": "Point", "coordinates": [ 99.900179165227698, 15.413354567039512 ] } },
{ "type": "Feature", "properties": { "road_key": "61000000ST043.2", "road_name": "ถนนสายทัพทัน-ดอนกลอย ช่วงที่ 2", "road_no": "0", "aumpher": "อำเภอหนองขาหย่าง", "office": "สาขาเมือง", "branch_code": "61000000", "name_short": "None", "price_new": 400, "price_old": 200, "width_m": 6, "pt_i": 4 }, "geometry": { "type": "Point", "coordinates": [ 99.899986017540755, 15.414423045138703 ] } },
{ "type": "Feature", "properties": { "road_key": "61000000ST043.2", "road_name": "ถนนสายทัพทัน-ดอนกลอย ช่วงที่ 2", "road_no": "0", "aumpher": "อำเภอหนองขาหย่าง", "office": "สาขาเมือง", "branch_code": "61000000", "name_short": "None", "price_new": 400, "price_old": 200, "width_m": 6, "pt_i": 5 }, "geometry": { "type": "Point", "coordinates": [ 99.899787004108589, 15.415490493309379 ] } },
{ "type": "Feature", "properties": { "road_key": "61000000ST043.2", "road_name": "ถนนสายทัพทัน-ดอนกลอย ช่วงที่ 2", "road_no": "0", "aumpher": "อำเภอหนองขาหย่าง", "office": "สาขาเมือง", "branch_code": "61000000", "name_short": "None", "price_new": 400, "price_old": 200, "width_m": 6, "pt_i": 6 }, "geometry": { "type": "Point", "coordinates": [ 99.899646167365134, 15.416560300697206 ] } },
{ "type": "Feature", "properties": { "road_key": "61000000ST043.2", "road_name": "ถนนสายทัพทัน-ดอนกลอย ช่วงที่ 2", "road_no": "0", "aumpher": "อำเภอหนองขาหย่าง", "office": "สาขาเมือง", "branch_code": "61000000", "name_short": "None", "price_new": 400, "price_old": 200, "width_m": 6, "pt_i": 7 }, "geometry": { "type": "Point", "coordinates": [ 99.899810168161167, 15.417632739368015 ] } },
{ "type": "Feature", "properties": { "road_key": "61000000ST043.2", "road_name": "ถนนสายทัพทัน-ดอนกลอย ช่วงที่ 2", "road_no": "0", "aumpher": "อำเภอหนองขาหย่าง", "office": "สาขาเมือง", "branch_code": "61000000", "name_short": "None", "price_new": 400, "price_old": 200, "width_m": 6, "pt_i": 8 }, "geometry": { "type": "Point", "coordinates": [ 99.899740602145712, 15.418714429076882 ] } },
{ "type": "Feature", "properties": { "road_key": "61000000ST043.2", "road_name": "ถนนสายทัพทัน-ดอนกลอย ช่วงที่ 2", "road_no": "0", "aumpher": "อำเภอหนองขาหย่าง", "office": "สาขาเมือง", "branch_code": "61000000", "name_short": "None", "price_new": 400, "price_old": 200, "width_m": 6, "pt_i": 9 }, "geometry": { "type": "Point", "coordinates": [ 99.899646475171053, 15.419795344371517 ] } },
{ "type": "Feature", "properties": { "road_key": "61000000ST043.2", "road_name": "ถนนสายทัพทัน-ดอนกลอย ช่วงที่ 2", "road_no": "0", "aumpher": "อำเภอหนองขาหย่าง", "office": "สาขาเมือง", "branch_code": "61000000", "name_short": "None", "price_new": 400, "price_old": 200, "width_m": 6, "pt_i": 10 }, "geometry": { "type": "Point", "coordinates": [ 99.899557140442269, 15.420876659206726 ] } },
{ "type": "Feature", "properties": { "road_key": "61000000ST043.2", "road_name": "ถนนสายทัพทัน-ดอนกลอย ช่วงที่ 2", "road_no": "0", "aumpher": "อำเภอหนองขาหย่าง", "office": "สาขาเมือง", "branch_code": "61000000", "name_short": "None", "price_new": 400, "price_old": 200, "width_m": 6, "pt_i": 11 }, "geometry": { "type": "Point", "coordinates": [ 99.899575990294593, 15.421957617309594 ] } },
{ "type": "Feature", "properties": { "road_key": "61000000ST043.2", "road_name": "ถนนสายทัพทัน-ดอนกลอย ช่วงที่ 2", "road_no": "0", "aumpher": "อำเภอหนองขาหย่าง", "office": "สาขาเมือง", "branch_code": "61000000", "name_short": "None", "price_new": 400, "price_old": 200, "width_m": 6, "pt_i": 12 }, "geometry": { "type": "Point", "coordinates": [ 99.899609386222451, 15.423021701230484 ] } },
{ "type": "Feature", "properties": { "road_key": "61000000ST043.2", "road_name": "ถนนสายทัพทัน-ดอนกลอย ช่วงที่ 2", "road_no": "0", "aumpher": "อำเภอหนองขาหย่าง", "office": "สาขาเมือง", "branch_code": "61000000", "name_short": "None", "price_new": 400, "price_old": 200, "width_m": 6, "pt_i": 13 }, "geometry": { "type": "Point", "coordinates": [ 99.899058249084632, 15.423964415821375 ] } },
{ "type": "Feature", "properties": { "road_key": "61000000ST043.2", "road_name": "ถนนสายทัพทัน-ดอนกลอย ช่วงที่ 2", "road_no": "0", "aumpher": "อำเภอหนองขาหย่าง", "office": "สาขาเมือง", "branch_code": "61000000", "name_short": "None", "price_new": 400, "price_old": 200, "width_m": 6, "pt_i": 14 }, "geometry": { "type": "Point", "coordinates": [ 99.89921313255806, 15.425026267735198 ] } },
{ "type": "Feature", "properties": { "road_key": "61000000ST043.2", "road_name": "ถนนสายทัพทัน-ดอนกลอย ช่วงที่ 2", "road_no": "0", "aumpher": "อำเภอหนองขาหย่าง", "office": "สาขาเมือง", "branch_code": "61000000", "name_short": "None", "price_new": 400, "price_old": 200, "width_m": 6, "pt_i": 15 }, "geometry": { "type": "Point", "coordinates": [ 99.899446394721949, 15.426087188959123 ] } },
{ "type": "Feature", "properties": { "road_key": "61000000ST043.2", "road_name": "ถนนสายทัพทัน-ดอนกลอย ช่วงที่ 2", "road_no": "0", "aumpher": "อำเภอหนองขาหย่าง", "office": "สาขาเมือง", "branch_code": "61000000", "name_short": "None", "price_new": 400, "price_old": 200, "width_m": 6, "pt_i": 16 }, "geometry": { "type": "Point", "coordinates": [ 99.899969464409978, 15.427020495665474 ] } },
{ "type": "Feature", "properties": { "road_key": "61000000ST043.2", "road_name": "ถนนสายทัพทัน-ดอนกลอย ช่วงที่ 2", "road_no": "0", "aumpher": "อำเภอหนองขาหย่าง", "office": "สาขาเมือง", "branch_code": "61000000", "name_short": "None", "price_new": 400, "price_old": 200, "width_m": 6, "pt_i": 17 }, "geometry": { "type": "Point", "coordinates": [ 99.900323415648046, 15.428032113781391 ] } },
{ "type": "Feature", "properties": { "road_key": "61000000ST043.2", "road_name": "ถนนสายทัพทัน-ดอนกลอย ช่วงที่ 2", "road_no": "0", "aumpher": "อำเภอหนองขาหย่าง", "office": "สาขาเมือง", "branch_code": "61000000", "name_short": "None", "price_new": 400, "price_old": 200, "width_m": 6, "pt_i": 18 }, "geometry": { "type": "Point", "coordinates": [ 99.900446737226503, 15.429110278974822 ] } },
{ "type": "Feature", "properties": { "road_key": "61000000ST043.2", "road_name": "ถนนสายทัพทัน-ดอนกลอย ช่วงที่ 2", "road_no": "0", "aumpher": "อำเภอหนองขาหย่าง", "office": "สาขาเมือง", "branch_code": "61000000", "name_short": "None", "price_new": 400, "price_old": 200, "width_m": 6, "pt_i": 19 }, "geometry": { "type": "Point", "coordinates": [ 99.900447494149901, 15.430194761033603 ] } },
{ "type": "Feature", "properties": { "road_key": "61000000ST043.3", "road_name": "ถนนสายทัพทัน-ดอนกลอย ช่วงที่ 3", "road_no": "0", "aumpher": "อำเภอหนองขาหย่าง", "office": "สาขาเมือง", "branch_code": "61000000", "name_short": "None", "price_new": 350, "price_old": 200, "width_m": 6, "pt_i": 0 }, "geometry": { "type": "Point", "coordinates": [ 99.918588229041262, 15.399200442431372 ] } },
{ "type": "Feature", "properties": { "road_key": "61000000ST043.3", "road_name": "ถนนสายทัพทัน-ดอนกลอย ช่วงที่ 3", "road_no": "0", "aumpher": "อำเภอหนองขาหย่าง", "office": "สาขาเมือง", "branch_code": "61000000", "name_short": "None", "price_new": 350, "price_old": 200, "width_m": 6, "pt_i": 1 }, "geometry": { "type": "Point", "coordinates": [ 99.918224559857023, 15.400222966269785 ] } },
{ "type": "Feature", "properties": { "road_key": "61000000ST043.3", "road_name": "ถนนสายทัพทัน-ดอนกลอย ช่วงที่ 3", "road_no": "0", "aumpher": "อำเภอหนองขาหย่าง", "office": "สาขาเมือง", "branch_code": "61000000", "name_short": "None", "price_new": 350, "price_old": 200, "width_m": 6, "pt_i": 2 }, "geometry": { "type": "Point", "coordinates": [ 99.917443879980937, 15.40099236077104 ] } },
{ "type": "Feature", "properties": { "road_key": "61000000ST043.3", "road_name": "ถนนสายทัพทัน-ดอนกลอย ช่วงที่ 3", "road_no": "0", "aumpher": "อำเภอหนองขาหย่าง", "office": "สาขาเมือง", "branch_code": "61000000", "name_short": "None", "price_new": 350, "price_old": 200, "width_m": 6, "pt_i": 3 }, "geometry": { "type": "Point", "coordinates": [ 99.916843434854911, 15.401900743516881 ] } },
{ "type": "Feature", "properties": { "road_key": "61000000ST043.3", "road_name": "ถนนสายทัพทัน-ดอนกลอย ช่วงที่ 3", "road_no": "0", "aumpher": "อำเภอหนองขาหย่าง", "office": "สาขาเมือง", "branch_code": "61000000", "name_short": "None", "price_new": 350, "price_old": 200, "width_m": 6, "pt_i": 4 }, "geometry": { "type": "Point", "coordinates": [ 99.915937901538996, 15.402521505884717 ] } },
{ "type": "Feature", "properties": { "road_key": "61000000ST043.3", "road_name": "ถนนสายทัพทัน-ดอนกลอย ช่วงที่ 3", "road_no": "0", "aumpher": "อำเภอหนองขาหย่าง", "office": "สาขาเมือง", "branch_code": "61000000", "name_short": "None", "price_new": 350, "price_old": 200, "width_m": 6, "pt_i": 5 }, "geometry": { "type": "Point", "coordinates": [ 99.91508164523249, 15.403043509098 ] } },
{ "type": "Feature", "properties": { "road_key": "61000000ST043.3", "road_name": "ถนนสายทัพทัน-ดอนกลอย ช่วงที่ 3", "road_no": "0", "aumpher": "อำเภอหนองขาหย่าง", "office": "สาขาเมือง", "branch_code": "61000000", "name_short": "None", "price_new": 350, "price_old": 200, "width_m": 6, "pt_i": 6 }, "geometry": { "type": "Point", "coordinates": [ 99.914599667435837, 15.404017187772316 ] } },
{ "type": "Feature", "properties": { "road_key": "61000000ST043.3", "road_name": "ถนนสายทัพทัน-ดอนกลอย ช่วงที่ 3", "road_no": "0", "aumpher": "อำเภอหนองขาหย่าง", "office": "สาขาเมือง", "branch_code": "61000000", "name_short": "None", "price_new": 350, "price_old": 200, "width_m": 6, "pt_i": 7 }, "geometry": { "type": "Point", "coordinates": [ 99.913603952492352, 15.404403934139738 ] } },
{ "type": "Feature", "properties": { "road_key": "61000000ST043.3", "road_name": "ถนนสายทัพทัน-ดอนกลอย ช่วงที่ 3", "road_no": "0", "aumpher": "อำเภอหนองขาหย่าง", "office": "สาขาเมือง", "branch_code": "61000000", "name_short": "None", "price_new": 350, "price_old": 200, "width_m": 6, "pt_i": 8 }, "geometry": { "type": "Point", "coordinates": [ 99.912543869410925, 15.404344337777154 ] } },
{ "type": "Feature", "properties": { "road_key": "61000000ST043.3", "road_name": "ถนนสายทัพทัน-ดอนกลอย ช่วงที่ 3", "road_no": "0", "aumpher": "อำเภอหนองขาหย่าง", "office": "สาขาเมือง", "branch_code": "61000000", "name_short": "None", "price_new": 350, "price_old": 200, "width_m": 6, "pt_i": 9 }, "geometry": { "type": "Point", "coordinates": [ 99.911735672459159, 15.40508535450612 ] } },
{ "type": "Feature", "properties": { "road_key": "61000000ST043.3", "road_name": "ถนนสายทัพทัน-ดอนกลอย ช่วงที่ 3", "road_no": "0", "aumpher": "อำเภอหนองขาหย่าง", "office": "สาขาเมือง", "branch_code": "61000000", "name_short": "None", "price_new": 350, "price_old": 200, "width_m": 6, "pt_i": 10 }, "geometry": { "type": "Point", "coordinates": [ 99.910889740886759, 15.405793791659724 ] } },
{ "type": "Feature", "properties": { "road_key": "61000000ST043.3", "road_name": "ถนนสายทัพทัน-ดอนกลอย ช่วงที่ 3", "road_no": "0", "aumpher": "อำเภอหนองขาหย่าง", "office": "สาขาเมือง", "branch_code": "61000000", "name_short": "None", "price_new": 350, "price_old": 200, "width_m": 6, "pt_i": 11 }, "geometry": { "type": "Point", "coordinates": [ 99.910570406194495, 15.406803189215696 ] } },
{ "type": "Feature", "properties": { "road_key": "61000000ST043.3", "road_name": "ถนนสายทัพทัน-ดอนกลอย ช่วงที่ 3", "road_no": "0", "aumpher": "อำเภอหนองขาหย่าง", "office": "สาขาเมือง", "branch_code": "61000000", "name_short": "None", "price_new": 350, "price_old": 200, "width_m": 6, "pt_i": 12 }, "geometry": { "type": "Point", "coordinates": [ 99.909891550350565, 15.407530612130909 ] } },
{ "type": "Feature", "properties": { "road_key": "61000000ST043.3", "road_name": "ถนนสายทัพทัน-ดอนกลอย ช่วงที่ 3", "road_no": "0", "aumpher": "อำเภอหนองขาหย่าง", "office": "สาขาเมือง", "branch_code": "61000000", "name_short": "None", "price_new": 350, "price_old": 200, "width_m": 6, "pt_i": 13 }, "geometry": { "type": "Point", "coordinates": [ 99.908867739574035, 15.407966855612022 ] } },
{ "type": "Feature", "properties": { "road_key": "61000000ST043.3", "road_name": "ถนนสายทัพทัน-ดอนกลอย ช่วงที่ 3", "road_no": "0", "aumpher": "อำเภอหนองขาหย่าง", "office": "สาขาเมือง", "branch_code": "61000000", "name_short": "None", "price_new": 350, "price_old": 200, "width_m": 6, "pt_i": 14 }, "geometry": { "type": "Point", "coordinates": [ 99.907866689688888, 15.408448253531791 ] } },
{ "type": "Feature", "properties": { "road_key": "61000000ST043.3", "road_name": "ถนนสายทัพทัน-ดอนกลอย ช่วงที่ 3", "road_no": "0", "aumpher": "อำเภอหนองขาหย่าง", "office": "สาขาเมือง", "branch_code": "61000000", "name_short": "None", "price_new": 350, "price_old": 200, "width_m": 6, "pt_i": 15 }, "geometry": { "type": "Point", "coordinates": [ 99.906932841862769, 15.409042567508397 ] } },
{ "type": "Feature", "properties": { "road_key": "61000000ST043.3", "road_name": "ถนนสายทัพทัน-ดอนกลอย ช่วงที่ 3", "road_no": "0", "aumpher": "อำเภอหนองขาหย่าง", "office": "สาขาเมือง", "branch_code": "61000000", "name_short": "None", "price_new": 350, "price_old": 200, "width_m": 6, "pt_i": 16 }, "geometry": { "type": "Point", "coordinates": [ 99.906030055092614, 15.409679529582114 ] } },
{ "type": "Feature", "properties": { "road_key": "61000000ST043.3", "road_name": "ถนนสายทัพทัน-ดอนกลอย ช่วงที่ 3", "road_no": "0", "aumpher": "อำเภอหนองขาหย่าง", "office": "สาขาเมือง", "branch_code": "61000000", "name_short": "None", "price_new": 350, "price_old": 200, "width_m": 6, "pt_i": 17 }, "geometry": { "type": "Point", "coordinates": [ 99.904944599801254, 15.409898782192485 ] } },
{ "type": "Feature", "properties": { "road_key": "61000000ST043.3", "road_name": "ถนนสายทัพทัน-ดอนกลอย ช่วงที่ 3", "road_no": "0", "aumpher": "อำเภอหนองขาหย่าง", "office": "สาขาเมือง", "branch_code": "61000000", "name_short": "None", "price_new": 350, "price_old": 200, "width_m": 6, "pt_i": 18 }, "geometry": { "type": "Point", "coordinates": [ 99.90383365632951, 15.410022390080735 ] } },
{ "type": "Feature", "properties": { "road_key": "61000000ST043.3", "road_name": "ถนนสายทัพทัน-ดอนกลอย ช่วงที่ 3", "road_no": "0", "aumpher": "อำเภอหนองขาหย่าง", "office": "สาขาเมือง", "branch_code": "61000000", "name_short": "None", "price_new": 350, "price_old": 200, "width_m": 6, "pt_i": 19 }, "geometry": { "type": "Point", "coordinates": [ 99.902751678075305, 15.410253855915547 ] } },
{ "type": "Feature", "properties": { "road_key": "61000000ST043.3", "road_name": "ถนนสายทัพทัน-ดอนกลอย ช่วงที่ 3", "road_no": "0", "aumpher": "อำเภอหนองขาหย่าง", "office": "สาขาเมือง", "branch_code": "61000000", "name_short": "None", "price_new": 350, "price_old": 200, "width_m": 6, "pt_i": 20 }, "geometry": { "type": "Point", "coordinates": [ 99.901690484779067, 15.410348473524859 ] } },
{ "type": "Feature", "properties": { "road_key": "61000000ST046", "road_name": "ถนนสายบ้านเก่า - ทุ่งพึ่ง", "road_no": "0", "aumpher": "อำเภอหนองขาหย่าง", "office": "สาขาเมือง", "branch_code": "61000000", "name_short": "None", "price_new": 250, "price_old": 200, "width_m": 4, "pt_i": 0 }, "geometry": { "type": "Point", "coordinates": [ 99.898489842531774, 15.409700650793614 ] } },
{ "type": "Feature", "properties": { "road_key": "61000000ST046", "road_name": "ถนนสายบ้านเก่า - ทุ่งพึ่ง", "road_no": "0", "aumpher": "อำเภอหนองขาหย่าง", "office": "สาขาเมือง", "branch_code": "61000000", "name_short": "None", "price_new": 250, "price_old": 200, "width_m": 4, "pt_i": 1 }, "geometry": { "type": "Point", "coordinates": [ 99.898287343893031, 15.408641161794451 ] } },
{ "type": "Feature", "properties": { "road_key": "61000000ST046", "road_name": "ถนนสายบ้านเก่า - ทุ่งพึ่ง", "road_no": "0", "aumpher": "อำเภอหนองขาหย่าง", "office": "สาขาเมือง", "branch_code": "61000000", "name_short": "None", "price_new": 250, "price_old": 200, "width_m": 4, "pt_i": 2 }, "geometry": { "type": "Point", "coordinates": [ 99.897770022035786, 15.407710114116268 ] } },
{ "type": "Feature", "properties": { "road_key": "61000000ST046", "road_name": "ถนนสายบ้านเก่า - ทุ่งพึ่ง", "road_no": "0", "aumpher": "อำเภอหนองขาหย่าง", "office": "สาขาเมือง", "branch_code": "61000000", "name_short": "None", "price_new": 250, "price_old": 200, "width_m": 4, "pt_i": 3 }, "geometry": { "type": "Point", "coordinates": [ 99.896681710206011, 15.407466546899935 ] } },
{ "type": "Feature", "properties": { "road_key": "61000000ST046", "road_name": "ถนนสายบ้านเก่า - ทุ่งพึ่ง", "road_no": "0", "aumpher": "อำเภอหนองขาหย่าง", "office": "สาขาเมือง", "branch_code": "61000000", "name_short": "None", "price_new": 250, "price_old": 200, "width_m": 4, "pt_i": 4 }, "geometry": { "type": "Point", "coordinates": [ 99.895969102773279, 15.406704544881684 ] } },
{ "type": "Feature", "properties": { "road_key": "61000000ST046", "road_name": "ถนนสายบ้านเก่า - ทุ่งพึ่ง", "road_no": "0", "aumpher": "อำเภอหนองขาหย่าง", "office": "สาขาเมือง", "branch_code": "61000000", "name_short": "None", "price_new": 250, "price_old": 200, "width_m": 4, "pt_i": 5 }, "geometry": { "type": "Point", "coordinates": [ 99.89495052771926, 15.406286078218276 ] } },
{ "type": "Feature", "properties": { "road_key": "61000000ST046", "road_name": "ถนนสายบ้านเก่า - ทุ่งพึ่ง", "road_no": "0", "aumpher": "อำเภอหนองขาหย่าง", "office": "สาขาเมือง", "branch_code": "61000000", "name_short": "None", "price_new": 250, "price_old": 200, "width_m": 4, "pt_i": 6 }, "geometry": { "type": "Point", "coordinates": [ 99.893863682854985, 15.406137057982647 ] } },
{ "type": "Feature", "properties": { "road_key": "61000000ST046", "road_name": "ถนนสายบ้านเก่า - ทุ่งพึ่ง", "road_no": "0", "aumpher": "อำเภอหนองขาหย่าง", "office": "สาขาเมือง", "branch_code": "61000000", "name_short": "None", "price_new": 250, "price_old": 200, "width_m": 4, "pt_i": 7 }, "geometry": { "type": "Point", "coordinates": [ 99.893133914215852, 15.405382993551596 ] } },
{ "type": "Feature", "properties": { "road_key": "61000000ST046", "road_name": "ถนนสายบ้านเก่า - ทุ่งพึ่ง", "road_no": "0", "aumpher": "อำเภอหนองขาหย่าง", "office": "สาขาเมือง", "branch_code": "61000000", "name_short": "None", "price_new": 250, "price_old": 200, "width_m": 4, "pt_i": 8 }, "geometry": { "type": "Point", "coordinates": [ 99.892982304913943, 15.404312920143557 ] } },
{ "type": "Feature", "properties": { "road_key": "61000000ST046", "road_name": "ถนนสายบ้านเก่า - ทุ่งพึ่ง", "road_no": "0", "aumpher": "อำเภอหนองขาหย่าง", "office": "สาขาเมือง", "branch_code": "61000000", "name_short": "None", "price_new": 250, "price_old": 200, "width_m": 4, "pt_i": 0 }, "geometry": { "type": "Point", "coordinates": [ 99.898489842531774, 15.409700650793614 ] } },
{ "type": "Feature", "properties": { "road_key": "61000000ST046", "road_name": "ถนนสายบ้านเก่า - ทุ่งพึ่ง", "road_no": "0", "aumpher": "อำเภอหนองขาหย่าง", "office": "สาขาเมือง", "branch_code": "61000000", "name_short": "None", "price_new": 250, "price_old": 200, "width_m": 4, "pt_i": 1 }, "geometry": { "type": "Point", "coordinates": [ 99.897393788559143, 15.409489419343853 ] } },
{ "type": "Feature", "properties": { "road_key": "61000000ST046", "road_name": "ถนนสายบ้านเก่า - ทุ่งพึ่ง", "road_no": "0", "aumpher": "อำเภอหนองขาหย่าง", "office": "สาขาเมือง", "branch_code": "61000000", "name_short": "None", "price_new": 250, "price_old": 200, "width_m": 4, "pt_i": 2 }, "geometry": { "type": "Point", "coordinates": [ 99.896326728351454, 15.409569599701609 ] } },
{ "type": "Feature", "properties": { "road_key": "61000000ST046", "road_name": "ถนนสายบ้านเก่า - ทุ่งพึ่ง", "road_no": "0", "aumpher": "อำเภอหนองขาหย่าง", "office": "สาขาเมือง", "branch_code": "61000000", "name_short": "None", "price_new": 250, "price_old": 200, "width_m": 4, "pt_i": 3 }, "geometry": { "type": "Point", "coordinates": [ 99.895456515331134, 15.410247415898954 ] } },
{ "type": "Feature", "properties": { "road_key": "61000000ST046", "road_name": "ถนนสายบ้านเก่า - ทุ่งพึ่ง", "road_no": "0", "aumpher": "อำเภอหนองขาหย่าง", "office": "สาขาเมือง", "branch_code": "61000000", "name_short": "None", "price_new": 250, "price_old": 200, "width_m": 4, "pt_i": 4 }, "geometry": { "type": "Point", "coordinates": [ 99.894481805394761, 15.410775571557412 ] } },
{ "type": "Feature", "properties": { "road_key": "61000000ST046", "road_name": "ถนนสายบ้านเก่า - ทุ่งพึ่ง", "road_no": "0", "aumpher": "อำเภอหนองขาหย่าง", "office": "สาขาเมือง", "branch_code": "61000000", "name_short": "None", "price_new": 250, "price_old": 200, "width_m": 4, "pt_i": 5 }, "geometry": { "type": "Point", "coordinates": [ 99.893481438879391, 15.411257959857512 ] } },
{ "type": "Feature", "properties": { "road_key": "61000000ST046", "road_name": "ถนนสายบ้านเก่า - ทุ่งพึ่ง", "road_no": "0", "aumpher": "อำเภอหนองขาหย่าง", "office": "สาขาเมือง", "branch_code": "61000000", "name_short": "None", "price_new": 250, "price_old": 200, "width_m": 4, "pt_i": 6 }, "geometry": { "type": "Point", "coordinates": [ 99.892436500015677, 15.411644250842064 ] } },
{ "type": "Feature", "properties": { "road_key": "61000000ST046", "road_name": "ถนนสายบ้านเก่า - ทุ่งพึ่ง", "road_no": "0", "aumpher": "อำเภอหนองขาหย่าง", "office": "สาขาเมือง", "branch_code": "61000000", "name_short": "None", "price_new": 250, "price_old": 200, "width_m": 4, "pt_i": 7 }, "geometry": { "type": "Point", "coordinates": [ 99.891391557053836, 15.412030537104529 ] } },
{ "type": "Feature", "properties": { "road_key": "61000000ST046", "road_name": "ถนนสายบ้านเก่า - ทุ่งพึ่ง", "road_no": "0", "aumpher": "อำเภอหนองขาหย่าง", "office": "สาขาเมือง", "branch_code": "61000000", "name_short": "None", "price_new": 250, "price_old": 200, "width_m": 4, "pt_i": 8 }, "geometry": { "type": "Point", "coordinates": [ 99.890363065488316, 15.412456315080123 ] } },
{ "type": "Feature", "properties": { "road_key": "61000000ST046", "road_name": "ถนนสายบ้านเก่า - ทุ่งพึ่ง", "road_no": "0", "aumpher": "อำเภอหนองขาหย่าง", "office": "สาขาเมือง", "branch_code": "61000000", "name_short": "None", "price_new": 250, "price_old": 200, "width_m": 4, "pt_i": 9 }, "geometry": { "type": "Point", "coordinates": [ 99.889469318052704, 15.413091762581324 ] } },
{ "type": "Feature", "properties": { "road_key": "61000000ST046", "road_name": "ถนนสายบ้านเก่า - ทุ่งพึ่ง", "road_no": "0", "aumpher": "อำเภอหนองขาหย่าง", "office": "สาขาเมือง", "branch_code": "61000000", "name_short": "None", "price_new": 250, "price_old": 200, "width_m": 4, "pt_i": 10 }, "geometry": { "type": "Point", "coordinates": [ 99.888589465075071, 15.413741363293427 ] } },
{ "type": "Feature", "properties": { "road_key": "61000000ST046", "road_name": "ถนนสายบ้านเก่า - ทุ่งพึ่ง", "road_no": "0", "aumpher": "อำเภอหนองขาหย่าง", "office": "สาขาเมือง", "branch_code": "61000000", "name_short": "None", "price_new": 250, "price_old": 200, "width_m": 4, "pt_i": 11 }, "geometry": { "type": "Point", "coordinates": [ 99.887491779586, 15.413820825481839 ] } },
{ "type": "Feature", "properties": { "road_key": "61000000ST046", "road_name": "ถนนสายบ้านเก่า - ทุ่งพึ่ง", "road_no": "0", "aumpher": "อำเภอหนองขาหย่าง", "office": "สาขาเมือง", "branch_code": "61000000", "name_short": "None", "price_new": 250, "price_old": 200, "width_m": 4, "pt_i": 12 }, "geometry": { "type": "Point", "coordinates": [ 99.886386899522265, 15.413653850445208 ] } },
{ "type": "Feature", "properties": { "road_key": "61000000ST046", "road_name": "ถนนสายบ้านเก่า - ทุ่งพึ่ง", "road_no": "0", "aumpher": "อำเภอหนองขาหย่าง", "office": "สาขาเมือง", "branch_code": "61000000", "name_short": "None", "price_new": 250, "price_old": 200, "width_m": 4, "pt_i": 0 }, "geometry": { "type": "Point", "coordinates": [ 99.901154903735872, 15.410287790318678 ] } },
{ "type": "Feature", "properties": { "road_key": "61000000ST046", "road_name": "ถนนสายบ้านเก่า - ทุ่งพึ่ง", "road_no": "0", "aumpher": "อำเภอหนองขาหย่าง", "office": "สาขาเมือง", "branch_code": "61000000", "name_short": "None", "price_new": 250, "price_old": 200, "width_m": 4, "pt_i": 1 }, "geometry": { "type": "Point", "coordinates": [ 99.900094538698895, 15.409943348534325 ] } },
{ "type": "Feature", "properties": { "road_key": "61000000ST046", "road_name": "ถนนสายบ้านเก่า - ทุ่งพึ่ง", "road_no": "0", "aumpher": "อำเภอหนองขาหย่าง", "office": "สาขาเมือง", "branch_code": "61000000", "name_short": "None", "price_new": 250, "price_old": 200, "width_m": 4, "pt_i": 2 }, "geometry": { "type": "Point", "coordinates": [ 99.89900381907843, 15.409742825673169 ] } },
{ "type": "Feature", "properties": { "road_key": "61000000ST059", "road_name": "ถนนสายบ้านดงขวาง-บ้านทุ่งป่าจาน", "road_no": "0", "aumpher": "อำเภอหนองขาหย่าง", "office": "สาขาเมือง", "branch_code": "61000000", "name_short": "None", "price_new": 400, "price_old": 300, "width_m": 6, "pt_i": 0 }, "geometry": { "type": "Point", "coordinates": [ 99.924723280126983, 15.314241264860264 ] } },
{ "type": "Feature", "properties": { "road_key": "61000000ST059", "road_name": "ถนนสายบ้านดงขวาง-บ้านทุ่งป่าจาน", "road_no": "0", "aumpher": "อำเภอหนองขาหย่าง", "office": "สาขาเมือง", "branch_code": "61000000", "name_short": "None", "price_new": 400, "price_old": 300, "width_m": 6, "pt_i": 1 }, "geometry": { "type": "Point", "coordinates": [ 99.924083374373083, 15.313513819151709 ] } },
{ "type": "Feature", "properties": { "road_key": "61000000ST059", "road_name": "ถนนสายบ้านดงขวาง-บ้านทุ่งป่าจาน", "road_no": "0", "aumpher": "อำเภอหนองขาหย่าง", "office": "สาขาเมือง", "branch_code": "61000000", "name_short": "None", "price_new": 400, "price_old": 300, "width_m": 6, "pt_i": 2 }, "geometry": { "type": "Point", "coordinates": [ 99.9236730447751, 15.31250552737613 ] } },
{ "type": "Feature", "properties": { "road_key": "61000000ST059", "road_name": "ถนนสายบ้านดงขวาง-บ้านทุ่งป่าจาน", "road_no": "0", "aumpher": "อำเภอหนองขาหย่าง", "office": "สาขาเมือง", "branch_code": "61000000", "name_short": "None", "price_new": 400, "price_old": 300, "width_m": 6, "pt_i": 3 }, "geometry": { "type": "Point", "coordinates": [ 99.922972186368355, 15.311669092634821 ] } },
{ "type": "Feature", "properties": { "road_key": "61000000ST059", "road_name": "ถนนสายบ้านดงขวาง-บ้านทุ่งป่าจาน", "road_no": "0", "aumpher": "อำเภอหนองขาหย่าง", "office": "สาขาเมือง", "branch_code": "61000000", "name_short": "None", "price_new": 400, "price_old": 300, "width_m": 6, "pt_i": 4 }, "geometry": { "type": "Point", "coordinates": [ 99.922179162455336, 15.310906903424398 ] } },
{ "type": "Feature", "properties": { "road_key": "61000000ST059", "road_name": "ถนนสายบ้านดงขวาง-บ้านทุ่งป่าจาน", "road_no": "0", "aumpher": "อำเภอหนองขาหย่าง", "office": "สาขาเมือง", "branch_code": "61000000", "name_short": "None", "price_new": 400, "price_old": 300, "width_m": 6, "pt_i": 5 }, "geometry": { "type": "Point", "coordinates": [ 99.921320021834163, 15.310213026379996 ] } },
{ "type": "Feature", "properties": { "road_key": "61000000ST059", "road_name": "ถนนสายบ้านดงขวาง-บ้านทุ่งป่าจาน", "road_no": "0", "aumpher": "อำเภอหนองขาหย่าง", "office": "สาขาเมือง", "branch_code": "61000000", "name_short": "None", "price_new": 400, "price_old": 300, "width_m": 6, "pt_i": 6 }, "geometry": { "type": "Point", "coordinates": [ 99.920499255758031, 15.309479185238681 ] } },
{ "type": "Feature", "properties": { "road_key": "61000000ST059", "road_name": "ถนนสายบ้านดงขวาง-บ้านทุ่งป่าจาน", "road_no": "0", "aumpher": "อำเภอหนองขาหย่าง", "office": "สาขาเมือง", "branch_code": "61000000", "name_short": "None", "price_new": 400, "price_old": 300, "width_m": 6, "pt_i": 7 }, "geometry": { "type": "Point", "coordinates": [ 99.919656292033466, 15.308767216308963 ] } },
{ "type": "Feature", "properties": { "road_key": "61000000ST059", "road_name": "ถนนสายบ้านดงขวาง-บ้านทุ่งป่าจาน", "road_no": "0", "aumpher": "อำเภอหนองขาหย่าง", "office": "สาขาเมือง", "branch_code": "61000000", "name_short": "None", "price_new": 400, "price_old": 300, "width_m": 6, "pt_i": 8 }, "geometry": { "type": "Point", "coordinates": [ 99.918965662169967, 15.307939181637494 ] } },
{ "type": "Feature", "properties": { "road_key": "61000000ST059", "road_name": "ถนนสายบ้านดงขวาง-บ้านทุ่งป่าจาน", "road_no": "0", "aumpher": "อำเภอหนองขาหย่าง", "office": "สาขาเมือง", "branch_code": "61000000", "name_short": "None", "price_new": 400, "price_old": 300, "width_m": 6, "pt_i": 9 }, "geometry": { "type": "Point", "coordinates": [ 99.918781855649073, 15.306874542790641 ] } },
{ "type": "Feature", "properties": { "road_key": "61000000ST059", "road_name": "ถนนสายบ้านดงขวาง-บ้านทุ่งป่าจาน", "road_no": "0", "aumpher": "อำเภอหนองขาหย่าง", "office": "สาขาเมือง", "branch_code": "61000000", "name_short": "None", "price_new": 400, "price_old": 300, "width_m": 6, "pt_i": 10 }, "geometry": { "type": "Point", "coordinates": [ 99.918256907913658, 15.305934676217841 ] } },
{ "type": "Feature", "properties": { "road_key": "61000000ST059", "road_name": "ถนนสายบ้านดงขวาง-บ้านทุ่งป่าจาน", "road_no": "0", "aumpher": "อำเภอหนองขาหย่าง", "office": "สาขาเมือง", "branch_code": "61000000", "name_short": "None", "price_new": 400, "price_old": 300, "width_m": 6, "pt_i": 11 }, "geometry": { "type": "Point", "coordinates": [ 99.917495096058985, 15.305154155990431 ] } },
{ "type": "Feature", "properties": { "road_key": "61000000ST059", "road_name": "ถนนสายบ้านดงขวาง-บ้านทุ่งป่าจาน", "road_no": "0", "aumpher": "อำเภอหนองขาหย่าง", "office": "สาขาเมือง", "branch_code": "61000000", "name_short": "None", "price_new": 400, "price_old": 300, "width_m": 6, "pt_i": 12 }, "geometry": { "type": "Point", "coordinates": [ 99.916396641855286, 15.305009544819946 ] } },
{ "type": "Feature", "properties": { "road_key": "61000000ST059", "road_name": "ถนนสายบ้านดงขวาง-บ้านทุ่งป่าจาน", "road_no": "0", "aumpher": "อำเภอหนองขาหย่าง", "office": "สาขาเมือง", "branch_code": "61000000", "name_short": "None", "price_new": 400, "price_old": 300, "width_m": 6, "pt_i": 13 }, "geometry": { "type": "Point", "coordinates": [ 99.9153434822002, 15.304757233077792 ] } },
{ "type": "Feature", "properties": { "road_key": "61000000ST059", "road_name": "ถนนสายบ้านดงขวาง-บ้านทุ่งป่าจาน", "road_no": "0", "aumpher": "อำเภอหนองขาหย่าง", "office": "สาขาเมือง", "branch_code": "61000000", "name_short": "None", "price_new": 400, "price_old": 300, "width_m": 6, "pt_i": 14 }, "geometry": { "type": "Point", "coordinates": [ 99.914648734551207, 15.303924012537129 ] } },
{ "type": "Feature", "properties": { "road_key": "61000000ST059", "road_name": "ถนนสายบ้านดงขวาง-บ้านทุ่งป่าจาน", "road_no": "0", "aumpher": "อำเภอหนองขาหย่าง", "office": "สาขาเมือง", "branch_code": "61000000", "name_short": "None", "price_new": 400, "price_old": 300, "width_m": 6, "pt_i": 15 }, "geometry": { "type": "Point", "coordinates": [ 99.913611884613843, 15.303550323806709 ] } },
{ "type": "Feature", "properties": { "road_key": "61000000ST059", "road_name": "ถนนสายบ้านดงขวาง-บ้านทุ่งป่าจาน", "road_no": "0", "aumpher": "อำเภอหนองขาหย่าง", "office": "สาขาเมือง", "branch_code": "61000000", "name_short": "None", "price_new": 400, "price_old": 300, "width_m": 6, "pt_i": 16 }, "geometry": { "type": "Point", "coordinates": [ 99.912525065965539, 15.303448295625508 ] } },
{ "type": "Feature", "properties": { "road_key": "61000000ST059", "road_name": "ถนนสายบ้านดงขวาง-บ้านทุ่งป่าจาน", "road_no": "0", "aumpher": "อำเภอหนองขาหย่าง", "office": "สาขาเมือง", "branch_code": "61000000", "name_short": "None", "price_new": 400, "price_old": 300, "width_m": 6, "pt_i": 17 }, "geometry": { "type": "Point", "coordinates": [ 99.911541795928315, 15.303960625509788 ] } },
{ "type": "Feature", "properties": { "road_key": "61000000ST059", "road_name": "ถนนสายบ้านดงขวาง-บ้านทุ่งป่าจาน", "road_no": "0", "aumpher": "อำเภอหนองขาหย่าง", "office": "สาขาเมือง", "branch_code": "61000000", "name_short": "None", "price_new": 400, "price_old": 300, "width_m": 6, "pt_i": 18 }, "geometry": { "type": "Point", "coordinates": [ 99.910491758302314, 15.304316425607398 ] } },
{ "type": "Feature", "properties": { "road_key": "61000000ST059", "road_name": "ถนนสายบ้านดงขวาง-บ้านทุ่งป่าจาน", "road_no": "0", "aumpher": "อำเภอหนองขาหย่าง", "office": "สาขาเมือง", "branch_code": "61000000", "name_short": "None", "price_new": 400, "price_old": 300, "width_m": 6, "pt_i": 19 }, "geometry": { "type": "Point", "coordinates": [ 99.909507622208665, 15.304080392171294 ] } },
{ "type": "Feature", "properties": { "road_key": "61000000ST059", "road_name": "ถนนสายบ้านดงขวาง-บ้านทุ่งป่าจาน", "road_no": "0", "aumpher": "อำเภอหนองขาหย่าง", "office": "สาขาเมือง", "branch_code": "61000000", "name_short": "None", "price_new": 400, "price_old": 300, "width_m": 6, "pt_i": 20 }, "geometry": { "type": "Point", "coordinates": [ 99.908410192906885, 15.303893846866574 ] } },
{ "type": "Feature", "properties": { "road_key": "61000000ST059", "road_name": "ถนนสายบ้านดงขวาง-บ้านทุ่งป่าจาน", "road_no": "0", "aumpher": "อำเภอหนองขาหย่าง", "office": "สาขาเมือง", "branch_code": "61000000", "name_short": "None", "price_new": 400, "price_old": 300, "width_m": 6, "pt_i": 21 }, "geometry": { "type": "Point", "coordinates": [ 99.90745691119875, 15.303337780428535 ] } },
{ "type": "Feature", "properties": { "road_key": "61000000ST059", "road_name": "ถนนสายบ้านดงขวาง-บ้านทุ่งป่าจาน", "road_no": "0", "aumpher": "อำเภอหนองขาหย่าง", "office": "สาขาเมือง", "branch_code": "61000000", "name_short": "None", "price_new": 400, "price_old": 300, "width_m": 6, "pt_i": 22 }, "geometry": { "type": "Point", "coordinates": [ 99.906571271284989, 15.302676647935852 ] } },
{ "type": "Feature", "properties": { "road_key": "61000000ST059", "road_name": "ถนนสายบ้านดงขวาง-บ้านทุ่งป่าจาน", "road_no": "0", "aumpher": "อำเภอหนองขาหย่าง", "office": "สาขาเมือง", "branch_code": "61000000", "name_short": "None", "price_new": 400, "price_old": 300, "width_m": 6, "pt_i": 23 }, "geometry": { "type": "Point", "coordinates": [ 99.905707581255371, 15.301988322165439 ] } },
{ "type": "Feature", "properties": { "road_key": "61000000ST059", "road_name": "ถนนสายบ้านดงขวาง-บ้านทุ่งป่าจาน", "road_no": "0", "aumpher": "อำเภอหนองขาหย่าง", "office": "สาขาเมือง", "branch_code": "61000000", "name_short": "None", "price_new": 400, "price_old": 300, "width_m": 6, "pt_i": 24 }, "geometry": { "type": "Point", "coordinates": [ 99.904889785236819, 15.301259793657737 ] } },
{ "type": "Feature", "properties": { "road_key": "61000000ST059", "road_name": "ถนนสายบ้านดงขวาง-บ้านทุ่งป่าจาน", "road_no": "0", "aumpher": "อำเภอหนองขาหย่าง", "office": "สาขาเมือง", "branch_code": "61000000", "name_short": "None", "price_new": 400, "price_old": 300, "width_m": 6, "pt_i": 25 }, "geometry": { "type": "Point", "coordinates": [ 99.903817384114788, 15.301098440132964 ] } },
{ "type": "Feature", "properties": { "road_key": "61000000ST059", "road_name": "ถนนสายบ้านดงขวาง-บ้านทุ่งป่าจาน", "road_no": "0", "aumpher": "อำเภอหนองขาหย่าง", "office": "สาขาเมือง", "branch_code": "61000000", "name_short": "None", "price_new": 400, "price_old": 300, "width_m": 6, "pt_i": 26 }, "geometry": { "type": "Point", "coordinates": [ 99.902797757028353, 15.300658982452129 ] } },
{ "type": "Feature", "properties": { "road_key": "61000000ST066", "road_name": "ถนนสายบ้านท่าข้ามสาคร-บ้านทุ่งปาจาน", "road_no": "0", "aumpher": "อำเภอหนองขาหย่าง", "office": "สาขาเมือง", "branch_code": "61000000", "name_short": "None", "price_new": 350, "price_old": 200, "width_m": 6, "pt_i": 0 }, "geometry": { "type": "Point", "coordinates": [ 99.901959187349519, 15.304448615904384 ] } },
{ "type": "Feature", "properties": { "road_key": "61000000ST066", "road_name": "ถนนสายบ้านท่าข้ามสาคร-บ้านทุ่งปาจาน", "road_no": "0", "aumpher": "อำเภอหนองขาหย่าง", "office": "สาขาเมือง", "branch_code": "61000000", "name_short": "None", "price_new": 350, "price_old": 200, "width_m": 6, "pt_i": 1 }, "geometry": { "type": "Point", "coordinates": [ 99.90091960411786, 15.304199285616523 ] } },
{ "type": "Feature", "properties": { "road_key": "61000000ST066", "road_name": "ถนนสายบ้านท่าข้ามสาคร-บ้านทุ่งปาจาน", "road_no": "0", "aumpher": "อำเภอหนองขาหย่าง", "office": "สาขาเมือง", "branch_code": "61000000", "name_short": "None", "price_new": 350, "price_old": 200, "width_m": 6, "pt_i": 2 }, "geometry": { "type": "Point", "coordinates": [ 99.899850938873499, 15.304476993818733 ] } },
{ "type": "Feature", "properties": { "road_key": "61000000ST066", "road_name": "ถนนสายบ้านท่าข้ามสาคร-บ้านทุ่งปาจาน", "road_no": "0", "aumpher": "อำเภอหนองขาหย่าง", "office": "สาขาเมือง", "branch_code": "61000000", "name_short": "None", "price_new": 350, "price_old": 200, "width_m": 6, "pt_i": 3 }, "geometry": { "type": "Point", "coordinates": [ 99.898735152068468, 15.304503758717944 ] } },
{ "type": "Feature", "properties": { "road_key": "61000000ST066", "road_name": "ถนนสายบ้านท่าข้ามสาคร-บ้านทุ่งปาจาน", "road_no": "0", "aumpher": "อำเภอหนองขาหย่าง", "office": "สาขาเมือง", "branch_code": "61000000", "name_short": "None", "price_new": 350, "price_old": 200, "width_m": 6, "pt_i": 4 }, "geometry": { "type": "Point", "coordinates": [ 99.897633147023583, 15.304656321359158 ] } },
{ "type": "Feature", "properties": { "road_key": "61000000ST066", "road_name": "ถนนสายบ้านท่าข้ามสาคร-บ้านทุ่งปาจาน", "road_no": "0", "aumpher": "อำเภอหนองขาหย่าง", "office": "สาขาเมือง", "branch_code": "61000000", "name_short": "None", "price_new": 350, "price_old": 200, "width_m": 6, "pt_i": 5 }, "geometry": { "type": "Point", "coordinates": [ 99.896539389873922, 15.304721445615376 ] } },
{ "type": "Feature", "properties": { "road_key": "61000000ST066", "road_name": "ถนนสายบ้านท่าข้ามสาคร-บ้านทุ่งปาจาน", "road_no": "0", "aumpher": "อำเภอหนองขาหย่าง", "office": "สาขาเมือง", "branch_code": "61000000", "name_short": "None", "price_new": 350, "price_old": 200, "width_m": 6, "pt_i": 6 }, "geometry": { "type": "Point", "coordinates": [ 99.895430195804536, 15.304628948046121 ] } },
{ "type": "Feature", "properties": { "road_key": "61000000ST066", "road_name": "ถนนสายบ้านท่าข้ามสาคร-บ้านทุ่งปาจาน", "road_no": "0", "aumpher": "อำเภอหนองขาหย่าง", "office": "สาขาเมือง", "branch_code": "61000000", "name_short": "None", "price_new": 350, "price_old": 200, "width_m": 6, "pt_i": 7 }, "geometry": { "type": "Point", "coordinates": [ 99.894322691371968, 15.304757208661577 ] } },
{ "type": "Feature", "properties": { "road_key": "61000000ST066", "road_name": "ถนนสายบ้านท่าข้ามสาคร-บ้านทุ่งปาจาน", "road_no": "0", "aumpher": "อำเภอหนองขาหย่าง", "office": "สาขาเมือง", "branch_code": "61000000", "name_short": "None", "price_new": 350, "price_old": 200, "width_m": 6, "pt_i": 8 }, "geometry": { "type": "Point", "coordinates": [ 99.893259673629089, 15.305015408833833 ] } },
{ "type": "Feature", "properties": { "road_key": "61000000ST066", "road_name": "ถนนสายบ้านท่าข้ามสาคร-บ้านทุ่งปาจาน", "road_no": "0", "aumpher": "อำเภอหนองขาหย่าง", "office": "สาขาเมือง", "branch_code": "61000000", "name_short": "None", "price_new": 350, "price_old": 200, "width_m": 6, "pt_i": 9 }, "geometry": { "type": "Point", "coordinates": [ 99.892163553638213, 15.305152236474058 ] } },
{ "type": "Feature", "properties": { "road_key": "61000000ST066", "road_name": "ถนนสายบ้านท่าข้ามสาคร-บ้านทุ่งปาจาน", "road_no": "0", "aumpher": "อำเภอหนองขาหย่าง", "office": "สาขาเมือง", "branch_code": "61000000", "name_short": "None", "price_new": 350, "price_old": 200, "width_m": 6, "pt_i": 10 }, "geometry": { "type": "Point", "coordinates": [ 99.891117997217151, 15.30546898279866 ] } },
{ "type": "Feature", "properties": { "road_key": "61000000ST066", "road_name": "ถนนสายบ้านท่าข้ามสาคร-บ้านทุ่งปาจาน", "road_no": "0", "aumpher": "อำเภอหนองขาหย่าง", "office": "สาขาเมือง", "branch_code": "61000000", "name_short": "None", "price_new": 350, "price_old": 200, "width_m": 6, "pt_i": 11 }, "geometry": { "type": "Point", "coordinates": [ 99.890066361527872, 15.305518710073375 ] } },
{ "type": "Feature", "properties": { "road_key": "61000000ST066", "road_name": "ถนนสายบ้านท่าข้ามสาคร-บ้านทุ่งปาจาน", "road_no": "0", "aumpher": "อำเภอหนองขาหย่าง", "office": "สาขาเมือง", "branch_code": "61000000", "name_short": "None", "price_new": 350, "price_old": 200, "width_m": 6, "pt_i": 12 }, "geometry": { "type": "Point", "coordinates": [ 99.888966726218342, 15.305482382988826 ] } },
{ "type": "Feature", "properties": { "road_key": "61000000ST066", "road_name": "ถนนสายบ้านท่าข้ามสาคร-บ้านทุ่งปาจาน", "road_no": "0", "aumpher": "อำเภอหนองขาหย่าง", "office": "สาขาเมือง", "branch_code": "61000000", "name_short": "None", "price_new": 350, "price_old": 200, "width_m": 6, "pt_i": 13 }, "geometry": { "type": "Point", "coordinates": [ 99.887887649686434, 15.305248736118488 ] } },
{ "type": "Feature", "properties": { "road_key": "61000000ST066", "road_name": "ถนนสายบ้านท่าข้ามสาคร-บ้านทุ่งปาจาน", "road_no": "0", "aumpher": "อำเภอหนองขาหย่าง", "office": "สาขาเมือง", "branch_code": "61000000", "name_short": "None", "price_new": 350, "price_old": 200, "width_m": 6, "pt_i": 14 }, "geometry": { "type": "Point", "coordinates": [ 99.886770892102476, 15.305292342192935 ] } },
{ "type": "Feature", "properties": { "road_key": "61000000ST066", "road_name": "ถนนสายบ้านท่าข้ามสาคร-บ้านทุ่งปาจาน", "road_no": "0", "aumpher": "อำเภอหนองขาหย่าง", "office": "สาขาเมือง", "branch_code": "61000000", "name_short": "None", "price_new": 350, "price_old": 200, "width_m": 6, "pt_i": 15 }, "geometry": { "type": "Point", "coordinates": [ 99.885653960252725, 15.305331524558083 ] } },
{ "type": "Feature", "properties": { "road_key": "61000000ST066", "road_name": "ถนนสายบ้านท่าข้ามสาคร-บ้านทุ่งปาจาน", "road_no": "0", "aumpher": "อำเภอหนองขาหย่าง", "office": "สาขาเมือง", "branch_code": "61000000", "name_short": "None", "price_new": 350, "price_old": 200, "width_m": 6, "pt_i": 16 }, "geometry": { "type": "Point", "coordinates": [ 99.884536873626004, 15.305366829421608 ] } },
{ "type": "Feature", "properties": { "road_key": "61000000ST066", "road_name": "ถนนสายบ้านท่าข้ามสาคร-บ้านทุ่งปาจาน", "road_no": "0", "aumpher": "อำเภอหนองขาหย่าง", "office": "สาขาเมือง", "branch_code": "61000000", "name_short": "None", "price_new": 350, "price_old": 200, "width_m": 6, "pt_i": 17 }, "geometry": { "type": "Point", "coordinates": [ 99.883419838092692, 15.305403621080448 ] } },
{ "type": "Feature", "properties": { "road_key": "61000000ST066", "road_name": "ถนนสายบ้านท่าข้ามสาคร-บ้านทุ่งปาจาน", "road_no": "0", "aumpher": "อำเภอหนองขาหย่าง", "office": "สาขาเมือง", "branch_code": "61000000", "name_short": "None", "price_new": 350, "price_old": 200, "width_m": 6, "pt_i": 18 }, "geometry": { "type": "Point", "coordinates": [ 99.882302834458585, 15.305441346946411 ] } },
{ "type": "Feature", "properties": { "road_key": "61000000ST066", "road_name": "ถนนสายบ้านท่าข้ามสาคร-บ้านทุ่งปาจาน", "road_no": "0", "aumpher": "อำเภอหนองขาหย่าง", "office": "สาขาเมือง", "branch_code": "61000000", "name_short": "None", "price_new": 350, "price_old": 200, "width_m": 6, "pt_i": 19 }, "geometry": { "type": "Point", "coordinates": [ 99.881185766537342, 15.305477079117743 ] } },
{ "type": "Feature", "properties": { "road_key": "61000000ST066", "road_name": "ถนนสายบ้านท่าข้ามสาคร-บ้านทุ่งปาจาน", "road_no": "0", "aumpher": "อำเภอหนองขาหย่าง", "office": "สาขาเมือง", "branch_code": "61000000", "name_short": "None", "price_new": 350, "price_old": 200, "width_m": 6, "pt_i": 20 }, "geometry": { "type": "Point", "coordinates": [ 99.880068501463001, 15.305506660780818 ] } },
{ "type": "Feature", "properties": { "road_key": "61000000ST066", "road_name": "ถนนสายบ้านท่าข้ามสาคร-บ้านทุ่งปาจาน", "road_no": "0", "aumpher": "อำเภอหนองขาหย่าง", "office": "สาขาเมือง", "branch_code": "61000000", "name_short": "None", "price_new": 350, "price_old": 200, "width_m": 6, "pt_i": 21 }, "geometry": { "type": "Point", "coordinates": [ 99.878951246308645, 15.305536592318223 ] } },
{ "type": "Feature", "properties": { "road_key": "61000000ST066", "road_name": "ถนนสายบ้านท่าข้ามสาคร-บ้านทุ่งปาจาน", "road_no": "0", "aumpher": "อำเภอหนองขาหย่าง", "office": "สาขาเมือง", "branch_code": "61000000", "name_short": "None", "price_new": 350, "price_old": 200, "width_m": 6, "pt_i": 22 }, "geometry": { "type": "Point", "coordinates": [ 99.877834078207144, 15.305569473832854 ] } },
{ "type": "Feature", "properties": { "road_key": "61000000ST066", "road_name": "ถนนสายบ้านท่าข้ามสาคร-บ้านทุ่งปาจาน", "road_no": "0", "aumpher": "อำเภอหนองขาหย่าง", "office": "สาขาเมือง", "branch_code": "61000000", "name_short": "None", "price_new": 350, "price_old": 200, "width_m": 6, "pt_i": 23 }, "geometry": { "type": "Point", "coordinates": [ 99.876716909444696, 15.305602349783769 ] } },
{ "type": "Feature", "properties": { "road_key": "61000000ST066", "road_name": "ถนนสายบ้านท่าข้ามสาคร-บ้านทุ่งปาจาน", "road_no": "0", "aumpher": "อำเภอหนองขาหย่าง", "office": "สาขาเมือง", "branch_code": "61000000", "name_short": "None", "price_new": 350, "price_old": 200, "width_m": 6, "pt_i": 24 }, "geometry": { "type": "Point", "coordinates": [ 99.875603227533745, 15.305690903968522 ] } },
{ "type": "Feature", "properties": { "road_key": "61000000ST066", "road_name": "ถนนสายบ้านท่าข้ามสาคร-บ้านทุ่งปาจาน", "road_no": "0", "aumpher": "อำเภอหนองขาหย่าง", "office": "สาขาเมือง", "branch_code": "61000000", "name_short": "None", "price_new": 350, "price_old": 200, "width_m": 6, "pt_i": 25 }, "geometry": { "type": "Point", "coordinates": [ 99.874498815648224, 15.305857581969516 ] } },
{ "type": "Feature", "properties": { "road_key": "61000000ST066", "road_name": "ถนนสายบ้านท่าข้ามสาคร-บ้านทุ่งปาจาน", "road_no": "0", "aumpher": "อำเภอหนองขาหย่าง", "office": "สาขาเมือง", "branch_code": "61000000", "name_short": "None", "price_new": 350, "price_old": 200, "width_m": 6, "pt_i": 26 }, "geometry": { "type": "Point", "coordinates": [ 99.873394401717889, 15.306024254604502 ] } },
{ "type": "Feature", "properties": { "road_key": "61000000ST066", "road_name": "ถนนสายบ้านท่าข้ามสาคร-บ้านทุ่งปาจาน", "road_no": "0", "aumpher": "อำเภอหนองขาหย่าง", "office": "สาขาเมือง", "branch_code": "61000000", "name_short": "None", "price_new": 350, "price_old": 200, "width_m": 6, "pt_i": 27 }, "geometry": { "type": "Point", "coordinates": [ 99.872287423755296, 15.306173355873307 ] } },
{ "type": "Feature", "properties": { "road_key": "61000000ST066", "road_name": "ถนนสายบ้านท่าข้ามสาคร-บ้านทุ่งปาจาน", "road_no": "0", "aumpher": "อำเภอหนองขาหย่าง", "office": "สาขาเมือง", "branch_code": "61000000", "name_short": "None", "price_new": 350, "price_old": 200, "width_m": 6, "pt_i": 28 }, "geometry": { "type": "Point", "coordinates": [ 99.871196780943663, 15.306088028212125 ] } },
{ "type": "Feature", "properties": { "road_key": "61000000ST066", "road_name": "ถนนสายบ้านท่าข้ามสาคร-บ้านทุ่งปาจาน", "road_no": "0", "aumpher": "อำเภอหนองขาหย่าง", "office": "สาขาเมือง", "branch_code": "61000000", "name_short": "None", "price_new": 350, "price_old": 200, "width_m": 6, "pt_i": 29 }, "geometry": { "type": "Point", "coordinates": [ 99.870098861871327, 15.306025866087529 ] } },
{ "type": "Feature", "properties": { "road_key": "61000000ST066", "road_name": "ถนนสายบ้านท่าข้ามสาคร-บ้านทุ่งปาจาน", "road_no": "0", "aumpher": "อำเภอหนองขาหย่าง", "office": "สาขาเมือง", "branch_code": "61000000", "name_short": "None", "price_new": 350, "price_old": 200, "width_m": 6, "pt_i": 30 }, "geometry": { "type": "Point", "coordinates": [ 99.868989058427971, 15.306144121602824 ] } },
{ "type": "Feature", "properties": { "road_key": "61000000ST066", "road_name": "ถนนสายบ้านท่าข้ามสาคร-บ้านทุ่งปาจาน", "road_no": "0", "aumpher": "อำเภอหนองขาหย่าง", "office": "สาขาเมือง", "branch_code": "61000000", "name_short": "None", "price_new": 350, "price_old": 200, "width_m": 6, "pt_i": 31 }, "geometry": { "type": "Point", "coordinates": [ 99.86792088684571, 15.30584531511669 ] } },
{ "type": "Feature", "properties": { "road_key": "61000000ST081.1", "road_name": "ถนนสายบ้านพันสี-บ้านท่าโพ (1) ช่วงที่ 1", "road_no": "0", "aumpher": "อำเภอหนองขาหย่าง", "office": "สาขาเมือง", "branch_code": "61000000", "name_short": "None", "price_new": 350, "price_old": 250, "width_m": 6, "pt_i": 0 }, "geometry": { "type": "Point", "coordinates": [ 99.986820018773699, 15.364424522384775 ] } },
{ "type": "Feature", "properties": { "road_key": "61000000ST081.1", "road_name": "ถนนสายบ้านพันสี-บ้านท่าโพ (1) ช่วงที่ 1", "road_no": "0", "aumpher": "อำเภอหนองขาหย่าง", "office": "สาขาเมือง", "branch_code": "61000000", "name_short": "None", "price_new": 350, "price_old": 250, "width_m": 6, "pt_i": 1 }, "geometry": { "type": "Point", "coordinates": [ 99.986644916011201, 15.365495698539929 ] } },
{ "type": "Feature", "properties": { "road_key": "61000000ST081.1", "road_name": "ถนนสายบ้านพันสี-บ้านท่าโพ (1) ช่วงที่ 1", "road_no": "0", "aumpher": "อำเภอหนองขาหย่าง", "office": "สาขาเมือง", "branch_code": "61000000", "name_short": "None", "price_new": 350, "price_old": 250, "width_m": 6, "pt_i": 2 }, "geometry": { "type": "Point", "coordinates": [ 99.986519113266155, 15.366573570529248 ] } },
{ "type": "Feature", "properties": { "road_key": "61000000ST081.1", "road_name": "ถนนสายบ้านพันสี-บ้านท่าโพ (1) ช่วงที่ 1", "road_no": "0", "aumpher": "อำเภอหนองขาหย่าง", "office": "สาขาเมือง", "branch_code": "61000000", "name_short": "None", "price_new": 350, "price_old": 250, "width_m": 6, "pt_i": 3 }, "geometry": { "type": "Point", "coordinates": [ 99.986442875672068, 15.367655791469151 ] } },
{ "type": "Feature", "properties": { "road_key": "61000000ST081.1", "road_name": "ถนนสายบ้านพันสี-บ้านท่าโพ (1) ช่วงที่ 1", "road_no": "0", "aumpher": "อำเภอหนองขาหย่าง", "office": "สาขาเมือง", "branch_code": "61000000", "name_short": "None", "price_new": 350, "price_old": 250, "width_m": 6, "pt_i": 4 }, "geometry": { "type": "Point", "coordinates": [ 99.986363592305835, 15.368737821121965 ] } },
{ "type": "Feature", "properties": { "road_key": "61000000ST081.1", "road_name": "ถนนสายบ้านพันสี-บ้านท่าโพ (1) ช่วงที่ 1", "road_no": "0", "aumpher": "อำเภอหนองขาหย่าง", "office": "สาขาเมือง", "branch_code": "61000000", "name_short": "None", "price_new": 350, "price_old": 250, "width_m": 6, "pt_i": 5 }, "geometry": { "type": "Point", "coordinates": [ 99.986283818445955, 15.36981981758978 ] } },
{ "type": "Feature", "properties": { "road_key": "61000000ST081.1", "road_name": "ถนนสายบ้านพันสี-บ้านท่าโพ (1) ช่วงที่ 1", "road_no": "0", "aumpher": "อำเภอหนองขาหย่าง", "office": "สาขาเมือง", "branch_code": "61000000", "name_short": "None", "price_new": 350, "price_old": 250, "width_m": 6, "pt_i": 6 }, "geometry": { "type": "Point", "coordinates": [ 99.986207633674056, 15.370902045993679 ] } },
{ "type": "Feature", "properties": { "road_key": "61000000ST081.1", "road_name": "ถนนสายบ้านพันสี-บ้านท่าโพ (1) ช่วงที่ 1", "road_no": "0", "aumpher": "อำเภอหนองขาหย่าง", "office": "สาขาเมือง", "branch_code": "61000000", "name_short": "None", "price_new": 350, "price_old": 250, "width_m": 6, "pt_i": 7 }, "geometry": { "type": "Point", "coordinates": [ 99.986138782583211, 15.371984748369304 ] } },
{ "type": "Feature", "properties": { "road_key": "61000000ST081.1", "road_name": "ถนนสายบ้านพันสี-บ้านท่าโพ (1) ช่วงที่ 1", "road_no": "0", "aumpher": "อำเภอหนองขาหย่าง", "office": "สาขาเมือง", "branch_code": "61000000", "name_short": "None", "price_new": 350, "price_old": 250, "width_m": 6, "pt_i": 8 }, "geometry": { "type": "Point", "coordinates": [ 99.986053929281965, 15.373066351971831 ] } },
{ "type": "Feature", "properties": { "road_key": "61000000ST081.1", "road_name": "ถนนสายบ้านพันสี-บ้านท่าโพ (1) ช่วงที่ 1", "road_no": "0", "aumpher": "อำเภอหนองขาหย่าง", "office": "สาขาเมือง", "branch_code": "61000000", "name_short": "None", "price_new": 350, "price_old": 250, "width_m": 6, "pt_i": 9 }, "geometry": { "type": "Point", "coordinates": [ 99.985961485071471, 15.374147359058203 ] } },
{ "type": "Feature", "properties": { "road_key": "61000000ST081.1", "road_name": "ถนนสายบ้านพันสี-บ้านท่าโพ (1) ช่วงที่ 1", "road_no": "0", "aumpher": "อำเภอหนองขาหย่าง", "office": "สาขาเมือง", "branch_code": "61000000", "name_short": "None", "price_new": 350, "price_old": 250, "width_m": 6, "pt_i": 10 }, "geometry": { "type": "Point", "coordinates": [ 99.985906972808394, 15.375226247614817 ] } },
{ "type": "Feature", "properties": { "road_key": "61000000ST081.1", "road_name": "ถนนสายบ้านพันสี-บ้านท่าโพ (1) ช่วงที่ 1", "road_no": "0", "aumpher": "อำเภอหนองขาหย่าง", "office": "สาขาเมือง", "branch_code": "61000000", "name_short": "None", "price_new": 350, "price_old": 250, "width_m": 6, "pt_i": 11 }, "geometry": { "type": "Point", "coordinates": [ 99.986034665832975, 15.376303910236574 ] } },
{ "type": "Feature", "properties": { "road_key": "61000000ST081.2", "road_name": "ถนนสายบ้านพันสี-บ้านท่าโพ (1) ช่วงที่ 2", "road_no": "0", "aumpher": "อำเภอหนองขาหย่าง", "office": "สาขาเมือง", "branch_code": "61000000", "name_short": "None", "price_new": 350, "price_old": 150, "width_m": 6, "pt_i": 0 }, "geometry": { "type": "Point", "coordinates": [ 99.986089598791963, 15.376662604033957 ] } },
{ "type": "Feature", "properties": { "road_key": "61000000ST081.2", "road_name": "ถนนสายบ้านพันสี-บ้านท่าโพ (1) ช่วงที่ 2", "road_no": "0", "aumpher": "อำเภอหนองขาหย่าง", "office": "สาขาเมือง", "branch_code": "61000000", "name_short": "None", "price_new": 350, "price_old": 150, "width_m": 6, "pt_i": 1 }, "geometry": { "type": "Point", "coordinates": [ 99.985702610979487, 15.377624438500792 ] } },
{ "type": "Feature", "properties": { "road_key": "61000000ST081.2", "road_name": "ถนนสายบ้านพันสี-บ้านท่าโพ (1) ช่วงที่ 2", "road_no": "0", "aumpher": "อำเภอหนองขาหย่าง", "office": "สาขาเมือง", "branch_code": "61000000", "name_short": "None", "price_new": 350, "price_old": 150, "width_m": 6, "pt_i": 2 }, "geometry": { "type": "Point", "coordinates": [ 99.98474148957456, 15.378137928379868 ] } },
{ "type": "Feature", "properties": { "road_key": "61000000ST081.2", "road_name": "ถนนสายบ้านพันสี-บ้านท่าโพ (1) ช่วงที่ 2", "road_no": "0", "aumpher": "อำเภอหนองขาหย่าง", "office": "สาขาเมือง", "branch_code": "61000000", "name_short": "None", "price_new": 350, "price_old": 150, "width_m": 6, "pt_i": 3 }, "geometry": { "type": "Point", "coordinates": [ 99.983682846081862, 15.378471909765189 ] } },
{ "type": "Feature", "properties": { "road_key": "61000000ST081.2", "road_name": "ถนนสายบ้านพันสี-บ้านท่าโพ (1) ช่วงที่ 2", "road_no": "0", "aumpher": "อำเภอหนองขาหย่าง", "office": "สาขาเมือง", "branch_code": "61000000", "name_short": "None", "price_new": 350, "price_old": 150, "width_m": 6, "pt_i": 4 }, "geometry": { "type": "Point", "coordinates": [ 99.982583762138688, 15.378363972757599 ] } },
{ "type": "Feature", "properties": { "road_key": "61000000ST081.2", "road_name": "ถนนสายบ้านพันสี-บ้านท่าโพ (1) ช่วงที่ 2", "road_no": "0", "aumpher": "อำเภอหนองขาหย่าง", "office": "สาขาเมือง", "branch_code": "61000000", "name_short": "None", "price_new": 350, "price_old": 150, "width_m": 6, "pt_i": 5 }, "geometry": { "type": "Point", "coordinates": [ 99.981513987842604, 15.378048696580501 ] } },
{ "type": "Feature", "properties": { "road_key": "61000000ST081.2", "road_name": "ถนนสายบ้านพันสี-บ้านท่าโพ (1) ช่วงที่ 2", "road_no": "0", "aumpher": "อำเภอหนองขาหย่าง", "office": "สาขาเมือง", "branch_code": "61000000", "name_short": "None", "price_new": 350, "price_old": 150, "width_m": 6, "pt_i": 6 }, "geometry": { "type": "Point", "coordinates": [ 99.980443116753193, 15.377737109855111 ] } },
{ "type": "Feature", "properties": { "road_key": "61000000ST081.2", "road_name": "ถนนสายบ้านพันสี-บ้านท่าโพ (1) ช่วงที่ 2", "road_no": "0", "aumpher": "อำเภอหนองขาหย่าง", "office": "สาขาเมือง", "branch_code": "61000000", "name_short": "None", "price_new": 350, "price_old": 150, "width_m": 6, "pt_i": 7 }, "geometry": { "type": "Point", "coordinates": [ 99.979380895665003, 15.377857078062679 ] } },
{ "type": "Feature", "properties": { "road_key": "61000000ST081.2", "road_name": "ถนนสายบ้านพันสี-บ้านท่าโพ (1) ช่วงที่ 2", "road_no": "0", "aumpher": "อำเภอหนองขาหย่าง", "office": "สาขาเมือง", "branch_code": "61000000", "name_short": "None", "price_new": 350, "price_old": 150, "width_m": 6, "pt_i": 8 }, "geometry": { "type": "Point", "coordinates": [ 99.978341329347359, 15.378256105483198 ] } },
{ "type": "Feature", "properties": { "road_key": "61000000ST081.2", "road_name": "ถนนสายบ้านพันสี-บ้านท่าโพ (1) ช่วงที่ 2", "road_no": "0", "aumpher": "อำเภอหนองขาหย่าง", "office": "สาขาเมือง", "branch_code": "61000000", "name_short": "None", "price_new": 350, "price_old": 150, "width_m": 6, "pt_i": 9 }, "geometry": { "type": "Point", "coordinates": [ 99.977246456492168, 15.378473223978073 ] } },
{ "type": "Feature", "properties": { "road_key": "61000000ST081.2", "road_name": "ถนนสายบ้านพันสี-บ้านท่าโพ (1) ช่วงที่ 2", "road_no": "0", "aumpher": "อำเภอหนองขาหย่าง", "office": "สาขาเมือง", "branch_code": "61000000", "name_short": "None", "price_new": 350, "price_old": 150, "width_m": 6, "pt_i": 10 }, "geometry": { "type": "Point", "coordinates": [ 99.976169332067371, 15.378762521975304 ] } },
{ "type": "Feature", "properties": { "road_key": "61000000ST082", "road_name": "ถนนสายบ้านพันสี-บ้านท่าโพ (2)", "road_no": "0", "aumpher": "อำเภอหนองขาหย่าง", "office": "สาขาเมือง", "branch_code": "61000000", "name_short": "None", "price_new": 250, "price_old": 150, "width_m": 4, "pt_i": 0 }, "geometry": { "type": "Point", "coordinates": [ 99.976150633706496, 15.378768210569538 ] } },
{ "type": "Feature", "properties": { "road_key": "61000000ST082", "road_name": "ถนนสายบ้านพันสี-บ้านท่าโพ (2)", "road_no": "0", "aumpher": "อำเภอหนองขาหย่าง", "office": "สาขาเมือง", "branch_code": "61000000", "name_short": "None", "price_new": 250, "price_old": 150, "width_m": 4, "pt_i": 1 }, "geometry": { "type": "Point", "coordinates": [ 99.975299791687561, 15.378138347870669 ] } },
{ "type": "Feature", "properties": { "road_key": "61000000ST082", "road_name": "ถนนสายบ้านพันสี-บ้านท่าโพ (2)", "road_no": "0", "aumpher": "อำเภอหนองขาหย่าง", "office": "สาขาเมือง", "branch_code": "61000000", "name_short": "None", "price_new": 250, "price_old": 150, "width_m": 4, "pt_i": 2 }, "geometry": { "type": "Point", "coordinates": [ 99.974762085759181, 15.377258783371612 ] } },
{ "type": "Feature", "properties": { "road_key": "61000000ST082", "road_name": "ถนนสายบ้านพันสี-บ้านท่าโพ (2)", "road_no": "0", "aumpher": "อำเภอหนองขาหย่าง", "office": "สาขาเมือง", "branch_code": "61000000", "name_short": "None", "price_new": 250, "price_old": 150, "width_m": 4, "pt_i": 3 }, "geometry": { "type": "Point", "coordinates": [ 99.974554580183352, 15.376193692926961 ] } },
{ "type": "Feature", "properties": { "road_key": "61000000ST082", "road_name": "ถนนสายบ้านพันสี-บ้านท่าโพ (2)", "road_no": "0", "aumpher": "อำเภอหนองขาหย่าง", "office": "สาขาเมือง", "branch_code": "61000000", "name_short": "None", "price_new": 250, "price_old": 150, "width_m": 4, "pt_i": 4 }, "geometry": { "type": "Point", "coordinates": [ 99.974685618580693, 15.375139214291595 ] } },
{ "type": "Feature", "properties": { "road_key": "61000000ST082", "road_name": "ถนนสายบ้านพันสี-บ้านท่าโพ (2)", "road_no": "0", "aumpher": "อำเภอหนองขาหย่าง", "office": "สาขาเมือง", "branch_code": "61000000", "name_short": "None", "price_new": 250, "price_old": 150, "width_m": 4, "pt_i": 5 }, "geometry": { "type": "Point", "coordinates": [ 99.974864174219661, 15.374076645221303 ] } },
{ "type": "Feature", "properties": { "road_key": "61000000ST082", "road_name": "ถนนสายบ้านพันสี-บ้านท่าโพ (2)", "road_no": "0", "aumpher": "อำเภอหนองขาหย่าง", "office": "สาขาเมือง", "branch_code": "61000000", "name_short": "None", "price_new": 250, "price_old": 150, "width_m": 4, "pt_i": 6 }, "geometry": { "type": "Point", "coordinates": [ 99.974894821261358, 15.372992293911464 ] } },
{ "type": "Feature", "properties": { "road_key": "61000000ST082", "road_name": "ถนนสายบ้านพันสี-บ้านท่าโพ (2)", "road_no": "0", "aumpher": "อำเภอหนองขาหย่าง", "office": "สาขาเมือง", "branch_code": "61000000", "name_short": "None", "price_new": 250, "price_old": 150, "width_m": 4, "pt_i": 7 }, "geometry": { "type": "Point", "coordinates": [ 99.975066907698121, 15.371925071238362 ] } },
{ "type": "Feature", "properties": { "road_key": "61000000ST082", "road_name": "ถนนสายบ้านพันสี-บ้านท่าโพ (2)", "road_no": "0", "aumpher": "อำเภอหนองขาหย่าง", "office": "สาขาเมือง", "branch_code": "61000000", "name_short": "None", "price_new": 250, "price_old": 150, "width_m": 4, "pt_i": 8 }, "geometry": { "type": "Point", "coordinates": [ 99.975366688652841, 15.370882277454893 ] } },
{ "type": "Feature", "properties": { "road_key": "61000000ST082", "road_name": "ถนนสายบ้านพันสี-บ้านท่าโพ (2)", "road_no": "0", "aumpher": "อำเภอหนองขาหย่าง", "office": "สาขาเมือง", "branch_code": "61000000", "name_short": "None", "price_new": 250, "price_old": 150, "width_m": 4, "pt_i": 9 }, "geometry": { "type": "Point", "coordinates": [ 99.975437419618402, 15.369799685808653 ] } },
{ "type": "Feature", "properties": { "road_key": "61000000ST082", "road_name": "ถนนสายบ้านพันสี-บ้านท่าโพ (2)", "road_no": "0", "aumpher": "อำเภอหนองขาหย่าง", "office": "สาขาเมือง", "branch_code": "61000000", "name_short": "None", "price_new": 250, "price_old": 150, "width_m": 4, "pt_i": 10 }, "geometry": { "type": "Point", "coordinates": [ 99.975511067578751, 15.368717277684159 ] } },
{ "type": "Feature", "properties": { "road_key": "61000000ST082", "road_name": "ถนนสายบ้านพันสี-บ้านท่าโพ (2)", "road_no": "0", "aumpher": "อำเภอหนองขาหย่าง", "office": "สาขาเมือง", "branch_code": "61000000", "name_short": "None", "price_new": 250, "price_old": 150, "width_m": 4, "pt_i": 11 }, "geometry": { "type": "Point", "coordinates": [ 99.975602543819605, 15.367636659444495 ] } },
{ "type": "Feature", "properties": { "road_key": "61000000ST082", "road_name": "ถนนสายบ้านพันสี-บ้านท่าโพ (2)", "road_no": "0", "aumpher": "อำเภอหนองขาหย่าง", "office": "สาขาเมือง", "branch_code": "61000000", "name_short": "None", "price_new": 250, "price_old": 150, "width_m": 4, "pt_i": 12 }, "geometry": { "type": "Point", "coordinates": [ 99.975711129953652, 15.366557723393512 ] } },
{ "type": "Feature", "properties": { "road_key": "61000000ST082", "road_name": "ถนนสายบ้านพันสี-บ้านท่าโพ (2)", "road_no": "0", "aumpher": "อำเภอหนองขาหย่าง", "office": "สาขาเมือง", "branch_code": "61000000", "name_short": "None", "price_new": 250, "price_old": 150, "width_m": 4, "pt_i": 13 }, "geometry": { "type": "Point", "coordinates": [ 99.975787032219387, 15.365475461817237 ] } },
{ "type": "Feature", "properties": { "road_key": "61000000ST082", "road_name": "ถนนสายบ้านพันสี-บ้านท่าโพ (2)", "road_no": "0", "aumpher": "อำเภอหนองขาหย่าง", "office": "สาขาเมือง", "branch_code": "61000000", "name_short": "None", "price_new": 250, "price_old": 150, "width_m": 4, "pt_i": 14 }, "geometry": { "type": "Point", "coordinates": [ 99.975859209810181, 15.364392963995856 ] } },
{ "type": "Feature", "properties": { "road_key": "61000000ST083", "road_name": "ถนนสายบ้านพันสี-บ้านท่าโพ (3)", "road_no": "0", "aumpher": "อำเภอหนองขาหย่าง", "office": "สาขาเมือง", "branch_code": "61000000", "name_short": "None", "price_new": 300, "price_old": 150, "width_m": 4, "pt_i": 0 }, "geometry": { "type": "Point", "coordinates": [ 99.975757571245978, 15.37858498032273 ] } },
{ "type": "Feature", "properties": { "road_key": "61000000ST083", "road_name": "ถนนสายบ้านพันสี-บ้านท่าโพ (3)", "road_no": "0", "aumpher": "อำเภอหนองขาหย่าง", "office": "สาขาเมือง", "branch_code": "61000000", "name_short": "None", "price_new": 300, "price_old": 150, "width_m": 4, "pt_i": 1 }, "geometry": { "type": "Point", "coordinates": [ 99.974663123621937, 15.378784135282109 ] } },
{ "type": "Feature", "properties": { "road_key": "61000000ST083", "road_name": "ถนนสายบ้านพันสี-บ้านท่าโพ (3)", "road_no": "0", "aumpher": "อำเภอหนองขาหย่าง", "office": "สาขาเมือง", "branch_code": "61000000", "name_short": "None", "price_new": 300, "price_old": 150, "width_m": 4, "pt_i": 2 }, "geometry": { "type": "Point", "coordinates": [ 99.973772626887637, 15.378263677260312 ] } },
{ "type": "Feature", "properties": { "road_key": "61000000ST083", "road_name": "ถนนสายบ้านพันสี-บ้านท่าโพ (3)", "road_no": "0", "aumpher": "อำเภอหนองขาหย่าง", "office": "สาขาเมือง", "branch_code": "61000000", "name_short": "None", "price_new": 300, "price_old": 150, "width_m": 4, "pt_i": 3 }, "geometry": { "type": "Point", "coordinates": [ 99.972800088316788, 15.377773210555803 ] } },
{ "type": "Feature", "properties": { "road_key": "61000000ST083", "road_name": "ถนนสายบ้านพันสี-บ้านท่าโพ (3)", "road_no": "0", "aumpher": "อำเภอหนองขาหย่าง", "office": "สาขาเมือง", "branch_code": "61000000", "name_short": "None", "price_new": 300, "price_old": 150, "width_m": 4, "pt_i": 4 }, "geometry": { "type": "Point", "coordinates": [ 99.972252553687284, 15.376839324706824 ] } },
{ "type": "Feature", "properties": { "road_key": "61000000ST083", "road_name": "ถนนสายบ้านพันสี-บ้านท่าโพ (3)", "road_no": "0", "aumpher": "อำเภอหนองขาหย่าง", "office": "สาขาเมือง", "branch_code": "61000000", "name_short": "None", "price_new": 300, "price_old": 150, "width_m": 4, "pt_i": 5 }, "geometry": { "type": "Point", "coordinates": [ 99.971835384578256, 15.37583359550265 ] } },
{ "type": "Feature", "properties": { "road_key": "61000000ST083", "road_name": "ถนนสายบ้านพันสี-บ้านท่าโพ (3)", "road_no": "0", "aumpher": "อำเภอหนองขาหย่าง", "office": "สาขาเมือง", "branch_code": "61000000", "name_short": "None", "price_new": 300, "price_old": 150, "width_m": 4, "pt_i": 6 }, "geometry": { "type": "Point", "coordinates": [ 99.971205025603894, 15.374938961747318 ] } },
{ "type": "Feature", "properties": { "road_key": "61000000ST083", "road_name": "ถนนสายบ้านพันสี-บ้านท่าโพ (3)", "road_no": "0", "aumpher": "อำเภอหนองขาหย่าง", "office": "สาขาเมือง", "branch_code": "61000000", "name_short": "None", "price_new": 300, "price_old": 150, "width_m": 4, "pt_i": 7 }, "geometry": { "type": "Point", "coordinates": [ 99.970649804463605, 15.374002397229825 ] } },
{ "type": "Feature", "properties": { "road_key": "61000000ST083", "road_name": "ถนนสายบ้านพันสี-บ้านท่าโพ (3)", "road_no": "0", "aumpher": "อำเภอหนองขาหย่าง", "office": "สาขาเมือง", "branch_code": "61000000", "name_short": "None", "price_new": 300, "price_old": 150, "width_m": 4, "pt_i": 8 }, "geometry": { "type": "Point", "coordinates": [ 99.970013886153296, 15.373111286920402 ] } },
{ "type": "Feature", "properties": { "road_key": "61000000ST083", "road_name": "ถนนสายบ้านพันสี-บ้านท่าโพ (3)", "road_no": "0", "aumpher": "อำเภอหนองขาหย่าง", "office": "สาขาเมือง", "branch_code": "61000000", "name_short": "None", "price_new": 300, "price_old": 150, "width_m": 4, "pt_i": 9 }, "geometry": { "type": "Point", "coordinates": [ 99.969343588265787, 15.372243491927314 ] } },
{ "type": "Feature", "properties": { "road_key": "61000000ST083", "road_name": "ถนนสายบ้านพันสี-บ้านท่าโพ (3)", "road_no": "0", "aumpher": "อำเภอหนองขาหย่าง", "office": "สาขาเมือง", "branch_code": "61000000", "name_short": "None", "price_new": 300, "price_old": 150, "width_m": 4, "pt_i": 10 }, "geometry": { "type": "Point", "coordinates": [ 99.968595211899583, 15.371442928946308 ] } },
{ "type": "Feature", "properties": { "road_key": "61000000ST083", "road_name": "ถนนสายบ้านพันสี-บ้านท่าโพ (3)", "road_no": "0", "aumpher": "อำเภอหนองขาหย่าง", "office": "สาขาเมือง", "branch_code": "61000000", "name_short": "None", "price_new": 300, "price_old": 150, "width_m": 4, "pt_i": 11 }, "geometry": { "type": "Point", "coordinates": [ 99.967818672959865, 15.37067416347986 ] } },
{ "type": "Feature", "properties": { "road_key": "61000000ST083", "road_name": "ถนนสายบ้านพันสี-บ้านท่าโพ (3)", "road_no": "0", "aumpher": "อำเภอหนองขาหย่าง", "office": "สาขาเมือง", "branch_code": "61000000", "name_short": "None", "price_new": 300, "price_old": 150, "width_m": 4, "pt_i": 12 }, "geometry": { "type": "Point", "coordinates": [ 99.967451779353382, 15.369651425034247 ] } },
{ "type": "Feature", "properties": { "road_key": "61000000ST083", "road_name": "ถนนสายบ้านพันสี-บ้านท่าโพ (3)", "road_no": "0", "aumpher": "อำเภอหนองขาหย่าง", "office": "สาขาเมือง", "branch_code": "61000000", "name_short": "None", "price_new": 300, "price_old": 150, "width_m": 4, "pt_i": 13 }, "geometry": { "type": "Point", "coordinates": [ 99.967330114303294, 15.3685731751891 ] } },
{ "type": "Feature", "properties": { "road_key": "61000000ST083", "road_name": "ถนนสายบ้านพันสี-บ้านท่าโพ (3)", "road_no": "0", "aumpher": "อำเภอหนองขาหย่าง", "office": "สาขาเมือง", "branch_code": "61000000", "name_short": "None", "price_new": 300, "price_old": 150, "width_m": 4, "pt_i": 14 }, "geometry": { "type": "Point", "coordinates": [ 99.967123969273416, 15.367507007973833 ] } },
{ "type": "Feature", "properties": { "road_key": "61000000ST083", "road_name": "ถนนสายบ้านพันสี-บ้านท่าโพ (3)", "road_no": "0", "aumpher": "อำเภอหนองขาหย่าง", "office": "สาขาเมือง", "branch_code": "61000000", "name_short": "None", "price_new": 300, "price_old": 150, "width_m": 4, "pt_i": 15 }, "geometry": { "type": "Point", "coordinates": [ 99.966933848623228, 15.366439963764639 ] } },
{ "type": "Feature", "properties": { "road_key": "61000000ST083", "road_name": "ถนนสายบ้านพันสี-บ้านท่าโพ (3)", "road_no": "0", "aumpher": "อำเภอหนองขาหย่าง", "office": "สาขาเมือง", "branch_code": "61000000", "name_short": "None", "price_new": 300, "price_old": 150, "width_m": 4, "pt_i": 16 }, "geometry": { "type": "Point", "coordinates": [ 99.966599818848948, 15.365404861989905 ] } },
{ "type": "Feature", "properties": { "road_key": "61000000ST084.1", "road_name": "ถนนสายบ้านพันสี-บ้านหนองกาหลง ช่วงที่ 1", "road_no": "0", "aumpher": "อำเภอหนองขาหย่าง", "office": "สาขาเมือง", "branch_code": "61000000", "name_short": "None", "price_new": 350, "price_old": 250, "width_m": 6, "pt_i": 0 }, "geometry": { "type": "Point", "coordinates": [ 99.986765536754163, 15.364417084311924 ] } },
{ "type": "Feature", "properties": { "road_key": "61000000ST084.1", "road_name": "ถนนสายบ้านพันสี-บ้านหนองกาหลง ช่วงที่ 1", "road_no": "0", "aumpher": "อำเภอหนองขาหย่าง", "office": "สาขาเมือง", "branch_code": "61000000", "name_short": "None", "price_new": 350, "price_old": 250, "width_m": 6, "pt_i": 1 }, "geometry": { "type": "Point", "coordinates": [ 99.986708166413976, 15.363333795648931 ] } },
{ "type": "Feature", "properties": { "road_key": "61000000ST084.1", "road_name": "ถนนสายบ้านพันสี-บ้านหนองกาหลง ช่วงที่ 1", "road_no": "0", "aumpher": "อำเภอหนองขาหย่าง", "office": "สาขาเมือง", "branch_code": "61000000", "name_short": "None", "price_new": 350, "price_old": 250, "width_m": 6, "pt_i": 2 }, "geometry": { "type": "Point", "coordinates": [ 99.986649533168716, 15.362250970846453 ] } },
{ "type": "Feature", "properties": { "road_key": "61000000ST084.1", "road_name": "ถนนสายบ้านพันสี-บ้านหนองกาหลง ช่วงที่ 1", "road_no": "0", "aumpher": "อำเภอหนองขาหย่าง", "office": "สาขาเมือง", "branch_code": "61000000", "name_short": "None", "price_new": 350, "price_old": 250, "width_m": 6, "pt_i": 3 }, "geometry": { "type": "Point", "coordinates": [ 99.986719387977416, 15.361168845176556 ] } },
{ "type": "Feature", "properties": { "road_key": "61000000ST084.2", "road_name": "ถนนสายบ้านพันสี-บ้านหนองกาหลง ช่วงที่ 2", "road_no": "0", "aumpher": "อำเภอหนองขาหย่าง", "office": "สาขาเมือง", "branch_code": "61000000", "name_short": "None", "price_new": 350, "price_old": 250, "width_m": 6, "pt_i": 0 }, "geometry": { "type": "Point", "coordinates": [ 99.986855876105807, 15.360482592328928 ] } },
{ "type": "Feature", "properties": { "road_key": "61000000ST084.2", "road_name": "ถนนสายบ้านพันสี-บ้านหนองกาหลง ช่วงที่ 2", "road_no": "0", "aumpher": "อำเภอหนองขาหย่าง", "office": "สาขาเมือง", "branch_code": "61000000", "name_short": "None", "price_new": 350, "price_old": 250, "width_m": 6, "pt_i": 1 }, "geometry": { "type": "Point", "coordinates": [ 99.987145329862557, 15.359434831867363 ] } },
{ "type": "Feature", "properties": { "road_key": "61000000ST084.2", "road_name": "ถนนสายบ้านพันสี-บ้านหนองกาหลง ช่วงที่ 2", "road_no": "0", "aumpher": "อำเภอหนองขาหย่าง", "office": "สาขาเมือง", "branch_code": "61000000", "name_short": "None", "price_new": 350, "price_old": 250, "width_m": 6, "pt_i": 2 }, "geometry": { "type": "Point", "coordinates": [ 99.987442226540367, 15.358389027196528 ] } },
{ "type": "Feature", "properties": { "road_key": "61000000ST084.2", "road_name": "ถนนสายบ้านพันสี-บ้านหนองกาหลง ช่วงที่ 2", "road_no": "0", "aumpher": "อำเภอหนองขาหย่าง", "office": "สาขาเมือง", "branch_code": "61000000", "name_short": "None", "price_new": 350, "price_old": 250, "width_m": 6, "pt_i": 3 }, "geometry": { "type": "Point", "coordinates": [ 99.987582921024085, 15.357318975933556 ] } },
{ "type": "Feature", "properties": { "road_key": "61000000ST084.2", "road_name": "ถนนสายบ้านพันสี-บ้านหนองกาหลง ช่วงที่ 2", "road_no": "0", "aumpher": "อำเภอหนองขาหย่าง", "office": "สาขาเมือง", "branch_code": "61000000", "name_short": "None", "price_new": 350, "price_old": 250, "width_m": 6, "pt_i": 4 }, "geometry": { "type": "Point", "coordinates": [ 99.987609233401386, 15.3562345619212 ] } },
{ "type": "Feature", "properties": { "road_key": "61000000ST084.2", "road_name": "ถนนสายบ้านพันสี-บ้านหนองกาหลง ช่วงที่ 2", "road_no": "0", "aumpher": "อำเภอหนองขาหย่าง", "office": "สาขาเมือง", "branch_code": "61000000", "name_short": "None", "price_new": 350, "price_old": 250, "width_m": 6, "pt_i": 5 }, "geometry": { "type": "Point", "coordinates": [ 99.987545829633135, 15.355152315550498 ] } },
{ "type": "Feature", "properties": { "road_key": "61000000ST084.2", "road_name": "ถนนสายบ้านพันสี-บ้านหนองกาหลง ช่วงที่ 2", "road_no": "0", "aumpher": "อำเภอหนองขาหย่าง", "office": "สาขาเมือง", "branch_code": "61000000", "name_short": "None", "price_new": 350, "price_old": 250, "width_m": 6, "pt_i": 6 }, "geometry": { "type": "Point", "coordinates": [ 99.987479428419888, 15.354069735402406 ] } },
{ "type": "Feature", "properties": { "road_key": "61000000ST084.2", "road_name": "ถนนสายบ้านพันสี-บ้านหนองกาหลง ช่วงที่ 2", "road_no": "0", "aumpher": "อำเภอหนองขาหย่าง", "office": "สาขาเมือง", "branch_code": "61000000", "name_short": "None", "price_new": 350, "price_old": 250, "width_m": 6, "pt_i": 7 }, "geometry": { "type": "Point", "coordinates": [ 99.98747833073763, 15.35298512270343 ] } },
{ "type": "Feature", "properties": { "road_key": "61000000ST084.2", "road_name": "ถนนสายบ้านพันสี-บ้านหนองกาหลง ช่วงที่ 2", "road_no": "0", "aumpher": "อำเภอหนองขาหย่าง", "office": "สาขาเมือง", "branch_code": "61000000", "name_short": "None", "price_new": 350, "price_old": 250, "width_m": 6, "pt_i": 8 }, "geometry": { "type": "Point", "coordinates": [ 99.987503438771526, 15.351901279006952 ] } },
{ "type": "Feature", "properties": { "road_key": "61000000ST084.2", "road_name": "ถนนสายบ้านพันสี-บ้านหนองกาหลง ช่วงที่ 2", "road_no": "0", "aumpher": "อำเภอหนองขาหย่าง", "office": "สาขาเมือง", "branch_code": "61000000", "name_short": "None", "price_new": 350, "price_old": 250, "width_m": 6, "pt_i": 9 }, "geometry": { "type": "Point", "coordinates": [ 99.987606137037758, 15.350821103937161 ] } },
{ "type": "Feature", "properties": { "road_key": "61000000ST084.2", "road_name": "ถนนสายบ้านพันสี-บ้านหนองกาหลง ช่วงที่ 2", "road_no": "0", "aumpher": "อำเภอหนองขาหย่าง", "office": "สาขาเมือง", "branch_code": "61000000", "name_short": "None", "price_new": 350, "price_old": 250, "width_m": 6, "pt_i": 10 }, "geometry": { "type": "Point", "coordinates": [ 99.987713688416974, 15.349741373101791 ] } },
{ "type": "Feature", "properties": { "road_key": "61000000ST084.3", "road_name": "ถนนสายบ้านพันสี-บ้านหนองกาหลง ช่วงที่ 3", "road_no": "0", "aumpher": "อำเภอหนองขาหย่าง", "office": "สาขาเมือง", "branch_code": "61000000", "name_short": "None", "price_new": 400, "price_old": 250, "width_m": 6, "pt_i": 0 }, "geometry": { "type": "Point", "coordinates": [ 99.987751241618696, 15.349332344775961 ] } },
{ "type": "Feature", "properties": { "road_key": "61000000ST084.3", "road_name": "ถนนสายบ้านพันสี-บ้านหนองกาหลง ช่วงที่ 3", "road_no": "0", "aumpher": "อำเภอหนองขาหย่าง", "office": "สาขาเมือง", "branch_code": "61000000", "name_short": "None", "price_new": 400, "price_old": 250, "width_m": 6, "pt_i": 1 }, "geometry": { "type": "Point", "coordinates": [ 99.987580619375422, 15.348278728089683 ] } },
{ "type": "Feature", "properties": { "road_key": "61000000ST084.3", "road_name": "ถนนสายบ้านพันสี-บ้านหนองกาหลง ช่วงที่ 3", "road_no": "0", "aumpher": "อำเภอหนองขาหย่าง", "office": "สาขาเมือง", "branch_code": "61000000", "name_short": "None", "price_new": 400, "price_old": 250, "width_m": 6, "pt_i": 2 }, "geometry": { "type": "Point", "coordinates": [ 99.987215929111969, 15.347254011351836 ] } },
{ "type": "Feature", "properties": { "road_key": "61000000ST084.3", "road_name": "ถนนสายบ้านพันสี-บ้านหนองกาหลง ช่วงที่ 3", "road_no": "0", "aumpher": "อำเภอหนองขาหย่าง", "office": "สาขาเมือง", "branch_code": "61000000", "name_short": "None", "price_new": 400, "price_old": 250, "width_m": 6, "pt_i": 3 }, "geometry": { "type": "Point", "coordinates": [ 99.986886663192578, 15.34621744324647 ] } },
{ "type": "Feature", "properties": { "road_key": "61000000ST084.4", "road_name": "ถนนสายบ้านพันสี-บ้านหนองกาหลง ช่วงที่ 4", "road_no": "0", "aumpher": "อำเภอหนองขาหย่าง", "office": "สาขาเมือง", "branch_code": "61000000", "name_short": "None", "price_new": 350, "price_old": 250, "width_m": 6, "pt_i": 0 }, "geometry": { "type": "Point", "coordinates": [ 99.986724606898193, 15.345755155098651 ] } },
{ "type": "Feature", "properties": { "road_key": "61000000ST084.4", "road_name": "ถนนสายบ้านพันสี-บ้านหนองกาหลง ช่วงที่ 4", "road_no": "0", "aumpher": "อำเภอหนองขาหย่าง", "office": "สาขาเมือง", "branch_code": "61000000", "name_short": "None", "price_new": 350, "price_old": 250, "width_m": 6, "pt_i": 1 }, "geometry": { "type": "Point", "coordinates": [ 99.986309331070785, 15.344748021038411 ] } },
{ "type": "Feature", "properties": { "road_key": "61000000ST084.4", "road_name": "ถนนสายบ้านพันสี-บ้านหนองกาหลง ช่วงที่ 4", "road_no": "0", "aumpher": "อำเภอหนองขาหย่าง", "office": "สาขาเมือง", "branch_code": "61000000", "name_short": "None", "price_new": 350, "price_old": 250, "width_m": 6, "pt_i": 2 }, "geometry": { "type": "Point", "coordinates": [ 99.985881629138063, 15.343745828228906 ] } },
{ "type": "Feature", "properties": { "road_key": "61000000ST084.4", "road_name": "ถนนสายบ้านพันสี-บ้านหนองกาหลง ช่วงที่ 4", "road_no": "0", "aumpher": "อำเภอหนองขาหย่าง", "office": "สาขาเมือง", "branch_code": "61000000", "name_short": "None", "price_new": 350, "price_old": 250, "width_m": 6, "pt_i": 3 }, "geometry": { "type": "Point", "coordinates": [ 99.985730659180859, 15.342675696829367 ] } },
{ "type": "Feature", "properties": { "road_key": "61000000ST084.4", "road_name": "ถนนสายบ้านพันสี-บ้านหนองกาหลง ช่วงที่ 4", "road_no": "0", "aumpher": "อำเภอหนองขาหย่าง", "office": "สาขาเมือง", "branch_code": "61000000", "name_short": "None", "price_new": 350, "price_old": 250, "width_m": 6, "pt_i": 4 }, "geometry": { "type": "Point", "coordinates": [ 99.985614404498961, 15.341597383161808 ] } },
{ "type": "Feature", "properties": { "road_key": "61000000ST084.4", "road_name": "ถนนสายบ้านพันสี-บ้านหนองกาหลง ช่วงที่ 4", "road_no": "0", "aumpher": "อำเภอหนองขาหย่าง", "office": "สาขาเมือง", "branch_code": "61000000", "name_short": "None", "price_new": 350, "price_old": 250, "width_m": 6, "pt_i": 5 }, "geometry": { "type": "Point", "coordinates": [ 99.985417667614385, 15.340534007559306 ] } },
{ "type": "Feature", "properties": { "road_key": "61000000ST084.4", "road_name": "ถนนสายบ้านพันสี-บ้านหนองกาหลง ช่วงที่ 4", "road_no": "0", "aumpher": "อำเภอหนองขาหย่าง", "office": "สาขาเมือง", "branch_code": "61000000", "name_short": "None", "price_new": 350, "price_old": 250, "width_m": 6, "pt_i": 6 }, "geometry": { "type": "Point", "coordinates": [ 99.984699041395643, 15.339708354956924 ] } },
{ "type": "Feature", "properties": { "road_key": "61000000ST084.4", "road_name": "ถนนสายบ้านพันสี-บ้านหนองกาหลง ช่วงที่ 4", "road_no": "0", "aumpher": "อำเภอหนองขาหย่าง", "office": "สาขาเมือง", "branch_code": "61000000", "name_short": "None", "price_new": 350, "price_old": 250, "width_m": 6, "pt_i": 7 }, "geometry": { "type": "Point", "coordinates": [ 99.984330255768768, 15.338688935293991 ] } },
{ "type": "Feature", "properties": { "road_key": "61000000ST084.4", "road_name": "ถนนสายบ้านพันสี-บ้านหนองกาหลง ช่วงที่ 4", "road_no": "0", "aumpher": "อำเภอหนองขาหย่าง", "office": "สาขาเมือง", "branch_code": "61000000", "name_short": "None", "price_new": 350, "price_old": 250, "width_m": 6, "pt_i": 8 }, "geometry": { "type": "Point", "coordinates": [ 99.984015192634715, 15.337648149462346 ] } },
{ "type": "Feature", "properties": { "road_key": "61000000ST084.4", "road_name": "ถนนสายบ้านพันสี-บ้านหนองกาหลง ช่วงที่ 4", "road_no": "0", "aumpher": "อำเภอหนองขาหย่าง", "office": "สาขาเมือง", "branch_code": "61000000", "name_short": "None", "price_new": 350, "price_old": 250, "width_m": 6, "pt_i": 9 }, "geometry": { "type": "Point", "coordinates": [ 99.983687531067503, 15.336611259017445 ] } },
{ "type": "Feature", "properties": { "road_key": "61000000ST084.4", "road_name": "ถนนสายบ้านพันสี-บ้านหนองกาหลง ช่วงที่ 4", "road_no": "0", "aumpher": "อำเภอหนองขาหย่าง", "office": "สาขาเมือง", "branch_code": "61000000", "name_short": "None", "price_new": 350, "price_old": 250, "width_m": 6, "pt_i": 10 }, "geometry": { "type": "Point", "coordinates": [ 99.983417298640163, 15.335562215839861 ] } },
{ "type": "Feature", "properties": { "road_key": "61000000ST084.4", "road_name": "ถนนสายบ้านพันสี-บ้านหนองกาหลง ช่วงที่ 4", "road_no": "0", "aumpher": "อำเภอหนองขาหย่าง", "office": "สาขาเมือง", "branch_code": "61000000", "name_short": "None", "price_new": 350, "price_old": 250, "width_m": 6, "pt_i": 11 }, "geometry": { "type": "Point", "coordinates": [ 99.983239940358729, 15.33449119490979 ] } },
{ "type": "Feature", "properties": { "road_key": "61000000ST084.4", "road_name": "ถนนสายบ้านพันสี-บ้านหนองกาหลง ช่วงที่ 4", "road_no": "0", "aumpher": "อำเภอหนองขาหย่าง", "office": "สาขาเมือง", "branch_code": "61000000", "name_short": "None", "price_new": 350, "price_old": 250, "width_m": 6, "pt_i": 12 }, "geometry": { "type": "Point", "coordinates": [ 99.983057238327547, 15.333421016958695 ] } },
{ "type": "Feature", "properties": { "road_key": "61000000ST084.4", "road_name": "ถนนสายบ้านพันสี-บ้านหนองกาหลง ช่วงที่ 4", "road_no": "0", "aumpher": "อำเภอหนองขาหย่าง", "office": "สาขาเมือง", "branch_code": "61000000", "name_short": "None", "price_new": 350, "price_old": 250, "width_m": 6, "pt_i": 13 }, "geometry": { "type": "Point", "coordinates": [ 99.982839911738523, 15.33235712560354 ] } },
{ "type": "Feature", "properties": { "road_key": "61000000ST084.4", "road_name": "ถนนสายบ้านพันสี-บ้านหนองกาหลง ช่วงที่ 4", "road_no": "0", "aumpher": "อำเภอหนองขาหย่าง", "office": "สาขาเมือง", "branch_code": "61000000", "name_short": "None", "price_new": 350, "price_old": 250, "width_m": 6, "pt_i": 14 }, "geometry": { "type": "Point", "coordinates": [ 99.98267179840569, 15.331285866943626 ] } },
{ "type": "Feature", "properties": { "road_key": "61000000ST084.4", "road_name": "ถนนสายบ้านพันสี-บ้านหนองกาหลง ช่วงที่ 4", "road_no": "0", "aumpher": "อำเภอหนองขาหย่าง", "office": "สาขาเมือง", "branch_code": "61000000", "name_short": "None", "price_new": 350, "price_old": 250, "width_m": 6, "pt_i": 15 }, "geometry": { "type": "Point", "coordinates": [ 99.982672922446937, 15.33020110116578 ] } },
{ "type": "Feature", "properties": { "road_key": "61000000ST084.4", "road_name": "ถนนสายบ้านพันสี-บ้านหนองกาหลง ช่วงที่ 4", "road_no": "0", "aumpher": "อำเภอหนองขาหย่าง", "office": "สาขาเมือง", "branch_code": "61000000", "name_short": "None", "price_new": 350, "price_old": 250, "width_m": 6, "pt_i": 16 }, "geometry": { "type": "Point", "coordinates": [ 99.982675680251845, 15.329116372092018 ] } },
{ "type": "Feature", "properties": { "road_key": "61000000ST084.4", "road_name": "ถนนสายบ้านพันสี-บ้านหนองกาหลง ช่วงที่ 4", "road_no": "0", "aumpher": "อำเภอหนองขาหย่าง", "office": "สาขาเมือง", "branch_code": "61000000", "name_short": "None", "price_new": 350, "price_old": 250, "width_m": 6, "pt_i": 17 }, "geometry": { "type": "Point", "coordinates": [ 99.982726436933703, 15.328032724514248 ] } },
{ "type": "Feature", "properties": { "road_key": "61000000ST084.4", "road_name": "ถนนสายบ้านพันสี-บ้านหนองกาหลง ช่วงที่ 4", "road_no": "0", "aumpher": "อำเภอหนองขาหย่าง", "office": "สาขาเมือง", "branch_code": "61000000", "name_short": "None", "price_new": 350, "price_old": 250, "width_m": 6, "pt_i": 18 }, "geometry": { "type": "Point", "coordinates": [ 99.98279011637446, 15.326949725252765 ] } },
{ "type": "Feature", "properties": { "road_key": "61000000ST084.4", "road_name": "ถนนสายบ้านพันสี-บ้านหนองกาหลง ช่วงที่ 4", "road_no": "0", "aumpher": "อำเภอหนองขาหย่าง", "office": "สาขาเมือง", "branch_code": "61000000", "name_short": "None", "price_new": 350, "price_old": 250, "width_m": 6, "pt_i": 19 }, "geometry": { "type": "Point", "coordinates": [ 99.982854781708056, 15.325866775390756 ] } },
{ "type": "Feature", "properties": { "road_key": "61000000ST084.4", "road_name": "ถนนสายบ้านพันสี-บ้านหนองกาหลง ช่วงที่ 4", "road_no": "0", "aumpher": "อำเภอหนองขาหย่าง", "office": "สาขาเมือง", "branch_code": "61000000", "name_short": "None", "price_new": 350, "price_old": 250, "width_m": 6, "pt_i": 20 }, "geometry": { "type": "Point", "coordinates": [ 99.982943578786731, 15.324785536256623 ] } },
{ "type": "Feature", "properties": { "road_key": "61000000ST084.4", "road_name": "ถนนสายบ้านพันสี-บ้านหนองกาหลง ช่วงที่ 4", "road_no": "0", "aumpher": "อำเภอหนองขาหย่าง", "office": "สาขาเมือง", "branch_code": "61000000", "name_short": "None", "price_new": 350, "price_old": 250, "width_m": 6, "pt_i": 21 }, "geometry": { "type": "Point", "coordinates": [ 99.983041763634077, 15.323704962613576 ] } },
{ "type": "Feature", "properties": { "road_key": "61000000ST084.4", "road_name": "ถนนสายบ้านพันสี-บ้านหนองกาหลง ช่วงที่ 4", "road_no": "0", "aumpher": "อำเภอหนองขาหย่าง", "office": "สาขาเมือง", "branch_code": "61000000", "name_short": "None", "price_new": 350, "price_old": 250, "width_m": 6, "pt_i": 22 }, "geometry": { "type": "Point", "coordinates": [ 99.982976300834409, 15.322626500137778 ] } },
{ "type": "Feature", "properties": { "road_key": "61000000ST084.4", "road_name": "ถนนสายบ้านพันสี-บ้านหนองกาหลง ช่วงที่ 4", "road_no": "0", "aumpher": "อำเภอหนองขาหย่าง", "office": "สาขาเมือง", "branch_code": "61000000", "name_short": "None", "price_new": 350, "price_old": 250, "width_m": 6, "pt_i": 23 }, "geometry": { "type": "Point", "coordinates": [ 99.982649741056676, 15.321591040443737 ] } },
{ "type": "Feature", "properties": { "road_key": "61000000ST084.4", "road_name": "ถนนสายบ้านพันสี-บ้านหนองกาหลง ช่วงที่ 4", "road_no": "0", "aumpher": "อำเภอหนองขาหย่าง", "office": "สาขาเมือง", "branch_code": "61000000", "name_short": "None", "price_new": 350, "price_old": 250, "width_m": 6, "pt_i": 24 }, "geometry": { "type": "Point", "coordinates": [ 99.982404204884986, 15.32054597244743 ] } },
{ "type": "Feature", "properties": { "road_key": "61000000ST084.4", "road_name": "ถนนสายบ้านพันสี-บ้านหนองกาหลง ช่วงที่ 4", "road_no": "0", "aumpher": "อำเภอหนองขาหย่าง", "office": "สาขาเมือง", "branch_code": "61000000", "name_short": "None", "price_new": 350, "price_old": 250, "width_m": 6, "pt_i": 25 }, "geometry": { "type": "Point", "coordinates": [ 99.982572489025898, 15.319474974163322 ] } },
{ "type": "Feature", "properties": { "road_key": "61000000ST084.4", "road_name": "ถนนสายบ้านพันสี-บ้านหนองกาหลง ช่วงที่ 4", "road_no": "0", "aumpher": "อำเภอหนองขาหย่าง", "office": "สาขาเมือง", "branch_code": "61000000", "name_short": "None", "price_new": 350, "price_old": 250, "width_m": 6, "pt_i": 26 }, "geometry": { "type": "Point", "coordinates": [ 99.982897928564896, 15.318441484140234 ] } },
{ "type": "Feature", "properties": { "road_key": "61000000ST084.4", "road_name": "ถนนสายบ้านพันสี-บ้านหนองกาหลง ช่วงที่ 4", "road_no": "0", "aumpher": "อำเภอหนองขาหย่าง", "office": "สาขาเมือง", "branch_code": "61000000", "name_short": "None", "price_new": 350, "price_old": 250, "width_m": 6, "pt_i": 27 }, "geometry": { "type": "Point", "coordinates": [ 99.983298960290526, 15.317431075464787 ] } },
{ "type": "Feature", "properties": { "road_key": "61000000ST084.4", "road_name": "ถนนสายบ้านพันสี-บ้านหนองกาหลง ช่วงที่ 4", "road_no": "0", "aumpher": "อำเภอหนองขาหย่าง", "office": "สาขาเมือง", "branch_code": "61000000", "name_short": "None", "price_new": 350, "price_old": 250, "width_m": 6, "pt_i": 28 }, "geometry": { "type": "Point", "coordinates": [ 99.983484196184506, 15.31637065806439 ] } },
{ "type": "Feature", "properties": { "road_key": "61000000ST097.1", "road_name": "ถนนสายบ้านหนองเขาหย่าง-บ้านหนองโรง ช่วงที่ 1", "road_no": "0", "aumpher": "อำเภอหนองขาหย่าง", "office": "สาขาเมือง", "branch_code": "61000000", "name_short": "None", "price_new": 400, "price_old": 200, "width_m": 6, "pt_i": 0 }, "geometry": { "type": "Point", "coordinates": [ 99.940856554534264, 15.363854105983247 ] } },
{ "type": "Feature", "properties": { "road_key": "61000000ST097.1", "road_name": "ถนนสายบ้านหนองเขาหย่าง-บ้านหนองโรง ช่วงที่ 1", "road_no": "0", "aumpher": "อำเภอหนองขาหย่าง", "office": "สาขาเมือง", "branch_code": "61000000", "name_short": "None", "price_new": 400, "price_old": 200, "width_m": 6, "pt_i": 1 }, "geometry": { "type": "Point", "coordinates": [ 99.94093836711528, 15.364935959860814 ] } },
{ "type": "Feature", "properties": { "road_key": "61000000ST097.1", "road_name": "ถนนสายบ้านหนองเขาหย่าง-บ้านหนองโรง ช่วงที่ 1", "road_no": "0", "aumpher": "อำเภอหนองขาหย่าง", "office": "สาขาเมือง", "branch_code": "61000000", "name_short": "None", "price_new": 400, "price_old": 200, "width_m": 6, "pt_i": 2 }, "geometry": { "type": "Point", "coordinates": [ 99.940962484716337, 15.366011369017588 ] } },
{ "type": "Feature", "properties": { "road_key": "61000000ST097.1", "road_name": "ถนนสายบ้านหนองเขาหย่าง-บ้านหนองโรง ช่วงที่ 1", "road_no": "0", "aumpher": "อำเภอหนองขาหย่าง", "office": "สาขาเมือง", "branch_code": "61000000", "name_short": "None", "price_new": 400, "price_old": 200, "width_m": 6, "pt_i": 3 }, "geometry": { "type": "Point", "coordinates": [ 99.940219427342015, 15.36681659216257 ] } },
{ "type": "Feature", "properties": { "road_key": "61000000ST097.1", "road_name": "ถนนสายบ้านหนองเขาหย่าง-บ้านหนองโรง ช่วงที่ 1", "road_no": "0", "aumpher": "อำเภอหนองขาหย่าง", "office": "สาขาเมือง", "branch_code": "61000000", "name_short": "None", "price_new": 400, "price_old": 200, "width_m": 6, "pt_i": 4 }, "geometry": { "type": "Point", "coordinates": [ 99.939448937041504, 15.367602616604582 ] } },
{ "type": "Feature", "properties": { "road_key": "61000000ST097.1", "road_name": "ถนนสายบ้านหนองเขาหย่าง-บ้านหนองโรง ช่วงที่ 1", "road_no": "0", "aumpher": "อำเภอหนองขาหย่าง", "office": "สาขาเมือง", "branch_code": "61000000", "name_short": "None", "price_new": 400, "price_old": 200, "width_m": 6, "pt_i": 5 }, "geometry": { "type": "Point", "coordinates": [ 99.93870575863825, 15.368412746618661 ] } },
{ "type": "Feature", "properties": { "road_key": "61000000ST097.1", "road_name": "ถนนสายบ้านหนองเขาหย่าง-บ้านหนองโรง ช่วงที่ 1", "road_no": "0", "aumpher": "อำเภอหนองขาหย่าง", "office": "สาขาเมือง", "branch_code": "61000000", "name_short": "None", "price_new": 400, "price_old": 200, "width_m": 6, "pt_i": 6 }, "geometry": { "type": "Point", "coordinates": [ 99.938025122811084, 15.369272860593886 ] } },
{ "type": "Feature", "properties": { "road_key": "61000000ST097.2", "road_name": "ถนนสายบ้านหนองเขาหย่าง-บ้านหนองโรง ช่วงที่ 2", "road_no": "0", "aumpher": "อำเภอหนองขาหย่าง", "office": "สาขาเมือง", "branch_code": "61000000", "name_short": "None", "price_new": 350, "price_old": 200, "width_m": 6, "pt_i": 0 }, "geometry": { "type": "Point", "coordinates": [ 99.937552249187206, 15.369909163067351 ] } },
{ "type": "Feature", "properties": { "road_key": "61000000ST097.2", "road_name": "ถนนสายบ้านหนองเขาหย่าง-บ้านหนองโรง ช่วงที่ 2", "road_no": "0", "aumpher": "อำเภอหนองขาหย่าง", "office": "สาขาเมือง", "branch_code": "61000000", "name_short": "None", "price_new": 350, "price_old": 200, "width_m": 6, "pt_i": 1 }, "geometry": { "type": "Point", "coordinates": [ 99.937056937024096, 15.370879879831861 ] } },
{ "type": "Feature", "properties": { "road_key": "61000000ST097.2", "road_name": "ถนนสายบ้านหนองเขาหย่าง-บ้านหนองโรง ช่วงที่ 2", "road_no": "0", "aumpher": "อำเภอหนองขาหย่าง", "office": "สาขาเมือง", "branch_code": "61000000", "name_short": "None", "price_new": 350, "price_old": 200, "width_m": 6, "pt_i": 2 }, "geometry": { "type": "Point", "coordinates": [ 99.936584723961289, 15.371863138573662 ] } },
{ "type": "Feature", "properties": { "road_key": "61000000ST097.2", "road_name": "ถนนสายบ้านหนองเขาหย่าง-บ้านหนองโรง ช่วงที่ 2", "road_no": "0", "aumpher": "อำเภอหนองขาหย่าง", "office": "สาขาเมือง", "branch_code": "61000000", "name_short": "None", "price_new": 350, "price_old": 200, "width_m": 6, "pt_i": 3 }, "geometry": { "type": "Point", "coordinates": [ 99.936108426965404, 15.372844551320961 ] } },
{ "type": "Feature", "properties": { "road_key": "61000000ST097.2", "road_name": "ถนนสายบ้านหนองเขาหย่าง-บ้านหนองโรง ช่วงที่ 2", "road_no": "0", "aumpher": "อำเภอหนองขาหย่าง", "office": "สาขาเมือง", "branch_code": "61000000", "name_short": "None", "price_new": 350, "price_old": 200, "width_m": 6, "pt_i": 4 }, "geometry": { "type": "Point", "coordinates": [ 99.935669035564985, 15.373841771270005 ] } },
{ "type": "Feature", "properties": { "road_key": "61000000ST097.2", "road_name": "ถนนสายบ้านหนองเขาหย่าง-บ้านหนองโรง ช่วงที่ 2", "road_no": "0", "aumpher": "อำเภอหนองขาหย่าง", "office": "สาขาเมือง", "branch_code": "61000000", "name_short": "None", "price_new": 350, "price_old": 200, "width_m": 6, "pt_i": 5 }, "geometry": { "type": "Point", "coordinates": [ 99.935245577681044, 15.374845728739043 ] } },
{ "type": "Feature", "properties": { "road_key": "61000000ST097.2", "road_name": "ถนนสายบ้านหนองเขาหย่าง-บ้านหนองโรง ช่วงที่ 2", "road_no": "0", "aumpher": "อำเภอหนองขาหย่าง", "office": "สาขาเมือง", "branch_code": "61000000", "name_short": "None", "price_new": 350, "price_old": 200, "width_m": 6, "pt_i": 6 }, "geometry": { "type": "Point", "coordinates": [ 99.934822347130918, 15.375849777667895 ] } },
{ "type": "Feature", "properties": { "road_key": "61000000ST097.2", "road_name": "ถนนสายบ้านหนองเขาหย่าง-บ้านหนองโรง ช่วงที่ 2", "road_no": "0", "aumpher": "อำเภอหนองขาหย่าง", "office": "สาขาเมือง", "branch_code": "61000000", "name_short": "None", "price_new": 350, "price_old": 200, "width_m": 6, "pt_i": 7 }, "geometry": { "type": "Point", "coordinates": [ 99.934426233200213, 15.376864171391672 ] } },
{ "type": "Feature", "properties": { "road_key": "61000000ST097.2", "road_name": "ถนนสายบ้านหนองเขาหย่าง-บ้านหนองโรง ช่วงที่ 2", "road_no": "0", "aumpher": "อำเภอหนองขาหย่าง", "office": "สาขาเมือง", "branch_code": "61000000", "name_short": "None", "price_new": 350, "price_old": 200, "width_m": 6, "pt_i": 8 }, "geometry": { "type": "Point", "coordinates": [ 99.934060121310907, 15.377888867461245 ] } },
{ "type": "Feature", "properties": { "road_key": "61000000ST097.2", "road_name": "ถนนสายบ้านหนองเขาหย่าง-บ้านหนองโรง ช่วงที่ 2", "road_no": "0", "aumpher": "อำเภอหนองขาหย่าง", "office": "สาขาเมือง", "branch_code": "61000000", "name_short": "None", "price_new": 350, "price_old": 200, "width_m": 6, "pt_i": 9 }, "geometry": { "type": "Point", "coordinates": [ 99.933723143470033, 15.378923105013262 ] } },
{ "type": "Feature", "properties": { "road_key": "61000000ST097.2", "road_name": "ถนนสายบ้านหนองเขาหย่าง-บ้านหนองโรง ช่วงที่ 2", "road_no": "0", "aumpher": "อำเภอหนองขาหย่าง", "office": "สาขาเมือง", "branch_code": "61000000", "name_short": "None", "price_new": 350, "price_old": 200, "width_m": 6, "pt_i": 10 }, "geometry": { "type": "Point", "coordinates": [ 99.933404945630315, 15.379962998203611 ] } },
{ "type": "Feature", "properties": { "road_key": "61000000ST097.2", "road_name": "ถนนสายบ้านหนองเขาหย่าง-บ้านหนองโรง ช่วงที่ 2", "road_no": "0", "aumpher": "อำเภอหนองขาหย่าง", "office": "สาขาเมือง", "branch_code": "61000000", "name_short": "None", "price_new": 350, "price_old": 200, "width_m": 6, "pt_i": 11 }, "geometry": { "type": "Point", "coordinates": [ 99.933130993021521, 15.38101470719298 ] } },
{ "type": "Feature", "properties": { "road_key": "61000000ST097.2", "road_name": "ถนนสายบ้านหนองเขาหย่าง-บ้านหนองโรง ช่วงที่ 2", "road_no": "0", "aumpher": "อำเภอหนองขาหย่าง", "office": "สาขาเมือง", "branch_code": "61000000", "name_short": "None", "price_new": 350, "price_old": 200, "width_m": 6, "pt_i": 12 }, "geometry": { "type": "Point", "coordinates": [ 99.932869811856449, 15.382069424716974 ] } },
{ "type": "Feature", "properties": { "road_key": "61000000ST097.2", "road_name": "ถนนสายบ้านหนองเขาหย่าง-บ้านหนองโรง ช่วงที่ 2", "road_no": "0", "aumpher": "อำเภอหนองขาหย่าง", "office": "สาขาเมือง", "branch_code": "61000000", "name_short": "None", "price_new": 350, "price_old": 200, "width_m": 6, "pt_i": 13 }, "geometry": { "type": "Point", "coordinates": [ 99.932616236267791, 15.383125933978038 ] } },
{ "type": "Feature", "properties": { "road_key": "61000000ST097.2", "road_name": "ถนนสายบ้านหนองเขาหย่าง-บ้านหนองโรง ช่วงที่ 2", "road_no": "0", "aumpher": "อำเภอหนองขาหย่าง", "office": "สาขาเมือง", "branch_code": "61000000", "name_short": "None", "price_new": 350, "price_old": 200, "width_m": 6, "pt_i": 14 }, "geometry": { "type": "Point", "coordinates": [ 99.932362658419635, 15.384182442993808 ] } },
{ "type": "Feature", "properties": { "road_key": "61000000ST097.2", "road_name": "ถนนสายบ้านหนองเขาหย่าง-บ้านหนองโรง ช่วงที่ 2", "road_no": "0", "aumpher": "อำเภอหนองขาหย่าง", "office": "สาขาเมือง", "branch_code": "61000000", "name_short": "None", "price_new": 350, "price_old": 200, "width_m": 6, "pt_i": 15 }, "geometry": { "type": "Point", "coordinates": [ 99.932048506132475, 15.385222587821573 ] } },
{ "type": "Feature", "properties": { "road_key": "61000000ST097.2", "road_name": "ถนนสายบ้านหนองเขาหย่าง-บ้านหนองโรง ช่วงที่ 2", "road_no": "0", "aumpher": "อำเภอหนองขาหย่าง", "office": "สาขาเมือง", "branch_code": "61000000", "name_short": "None", "price_new": 350, "price_old": 200, "width_m": 6, "pt_i": 16 }, "geometry": { "type": "Point", "coordinates": [ 99.931639219131469, 15.386232071776416 ] } },
{ "type": "Feature", "properties": { "road_key": "61000000ST097.2", "road_name": "ถนนสายบ้านหนองเขาหย่าง-บ้านหนองโรง ช่วงที่ 2", "road_no": "0", "aumpher": "อำเภอหนองขาหย่าง", "office": "สาขาเมือง", "branch_code": "61000000", "name_short": "None", "price_new": 350, "price_old": 200, "width_m": 6, "pt_i": 17 }, "geometry": { "type": "Point", "coordinates": [ 99.931229801174666, 15.387241506519141 ] } },
{ "type": "Feature", "properties": { "road_key": "61000000ST097.2", "road_name": "ถนนสายบ้านหนองเขาหย่าง-บ้านหนองโรง ช่วงที่ 2", "road_no": "0", "aumpher": "อำเภอหนองขาหย่าง", "office": "สาขาเมือง", "branch_code": "61000000", "name_short": "None", "price_new": 350, "price_old": 200, "width_m": 6, "pt_i": 18 }, "geometry": { "type": "Point", "coordinates": [ 99.93082016332508, 15.388250858091517 ] } },
{ "type": "Feature", "properties": { "road_key": "61000000ST097.2", "road_name": "ถนนสายบ้านหนองเขาหย่าง-บ้านหนองโรง ช่วงที่ 2", "road_no": "0", "aumpher": "อำเภอหนองขาหย่าง", "office": "สาขาเมือง", "branch_code": "61000000", "name_short": "None", "price_new": 350, "price_old": 200, "width_m": 6, "pt_i": 19 }, "geometry": { "type": "Point", "coordinates": [ 99.930410521769545, 15.389260209038852 ] } },
{ "type": "Feature", "properties": { "road_key": "61000000ST097.2", "road_name": "ถนนสายบ้านหนองเขาหย่าง-บ้านหนองโรง ช่วงที่ 2", "road_no": "0", "aumpher": "อำเภอหนองขาหย่าง", "office": "สาขาเมือง", "branch_code": "61000000", "name_short": "None", "price_new": 350, "price_old": 200, "width_m": 6, "pt_i": 20 }, "geometry": { "type": "Point", "coordinates": [ 99.930010104993613, 15.39027296196118 ] } },
{ "type": "Feature", "properties": { "road_key": "61000000ST097.2", "road_name": "ถนนสายบ้านหนองเขาหย่าง-บ้านหนองโรง ช่วงที่ 2", "road_no": "0", "aumpher": "อำเภอหนองขาหย่าง", "office": "สาขาเมือง", "branch_code": "61000000", "name_short": "None", "price_new": 350, "price_old": 200, "width_m": 6, "pt_i": 21 }, "geometry": { "type": "Point", "coordinates": [ 99.929625385542977, 15.391291503323538 ] } },
{ "type": "Feature", "properties": { "road_key": "61000000ST097.2", "road_name": "ถนนสายบ้านหนองเขาหย่าง-บ้านหนองโรง ช่วงที่ 2", "road_no": "0", "aumpher": "อำเภอหนองขาหย่าง", "office": "สาขาเมือง", "branch_code": "61000000", "name_short": "None", "price_new": 350, "price_old": 200, "width_m": 6, "pt_i": 22 }, "geometry": { "type": "Point", "coordinates": [ 99.929350120070467, 15.392341046499272 ] } },
{ "type": "Feature", "properties": { "road_key": "61000000ST097.2", "road_name": "ถนนสายบ้านหนองเขาหย่าง-บ้านหนองโรง ช่วงที่ 2", "road_no": "0", "aumpher": "อำเภอหนองขาหย่าง", "office": "สาขาเมือง", "branch_code": "61000000", "name_short": "None", "price_new": 350, "price_old": 200, "width_m": 6, "pt_i": 23 }, "geometry": { "type": "Point", "coordinates": [ 99.929091402668448, 15.393395628433664 ] } },
{ "type": "Feature", "properties": { "road_key": "61000000ST097.2", "road_name": "ถนนสายบ้านหนองเขาหย่าง-บ้านหนองโรง ช่วงที่ 2", "road_no": "0", "aumpher": "อำเภอหนองขาหย่าง", "office": "สาขาเมือง", "branch_code": "61000000", "name_short": "None", "price_new": 350, "price_old": 200, "width_m": 6, "pt_i": 24 }, "geometry": { "type": "Point", "coordinates": [ 99.928706098380005, 15.394413109840031 ] } },
{ "type": "Feature", "properties": { "road_key": "61000000ST097.2", "road_name": "ถนนสายบ้านหนองเขาหย่าง-บ้านหนองโรง ช่วงที่ 2", "road_no": "0", "aumpher": "อำเภอหนองขาหย่าง", "office": "สาขาเมือง", "branch_code": "61000000", "name_short": "None", "price_new": 350, "price_old": 200, "width_m": 6, "pt_i": 25 }, "geometry": { "type": "Point", "coordinates": [ 99.928234159062825, 15.395396431611639 ] } },
{ "type": "Feature", "properties": { "road_key": "61000000ST097.2", "road_name": "ถนนสายบ้านหนองเขาหย่าง-บ้านหนองโรง ช่วงที่ 2", "road_no": "0", "aumpher": "อำเภอหนองขาหย่าง", "office": "สาขาเมือง", "branch_code": "61000000", "name_short": "None", "price_new": 350, "price_old": 200, "width_m": 6, "pt_i": 26 }, "geometry": { "type": "Point", "coordinates": [ 99.927825485510056, 15.39640528717697 ] } },
{ "type": "Feature", "properties": { "road_key": "61000000ST097.2", "road_name": "ถนนสายบ้านหนองเขาหย่าง-บ้านหนองโรง ช่วงที่ 2", "road_no": "0", "aumpher": "อำเภอหนองขาหย่าง", "office": "สาขาเมือง", "branch_code": "61000000", "name_short": "None", "price_new": 350, "price_old": 200, "width_m": 6, "pt_i": 27 }, "geometry": { "type": "Point", "coordinates": [ 99.927440906119642, 15.397423882441739 ] } },
{ "type": "Feature", "properties": { "road_key": "61000000ST097.2", "road_name": "ถนนสายบ้านหนองเขาหย่าง-บ้านหนองโรง ช่วงที่ 2", "road_no": "0", "aumpher": "อำเภอหนองขาหย่าง", "office": "สาขาเมือง", "branch_code": "61000000", "name_short": "None", "price_new": 350, "price_old": 200, "width_m": 6, "pt_i": 28 }, "geometry": { "type": "Point", "coordinates": [ 99.927048279565653, 15.398439333903539 ] } },
{ "type": "Feature", "properties": { "road_key": "61000000ST097.2", "road_name": "ถนนสายบ้านหนองเขาหย่าง-บ้านหนองโรง ช่วงที่ 2", "road_no": "0", "aumpher": "อำเภอหนองขาหย่าง", "office": "สาขาเมือง", "branch_code": "61000000", "name_short": "None", "price_new": 350, "price_old": 200, "width_m": 6, "pt_i": 29 }, "geometry": { "type": "Point", "coordinates": [ 99.926597729720555, 15.399432151303012 ] } },
{ "type": "Feature", "properties": { "road_key": "61000000ST097.2", "road_name": "ถนนสายบ้านหนองเขาหย่าง-บ้านหนองโรง ช่วงที่ 2", "road_no": "0", "aumpher": "อำเภอหนองขาหย่าง", "office": "สาขาเมือง", "branch_code": "61000000", "name_short": "None", "price_new": 350, "price_old": 200, "width_m": 6, "pt_i": 30 }, "geometry": { "type": "Point", "coordinates": [ 99.926147175823374, 15.400424967938394 ] } },
{ "type": "Feature", "properties": { "road_key": "61000000ST097.2", "road_name": "ถนนสายบ้านหนองเขาหย่าง-บ้านหนองโรง ช่วงที่ 2", "road_no": "0", "aumpher": "อำเภอหนองขาหย่าง", "office": "สาขาเมือง", "branch_code": "61000000", "name_short": "None", "price_new": 350, "price_old": 200, "width_m": 6, "pt_i": 31 }, "geometry": { "type": "Point", "coordinates": [ 99.925811369471006, 15.401458548778198 ] } },
{ "type": "Feature", "properties": { "road_key": "61000000ST097.2", "road_name": "ถนนสายบ้านหนองเขาหย่าง-บ้านหนองโรง ช่วงที่ 2", "road_no": "0", "aumpher": "อำเภอหนองขาหย่าง", "office": "สาขาเมือง", "branch_code": "61000000", "name_short": "None", "price_new": 350, "price_old": 200, "width_m": 6, "pt_i": 32 }, "geometry": { "type": "Point", "coordinates": [ 99.925539786873529, 15.402510841708311 ] } },
{ "type": "Feature", "properties": { "road_key": "61000000ST097.2", "road_name": "ถนนสายบ้านหนองเขาหย่าง-บ้านหนองโรง ช่วงที่ 2", "road_no": "0", "aumpher": "อำเภอหนองขาหย่าง", "office": "สาขาเมือง", "branch_code": "61000000", "name_short": "None", "price_new": 350, "price_old": 200, "width_m": 6, "pt_i": 33 }, "geometry": { "type": "Point", "coordinates": [ 99.925268300762085, 15.403563159923367 ] } },
{ "type": "Feature", "properties": { "road_key": "61000000ST097.2", "road_name": "ถนนสายบ้านหนองเขาหย่าง-บ้านหนองโรง ช่วงที่ 2", "road_no": "0", "aumpher": "อำเภอหนองขาหย่าง", "office": "สาขาเมือง", "branch_code": "61000000", "name_short": "None", "price_new": 350, "price_old": 200, "width_m": 6, "pt_i": 34 }, "geometry": { "type": "Point", "coordinates": [ 99.924996812210281, 15.404615477859354 ] } },
{ "type": "Feature", "properties": { "road_key": "61000000ST097.2", "road_name": "ถนนสายบ้านหนองเขาหย่าง-บ้านหนองโรง ช่วงที่ 2", "road_no": "0", "aumpher": "อำเภอหนองขาหย่าง", "office": "สาขาเมือง", "branch_code": "61000000", "name_short": "None", "price_new": 350, "price_old": 200, "width_m": 6, "pt_i": 35 }, "geometry": { "type": "Point", "coordinates": [ 99.924723460418818, 15.405667341967359 ] } },
{ "type": "Feature", "properties": { "road_key": "61000000ST097.2", "road_name": "ถนนสายบ้านหนองเขาหย่าง-บ้านหนองโรง ช่วงที่ 2", "road_no": "0", "aumpher": "อำเภอหนองขาหย่าง", "office": "สาขาเมือง", "branch_code": "61000000", "name_short": "None", "price_new": 350, "price_old": 200, "width_m": 6, "pt_i": 36 }, "geometry": { "type": "Point", "coordinates": [ 99.924449994636262, 15.406719178607982 ] } },
{ "type": "Feature", "properties": { "road_key": "61000000ST097.2", "road_name": "ถนนสายบ้านหนองเขาหย่าง-บ้านหนองโรง ช่วงที่ 2", "road_no": "0", "aumpher": "อำเภอหนองขาหย่าง", "office": "สาขาเมือง", "branch_code": "61000000", "name_short": "None", "price_new": 350, "price_old": 200, "width_m": 6, "pt_i": 37 }, "geometry": { "type": "Point", "coordinates": [ 99.924175218776185, 15.407770693110317 ] } },
{ "type": "Feature", "properties": { "road_key": "61000000ST105", "road_name": "ถนนสายบ้านหนองแฟบ-บ้านขุนแก้ว", "road_no": "0", "aumpher": "อำเภอหนองขาหย่าง", "office": "สาขาเมือง", "branch_code": "61000000", "name_short": "None", "price_new": 350, "price_old": 150, "width_m": 6, "pt_i": 0 }, "geometry": { "type": "Point", "coordinates": [ 99.95027080572595, 15.313293911375656 ] } },
{ "type": "Feature", "properties": { "road_key": "61000000ST105", "road_name": "ถนนสายบ้านหนองแฟบ-บ้านขุนแก้ว", "road_no": "0", "aumpher": "อำเภอหนองขาหย่าง", "office": "สาขาเมือง", "branch_code": "61000000", "name_short": "None", "price_new": 350, "price_old": 150, "width_m": 6, "pt_i": 1 }, "geometry": { "type": "Point", "coordinates": [ 99.949667591325237, 15.313963064979529 ] } },
{ "type": "Feature", "properties": { "road_key": "61000000ST105", "road_name": "ถนนสายบ้านหนองแฟบ-บ้านขุนแก้ว", "road_no": "0", "aumpher": "อำเภอหนองขาหย่าง", "office": "สาขาเมือง", "branch_code": "61000000", "name_short": "None", "price_new": 350, "price_old": 150, "width_m": 6, "pt_i": 2 }, "geometry": { "type": "Point", "coordinates": [ 99.949668083384964, 15.315037018682265 ] } },
{ "type": "Feature", "properties": { "road_key": "61000000ST105", "road_name": "ถนนสายบ้านหนองแฟบ-บ้านขุนแก้ว", "road_no": "0", "aumpher": "อำเภอหนองขาหย่าง", "office": "สาขาเมือง", "branch_code": "61000000", "name_short": "None", "price_new": 350, "price_old": 150, "width_m": 6, "pt_i": 3 }, "geometry": { "type": "Point", "coordinates": [ 99.949935745016575, 15.316090232701475 ] } },
{ "type": "Feature", "properties": { "road_key": "61000000ST105", "road_name": "ถนนสายบ้านหนองแฟบ-บ้านขุนแก้ว", "road_no": "0", "aumpher": "อำเภอหนองขาหย่าง", "office": "สาขาเมือง", "branch_code": "61000000", "name_short": "None", "price_new": 350, "price_old": 150, "width_m": 6, "pt_i": 4 }, "geometry": { "type": "Point", "coordinates": [ 99.95018017065253, 15.317148710814475 ] } },
{ "type": "Feature", "properties": { "road_key": "61000000ST105", "road_name": "ถนนสายบ้านหนองแฟบ-บ้านขุนแก้ว", "road_no": "0", "aumpher": "อำเภอหนองขาหย่าง", "office": "สาขาเมือง", "branch_code": "61000000", "name_short": "None", "price_new": 350, "price_old": 150, "width_m": 6, "pt_i": 5 }, "geometry": { "type": "Point", "coordinates": [ 99.950420614324457, 15.318208091141006 ] } },
{ "type": "Feature", "properties": { "road_key": "61000000ST105", "road_name": "ถนนสายบ้านหนองแฟบ-บ้านขุนแก้ว", "road_no": "0", "aumpher": "อำเภอหนองขาหย่าง", "office": "สาขาเมือง", "branch_code": "61000000", "name_short": "None", "price_new": 350, "price_old": 150, "width_m": 6, "pt_i": 6 }, "geometry": { "type": "Point", "coordinates": [ 99.950686601862444, 15.319260121638356 ] } },
{ "type": "Feature", "properties": { "road_key": "61000000ST105", "road_name": "ถนนสายบ้านหนองแฟบ-บ้านขุนแก้ว", "road_no": "0", "aumpher": "อำเภอหนองขาหย่าง", "office": "สาขาเมือง", "branch_code": "61000000", "name_short": "None", "price_new": 350, "price_old": 150, "width_m": 6, "pt_i": 7 }, "geometry": { "type": "Point", "coordinates": [ 99.951086474765916, 15.320256681242039 ] } },
{ "type": "Feature", "properties": { "road_key": "61000000ST105", "road_name": "ถนนสายบ้านหนองแฟบ-บ้านขุนแก้ว", "road_no": "0", "aumpher": "อำเภอหนองขาหย่าง", "office": "สาขาเมือง", "branch_code": "61000000", "name_short": "None", "price_new": 350, "price_old": 150, "width_m": 6, "pt_i": 8 }, "geometry": { "type": "Point", "coordinates": [ 99.951479705480722, 15.321261169031079 ] } },
{ "type": "Feature", "properties": { "road_key": "61000000ST105", "road_name": "ถนนสายบ้านหนองแฟบ-บ้านขุนแก้ว", "road_no": "0", "aumpher": "อำเภอหนองขาหย่าง", "office": "สาขาเมือง", "branch_code": "61000000", "name_short": "None", "price_new": 350, "price_old": 150, "width_m": 6, "pt_i": 9 }, "geometry": { "type": "Point", "coordinates": [ 99.951286011183868, 15.322329237449678 ] } },
{ "type": "Feature", "properties": { "road_key": "61000000ST105", "road_name": "ถนนสายบ้านหนองแฟบ-บ้านขุนแก้ว", "road_no": "0", "aumpher": "อำเภอหนองขาหย่าง", "office": "สาขาเมือง", "branch_code": "61000000", "name_short": "None", "price_new": 350, "price_old": 150, "width_m": 6, "pt_i": 10 }, "geometry": { "type": "Point", "coordinates": [ 99.951164717777459, 15.32339781728003 ] } },
{ "type": "Feature", "properties": { "road_key": "61000000ST105", "road_name": "ถนนสายบ้านหนองแฟบ-บ้านขุนแก้ว", "road_no": "0", "aumpher": "อำเภอหนองขาหย่าง", "office": "สาขาเมือง", "branch_code": "61000000", "name_short": "None", "price_new": 350, "price_old": 150, "width_m": 6, "pt_i": 11 }, "geometry": { "type": "Point", "coordinates": [ 99.95094869456905, 15.324457730266932 ] } },
{ "type": "Feature", "properties": { "road_key": "61000000ST105", "road_name": "ถนนสายบ้านหนองแฟบ-บ้านขุนแก้ว", "road_no": "0", "aumpher": "อำเภอหนองขาหย่าง", "office": "สาขาเมือง", "branch_code": "61000000", "name_short": "None", "price_new": 350, "price_old": 150, "width_m": 6, "pt_i": 12 }, "geometry": { "type": "Point", "coordinates": [ 99.950429358004527, 15.325411490093211 ] } },
{ "type": "Feature", "properties": { "road_key": "61000000ST105", "road_name": "ถนนสายบ้านหนองแฟบ-บ้านขุนแก้ว", "road_no": "0", "aumpher": "อำเภอหนองขาหย่าง", "office": "สาขาเมือง", "branch_code": "61000000", "name_short": "None", "price_new": 350, "price_old": 150, "width_m": 6, "pt_i": 13 }, "geometry": { "type": "Point", "coordinates": [ 99.949896597835135, 15.326362627699833 ] } },
{ "type": "Feature", "properties": { "road_key": "61000000ST105", "road_name": "ถนนสายบ้านหนองแฟบ-บ้านขุนแก้ว", "road_no": "0", "aumpher": "อำเภอหนองขาหย่าง", "office": "สาขาเมือง", "branch_code": "61000000", "name_short": "None", "price_new": 350, "price_old": 150, "width_m": 6, "pt_i": 14 }, "geometry": { "type": "Point", "coordinates": [ 99.949698503024607, 15.327429709178595 ] } },
{ "type": "Feature", "properties": { "road_key": "61000000ST105", "road_name": "ถนนสายบ้านหนองแฟบ-บ้านขุนแก้ว", "road_no": "0", "aumpher": "อำเภอหนองขาหย่าง", "office": "สาขาเมือง", "branch_code": "61000000", "name_short": "None", "price_new": 350, "price_old": 150, "width_m": 6, "pt_i": 15 }, "geometry": { "type": "Point", "coordinates": [ 99.94953746112482, 15.328503167909123 ] } },
{ "type": "Feature", "properties": { "road_key": "61000000ST105", "road_name": "ถนนสายบ้านหนองแฟบ-บ้านขุนแก้ว", "road_no": "0", "aumpher": "อำเภอหนองขาหย่าง", "office": "สาขาเมือง", "branch_code": "61000000", "name_short": "None", "price_new": 350, "price_old": 150, "width_m": 6, "pt_i": 16 }, "geometry": { "type": "Point", "coordinates": [ 99.949391142678763, 15.329578555950613 ] } },
{ "type": "Feature", "properties": { "road_key": "61000000ST105", "road_name": "ถนนสายบ้านหนองแฟบ-บ้านขุนแก้ว", "road_no": "0", "aumpher": "อำเภอหนองขาหย่าง", "office": "สาขาเมือง", "branch_code": "61000000", "name_short": "None", "price_new": 350, "price_old": 150, "width_m": 6, "pt_i": 17 }, "geometry": { "type": "Point", "coordinates": [ 99.949458544313686, 15.330660183490069 ] } },
{ "type": "Feature", "properties": { "road_key": "61000000ST105", "road_name": "ถนนสายบ้านหนองแฟบ-บ้านขุนแก้ว", "road_no": "0", "aumpher": "อำเภอหนองขาหย่าง", "office": "สาขาเมือง", "branch_code": "61000000", "name_short": "None", "price_new": 350, "price_old": 150, "width_m": 6, "pt_i": 18 }, "geometry": { "type": "Point", "coordinates": [ 99.949539039312285, 15.331742143338627 ] } },
{ "type": "Feature", "properties": { "road_key": "61000000ST105", "road_name": "ถนนสายบ้านหนองแฟบ-บ้านขุนแก้ว", "road_no": "0", "aumpher": "อำเภอหนองขาหย่าง", "office": "สาขาเมือง", "branch_code": "61000000", "name_short": "None", "price_new": 350, "price_old": 150, "width_m": 6, "pt_i": 19 }, "geometry": { "type": "Point", "coordinates": [ 99.949563258524293, 15.332825188121534 ] } },
{ "type": "Feature", "properties": { "road_key": "61000000ST105", "road_name": "ถนนสายบ้านหนองแฟบ-บ้านขุนแก้ว", "road_no": "0", "aumpher": "อำเภอหนองขาหย่าง", "office": "สาขาเมือง", "branch_code": "61000000", "name_short": "None", "price_new": 350, "price_old": 150, "width_m": 6, "pt_i": 20 }, "geometry": { "type": "Point", "coordinates": [ 99.949474594579812, 15.333906299650881 ] } },
{ "type": "Feature", "properties": { "road_key": "61000000ST105", "road_name": "ถนนสายบ้านหนองแฟบ-บ้านขุนแก้ว", "road_no": "0", "aumpher": "อำเภอหนองขาหย่าง", "office": "สาขาเมือง", "branch_code": "61000000", "name_short": "None", "price_new": 350, "price_old": 150, "width_m": 6, "pt_i": 21 }, "geometry": { "type": "Point", "coordinates": [ 99.949428194129894, 15.334990140569367 ] } },
{ "type": "Feature", "properties": { "road_key": "61000000ST105", "road_name": "ถนนสายบ้านหนองแฟบ-บ้านขุนแก้ว", "road_no": "0", "aumpher": "อำเภอหนองขาหย่าง", "office": "สาขาเมือง", "branch_code": "61000000", "name_short": "None", "price_new": 350, "price_old": 150, "width_m": 6, "pt_i": 22 }, "geometry": { "type": "Point", "coordinates": [ 99.949235193843492, 15.336052863049895 ] } },
{ "type": "Feature", "properties": { "road_key": "61000000ST105", "road_name": "ถนนสายบ้านหนองแฟบ-บ้านขุนแก้ว", "road_no": "0", "aumpher": "อำเภอหนองขาหย่าง", "office": "สาขาเมือง", "branch_code": "61000000", "name_short": "None", "price_new": 350, "price_old": 150, "width_m": 6, "pt_i": 23 }, "geometry": { "type": "Point", "coordinates": [ 99.948912765741881, 15.337091375674115 ] } },
{ "type": "Feature", "properties": { "road_key": "61000000ST105", "road_name": "ถนนสายบ้านหนองแฟบ-บ้านขุนแก้ว", "road_no": "0", "aumpher": "อำเภอหนองขาหย่าง", "office": "สาขาเมือง", "branch_code": "61000000", "name_short": "None", "price_new": 350, "price_old": 150, "width_m": 6, "pt_i": 24 }, "geometry": { "type": "Point", "coordinates": [ 99.948982629469228, 15.338111401466875 ] } },
{ "type": "Feature", "properties": { "road_key": "61000000ST105", "road_name": "ถนนสายบ้านหนองแฟบ-บ้านขุนแก้ว", "road_no": "0", "aumpher": "อำเภอหนองขาหย่าง", "office": "สาขาเมือง", "branch_code": "61000000", "name_short": "None", "price_new": 350, "price_old": 150, "width_m": 6, "pt_i": 25 }, "geometry": { "type": "Point", "coordinates": [ 99.949065259038662, 15.339183942454627 ] } },
{ "type": "Feature", "properties": { "road_key": "61000000ST105", "road_name": "ถนนสายบ้านหนองแฟบ-บ้านขุนแก้ว", "road_no": "0", "aumpher": "อำเภอหนองขาหย่าง", "office": "สาขาเมือง", "branch_code": "61000000", "name_short": "None", "price_new": 350, "price_old": 150, "width_m": 6, "pt_i": 26 }, "geometry": { "type": "Point", "coordinates": [ 99.948825728973674, 15.340176156420632 ] } },
{ "type": "Feature", "properties": { "road_key": "61000000ST105", "road_name": "ถนนสายบ้านหนองแฟบ-บ้านขุนแก้ว", "road_no": "0", "aumpher": "อำเภอหนองขาหย่าง", "office": "สาขาเมือง", "branch_code": "61000000", "name_short": "None", "price_new": 350, "price_old": 150, "width_m": 6, "pt_i": 27 }, "geometry": { "type": "Point", "coordinates": [ 99.948456766701, 15.341125293796466 ] } },
{ "type": "Feature", "properties": { "road_key": "61000000ST105", "road_name": "ถนนสายบ้านหนองแฟบ-บ้านขุนแก้ว", "road_no": "0", "aumpher": "อำเภอหนองขาหย่าง", "office": "สาขาเมือง", "branch_code": "61000000", "name_short": "None", "price_new": 350, "price_old": 150, "width_m": 6, "pt_i": 28 }, "geometry": { "type": "Point", "coordinates": [ 99.94851378506624, 15.342199593645956 ] } },
{ "type": "Feature", "properties": { "road_key": "61000000ST105", "road_name": "ถนนสายบ้านหนองแฟบ-บ้านขุนแก้ว", "road_no": "0", "aumpher": "อำเภอหนองขาหย่าง", "office": "สาขาเมือง", "branch_code": "61000000", "name_short": "None", "price_new": 350, "price_old": 150, "width_m": 6, "pt_i": 29 }, "geometry": { "type": "Point", "coordinates": [ 99.947935802678671, 15.343012046758032 ] } },
{ "type": "Feature", "properties": { "road_key": "61000000ST105", "road_name": "ถนนสายบ้านหนองแฟบ-บ้านขุนแก้ว", "road_no": "0", "aumpher": "อำเภอหนองขาหย่าง", "office": "สาขาเมือง", "branch_code": "61000000", "name_short": "None", "price_new": 350, "price_old": 150, "width_m": 6, "pt_i": 30 }, "geometry": { "type": "Point", "coordinates": [ 99.946914523183764, 15.343452529323995 ] } },
{ "type": "Feature", "properties": { "road_key": "61000000ST105", "road_name": "ถนนสายบ้านหนองแฟบ-บ้านขุนแก้ว", "road_no": "0", "aumpher": "อำเภอหนองขาหย่าง", "office": "สาขาเมือง", "branch_code": "61000000", "name_short": "None", "price_new": 350, "price_old": 150, "width_m": 6, "pt_i": 31 }, "geometry": { "type": "Point", "coordinates": [ 99.945946378225273, 15.343994840427342 ] } },
{ "type": "Feature", "properties": { "road_key": "61000000ST105", "road_name": "ถนนสายบ้านหนองแฟบ-บ้านขุนแก้ว", "road_no": "0", "aumpher": "อำเภอหนองขาหย่าง", "office": "สาขาเมือง", "branch_code": "61000000", "name_short": "None", "price_new": 350, "price_old": 150, "width_m": 6, "pt_i": 32 }, "geometry": { "type": "Point", "coordinates": [ 99.945023217180605, 15.344600430231747 ] } },
{ "type": "Feature", "properties": { "road_key": "61000000ST105", "road_name": "ถนนสายบ้านหนองแฟบ-บ้านขุนแก้ว", "road_no": "0", "aumpher": "อำเภอหนองขาหย่าง", "office": "สาขาเมือง", "branch_code": "61000000", "name_short": "None", "price_new": 350, "price_old": 150, "width_m": 6, "pt_i": 33 }, "geometry": { "type": "Point", "coordinates": [ 99.944232679183983, 15.345366776340896 ] } },
{ "type": "Feature", "properties": { "road_key": "61000000ST105", "road_name": "ถนนสายบ้านหนองแฟบ-บ้านขุนแก้ว", "road_no": "0", "aumpher": "อำเภอหนองขาหย่าง", "office": "สาขาเมือง", "branch_code": "61000000", "name_short": "None", "price_new": 350, "price_old": 150, "width_m": 6, "pt_i": 34 }, "geometry": { "type": "Point", "coordinates": [ 99.943513161302903, 15.346196980118556 ] } },
{ "type": "Feature", "properties": { "road_key": "61000000ST105", "road_name": "ถนนสายบ้านหนองแฟบ-บ้านขุนแก้ว", "road_no": "0", "aumpher": "อำเภอหนองขาหย่าง", "office": "สาขาเมือง", "branch_code": "61000000", "name_short": "None", "price_new": 350, "price_old": 150, "width_m": 6, "pt_i": 35 }, "geometry": { "type": "Point", "coordinates": [ 99.942808193451683, 15.347038211032912 ] } },
{ "type": "Feature", "properties": { "road_key": "61000000ST105", "road_name": "ถนนสายบ้านหนองแฟบ-บ้านขุนแก้ว", "road_no": "0", "aumpher": "อำเภอหนองขาหย่าง", "office": "สาขาเมือง", "branch_code": "61000000", "name_short": "None", "price_new": 350, "price_old": 150, "width_m": 6, "pt_i": 36 }, "geometry": { "type": "Point", "coordinates": [ 99.942299809593607, 15.348004317222273 ] } },
{ "type": "Feature", "properties": { "road_key": "61000000ST105", "road_name": "ถนนสายบ้านหนองแฟบ-บ้านขุนแก้ว", "road_no": "0", "aumpher": "อำเภอหนองขาหย่าง", "office": "สาขาเมือง", "branch_code": "61000000", "name_short": "None", "price_new": 350, "price_old": 150, "width_m": 6, "pt_i": 37 }, "geometry": { "type": "Point", "coordinates": [ 99.941493578623053, 15.348742604281574 ] } },
{ "type": "Feature", "properties": { "road_key": "61000000ST105", "road_name": "ถนนสายบ้านหนองแฟบ-บ้านขุนแก้ว", "road_no": "0", "aumpher": "อำเภอหนองขาหย่าง", "office": "สาขาเมือง", "branch_code": "61000000", "name_short": "None", "price_new": 350, "price_old": 150, "width_m": 6, "pt_i": 38 }, "geometry": { "type": "Point", "coordinates": [ 99.940384332530286, 15.348753401461764 ] } },
{ "type": "Feature", "properties": { "road_key": "61000000ST105", "road_name": "ถนนสายบ้านหนองแฟบ-บ้านขุนแก้ว", "road_no": "0", "aumpher": "อำเภอหนองขาหย่าง", "office": "สาขาเมือง", "branch_code": "61000000", "name_short": "None", "price_new": 350, "price_old": 150, "width_m": 6, "pt_i": 39 }, "geometry": { "type": "Point", "coordinates": [ 99.93927345445961, 15.348867984296032 ] } },
{ "type": "Feature", "properties": { "road_key": "61000000ST105", "road_name": "ถนนสายบ้านหนองแฟบ-บ้านขุนแก้ว", "road_no": "0", "aumpher": "อำเภอหนองขาหย่าง", "office": "สาขาเมือง", "branch_code": "61000000", "name_short": "None", "price_new": 350, "price_old": 150, "width_m": 6, "pt_i": 40 }, "geometry": { "type": "Point", "coordinates": [ 99.938156237366513, 15.34890574320357 ] } },
{ "type": "Feature", "properties": { "road_key": "61000000ST105", "road_name": "ถนนสายบ้านหนองแฟบ-บ้านขุนแก้ว", "road_no": "0", "aumpher": "อำเภอหนองขาหย่าง", "office": "สาขาเมือง", "branch_code": "61000000", "name_short": "None", "price_new": 350, "price_old": 150, "width_m": 6, "pt_i": 41 }, "geometry": { "type": "Point", "coordinates": [ 99.937038695685061, 15.348927438805637 ] } },
{ "type": "Feature", "properties": { "road_key": "61000000ST105", "road_name": "ถนนสายบ้านหนองแฟบ-บ้านขุนแก้ว", "road_no": "0", "aumpher": "อำเภอหนองขาหย่าง", "office": "สาขาเมือง", "branch_code": "61000000", "name_short": "None", "price_new": 350, "price_old": 150, "width_m": 6, "pt_i": 42 }, "geometry": { "type": "Point", "coordinates": [ 99.935939181873636, 15.349031127871498 ] } },
{ "type": "Feature", "properties": { "road_key": "61000000ST105", "road_name": "ถนนสายบ้านหนองแฟบ-บ้านขุนแก้ว", "road_no": "0", "aumpher": "อำเภอหนองขาหย่าง", "office": "สาขาเมือง", "branch_code": "61000000", "name_short": "None", "price_new": 350, "price_old": 150, "width_m": 6, "pt_i": 43 }, "geometry": { "type": "Point", "coordinates": [ 99.935009215552839, 15.349627577413125 ] } },
{ "type": "Feature", "properties": { "road_key": "61000000ST105", "road_name": "ถนนสายบ้านหนองแฟบ-บ้านขุนแก้ว", "road_no": "0", "aumpher": "อำเภอหนองขาหย่าง", "office": "สาขาเมือง", "branch_code": "61000000", "name_short": "None", "price_new": 350, "price_old": 150, "width_m": 6, "pt_i": 44 }, "geometry": { "type": "Point", "coordinates": [ 99.933916338914955, 15.349827208358802 ] } },
{ "type": "Feature", "properties": { "road_key": "61000000ST109.1", "road_name": "ถนนสายบ้านหนองโสน-บ้านหนองปลาไหล ช่วงที่ 1", "road_no": "0", "aumpher": "อำเภอหนองขาหย่าง", "office": "สาขาเมือง", "branch_code": "61000000", "name_short": "None", "price_new": 350, "price_old": 200, "width_m": 6, "pt_i": 0 }, "geometry": { "type": "Point", "coordinates": [ 99.895955418389661, 15.362674613117044 ] } },
{ "type": "Feature", "properties": { "road_key": "61000000ST109.1", "road_name": "ถนนสายบ้านหนองโสน-บ้านหนองปลาไหล ช่วงที่ 1", "road_no": "0", "aumpher": "อำเภอหนองขาหย่าง", "office": "สาขาเมือง", "branch_code": "61000000", "name_short": "None", "price_new": 350, "price_old": 200, "width_m": 6, "pt_i": 1 }, "geometry": { "type": "Point", "coordinates": [ 99.89573352228318, 15.36161210254839 ] } },
{ "type": "Feature", "properties": { "road_key": "61000000ST109.1", "road_name": "ถนนสายบ้านหนองโสน-บ้านหนองปลาไหล ช่วงที่ 1", "road_no": "0", "aumpher": "อำเภอหนองขาหย่าง", "office": "สาขาเมือง", "branch_code": "61000000", "name_short": "None", "price_new": 350, "price_old": 200, "width_m": 6, "pt_i": 2 }, "geometry": { "type": "Point", "coordinates": [ 99.89532820164456, 15.36060555266449 ] } },
{ "type": "Feature", "properties": { "road_key": "61000000ST109.1", "road_name": "ถนนสายบ้านหนองโสน-บ้านหนองปลาไหล ช่วงที่ 1", "road_no": "0", "aumpher": "อำเภอหนองขาหย่าง", "office": "สาขาเมือง", "branch_code": "61000000", "name_short": "None", "price_new": 350, "price_old": 200, "width_m": 6, "pt_i": 3 }, "geometry": { "type": "Point", "coordinates": [ 99.894916042962535, 15.359603575926169 ] } },
{ "type": "Feature", "properties": { "road_key": "61000000ST109.1", "road_name": "ถนนสายบ้านหนองโสน-บ้านหนองปลาไหล ช่วงที่ 1", "road_no": "0", "aumpher": "อำเภอหนองขาหย่าง", "office": "สาขาเมือง", "branch_code": "61000000", "name_short": "None", "price_new": 350, "price_old": 200, "width_m": 6, "pt_i": 4 }, "geometry": { "type": "Point", "coordinates": [ 99.894123328418871, 15.359217718491941 ] } },
{ "type": "Feature", "properties": { "road_key": "61000000ST109.1", "road_name": "ถนนสายบ้านหนองโสน-บ้านหนองปลาไหล ช่วงที่ 1", "road_no": "0", "aumpher": "อำเภอหนองขาหย่าง", "office": "สาขาเมือง", "branch_code": "61000000", "name_short": "None", "price_new": 350, "price_old": 200, "width_m": 6, "pt_i": 5 }, "geometry": { "type": "Point", "coordinates": [ 99.893041466629512, 15.359465221863134 ] } },
{ "type": "Feature", "properties": { "road_key": "61000000ST109.1", "road_name": "ถนนสายบ้านหนองโสน-บ้านหนองปลาไหล ช่วงที่ 1", "road_no": "0", "aumpher": "อำเภอหนองขาหย่าง", "office": "สาขาเมือง", "branch_code": "61000000", "name_short": "None", "price_new": 350, "price_old": 200, "width_m": 6, "pt_i": 6 }, "geometry": { "type": "Point", "coordinates": [ 99.892155441602085, 15.358843986523718 ] } },
{ "type": "Feature", "properties": { "road_key": "61000000ST109.2", "road_name": "ถนนสายบ้านหนองโสน-บ้านหนองปลาไหล ช่วงที่ 2", "road_no": "0", "aumpher": "อำเภอหนองขาหย่าง", "office": "สาขาเมือง", "branch_code": "61000000", "name_short": "None", "price_new": 350, "price_old": 200, "width_m": 6, "pt_i": 0 }, "geometry": { "type": "Point", "coordinates": [ 99.892068789793498, 15.358778229932341 ] } },
{ "type": "Feature", "properties": { "road_key": "61000000ST109.2", "road_name": "ถนนสายบ้านหนองโสน-บ้านหนองปลาไหล ช่วงที่ 2", "road_no": "0", "aumpher": "อำเภอหนองขาหย่าง", "office": "สาขาเมือง", "branch_code": "61000000", "name_short": "None", "price_new": 350, "price_old": 200, "width_m": 6, "pt_i": 1 }, "geometry": { "type": "Point", "coordinates": [ 99.89118816051338, 15.358109951195766 ] } },
{ "type": "Feature", "properties": { "road_key": "61000000ST109.2", "road_name": "ถนนสายบ้านหนองโสน-บ้านหนองปลาไหล ช่วงที่ 2", "road_no": "0", "aumpher": "อำเภอหนองขาหย่าง", "office": "สาขาเมือง", "branch_code": "61000000", "name_short": "None", "price_new": 350, "price_old": 200, "width_m": 6, "pt_i": 2 }, "geometry": { "type": "Point", "coordinates": [ 99.890360075213479, 15.357391547257539 ] } },
{ "type": "Feature", "properties": { "road_key": "61000000ST109.2", "road_name": "ถนนสายบ้านหนองโสน-บ้านหนองปลาไหล ช่วงที่ 2", "road_no": "0", "aumpher": "อำเภอหนองขาหย่าง", "office": "สาขาเมือง", "branch_code": "61000000", "name_short": "None", "price_new": 350, "price_old": 200, "width_m": 6, "pt_i": 3 }, "geometry": { "type": "Point", "coordinates": [ 99.890389459555905, 15.356324332813491 ] } },
{ "type": "Feature", "properties": { "road_key": "61000000ST109.2", "road_name": "ถนนสายบ้านหนองโสน-บ้านหนองปลาไหล ช่วงที่ 2", "road_no": "0", "aumpher": "อำเภอหนองขาหย่าง", "office": "สาขาเมือง", "branch_code": "61000000", "name_short": "None", "price_new": 350, "price_old": 200, "width_m": 6, "pt_i": 4 }, "geometry": { "type": "Point", "coordinates": [ 99.890466181851181, 15.355244773656151 ] } },
{ "type": "Feature", "properties": { "road_key": "61000000ST109.2", "road_name": "ถนนสายบ้านหนองโสน-บ้านหนองปลาไหล ช่วงที่ 2", "road_no": "0", "aumpher": "อำเภอหนองขาหย่าง", "office": "สาขาเมือง", "branch_code": "61000000", "name_short": "None", "price_new": 350, "price_old": 200, "width_m": 6, "pt_i": 5 }, "geometry": { "type": "Point", "coordinates": [ 99.890483172276774, 15.354160793107045 ] } },
{ "type": "Feature", "properties": { "road_key": "61000000ST109.2", "road_name": "ถนนสายบ้านหนองโสน-บ้านหนองปลาไหล ช่วงที่ 2", "road_no": "0", "aumpher": "อำเภอหนองขาหย่าง", "office": "สาขาเมือง", "branch_code": "61000000", "name_short": "None", "price_new": 350, "price_old": 200, "width_m": 6, "pt_i": 6 }, "geometry": { "type": "Point", "coordinates": [ 99.890415516708288, 15.353079646082245 ] } },
{ "type": "Feature", "properties": { "road_key": "61000000ST109.2", "road_name": "ถนนสายบ้านหนองโสน-บ้านหนองปลาไหล ช่วงที่ 2", "road_no": "0", "aumpher": "อำเภอหนองขาหย่าง", "office": "สาขาเมือง", "branch_code": "61000000", "name_short": "None", "price_new": 350, "price_old": 200, "width_m": 6, "pt_i": 7 }, "geometry": { "type": "Point", "coordinates": [ 99.890344160851583, 15.351997067140152 ] } },
{ "type": "Feature", "properties": { "road_key": "61000000ST109.2", "road_name": "ถนนสายบ้านหนองโสน-บ้านหนองปลาไหล ช่วงที่ 2", "road_no": "0", "aumpher": "อำเภอหนองขาหย่าง", "office": "สาขาเมือง", "branch_code": "61000000", "name_short": "None", "price_new": 350, "price_old": 200, "width_m": 6, "pt_i": 8 }, "geometry": { "type": "Point", "coordinates": [ 99.889749375257836, 15.351212192215343 ] } },
{ "type": "Feature", "properties": { "road_key": "61000000ST109.2", "road_name": "ถนนสายบ้านหนองโสน-บ้านหนองปลาไหล ช่วงที่ 2", "road_no": "0", "aumpher": "อำเภอหนองขาหย่าง", "office": "สาขาเมือง", "branch_code": "61000000", "name_short": "None", "price_new": 350, "price_old": 200, "width_m": 6, "pt_i": 9 }, "geometry": { "type": "Point", "coordinates": [ 99.888959643029025, 15.350462543370002 ] } },
{ "type": "Feature", "properties": { "road_key": "61000000ST109.2", "road_name": "ถนนสายบ้านหนองโสน-บ้านหนองปลาไหล ช่วงที่ 2", "road_no": "0", "aumpher": "อำเภอหนองขาหย่าง", "office": "สาขาเมือง", "branch_code": "61000000", "name_short": "None", "price_new": 350, "price_old": 200, "width_m": 6, "pt_i": 10 }, "geometry": { "type": "Point", "coordinates": [ 99.888306574018998, 15.349583342366383 ] } },
{ "type": "Feature", "properties": { "road_key": "61000000ST109.2", "road_name": "ถนนสายบ้านหนองโสน-บ้านหนองปลาไหล ช่วงที่ 2", "road_no": "0", "aumpher": "อำเภอหนองขาหย่าง", "office": "สาขาเมือง", "branch_code": "61000000", "name_short": "None", "price_new": 350, "price_old": 200, "width_m": 6, "pt_i": 11 }, "geometry": { "type": "Point", "coordinates": [ 99.888843884285549, 15.348743557319727 ] } },
{ "type": "Feature", "properties": { "road_key": "61000000ST109.2", "road_name": "ถนนสายบ้านหนองโสน-บ้านหนองปลาไหล ช่วงที่ 2", "road_no": "0", "aumpher": "อำเภอหนองขาหย่าง", "office": "สาขาเมือง", "branch_code": "61000000", "name_short": "None", "price_new": 350, "price_old": 200, "width_m": 6, "pt_i": 12 }, "geometry": { "type": "Point", "coordinates": [ 99.88923840636771, 15.347742849793955 ] } },
{ "type": "Feature", "properties": { "road_key": "61000000ST109.2", "road_name": "ถนนสายบ้านหนองโสน-บ้านหนองปลาไหล ช่วงที่ 2", "road_no": "0", "aumpher": "อำเภอหนองขาหย่าง", "office": "สาขาเมือง", "branch_code": "61000000", "name_short": "None", "price_new": 350, "price_old": 200, "width_m": 6, "pt_i": 13 }, "geometry": { "type": "Point", "coordinates": [ 99.889521206599241, 15.34670131092828 ] } },
{ "type": "Feature", "properties": { "road_key": "61000000ST109.2", "road_name": "ถนนสายบ้านหนองโสน-บ้านหนองปลาไหล ช่วงที่ 2", "road_no": "0", "aumpher": "อำเภอหนองขาหย่าง", "office": "สาขาเมือง", "branch_code": "61000000", "name_short": "None", "price_new": 350, "price_old": 200, "width_m": 6, "pt_i": 14 }, "geometry": { "type": "Point", "coordinates": [ 99.889781663400342, 15.345654006701874 ] } },
{ "type": "Feature", "properties": { "road_key": "61000000ST109.2", "road_name": "ถนนสายบ้านหนองโสน-บ้านหนองปลาไหล ช่วงที่ 2", "road_no": "0", "aumpher": "อำเภอหนองขาหย่าง", "office": "สาขาเมือง", "branch_code": "61000000", "name_short": "None", "price_new": 350, "price_old": 200, "width_m": 6, "pt_i": 15 }, "geometry": { "type": "Point", "coordinates": [ 99.889822523565158, 15.344570990040266 ] } },
{ "type": "Feature", "properties": { "road_key": "61000000ST109.2", "road_name": "ถนนสายบ้านหนองโสน-บ้านหนองปลาไหล ช่วงที่ 2", "road_no": "0", "aumpher": "อำเภอหนองขาหย่าง", "office": "สาขาเมือง", "branch_code": "61000000", "name_short": "None", "price_new": 350, "price_old": 200, "width_m": 6, "pt_i": 16 }, "geometry": { "type": "Point", "coordinates": [ 99.889831729861669, 15.343486234889321 ] } },
{ "type": "Feature", "properties": { "road_key": "61000000ST109.2", "road_name": "ถนนสายบ้านหนองโสน-บ้านหนองปลาไหล ช่วงที่ 2", "road_no": "0", "aumpher": "อำเภอหนองขาหย่าง", "office": "สาขาเมือง", "branch_code": "61000000", "name_short": "None", "price_new": 350, "price_old": 200, "width_m": 6, "pt_i": 17 }, "geometry": { "type": "Point", "coordinates": [ 99.889840936380068, 15.342401479639042 ] } },
{ "type": "Feature", "properties": { "road_key": "61000000ST109.2", "road_name": "ถนนสายบ้านหนองโสน-บ้านหนองปลาไหล ช่วงที่ 2", "road_no": "0", "aumpher": "อำเภอหนองขาหย่าง", "office": "สาขาเมือง", "branch_code": "61000000", "name_short": "None", "price_new": 350, "price_old": 200, "width_m": 6, "pt_i": 18 }, "geometry": { "type": "Point", "coordinates": [ 99.889826607153793, 15.341319261415746 ] } },
{ "type": "Feature", "properties": { "road_key": "61000000ST109.2", "road_name": "ถนนสายบ้านหนองโสน-บ้านหนองปลาไหล ช่วงที่ 2", "road_no": "0", "aumpher": "อำเภอหนองขาหย่าง", "office": "สาขาเมือง", "branch_code": "61000000", "name_short": "None", "price_new": 350, "price_old": 200, "width_m": 6, "pt_i": 19 }, "geometry": { "type": "Point", "coordinates": [ 99.889560849002365, 15.340271067714925 ] } },
{ "type": "Feature", "properties": { "road_key": "61000000ST109.2", "road_name": "ถนนสายบ้านหนองโสน-บ้านหนองปลาไหล ช่วงที่ 2", "road_no": "0", "aumpher": "อำเภอหนองขาหย่าง", "office": "สาขาเมือง", "branch_code": "61000000", "name_short": "None", "price_new": 350, "price_old": 200, "width_m": 6, "pt_i": 20 }, "geometry": { "type": "Point", "coordinates": [ 99.889034358808317, 15.33931416282857 ] } },
{ "type": "Feature", "properties": { "road_key": "61000000ST109.2", "road_name": "ถนนสายบ้านหนองโสน-บ้านหนองปลาไหล ช่วงที่ 2", "road_no": "0", "aumpher": "อำเภอหนองขาหย่าง", "office": "สาขาเมือง", "branch_code": "61000000", "name_short": "None", "price_new": 350, "price_old": 200, "width_m": 6, "pt_i": 21 }, "geometry": { "type": "Point", "coordinates": [ 99.888518558352729, 15.338351754213052 ] } },
{ "type": "Feature", "properties": { "road_key": "61000000ST109.2", "road_name": "ถนนสายบ้านหนองโสน-บ้านหนองปลาไหล ช่วงที่ 2", "road_no": "0", "aumpher": "อำเภอหนองขาหย่าง", "office": "สาขาเมือง", "branch_code": "61000000", "name_short": "None", "price_new": 350, "price_old": 200, "width_m": 6, "pt_i": 22 }, "geometry": { "type": "Point", "coordinates": [ 99.887821796126246, 15.337510304003887 ] } },
{ "type": "Feature", "properties": { "road_key": "61000000ST109.2", "road_name": "ถนนสายบ้านหนองโสน-บ้านหนองปลาไหล ช่วงที่ 2", "road_no": "0", "aumpher": "อำเภอหนองขาหย่าง", "office": "สาขาเมือง", "branch_code": "61000000", "name_short": "None", "price_new": 350, "price_old": 200, "width_m": 6, "pt_i": 23 }, "geometry": { "type": "Point", "coordinates": [ 99.887037867433989, 15.336737179011434 ] } },
{ "type": "Feature", "properties": { "road_key": "61000000ST109.2", "road_name": "ถนนสายบ้านหนองโสน-บ้านหนองปลาไหล ช่วงที่ 2", "road_no": "0", "aumpher": "อำเภอหนองขาหย่าง", "office": "สาขาเมือง", "branch_code": "61000000", "name_short": "None", "price_new": 350, "price_old": 200, "width_m": 6, "pt_i": 24 }, "geometry": { "type": "Point", "coordinates": [ 99.886242467276972, 15.335975052180137 ] } },
{ "type": "Feature", "properties": { "road_key": "61000000ST109.2", "road_name": "ถนนสายบ้านหนองโสน-บ้านหนองปลาไหล ช่วงที่ 2", "road_no": "0", "aumpher": "อำเภอหนองขาหย่าง", "office": "สาขาเมือง", "branch_code": "61000000", "name_short": "None", "price_new": 350, "price_old": 200, "width_m": 6, "pt_i": 25 }, "geometry": { "type": "Point", "coordinates": [ 99.885385524949612, 15.335280714199506 ] } },
{ "type": "Feature", "properties": { "road_key": "61000000ST109.2", "road_name": "ถนนสายบ้านหนองโสน-บ้านหนองปลาไหล ช่วงที่ 2", "road_no": "0", "aumpher": "อำเภอหนองขาหย่าง", "office": "สาขาเมือง", "branch_code": "61000000", "name_short": "None", "price_new": 350, "price_old": 200, "width_m": 6, "pt_i": 26 }, "geometry": { "type": "Point", "coordinates": [ 99.884508935899149, 15.33460944849972 ] } },
{ "type": "Feature", "properties": { "road_key": "61000000ST109.2", "road_name": "ถนนสายบ้านหนองโสน-บ้านหนองปลาไหล ช่วงที่ 2", "road_no": "0", "aumpher": "อำเภอหนองขาหย่าง", "office": "สาขาเมือง", "branch_code": "61000000", "name_short": "None", "price_new": 350, "price_old": 200, "width_m": 6, "pt_i": 27 }, "geometry": { "type": "Point", "coordinates": [ 99.883693716698758, 15.333867273381632 ] } },
{ "type": "Feature", "properties": { "road_key": "61000000ST109.3", "road_name": "ถนนสายบ้านหนองโสน-บ้านหนองปลาไหล ช่วงที่ 3", "road_no": "0", "aumpher": "อำเภอหนองขาหย่าง", "office": "สาขาเมือง", "branch_code": "61000000", "name_short": "None", "price_new": 350, "price_old": 200, "width_m": 6, "pt_i": 0 }, "geometry": { "type": "Point", "coordinates": [ 99.886219106866832, 15.319381795246233 ] } },
{ "type": "Feature", "properties": { "road_key": "61000000ST109.3", "road_name": "ถนนสายบ้านหนองโสน-บ้านหนองปลาไหล ช่วงที่ 3", "road_no": "0", "aumpher": "อำเภอหนองขาหย่าง", "office": "สาขาเมือง", "branch_code": "61000000", "name_short": "None", "price_new": 350, "price_old": 200, "width_m": 6, "pt_i": 1 }, "geometry": { "type": "Point", "coordinates": [ 99.886969965700814, 15.318578211546493 ] } },
{ "type": "Feature", "properties": { "road_key": "61000000ST109.3", "road_name": "ถนนสายบ้านหนองโสน-บ้านหนองปลาไหล ช่วงที่ 3", "road_no": "0", "aumpher": "อำเภอหนองขาหย่าง", "office": "สาขาเมือง", "branch_code": "61000000", "name_short": "None", "price_new": 350, "price_old": 200, "width_m": 6, "pt_i": 2 }, "geometry": { "type": "Point", "coordinates": [ 99.887765113221263, 15.317849572592847 ] } },
{ "type": "Feature", "properties": { "road_key": "61000000ST109.3", "road_name": "ถนนสายบ้านหนองโสน-บ้านหนองปลาไหล ช่วงที่ 3", "road_no": "0", "aumpher": "อำเภอหนองขาหย่าง", "office": "สาขาเมือง", "branch_code": "61000000", "name_short": "None", "price_new": 350, "price_old": 200, "width_m": 6, "pt_i": 3 }, "geometry": { "type": "Point", "coordinates": [ 99.888882184468358, 15.317811939516204 ] } },
{ "type": "Feature", "properties": { "road_key": "61000000ST109.3", "road_name": "ถนนสายบ้านหนองโสน-บ้านหนองปลาไหล ช่วงที่ 3", "road_no": "0", "aumpher": "อำเภอหนองขาหย่าง", "office": "สาขาเมือง", "branch_code": "61000000", "name_short": "None", "price_new": 350, "price_old": 200, "width_m": 6, "pt_i": 4 }, "geometry": { "type": "Point", "coordinates": [ 99.889909828605397, 15.317545300146902 ] } },
{ "type": "Feature", "properties": { "road_key": "61000000ST109.3", "road_name": "ถนนสายบ้านหนองโสน-บ้านหนองปลาไหล ช่วงที่ 3", "road_no": "0", "aumpher": "อำเภอหนองขาหย่าง", "office": "สาขาเมือง", "branch_code": "61000000", "name_short": "None", "price_new": 350, "price_old": 200, "width_m": 6, "pt_i": 5 }, "geometry": { "type": "Point", "coordinates": [ 99.890765970633652, 15.316872252225775 ] } },
{ "type": "Feature", "properties": { "road_key": "61000000ST109.3", "road_name": "ถนนสายบ้านหนองโสน-บ้านหนองปลาไหล ช่วงที่ 3", "road_no": "0", "aumpher": "อำเภอหนองขาหย่าง", "office": "สาขาเมือง", "branch_code": "61000000", "name_short": "None", "price_new": 350, "price_old": 200, "width_m": 6, "pt_i": 6 }, "geometry": { "type": "Point", "coordinates": [ 99.891807188552932, 15.316600339252219 ] } },
{ "type": "Feature", "properties": { "road_key": "61000000ST109.3", "road_name": "ถนนสายบ้านหนองโสน-บ้านหนองปลาไหล ช่วงที่ 3", "road_no": "0", "aumpher": "อำเภอหนองขาหย่าง", "office": "สาขาเมือง", "branch_code": "61000000", "name_short": "None", "price_new": 350, "price_old": 200, "width_m": 6, "pt_i": 7 }, "geometry": { "type": "Point", "coordinates": [ 99.89270644855965, 15.315981131096354 ] } },
{ "type": "Feature", "properties": { "road_key": "61000000ST109.3", "road_name": "ถนนสายบ้านหนองโสน-บ้านหนองปลาไหล ช่วงที่ 3", "road_no": "0", "aumpher": "อำเภอหนองขาหย่าง", "office": "สาขาเมือง", "branch_code": "61000000", "name_short": "None", "price_new": 350, "price_old": 200, "width_m": 6, "pt_i": 8 }, "geometry": { "type": "Point", "coordinates": [ 99.893805561675336, 15.315787726348507 ] } },
{ "type": "Feature", "properties": { "road_key": "61000000ST109.3", "road_name": "ถนนสายบ้านหนองโสน-บ้านหนองปลาไหล ช่วงที่ 3", "road_no": "0", "aumpher": "อำเภอหนองขาหย่าง", "office": "สาขาเมือง", "branch_code": "61000000", "name_short": "None", "price_new": 350, "price_old": 200, "width_m": 6, "pt_i": 9 }, "geometry": { "type": "Point", "coordinates": [ 99.894915025256665, 15.315657453058842 ] } },
{ "type": "Feature", "properties": { "road_key": "61000000ST109.3", "road_name": "ถนนสายบ้านหนองโสน-บ้านหนองปลาไหล ช่วงที่ 3", "road_no": "0", "aumpher": "อำเภอหนองขาหย่าง", "office": "สาขาเมือง", "branch_code": "61000000", "name_short": "None", "price_new": 350, "price_old": 200, "width_m": 6, "pt_i": 10 }, "geometry": { "type": "Point", "coordinates": [ 99.896018490266172, 15.31548483703865 ] } },
{ "type": "Feature", "properties": { "road_key": "61000000ST109.3", "road_name": "ถนนสายบ้านหนองโสน-บ้านหนองปลาไหล ช่วงที่ 3", "road_no": "0", "aumpher": "อำเภอหนองขาหย่าง", "office": "สาขาเมือง", "branch_code": "61000000", "name_short": "None", "price_new": 350, "price_old": 200, "width_m": 6, "pt_i": 11 }, "geometry": { "type": "Point", "coordinates": [ 99.896949965292478, 15.314897409766596 ] } },
{ "type": "Feature", "properties": { "road_key": "61000000ST109.3", "road_name": "ถนนสายบ้านหนองโสน-บ้านหนองปลาไหล ช่วงที่ 3", "road_no": "0", "aumpher": "อำเภอหนองขาหย่าง", "office": "สาขาเมือง", "branch_code": "61000000", "name_short": "None", "price_new": 350, "price_old": 200, "width_m": 6, "pt_i": 12 }, "geometry": { "type": "Point", "coordinates": [ 99.897878679039636, 15.315044246809832 ] } },
{ "type": "Feature", "properties": { "road_key": "61000000ST109.3", "road_name": "ถนนสายบ้านหนองโสน-บ้านหนองปลาไหล ช่วงที่ 3", "road_no": "0", "aumpher": "อำเภอหนองขาหย่าง", "office": "สาขาเมือง", "branch_code": "61000000", "name_short": "None", "price_new": 350, "price_old": 200, "width_m": 6, "pt_i": 13 }, "geometry": { "type": "Point", "coordinates": [ 99.898481897133877, 15.315868235786892 ] } },
{ "type": "Feature", "properties": { "road_key": "61000000ST109.3", "road_name": "ถนนสายบ้านหนองโสน-บ้านหนองปลาไหล ช่วงที่ 3", "road_no": "0", "aumpher": "อำเภอหนองขาหย่าง", "office": "สาขาเมือง", "branch_code": "61000000", "name_short": "None", "price_new": 350, "price_old": 200, "width_m": 6, "pt_i": 14 }, "geometry": { "type": "Point", "coordinates": [ 99.899126263737784, 15.316471700440632 ] } },
{ "type": "Feature", "properties": { "road_key": "61000000ST109.3", "road_name": "ถนนสายบ้านหนองโสน-บ้านหนองปลาไหล ช่วงที่ 3", "road_no": "0", "aumpher": "อำเภอหนองขาหย่าง", "office": "สาขาเมือง", "branch_code": "61000000", "name_short": "None", "price_new": 350, "price_old": 200, "width_m": 6, "pt_i": 0 }, "geometry": { "type": "Point", "coordinates": [ 99.886219106866832, 15.319381795246233 ] } },
{ "type": "Feature", "properties": { "road_key": "61000000ST109.3", "road_name": "ถนนสายบ้านหนองโสน-บ้านหนองปลาไหล ช่วงที่ 3", "road_no": "0", "aumpher": "อำเภอหนองขาหย่าง", "office": "สาขาเมือง", "branch_code": "61000000", "name_short": "None", "price_new": 350, "price_old": 200, "width_m": 6, "pt_i": 1 }, "geometry": { "type": "Point", "coordinates": [ 99.886255779871078, 15.319363817226012 ] } },
{ "type": "Feature", "properties": { "road_key": "61000000ST109.3", "road_name": "ถนนสายบ้านหนองโสน-บ้านหนองปลาไหล ช่วงที่ 3", "road_no": "0", "aumpher": "อำเภอหนองขาหย่าง", "office": "สาขาเมือง", "branch_code": "61000000", "name_short": "None", "price_new": 350, "price_old": 200, "width_m": 6, "pt_i": 0 }, "geometry": { "type": "Point", "coordinates": [ 99.88363731050012, 15.333818167588728 ] } },
{ "type": "Feature", "properties": { "road_key": "61000000ST109.3", "road_name": "ถนนสายบ้านหนองโสน-บ้านหนองปลาไหล ช่วงที่ 3", "road_no": "0", "aumpher": "อำเภอหนองขาหย่าง", "office": "สาขาเมือง", "branch_code": "61000000", "name_short": "None", "price_new": 350, "price_old": 200, "width_m": 6, "pt_i": 1 }, "geometry": { "type": "Point", "coordinates": [ 99.882838604607613, 15.333066655012217 ] } },
{ "type": "Feature", "properties": { "road_key": "61000000ST109.3", "road_name": "ถนนสายบ้านหนองโสน-บ้านหนองปลาไหล ช่วงที่ 3", "road_no": "0", "aumpher": "อำเภอหนองขาหย่าง", "office": "สาขาเมือง", "branch_code": "61000000", "name_short": "None", "price_new": 350, "price_old": 200, "width_m": 6, "pt_i": 2 }, "geometry": { "type": "Point", "coordinates": [ 99.882508263713945, 15.332033679125711 ] } },
{ "type": "Feature", "properties": { "road_key": "61000000ST109.3", "road_name": "ถนนสายบ้านหนองโสน-บ้านหนองปลาไหล ช่วงที่ 3", "road_no": "0", "aumpher": "อำเภอหนองขาหย่าง", "office": "สาขาเมือง", "branch_code": "61000000", "name_short": "None", "price_new": 350, "price_old": 200, "width_m": 6, "pt_i": 3 }, "geometry": { "type": "Point", "coordinates": [ 99.882020024728646, 15.331068674981653 ] } },
{ "type": "Feature", "properties": { "road_key": "61000000ST109.3", "road_name": "ถนนสายบ้านหนองโสน-บ้านหนองปลาไหล ช่วงที่ 3", "road_no": "0", "aumpher": "อำเภอหนองขาหย่าง", "office": "สาขาเมือง", "branch_code": "61000000", "name_short": "None", "price_new": 350, "price_old": 200, "width_m": 6, "pt_i": 4 }, "geometry": { "type": "Point", "coordinates": [ 99.881195855405977, 15.330379867757751 ] } },
{ "type": "Feature", "properties": { "road_key": "61000000ST109.3", "road_name": "ถนนสายบ้านหนองโสน-บ้านหนองปลาไหล ช่วงที่ 3", "road_no": "0", "aumpher": "อำเภอหนองขาหย่าง", "office": "สาขาเมือง", "branch_code": "61000000", "name_short": "None", "price_new": 350, "price_old": 200, "width_m": 6, "pt_i": 5 }, "geometry": { "type": "Point", "coordinates": [ 99.880229229753937, 15.329850531405491 ] } },
{ "type": "Feature", "properties": { "road_key": "61000000ST109.3", "road_name": "ถนนสายบ้านหนองโสน-บ้านหนองปลาไหล ช่วงที่ 3", "road_no": "0", "aumpher": "อำเภอหนองขาหย่าง", "office": "สาขาเมือง", "branch_code": "61000000", "name_short": "None", "price_new": 350, "price_old": 200, "width_m": 6, "pt_i": 6 }, "geometry": { "type": "Point", "coordinates": [ 99.879154654031836, 15.329586706976317 ] } },
{ "type": "Feature", "properties": { "road_key": "61000000ST109.3", "road_name": "ถนนสายบ้านหนองโสน-บ้านหนองปลาไหล ช่วงที่ 3", "road_no": "0", "aumpher": "อำเภอหนองขาหย่าง", "office": "สาขาเมือง", "branch_code": "61000000", "name_short": "None", "price_new": 350, "price_old": 200, "width_m": 6, "pt_i": 7 }, "geometry": { "type": "Point", "coordinates": [ 99.878479894971804, 15.328756381748903 ] } },
{ "type": "Feature", "properties": { "road_key": "61000000ST109.3", "road_name": "ถนนสายบ้านหนองโสน-บ้านหนองปลาไหล ช่วงที่ 3", "road_no": "0", "aumpher": "อำเภอหนองขาหย่าง", "office": "สาขาเมือง", "branch_code": "61000000", "name_short": "None", "price_new": 350, "price_old": 200, "width_m": 6, "pt_i": 8 }, "geometry": { "type": "Point", "coordinates": [ 99.878339557372158, 15.327683599677529 ] } },
{ "type": "Feature", "properties": { "road_key": "61000000ST109.3", "road_name": "ถนนสายบ้านหนองโสน-บ้านหนองปลาไหล ช่วงที่ 3", "road_no": "0", "aumpher": "อำเภอหนองขาหย่าง", "office": "สาขาเมือง", "branch_code": "61000000", "name_short": "None", "price_new": 350, "price_old": 200, "width_m": 6, "pt_i": 9 }, "geometry": { "type": "Point", "coordinates": [ 99.878018229152559, 15.326644977016228 ] } },
{ "type": "Feature", "properties": { "road_key": "61000000ST109.3", "road_name": "ถนนสายบ้านหนองโสน-บ้านหนองปลาไหล ช่วงที่ 3", "road_no": "0", "aumpher": "อำเภอหนองขาหย่าง", "office": "สาขาเมือง", "branch_code": "61000000", "name_short": "None", "price_new": 350, "price_old": 200, "width_m": 6, "pt_i": 10 }, "geometry": { "type": "Point", "coordinates": [ 99.87758925249031, 15.325645140269613 ] } },
{ "type": "Feature", "properties": { "road_key": "61000000ST109.3", "road_name": "ถนนสายบ้านหนองโสน-บ้านหนองปลาไหล ช่วงที่ 3", "road_no": "0", "aumpher": "อำเภอหนองขาหย่าง", "office": "สาขาเมือง", "branch_code": "61000000", "name_short": "None", "price_new": 350, "price_old": 200, "width_m": 6, "pt_i": 11 }, "geometry": { "type": "Point", "coordinates": [ 99.877157743030139, 15.324646050529829 ] } },
{ "type": "Feature", "properties": { "road_key": "61000000ST109.3", "road_name": "ถนนสายบ้านหนองโสน-บ้านหนองปลาไหล ช่วงที่ 3", "road_no": "0", "aumpher": "อำเภอหนองขาหย่าง", "office": "สาขาเมือง", "branch_code": "61000000", "name_short": "None", "price_new": 350, "price_old": 200, "width_m": 6, "pt_i": 12 }, "geometry": { "type": "Point", "coordinates": [ 99.876833841567617, 15.323608578349614 ] } },
{ "type": "Feature", "properties": { "road_key": "61000000ST109.3", "road_name": "ถนนสายบ้านหนองโสน-บ้านหนองปลาไหล ช่วงที่ 3", "road_no": "0", "aumpher": "อำเภอหนองขาหย่าง", "office": "สาขาเมือง", "branch_code": "61000000", "name_short": "None", "price_new": 350, "price_old": 200, "width_m": 6, "pt_i": 13 }, "geometry": { "type": "Point", "coordinates": [ 99.876686474868293, 15.322536092863739 ] } },
{ "type": "Feature", "properties": { "road_key": "61000000ST109.3", "road_name": "ถนนสายบ้านหนองโสน-บ้านหนองปลาไหล ช่วงที่ 3", "road_no": "0", "aumpher": "อำเภอหนองขาหย่าง", "office": "สาขาเมือง", "branch_code": "61000000", "name_short": "None", "price_new": 350, "price_old": 200, "width_m": 6, "pt_i": 14 }, "geometry": { "type": "Point", "coordinates": [ 99.877147744524152, 15.321688769398113 ] } },
{ "type": "Feature", "properties": { "road_key": "61000000ST109.3", "road_name": "ถนนสายบ้านหนองโสน-บ้านหนองปลาไหล ช่วงที่ 3", "road_no": "0", "aumpher": "อำเภอหนองขาหย่าง", "office": "สาขาเมือง", "branch_code": "61000000", "name_short": "None", "price_new": 350, "price_old": 200, "width_m": 6, "pt_i": 15 }, "geometry": { "type": "Point", "coordinates": [ 99.877945587383849, 15.320933538399867 ] } },
{ "type": "Feature", "properties": { "road_key": "61000000ST109.3", "road_name": "ถนนสายบ้านหนองโสน-บ้านหนองปลาไหล ช่วงที่ 3", "road_no": "0", "aumpher": "อำเภอหนองขาหย่าง", "office": "สาขาเมือง", "branch_code": "61000000", "name_short": "None", "price_new": 350, "price_old": 200, "width_m": 6, "pt_i": 16 }, "geometry": { "type": "Point", "coordinates": [ 99.878960624260571, 15.320501937062543 ] } },
{ "type": "Feature", "properties": { "road_key": "61000000ST109.3", "road_name": "ถนนสายบ้านหนองโสน-บ้านหนองปลาไหล ช่วงที่ 3", "road_no": "0", "aumpher": "อำเภอหนองขาหย่าง", "office": "สาขาเมือง", "branch_code": "61000000", "name_short": "None", "price_new": 350, "price_old": 200, "width_m": 6, "pt_i": 17 }, "geometry": { "type": "Point", "coordinates": [ 99.88001470267254, 15.320840318599705 ] } },
{ "type": "Feature", "properties": { "road_key": "61000000ST109.3", "road_name": "ถนนสายบ้านหนองโสน-บ้านหนองปลาไหล ช่วงที่ 3", "road_no": "0", "aumpher": "อำเภอหนองขาหย่าง", "office": "สาขาเมือง", "branch_code": "61000000", "name_short": "None", "price_new": 350, "price_old": 200, "width_m": 6, "pt_i": 18 }, "geometry": { "type": "Point", "coordinates": [ 99.881040136430713, 15.320999240385822 ] } },
{ "type": "Feature", "properties": { "road_key": "61000000ST109.3", "road_name": "ถนนสายบ้านหนองโสน-บ้านหนองปลาไหล ช่วงที่ 3", "road_no": "0", "aumpher": "อำเภอหนองขาหย่าง", "office": "สาขาเมือง", "branch_code": "61000000", "name_short": "None", "price_new": 350, "price_old": 200, "width_m": 6, "pt_i": 19 }, "geometry": { "type": "Point", "coordinates": [ 99.881791609079272, 15.32020532955613 ] } },
{ "type": "Feature", "properties": { "road_key": "61000000ST109.3", "road_name": "ถนนสายบ้านหนองโสน-บ้านหนองปลาไหล ช่วงที่ 3", "road_no": "0", "aumpher": "อำเภอหนองขาหย่าง", "office": "สาขาเมือง", "branch_code": "61000000", "name_short": "None", "price_new": 350, "price_old": 200, "width_m": 6, "pt_i": 20 }, "geometry": { "type": "Point", "coordinates": [ 99.882602488229765, 15.319491492799941 ] } },
{ "type": "Feature", "properties": { "road_key": "61000000ST109.3", "road_name": "ถนนสายบ้านหนองโสน-บ้านหนองปลาไหล ช่วงที่ 3", "road_no": "0", "aumpher": "อำเภอหนองขาหย่าง", "office": "สาขาเมือง", "branch_code": "61000000", "name_short": "None", "price_new": 350, "price_old": 200, "width_m": 6, "pt_i": 21 }, "geometry": { "type": "Point", "coordinates": [ 99.883702629457375, 15.319343938359351 ] } },
{ "type": "Feature", "properties": { "road_key": "61000000ST109.3", "road_name": "ถนนสายบ้านหนองโสน-บ้านหนองปลาไหล ช่วงที่ 3", "road_no": "0", "aumpher": "อำเภอหนองขาหย่าง", "office": "สาขาเมือง", "branch_code": "61000000", "name_short": "None", "price_new": 350, "price_old": 200, "width_m": 6, "pt_i": 22 }, "geometry": { "type": "Point", "coordinates": [ 99.88477949151364, 15.319420542779888 ] } },
{ "type": "Feature", "properties": { "road_key": "61000000ST109.3", "road_name": "ถนนสายบ้านหนองโสน-บ้านหนองปลาไหล ช่วงที่ 3", "road_no": "0", "aumpher": "อำเภอหนองขาหย่าง", "office": "สาขาเมือง", "branch_code": "61000000", "name_short": "None", "price_new": 350, "price_old": 200, "width_m": 6, "pt_i": 23 }, "geometry": { "type": "Point", "coordinates": [ 99.885838836850581, 15.319528004744074 ] } },
{ "type": "Feature", "properties": { "road_key": "61000000ST115", "road_name": "ถนนสายแยก ทล.3221-บ้านเขาแหลม", "road_no": "0", "aumpher": "อำเภอหนองขาหย่าง", "office": "สาขาเมือง", "branch_code": "61000000", "name_short": "None", "price_new": 300, "price_old": 150, "width_m": 6, "pt_i": 0 }, "geometry": { "type": "Point", "coordinates": [ 99.939047824591171, 15.429970788691559 ] } },
{ "type": "Feature", "properties": { "road_key": "61000000ST115", "road_name": "ถนนสายแยก ทล.3221-บ้านเขาแหลม", "road_no": "0", "aumpher": "อำเภอหนองขาหย่าง", "office": "สาขาเมือง", "branch_code": "61000000", "name_short": "None", "price_new": 300, "price_old": 150, "width_m": 6, "pt_i": 1 }, "geometry": { "type": "Point", "coordinates": [ 99.939616294199752, 15.430904957751668 ] } },
{ "type": "Feature", "properties": { "road_key": "61000000ST115", "road_name": "ถนนสายแยก ทล.3221-บ้านเขาแหลม", "road_no": "0", "aumpher": "อำเภอหนองขาหย่าง", "office": "สาขาเมือง", "branch_code": "61000000", "name_short": "None", "price_new": 300, "price_old": 150, "width_m": 6, "pt_i": 2 }, "geometry": { "type": "Point", "coordinates": [ 99.940228734859787, 15.431807866322528 ] } },
{ "type": "Feature", "properties": { "road_key": "61000000ST115", "road_name": "ถนนสายแยก ทล.3221-บ้านเขาแหลม", "road_no": "0", "aumpher": "อำเภอหนองขาหย่าง", "office": "สาขาเมือง", "branch_code": "61000000", "name_short": "None", "price_new": 300, "price_old": 150, "width_m": 6, "pt_i": 3 }, "geometry": { "type": "Point", "coordinates": [ 99.940876952609983, 15.432686957410183 ] } },
{ "type": "Feature", "properties": { "road_key": "61000000ST115", "road_name": "ถนนสายแยก ทล.3221-บ้านเขาแหลม", "road_no": "0", "aumpher": "อำเภอหนองขาหย่าง", "office": "สาขาเมือง", "branch_code": "61000000", "name_short": "None", "price_new": 300, "price_old": 150, "width_m": 6, "pt_i": 4 }, "geometry": { "type": "Point", "coordinates": [ 99.941466224201974, 15.43360892225933 ] } },
{ "type": "Feature", "properties": { "road_key": "61000000ST115", "road_name": "ถนนสายแยก ทล.3221-บ้านเขาแหลม", "road_no": "0", "aumpher": "อำเภอหนองขาหย่าง", "office": "สาขาเมือง", "branch_code": "61000000", "name_short": "None", "price_new": 300, "price_old": 150, "width_m": 6, "pt_i": 5 }, "geometry": { "type": "Point", "coordinates": [ 99.94196295164241, 15.434580772279681 ] } },
{ "type": "Feature", "properties": { "road_key": "61000000ST115", "road_name": "ถนนสายแยก ทล.3221-บ้านเขาแหลม", "road_no": "0", "aumpher": "อำเภอหนองขาหย่าง", "office": "สาขาเมือง", "branch_code": "61000000", "name_short": "None", "price_new": 300, "price_old": 150, "width_m": 6, "pt_i": 6 }, "geometry": { "type": "Point", "coordinates": [ 99.942454658986719, 15.435555003815359 ] } },
{ "type": "Feature", "properties": { "road_key": "61000000ST115", "road_name": "ถนนสายแยก ทล.3221-บ้านเขาแหลม", "road_no": "0", "aumpher": "อำเภอหนองขาหย่าง", "office": "สาขาเมือง", "branch_code": "61000000", "name_short": "None", "price_new": 300, "price_old": 150, "width_m": 6, "pt_i": 7 }, "geometry": { "type": "Point", "coordinates": [ 99.942921423352104, 15.436540774607822 ] } },
{ "type": "Feature", "properties": { "road_key": "61000000ST115", "road_name": "ถนนสายแยก ทล.3221-บ้านเขาแหลม", "road_no": "0", "aumpher": "อำเภอหนองขาหย่าง", "office": "สาขาเมือง", "branch_code": "61000000", "name_short": "None", "price_new": 300, "price_old": 150, "width_m": 6, "pt_i": 8 }, "geometry": { "type": "Point", "coordinates": [ 99.943305543384582, 15.437556501204757 ] } },
{ "type": "Feature", "properties": { "road_key": "61000000ST115", "road_name": "ถนนสายแยก ทล.3221-บ้านเขาแหลม", "road_no": "0", "aumpher": "อำเภอหนองขาหย่าง", "office": "สาขาเมือง", "branch_code": "61000000", "name_short": "None", "price_new": 300, "price_old": 150, "width_m": 6, "pt_i": 9 }, "geometry": { "type": "Point", "coordinates": [ 99.943564692390908, 15.438611744179992 ] } },
{ "type": "Feature", "properties": { "road_key": "61000000ST115", "road_name": "ถนนสายแยก ทล.3221-บ้านเขาแหลม", "road_no": "0", "aumpher": "อำเภอหนองขาหย่าง", "office": "สาขาเมือง", "branch_code": "61000000", "name_short": "None", "price_new": 300, "price_old": 150, "width_m": 6, "pt_i": 10 }, "geometry": { "type": "Point", "coordinates": [ 99.943823844317805, 15.439666986606671 ] } },
{ "type": "Feature", "properties": { "road_key": "61000000ST115", "road_name": "ถนนสายแยก ทล.3221-บ้านเขาแหลม", "road_no": "0", "aumpher": "อำเภอหนองขาหย่าง", "office": "สาขาเมือง", "branch_code": "61000000", "name_short": "None", "price_new": 300, "price_old": 150, "width_m": 6, "pt_i": 11 }, "geometry": { "type": "Point", "coordinates": [ 99.944082999165573, 15.440722228484734 ] } },
{ "type": "Feature", "properties": { "road_key": "61000000ST115", "road_name": "ถนนสายแยก ทล.3221-บ้านเขาแหลม", "road_no": "0", "aumpher": "อำเภอหนองขาหย่าง", "office": "สาขาเมือง", "branch_code": "61000000", "name_short": "None", "price_new": 300, "price_old": 150, "width_m": 6, "pt_i": 12 }, "geometry": { "type": "Point", "coordinates": [ 99.944345437786083, 15.44177669911738 ] } },
{ "type": "Feature", "properties": { "road_key": "61000000ST115", "road_name": "ถนนสายแยก ทล.3221-บ้านเขาแหลม", "road_no": "0", "aumpher": "อำเภอหนองขาหย่าง", "office": "สาขาเมือง", "branch_code": "61000000", "name_short": "None", "price_new": 300, "price_old": 150, "width_m": 6, "pt_i": 13 }, "geometry": { "type": "Point", "coordinates": [ 99.944612777007379, 15.44283001869554 ] } },
{ "type": "Feature", "properties": { "road_key": "61000000ST115", "road_name": "ถนนสายแยก ทล.3221-บ้านเขาแหลม", "road_no": "0", "aumpher": "อำเภอหนองขาหย่าง", "office": "สาขาเมือง", "branch_code": "61000000", "name_short": "None", "price_new": 300, "price_old": 150, "width_m": 6, "pt_i": 14 }, "geometry": { "type": "Point", "coordinates": [ 99.944822284965653, 15.443891284732524 ] } },
{ "type": "Feature", "properties": { "road_key": "61000000ST115", "road_name": "ถนนสายแยก ทล.3221-บ้านเขาแหลม", "road_no": "0", "aumpher": "อำเภอหนองขาหย่าง", "office": "สาขาเมือง", "branch_code": "61000000", "name_short": "None", "price_new": 300, "price_old": 150, "width_m": 6, "pt_i": 15 }, "geometry": { "type": "Point", "coordinates": [ 99.944964023308586, 15.444960004814632 ] } },
{ "type": "Feature", "properties": { "road_key": "61000000ST115", "road_name": "ถนนสายแยก ทล.3221-บ้านเขาแหลม", "road_no": "0", "aumpher": "อำเภอหนองขาหย่าง", "office": "สาขาเมือง", "branch_code": "61000000", "name_short": "None", "price_new": 300, "price_old": 150, "width_m": 6, "pt_i": 16 }, "geometry": { "type": "Point", "coordinates": [ 99.944694133337563, 15.446012712846342 ] } },
{ "type": "Feature", "properties": { "road_key": "61000000ST115", "road_name": "ถนนสายแยก ทล.3221-บ้านเขาแหลม", "road_no": "0", "aumpher": "อำเภอหนองขาหย่าง", "office": "สาขาเมือง", "branch_code": "61000000", "name_short": "None", "price_new": 300, "price_old": 150, "width_m": 6, "pt_i": 17 }, "geometry": { "type": "Point", "coordinates": [ 99.944327062507313, 15.447035069803073 ] } },
{ "type": "Feature", "properties": { "road_key": "61000000ST115", "road_name": "ถนนสายแยก ทล.3221-บ้านเขาแหลม", "road_no": "0", "aumpher": "อำเภอหนองขาหย่าง", "office": "สาขาเมือง", "branch_code": "61000000", "name_short": "None", "price_new": 300, "price_old": 150, "width_m": 6, "pt_i": 18 }, "geometry": { "type": "Point", "coordinates": [ 99.943896746237371, 15.44803542986484 ] } },
{ "type": "Feature", "properties": { "road_key": "61000000ST115", "road_name": "ถนนสายแยก ทล.3221-บ้านเขาแหลม", "road_no": "0", "aumpher": "อำเภอหนองขาหย่าง", "office": "สาขาเมือง", "branch_code": "61000000", "name_short": "None", "price_new": 300, "price_old": 150, "width_m": 6, "pt_i": 19 }, "geometry": { "type": "Point", "coordinates": [ 99.943393441232274, 15.449002329185294 ] } },
{ "type": "Feature", "properties": { "road_key": "61000000ST115", "road_name": "ถนนสายแยก ทล.3221-บ้านเขาแหลม", "road_no": "0", "aumpher": "อำเภอหนองขาหย่าง", "office": "สาขาเมือง", "branch_code": "61000000", "name_short": "None", "price_new": 300, "price_old": 150, "width_m": 6, "pt_i": 20 }, "geometry": { "type": "Point", "coordinates": [ 99.943018516884763, 15.450024329763353 ] } },
{ "type": "Feature", "properties": { "road_key": "61000000ST115", "road_name": "ถนนสายแยก ทล.3221-บ้านเขาแหลม", "road_no": "0", "aumpher": "อำเภอหนองขาหย่าง", "office": "สาขาเมือง", "branch_code": "61000000", "name_short": "None", "price_new": 300, "price_old": 150, "width_m": 6, "pt_i": 21 }, "geometry": { "type": "Point", "coordinates": [ 99.942798182468934, 15.451080947951395 ] } },
{ "type": "Feature", "properties": { "road_key": "61000000ST115", "road_name": "ถนนสายแยก ทล.3221-บ้านเขาแหลม", "road_no": "0", "aumpher": "อำเภอหนองขาหย่าง", "office": "สาขาเมือง", "branch_code": "61000000", "name_short": "None", "price_new": 300, "price_old": 150, "width_m": 6, "pt_i": 22 }, "geometry": { "type": "Point", "coordinates": [ 99.943012575620372, 15.452137849757829 ] } },
{ "type": "Feature", "properties": { "road_key": "61000000ST115", "road_name": "ถนนสายแยก ทล.3221-บ้านเขาแหลม", "road_no": "0", "aumpher": "อำเภอหนองขาหย่าง", "office": "สาขาเมือง", "branch_code": "61000000", "name_short": "None", "price_new": 300, "price_old": 150, "width_m": 6, "pt_i": 23 }, "geometry": { "type": "Point", "coordinates": [ 99.943415318211194, 15.453149847071634 ] } },
{ "type": "Feature", "properties": { "road_key": "61000000ST115", "road_name": "ถนนสายแยก ทล.3221-บ้านเขาแหลม", "road_no": "0", "aumpher": "อำเภอหนองขาหย่าง", "office": "สาขาเมือง", "branch_code": "61000000", "name_short": "None", "price_new": 300, "price_old": 150, "width_m": 6, "pt_i": 24 }, "geometry": { "type": "Point", "coordinates": [ 99.943835595278188, 15.454154781171729 ] } },
{ "type": "Feature", "properties": { "road_key": "61000000ST115", "road_name": "ถนนสายแยก ทล.3221-บ้านเขาแหลม", "road_no": "0", "aumpher": "อำเภอหนองขาหย่าง", "office": "สาขาเมือง", "branch_code": "61000000", "name_short": "None", "price_new": 300, "price_old": 150, "width_m": 6, "pt_i": 25 }, "geometry": { "type": "Point", "coordinates": [ 99.944290634616308, 15.455145711716026 ] } },
{ "type": "Feature", "properties": { "road_key": "61000000ST115", "road_name": "ถนนสายแยก ทล.3221-บ้านเขาแหลม", "road_no": "0", "aumpher": "อำเภอหนองขาหย่าง", "office": "สาขาเมือง", "branch_code": "61000000", "name_short": "None", "price_new": 300, "price_old": 150, "width_m": 6, "pt_i": 26 }, "geometry": { "type": "Point", "coordinates": [ 99.944745678505299, 15.45613664099629 ] } },
{ "type": "Feature", "properties": { "road_key": "61000000ST115", "road_name": "ถนนสายแยก ทล.3221-บ้านเขาแหลม", "road_no": "0", "aumpher": "อำเภอหนองขาหย่าง", "office": "สาขาเมือง", "branch_code": "61000000", "name_short": "None", "price_new": 300, "price_old": 150, "width_m": 6, "pt_i": 27 }, "geometry": { "type": "Point", "coordinates": [ 99.945191124439347, 15.457131282870741 ] } },
{ "type": "Feature", "properties": { "road_key": "61000000ST115", "road_name": "ถนนสายแยก ทล.3221-บ้านเขาแหลม", "road_no": "0", "aumpher": "อำเภอหนองขาหย่าง", "office": "สาขาเมือง", "branch_code": "61000000", "name_short": "None", "price_new": 300, "price_old": 150, "width_m": 6, "pt_i": 28 }, "geometry": { "type": "Point", "coordinates": [ 99.945564015306743, 15.458153986639568 ] } },
{ "type": "Feature", "properties": { "road_key": "61000000ST115", "road_name": "ถนนสายแยก ทล.3221-บ้านเขาแหลม", "road_no": "0", "aumpher": "อำเภอหนองขาหย่าง", "office": "สาขาเมือง", "branch_code": "61000000", "name_short": "None", "price_new": 300, "price_old": 150, "width_m": 6, "pt_i": 29 }, "geometry": { "type": "Point", "coordinates": [ 99.945936910095398, 15.459176689482575 ] } },
{ "type": "Feature", "properties": { "road_key": "61000000ST115", "road_name": "ถนนสายแยก ทล.3221-บ้านเขาแหลม", "road_no": "0", "aumpher": "อำเภอหนองขาหย่าง", "office": "สาขาเมือง", "branch_code": "61000000", "name_short": "None", "price_new": 300, "price_old": 150, "width_m": 6, "pt_i": 30 }, "geometry": { "type": "Point", "coordinates": [ 99.946302227582805, 15.460201885286457 ] } },
{ "type": "Feature", "properties": { "road_key": "61000000ST115", "road_name": "ถนนสายแยก ทล.3221-บ้านเขาแหลม", "road_no": "0", "aumpher": "อำเภอหนองขาหย่าง", "office": "สาขาเมือง", "branch_code": "61000000", "name_short": "None", "price_new": 300, "price_old": 150, "width_m": 6, "pt_i": 31 }, "geometry": { "type": "Point", "coordinates": [ 99.946647803878832, 15.461233575448981 ] } },
{ "type": "Feature", "properties": { "road_key": "61000000ST115", "road_name": "ถนนสายแยก ทล.3221-บ้านเขาแหลม", "road_no": "0", "aumpher": "อำเภอหนองขาหย่าง", "office": "สาขาเมือง", "branch_code": "61000000", "name_short": "None", "price_new": 300, "price_old": 150, "width_m": 6, "pt_i": 32 }, "geometry": { "type": "Point", "coordinates": [ 99.946993383869483, 15.462265264785648 ] } },
{ "type": "Feature", "properties": { "road_key": "61000000ST115", "road_name": "ถนนสายแยก ทล.3221-บ้านเขาแหลม", "road_no": "0", "aumpher": "อำเภอหนองขาหย่าง", "office": "สาขาเมือง", "branch_code": "61000000", "name_short": "None", "price_new": 300, "price_old": 150, "width_m": 6, "pt_i": 33 }, "geometry": { "type": "Point", "coordinates": [ 99.947279378136813, 15.463313335454369 ] } },
{ "type": "Feature", "properties": { "road_key": "61000000ST121", "road_name": "ถนนสายหนองปลาไหล-หนองสะแก", "road_no": "0", "aumpher": "อำเภอหนองขาหย่าง", "office": "สาขาเมือง", "branch_code": "61000000", "name_short": "None", "price_new": 300, "price_old": 200, "width_m": 6, "pt_i": 0 }, "geometry": { "type": "Point", "coordinates": [ 99.931366932851745, 15.32809821255381 ] } },
{ "type": "Feature", "properties": { "road_key": "61000000ST121", "road_name": "ถนนสายหนองปลาไหล-หนองสะแก", "road_no": "0", "aumpher": "อำเภอหนองขาหย่าง", "office": "สาขาเมือง", "branch_code": "61000000", "name_short": "None", "price_new": 300, "price_old": 200, "width_m": 6, "pt_i": 1 }, "geometry": { "type": "Point", "coordinates": [ 99.930259509378473, 15.328242277228544 ] } },
{ "type": "Feature", "properties": { "road_key": "61000000ST121", "road_name": "ถนนสายหนองปลาไหล-หนองสะแก", "road_no": "0", "aumpher": "อำเภอหนองขาหย่าง", "office": "สาขาเมือง", "branch_code": "61000000", "name_short": "None", "price_new": 300, "price_old": 200, "width_m": 6, "pt_i": 2 }, "geometry": { "type": "Point", "coordinates": [ 99.929143809380506, 15.328302768984786 ] } },
{ "type": "Feature", "properties": { "road_key": "61000000ST121", "road_name": "ถนนสายหนองปลาไหล-หนองสะแก", "road_no": "0", "aumpher": "อำเภอหนองขาหย่าง", "office": "สาขาเมือง", "branch_code": "61000000", "name_short": "None", "price_new": 300, "price_old": 200, "width_m": 6, "pt_i": 3 }, "geometry": { "type": "Point", "coordinates": [ 99.928031906084712, 15.328413879172292 ] } },
{ "type": "Feature", "properties": { "road_key": "61000000ST121", "road_name": "ถนนสายหนองปลาไหล-หนองสะแก", "road_no": "0", "aumpher": "อำเภอหนองขาหย่าง", "office": "สาขาเมือง", "branch_code": "61000000", "name_short": "None", "price_new": 300, "price_old": 200, "width_m": 6, "pt_i": 4 }, "geometry": { "type": "Point", "coordinates": [ 99.926922127732254, 15.328535061815009 ] } },
{ "type": "Feature", "properties": { "road_key": "61000000ST121", "road_name": "ถนนสายหนองปลาไหล-หนองสะแก", "road_no": "0", "aumpher": "อำเภอหนองขาหย่าง", "office": "สาขาเมือง", "branch_code": "61000000", "name_short": "None", "price_new": 300, "price_old": 200, "width_m": 6, "pt_i": 5 }, "geometry": { "type": "Point", "coordinates": [ 99.925812007309673, 15.328633712577268 ] } },
{ "type": "Feature", "properties": { "road_key": "61000000ST121", "road_name": "ถนนสายหนองปลาไหล-หนองสะแก", "road_no": "0", "aumpher": "อำเภอหนองขาหย่าง", "office": "สาขาเมือง", "branch_code": "61000000", "name_short": "None", "price_new": 300, "price_old": 200, "width_m": 6, "pt_i": 6 }, "geometry": { "type": "Point", "coordinates": [ 99.924702001388113, 15.328734650681767 ] } },
{ "type": "Feature", "properties": { "road_key": "61000000ST121", "road_name": "ถนนสายหนองปลาไหล-หนองสะแก", "road_no": "0", "aumpher": "อำเภอหนองขาหย่าง", "office": "สาขาเมือง", "branch_code": "61000000", "name_short": "None", "price_new": 300, "price_old": 200, "width_m": 6, "pt_i": 7 }, "geometry": { "type": "Point", "coordinates": [ 99.923585371626345, 15.328713146780768 ] } },
{ "type": "Feature", "properties": { "road_key": "61000000ST121", "road_name": "ถนนสายหนองปลาไหล-หนองสะแก", "road_no": "0", "aumpher": "อำเภอหนองขาหย่าง", "office": "สาขาเมือง", "branch_code": "61000000", "name_short": "None", "price_new": 300, "price_old": 200, "width_m": 6, "pt_i": 8 }, "geometry": { "type": "Point", "coordinates": [ 99.922496366432341, 15.328909416062674 ] } },
{ "type": "Feature", "properties": { "road_key": "61000000ST121", "road_name": "ถนนสายหนองปลาไหล-หนองสะแก", "road_no": "0", "aumpher": "อำเภอหนองขาหย่าง", "office": "สาขาเมือง", "branch_code": "61000000", "name_short": "None", "price_new": 300, "price_old": 200, "width_m": 6, "pt_i": 9 }, "geometry": { "type": "Point", "coordinates": [ 99.921387917347346, 15.329023414948228 ] } },
{ "type": "Feature", "properties": { "road_key": "61000000ST121", "road_name": "ถนนสายหนองปลาไหล-หนองสะแก", "road_no": "0", "aumpher": "อำเภอหนองขาหย่าง", "office": "สาขาเมือง", "branch_code": "61000000", "name_short": "None", "price_new": 300, "price_old": 200, "width_m": 6, "pt_i": 10 }, "geometry": { "type": "Point", "coordinates": [ 99.9202806656522, 15.328897634360544 ] } },
{ "type": "Feature", "properties": { "road_key": "61000000ST121", "road_name": "ถนนสายหนองปลาไหล-หนองสะแก", "road_no": "0", "aumpher": "อำเภอหนองขาหย่าง", "office": "สาขาเมือง", "branch_code": "61000000", "name_short": "None", "price_new": 300, "price_old": 200, "width_m": 6, "pt_i": 11 }, "geometry": { "type": "Point", "coordinates": [ 99.919306504058042, 15.32841311838177 ] } },
{ "type": "Feature", "properties": { "road_key": "61000000ST121", "road_name": "ถนนสายหนองปลาไหล-หนองสะแก", "road_no": "0", "aumpher": "อำเภอหนองขาหย่าง", "office": "สาขาเมือง", "branch_code": "61000000", "name_short": "None", "price_new": 300, "price_old": 200, "width_m": 6, "pt_i": 12 }, "geometry": { "type": "Point", "coordinates": [ 99.918285881958681, 15.32797342734303 ] } },
{ "type": "Feature", "properties": { "road_key": "61000000ST121", "road_name": "ถนนสายหนองปลาไหล-หนองสะแก", "road_no": "0", "aumpher": "อำเภอหนองขาหย่าง", "office": "สาขาเมือง", "branch_code": "61000000", "name_short": "None", "price_new": 300, "price_old": 200, "width_m": 6, "pt_i": 13 }, "geometry": { "type": "Point", "coordinates": [ 99.917243856365616, 15.327994456546032 ] } },
{ "type": "Feature", "properties": { "road_key": "61000000ST121", "road_name": "ถนนสายหนองปลาไหล-หนองสะแก", "road_no": "0", "aumpher": "อำเภอหนองขาหย่าง", "office": "สาขาเมือง", "branch_code": "61000000", "name_short": "None", "price_new": 300, "price_old": 200, "width_m": 6, "pt_i": 14 }, "geometry": { "type": "Point", "coordinates": [ 99.916339624428502, 15.328616584376961 ] } },
{ "type": "Feature", "properties": { "road_key": "61000000ST121", "road_name": "ถนนสายหนองปลาไหล-หนองสะแก", "road_no": "0", "aumpher": "อำเภอหนองขาหย่าง", "office": "สาขาเมือง", "branch_code": "61000000", "name_short": "None", "price_new": 300, "price_old": 200, "width_m": 6, "pt_i": 15 }, "geometry": { "type": "Point", "coordinates": [ 99.91547517672015, 15.329278726594231 ] } },
{ "type": "Feature", "properties": { "road_key": "61000000ST121", "road_name": "ถนนสายหนองปลาไหล-หนองสะแก", "road_no": "0", "aumpher": "อำเภอหนองขาหย่าง", "office": "สาขาเมือง", "branch_code": "61000000", "name_short": "None", "price_new": 300, "price_old": 200, "width_m": 6, "pt_i": 16 }, "geometry": { "type": "Point", "coordinates": [ 99.914442607962343, 15.329694182366067 ] } },
{ "type": "Feature", "properties": { "road_key": "61000000ST121", "road_name": "ถนนสายหนองปลาไหล-หนองสะแก", "road_no": "0", "aumpher": "อำเภอหนองขาหย่าง", "office": "สาขาเมือง", "branch_code": "61000000", "name_short": "None", "price_new": 300, "price_old": 200, "width_m": 6, "pt_i": 17 }, "geometry": { "type": "Point", "coordinates": [ 99.913381548821789, 15.330024101514283 ] } },
{ "type": "Feature", "properties": { "road_key": "61000000ST121", "road_name": "ถนนสายหนองปลาไหล-หนองสะแก", "road_no": "0", "aumpher": "อำเภอหนองขาหย่าง", "office": "สาขาเมือง", "branch_code": "61000000", "name_short": "None", "price_new": 300, "price_old": 200, "width_m": 6, "pt_i": 18 }, "geometry": { "type": "Point", "coordinates": [ 99.912297714645135, 15.330280012532238 ] } },
{ "type": "Feature", "properties": { "road_key": "61000000ST121", "road_name": "ถนนสายหนองปลาไหล-หนองสะแก", "road_no": "0", "aumpher": "อำเภอหนองขาหย่าง", "office": "สาขาเมือง", "branch_code": "61000000", "name_short": "None", "price_new": 300, "price_old": 200, "width_m": 6, "pt_i": 19 }, "geometry": { "type": "Point", "coordinates": [ 99.911341218822812, 15.330841244330401 ] } },
{ "type": "Feature", "properties": { "road_key": "61000000ST121", "road_name": "ถนนสายหนองปลาไหล-หนองสะแก", "road_no": "0", "aumpher": "อำเภอหนองขาหย่าง", "office": "สาขาเมือง", "branch_code": "61000000", "name_short": "None", "price_new": 300, "price_old": 200, "width_m": 6, "pt_i": 20 }, "geometry": { "type": "Point", "coordinates": [ 99.910323316009908, 15.331280964711391 ] } },
{ "type": "Feature", "properties": { "road_key": "61000000ST121", "road_name": "ถนนสายหนองปลาไหล-หนองสะแก", "road_no": "0", "aumpher": "อำเภอหนองขาหย่าง", "office": "สาขาเมือง", "branch_code": "61000000", "name_short": "None", "price_new": 300, "price_old": 200, "width_m": 6, "pt_i": 21 }, "geometry": { "type": "Point", "coordinates": [ 99.909398935132359, 15.331889622337689 ] } },
{ "type": "Feature", "properties": { "road_key": "61000000ST121", "road_name": "ถนนสายหนองปลาไหล-หนองสะแก", "road_no": "0", "aumpher": "อำเภอหนองขาหย่าง", "office": "สาขาเมือง", "branch_code": "61000000", "name_short": "None", "price_new": 300, "price_old": 200, "width_m": 6, "pt_i": 22 }, "geometry": { "type": "Point", "coordinates": [ 99.908478883219743, 15.332499116757058 ] } },
{ "type": "Feature", "properties": { "road_key": "61000000ST121", "road_name": "ถนนสายหนองปลาไหล-หนองสะแก", "road_no": "0", "aumpher": "อำเภอหนองขาหย่าง", "office": "สาขาเมือง", "branch_code": "61000000", "name_short": "None", "price_new": 300, "price_old": 200, "width_m": 6, "pt_i": 23 }, "geometry": { "type": "Point", "coordinates": [ 99.907752298903191, 15.333310701740423 ] } },
{ "type": "Feature", "properties": { "road_key": "61000000ST121", "road_name": "ถนนสายหนองปลาไหล-หนองสะแก", "road_no": "0", "aumpher": "อำเภอหนองขาหย่าง", "office": "สาขาเมือง", "branch_code": "61000000", "name_short": "None", "price_new": 300, "price_old": 200, "width_m": 6, "pt_i": 24 }, "geometry": { "type": "Point", "coordinates": [ 99.906843211089935, 15.333868279334517 ] } },
{ "type": "Feature", "properties": { "road_key": "61000000ST121", "road_name": "ถนนสายหนองปลาไหล-หนองสะแก", "road_no": "0", "aumpher": "อำเภอหนองขาหย่าง", "office": "สาขาเมือง", "branch_code": "61000000", "name_short": "None", "price_new": 300, "price_old": 200, "width_m": 6, "pt_i": 25 }, "geometry": { "type": "Point", "coordinates": [ 99.905728397022543, 15.33380224445991 ] } },
{ "type": "Feature", "properties": { "road_key": "61000000ST121", "road_name": "ถนนสายหนองปลาไหล-หนองสะแก", "road_no": "0", "aumpher": "อำเภอหนองขาหย่าง", "office": "สาขาเมือง", "branch_code": "61000000", "name_short": "None", "price_new": 300, "price_old": 200, "width_m": 6, "pt_i": 26 }, "geometry": { "type": "Point", "coordinates": [ 99.905028364489496, 15.334474995724715 ] } },
{ "type": "Feature", "properties": { "road_key": "61000000ST133", "road_name": "ถนนแยก ทล.333 (1) (ตำบลหนองขาหย่าง)", "road_no": "0", "aumpher": "อำเภอหนองขาหย่าง", "office": "สาขาเมือง", "branch_code": "61000000", "name_short": "None", "price_new": 250, "price_old": 150, "width_m": 4, "pt_i": 0 }, "geometry": { "type": "Point", "coordinates": [ 99.955683717914283, 15.365238066752866 ] } },
{ "type": "Feature", "properties": { "road_key": "61000000ST133", "road_name": "ถนนแยก ทล.333 (1) (ตำบลหนองขาหย่าง)", "road_no": "0", "aumpher": "อำเภอหนองขาหย่าง", "office": "สาขาเมือง", "branch_code": "61000000", "name_short": "None", "price_new": 250, "price_old": 150, "width_m": 4, "pt_i": 1 }, "geometry": { "type": "Point", "coordinates": [ 99.956348456310337, 15.364408436500774 ] } },
{ "type": "Feature", "properties": { "road_key": "61000000ST133", "road_name": "ถนนแยก ทล.333 (1) (ตำบลหนองขาหย่าง)", "road_no": "0", "aumpher": "อำเภอหนองขาหย่าง", "office": "สาขาเมือง", "branch_code": "61000000", "name_short": "None", "price_new": 250, "price_old": 150, "width_m": 4, "pt_i": 2 }, "geometry": { "type": "Point", "coordinates": [ 99.95657230506923, 15.363438991971256 ] } },
{ "type": "Feature", "properties": { "road_key": "61000000ST133", "road_name": "ถนนแยก ทล.333 (1) (ตำบลหนองขาหย่าง)", "road_no": "0", "aumpher": "อำเภอหนองขาหย่าง", "office": "สาขาเมือง", "branch_code": "61000000", "name_short": "None", "price_new": 250, "price_old": 150, "width_m": 4, "pt_i": 3 }, "geometry": { "type": "Point", "coordinates": [ 99.956347983622095, 15.362377584905742 ] } },
{ "type": "Feature", "properties": { "road_key": "61000000ST133", "road_name": "ถนนแยก ทล.333 (1) (ตำบลหนองขาหย่าง)", "road_no": "0", "aumpher": "อำเภอหนองขาหย่าง", "office": "สาขาเมือง", "branch_code": "61000000", "name_short": "None", "price_new": 250, "price_old": 150, "width_m": 4, "pt_i": 4 }, "geometry": { "type": "Point", "coordinates": [ 99.955903285217872, 15.361391520340073 ] } },
{ "type": "Feature", "properties": { "road_key": "61000000ST133", "road_name": "ถนนแยก ทล.333 (1) (ตำบลหนองขาหย่าง)", "road_no": "0", "aumpher": "อำเภอหนองขาหย่าง", "office": "สาขาเมือง", "branch_code": "61000000", "name_short": "None", "price_new": 250, "price_old": 150, "width_m": 4, "pt_i": 5 }, "geometry": { "type": "Point", "coordinates": [ 99.955461107704366, 15.360397543764629 ] } },
{ "type": "Feature", "properties": { "road_key": "61000000ST133", "road_name": "ถนนแยก ทล.333 (1) (ตำบลหนองขาหย่าง)", "road_no": "0", "aumpher": "อำเภอหนองขาหย่าง", "office": "สาขาเมือง", "branch_code": "61000000", "name_short": "None", "price_new": 250, "price_old": 150, "width_m": 4, "pt_i": 6 }, "geometry": { "type": "Point", "coordinates": [ 99.955178303269605, 15.359349477056311 ] } },
{ "type": "Feature", "properties": { "road_key": "61000000ST133", "road_name": "ถนนแยก ทล.333 (1) (ตำบลหนองขาหย่าง)", "road_no": "0", "aumpher": "อำเภอหนองขาหย่าง", "office": "สาขาเมือง", "branch_code": "61000000", "name_short": "None", "price_new": 250, "price_old": 150, "width_m": 4, "pt_i": 7 }, "geometry": { "type": "Point", "coordinates": [ 99.955048692201004, 15.358275050268423 ] } },
{ "type": "Feature", "properties": { "road_key": "61000000ST133", "road_name": "ถนนแยก ทล.333 (1) (ตำบลหนองขาหย่าง)", "road_no": "0", "aumpher": "อำเภอหนองขาหย่าง", "office": "สาขาเมือง", "branch_code": "61000000", "name_short": "None", "price_new": 250, "price_old": 150, "width_m": 4, "pt_i": 8 }, "geometry": { "type": "Point", "coordinates": [ 99.955189496758379, 15.357202039311355 ] } },
{ "type": "Feature", "properties": { "road_key": "61000000ST133", "road_name": "ถนนแยก ทล.333 (1) (ตำบลหนองขาหย่าง)", "road_no": "0", "aumpher": "อำเภอหนองขาหย่าง", "office": "สาขาเมือง", "branch_code": "61000000", "name_short": "None", "price_new": 250, "price_old": 150, "width_m": 4, "pt_i": 9 }, "geometry": { "type": "Point", "coordinates": [ 99.954748137094469, 15.356436637183242 ] } },
{ "type": "Feature", "properties": { "road_key": "61000000ST133", "road_name": "ถนนแยก ทล.333 (1) (ตำบลหนองขาหย่าง)", "road_no": "0", "aumpher": "อำเภอหนองขาหย่าง", "office": "สาขาเมือง", "branch_code": "61000000", "name_short": "None", "price_new": 250, "price_old": 150, "width_m": 4, "pt_i": 10 }, "geometry": { "type": "Point", "coordinates": [ 99.954122779130302, 15.355623495358889 ] } },
{ "type": "Feature", "properties": { "road_key": "61000000ST133", "road_name": "ถนนแยก ทล.333 (1) (ตำบลหนองขาหย่าง)", "road_no": "0", "aumpher": "อำเภอหนองขาหย่าง", "office": "สาขาเมือง", "branch_code": "61000000", "name_short": "None", "price_new": 250, "price_old": 150, "width_m": 4, "pt_i": 11 }, "geometry": { "type": "Point", "coordinates": [ 99.95388045341133, 15.354572589600675 ] } },
{ "type": "Feature", "properties": { "road_key": "61000000ST133", "road_name": "ถนนแยก ทล.333 (1) (ตำบลหนองขาหย่าง)", "road_no": "0", "aumpher": "อำเภอหนองขาหย่าง", "office": "สาขาเมือง", "branch_code": "61000000", "name_short": "None", "price_new": 250, "price_old": 150, "width_m": 4, "pt_i": 12 }, "geometry": { "type": "Point", "coordinates": [ 99.953830315148352, 15.353489428019003 ] } },
{ "type": "Feature", "properties": { "road_key": "61000000ST133", "road_name": "ถนนแยก ทล.333 (1) (ตำบลหนองขาหย่าง)", "road_no": "0", "aumpher": "อำเภอหนองขาหย่าง", "office": "สาขาเมือง", "branch_code": "61000000", "name_short": "None", "price_new": 250, "price_old": 150, "width_m": 4, "pt_i": 13 }, "geometry": { "type": "Point", "coordinates": [ 99.95372095523355, 15.352414990111033 ] } },
{ "type": "Feature", "properties": { "road_key": "61000000ST142.1", "road_name": "ถนนสายบ้านคูเมือง ช่วงที่ 1", "road_no": "0", "aumpher": "อำเภอหนองขาหย่าง", "office": "สาขาเมือง", "branch_code": "61000000", "name_short": "None", "price_new": 250, "price_old": 150, "width_m": 4, "pt_i": 0 }, "geometry": { "type": "Point", "coordinates": [ 99.926926946969729, 15.317981333313286 ] } },
{ "type": "Feature", "properties": { "road_key": "61000000ST142.1", "road_name": "ถนนสายบ้านคูเมือง ช่วงที่ 1", "road_no": "0", "aumpher": "อำเภอหนองขาหย่าง", "office": "สาขาเมือง", "branch_code": "61000000", "name_short": "None", "price_new": 250, "price_old": 150, "width_m": 4, "pt_i": 1 }, "geometry": { "type": "Point", "coordinates": [ 99.926055616418012, 15.318588090556323 ] } },
{ "type": "Feature", "properties": { "road_key": "61000000ST142.1", "road_name": "ถนนสายบ้านคูเมือง ช่วงที่ 1", "road_no": "0", "aumpher": "อำเภอหนองขาหย่าง", "office": "สาขาเมือง", "branch_code": "61000000", "name_short": "None", "price_new": 250, "price_old": 150, "width_m": 4, "pt_i": 2 }, "geometry": { "type": "Point", "coordinates": [ 99.925002289896838, 15.318554432733801 ] } },
{ "type": "Feature", "properties": { "road_key": "61000000ST142.1", "road_name": "ถนนสายบ้านคูเมือง ช่วงที่ 1", "road_no": "0", "aumpher": "อำเภอหนองขาหย่าง", "office": "สาขาเมือง", "branch_code": "61000000", "name_short": "None", "price_new": 250, "price_old": 150, "width_m": 4, "pt_i": 3 }, "geometry": { "type": "Point", "coordinates": [ 99.92473023714318, 15.319518622164424 ] } },
{ "type": "Feature", "properties": { "road_key": "61000000ST142.1", "road_name": "ถนนสายบ้านคูเมือง ช่วงที่ 1", "road_no": "0", "aumpher": "อำเภอหนองขาหย่าง", "office": "สาขาเมือง", "branch_code": "61000000", "name_short": "None", "price_new": 250, "price_old": 150, "width_m": 4, "pt_i": 4 }, "geometry": { "type": "Point", "coordinates": [ 99.923773584178605, 15.319933466806782 ] } },
{ "type": "Feature", "properties": { "road_key": "61000000ST142.2", "road_name": "ถนนสายบ้านคูเมือง ช่วงที่ 2", "road_no": "0", "aumpher": "อำเภอหนองขาหย่าง", "office": "สาขาเมือง", "branch_code": "61000000", "name_short": "None", "price_new": 250, "price_old": 150, "width_m": 4, "pt_i": 0 }, "geometry": { "type": "Point", "coordinates": [ 99.923157997535753, 15.320067799531515 ] } },
{ "type": "Feature", "properties": { "road_key": "61000000ST142.2", "road_name": "ถนนสายบ้านคูเมือง ช่วงที่ 2", "road_no": "0", "aumpher": "อำเภอหนองขาหย่าง", "office": "สาขาเมือง", "branch_code": "61000000", "name_short": "None", "price_new": 250, "price_old": 150, "width_m": 4, "pt_i": 1 }, "geometry": { "type": "Point", "coordinates": [ 99.923050859570083, 15.31904826581021 ] } },
{ "type": "Feature", "properties": { "road_key": "61000000ST142.2", "road_name": "ถนนสายบ้านคูเมือง ช่วงที่ 2", "road_no": "0", "aumpher": "อำเภอหนองขาหย่าง", "office": "สาขาเมือง", "branch_code": "61000000", "name_short": "None", "price_new": 250, "price_old": 150, "width_m": 4, "pt_i": 2 }, "geometry": { "type": "Point", "coordinates": [ 99.922668624863263, 15.318032851679877 ] } },
{ "type": "Feature", "properties": { "road_key": "61000000ST142.2", "road_name": "ถนนสายบ้านคูเมือง ช่วงที่ 2", "road_no": "0", "aumpher": "อำเภอหนองขาหย่าง", "office": "สาขาเมือง", "branch_code": "61000000", "name_short": "None", "price_new": 250, "price_old": 150, "width_m": 4, "pt_i": 3 }, "geometry": { "type": "Point", "coordinates": [ 99.922010244944431, 15.317163889096246 ] } },
{ "type": "Feature", "properties": { "road_key": "61000000ST142.2", "road_name": "ถนนสายบ้านคูเมือง ช่วงที่ 2", "road_no": "0", "aumpher": "อำเภอหนองขาหย่าง", "office": "สาขาเมือง", "branch_code": "61000000", "name_short": "None", "price_new": 250, "price_old": 150, "width_m": 4, "pt_i": 4 }, "geometry": { "type": "Point", "coordinates": [ 99.921162457113809, 15.316460765803061 ] } },
{ "type": "Feature", "properties": { "road_key": "61000000ST142.2", "road_name": "ถนนสายบ้านคูเมือง ช่วงที่ 2", "road_no": "0", "aumpher": "อำเภอหนองขาหย่าง", "office": "สาขาเมือง", "branch_code": "61000000", "name_short": "None", "price_new": 250, "price_old": 150, "width_m": 4, "pt_i": 5 }, "geometry": { "type": "Point", "coordinates": [ 99.920302133077499, 15.315768338158804 ] } },
{ "type": "Feature", "properties": { "road_key": "61000000ST142.2", "road_name": "ถนนสายบ้านคูเมือง ช่วงที่ 2", "road_no": "0", "aumpher": "อำเภอหนองขาหย่าง", "office": "สาขาเมือง", "branch_code": "61000000", "name_short": "None", "price_new": 250, "price_old": 150, "width_m": 4, "pt_i": 6 }, "geometry": { "type": "Point", "coordinates": [ 99.919215321472223, 15.315574721085062 ] } },
{ "type": "Feature", "properties": { "road_key": "61000000ST142.2", "road_name": "ถนนสายบ้านคูเมือง ช่วงที่ 2", "road_no": "0", "aumpher": "อำเภอหนองขาหย่าง", "office": "สาขาเมือง", "branch_code": "61000000", "name_short": "None", "price_new": 250, "price_old": 150, "width_m": 4, "pt_i": 7 }, "geometry": { "type": "Point", "coordinates": [ 99.918146970978597, 15.315261729048494 ] } },
{ "type": "Feature", "properties": { "road_key": "61000000ST142.2", "road_name": "ถนนสายบ้านคูเมือง ช่วงที่ 2", "road_no": "0", "aumpher": "อำเภอหนองขาหย่าง", "office": "สาขาเมือง", "branch_code": "61000000", "name_short": "None", "price_new": 250, "price_old": 150, "width_m": 4, "pt_i": 8 }, "geometry": { "type": "Point", "coordinates": [ 99.917081029633138, 15.314944627508467 ] } },
{ "type": "Feature", "properties": { "road_key": "61000000ST142.2", "road_name": "ถนนสายบ้านคูเมือง ช่วงที่ 2", "road_no": "0", "aumpher": "อำเภอหนองขาหย่าง", "office": "สาขาเมือง", "branch_code": "61000000", "name_short": "None", "price_new": 250, "price_old": 150, "width_m": 4, "pt_i": 9 }, "geometry": { "type": "Point", "coordinates": [ 99.916003842006162, 15.315163890974377 ] } },
{ "type": "Feature", "properties": { "road_key": "61000000ST142.2", "road_name": "ถนนสายบ้านคูเมือง ช่วงที่ 2", "road_no": "0", "aumpher": "อำเภอหนองขาหย่าง", "office": "สาขาเมือง", "branch_code": "61000000", "name_short": "None", "price_new": 250, "price_old": 150, "width_m": 4, "pt_i": 10 }, "geometry": { "type": "Point", "coordinates": [ 99.914910502237561, 15.31497468977101 ] } },
{ "type": "Feature", "properties": { "road_key": "61000000ST142.2", "road_name": "ถนนสายบ้านคูเมือง ช่วงที่ 2", "road_no": "0", "aumpher": "อำเภอหนองขาหย่าง", "office": "สาขาเมือง", "branch_code": "61000000", "name_short": "None", "price_new": 250, "price_old": 150, "width_m": 4, "pt_i": 11 }, "geometry": { "type": "Point", "coordinates": [ 99.91381933080126, 15.314782597463292 ] } },
{ "type": "Feature", "properties": { "road_key": "61000000ST142.2", "road_name": "ถนนสายบ้านคูเมือง ช่วงที่ 2", "road_no": "0", "aumpher": "อำเภอหนองขาหย่าง", "office": "สาขาเมือง", "branch_code": "61000000", "name_short": "None", "price_new": 250, "price_old": 150, "width_m": 4, "pt_i": 12 }, "geometry": { "type": "Point", "coordinates": [ 99.912705559781628, 15.314705796596797 ] } },
{ "type": "Feature", "properties": { "road_key": "61000000ST142.2", "road_name": "ถนนสายบ้านคูเมือง ช่วงที่ 2", "road_no": "0", "aumpher": "อำเภอหนองขาหย่าง", "office": "สาขาเมือง", "branch_code": "61000000", "name_short": "None", "price_new": 250, "price_old": 150, "width_m": 4, "pt_i": 13 }, "geometry": { "type": "Point", "coordinates": [ 99.911609958493756, 15.314847905743223 ] } },
{ "type": "Feature", "properties": { "road_key": "61000000ST142.2", "road_name": "ถนนสายบ้านคูเมือง ช่วงที่ 2", "road_no": "0", "aumpher": "อำเภอหนองขาหย่าง", "office": "สาขาเมือง", "branch_code": "61000000", "name_short": "None", "price_new": 250, "price_old": 150, "width_m": 4, "pt_i": 14 }, "geometry": { "type": "Point", "coordinates": [ 99.910574060700057, 15.315236652118283 ] } },
{ "type": "Feature", "properties": { "road_key": "61000000ST142.2", "road_name": "ถนนสายบ้านคูเมือง ช่วงที่ 2", "road_no": "0", "aumpher": "อำเภอหนองขาหย่าง", "office": "สาขาเมือง", "branch_code": "61000000", "name_short": "None", "price_new": 250, "price_old": 150, "width_m": 4, "pt_i": 15 }, "geometry": { "type": "Point", "coordinates": [ 99.909463805470551, 15.315361851443814 ] } },
{ "type": "Feature", "properties": { "road_key": "61000000ST142.2", "road_name": "ถนนสายบ้านคูเมือง ช่วงที่ 2", "road_no": "0", "aumpher": "อำเภอหนองขาหย่าง", "office": "สาขาเมือง", "branch_code": "61000000", "name_short": "None", "price_new": 250, "price_old": 150, "width_m": 4, "pt_i": 16 }, "geometry": { "type": "Point", "coordinates": [ 99.908357438826442, 15.315515974017769 ] } },
{ "type": "Feature", "properties": { "road_key": "61000000ST142.2", "road_name": "ถนนสายบ้านคูเมือง ช่วงที่ 2", "road_no": "0", "aumpher": "อำเภอหนองขาหย่าง", "office": "สาขาเมือง", "branch_code": "61000000", "name_short": "None", "price_new": 250, "price_old": 150, "width_m": 4, "pt_i": 17 }, "geometry": { "type": "Point", "coordinates": [ 99.907276921978593, 15.315780974728971 ] } },
{ "type": "Feature", "properties": { "road_key": "61000000ST142.2", "road_name": "ถนนสายบ้านคูเมือง ช่วงที่ 2", "road_no": "0", "aumpher": "อำเภอหนองขาหย่าง", "office": "สาขาเมือง", "branch_code": "61000000", "name_short": "None", "price_new": 250, "price_old": 150, "width_m": 4, "pt_i": 18 }, "geometry": { "type": "Point", "coordinates": [ 99.906171149826164, 15.315934465262485 ] } },
{ "type": "Feature", "properties": { "road_key": "61000000ST142.2", "road_name": "ถนนสายบ้านคูเมือง ช่วงที่ 2", "road_no": "0", "aumpher": "อำเภอหนองขาหย่าง", "office": "สาขาเมือง", "branch_code": "61000000", "name_short": "None", "price_new": 250, "price_old": 150, "width_m": 4, "pt_i": 19 }, "geometry": { "type": "Point", "coordinates": [ 99.905057078133623, 15.315930845426944 ] } },
{ "type": "Feature", "properties": { "road_key": "61000000ST142.2", "road_name": "ถนนสายบ้านคูเมือง ช่วงที่ 2", "road_no": "0", "aumpher": "อำเภอหนองขาหย่าง", "office": "สาขาเมือง", "branch_code": "61000000", "name_short": "None", "price_new": 250, "price_old": 150, "width_m": 4, "pt_i": 20 }, "geometry": { "type": "Point", "coordinates": [ 99.903960675784234, 15.31574920775074 ] } },
{ "type": "Feature", "properties": { "road_key": "61000000ST147", "road_name": "ถนนสายบ้านทุ่งสมอ", "road_no": "0", "aumpher": "อำเภอหนองขาหย่าง", "office": "สาขาเมือง", "branch_code": "61000000", "name_short": "None", "price_new": 250, "price_old": 150, "width_m": 4, "pt_i": 0 }, "geometry": { "type": "Point", "coordinates": [ 99.923319032275614, 15.43178357237948 ] } },
{ "type": "Feature", "properties": { "road_key": "61000000ST147", "road_name": "ถนนสายบ้านทุ่งสมอ", "road_no": "0", "aumpher": "อำเภอหนองขาหย่าง", "office": "สาขาเมือง", "branch_code": "61000000", "name_short": "None", "price_new": 250, "price_old": 150, "width_m": 4, "pt_i": 1 }, "geometry": { "type": "Point", "coordinates": [ 99.924175066893497, 15.431180905235966 ] } },
{ "type": "Feature", "properties": { "road_key": "61000000ST147", "road_name": "ถนนสายบ้านทุ่งสมอ", "road_no": "0", "aumpher": "อำเภอหนองขาหย่าง", "office": "สาขาเมือง", "branch_code": "61000000", "name_short": "None", "price_new": 250, "price_old": 150, "width_m": 4, "pt_i": 0 }, "geometry": { "type": "Point", "coordinates": [ 99.900444853284313, 15.433275491116383 ] } },
{ "type": "Feature", "properties": { "road_key": "61000000ST147", "road_name": "ถนนสายบ้านทุ่งสมอ", "road_no": "0", "aumpher": "อำเภอหนองขาหย่าง", "office": "สาขาเมือง", "branch_code": "61000000", "name_short": "None", "price_new": 250, "price_old": 150, "width_m": 4, "pt_i": 1 }, "geometry": { "type": "Point", "coordinates": [ 99.90155948637377, 15.433362502290064 ] } },
{ "type": "Feature", "properties": { "road_key": "61000000ST147", "road_name": "ถนนสายบ้านทุ่งสมอ", "road_no": "0", "aumpher": "อำเภอหนองขาหย่าง", "office": "สาขาเมือง", "branch_code": "61000000", "name_short": "None", "price_new": 250, "price_old": 150, "width_m": 4, "pt_i": 2 }, "geometry": { "type": "Point", "coordinates": [ 99.902672514383895, 15.433460297764027 ] } },
{ "type": "Feature", "properties": { "road_key": "61000000ST147", "road_name": "ถนนสายบ้านทุ่งสมอ", "road_no": "0", "aumpher": "อำเภอหนองขาหย่าง", "office": "สาขาเมือง", "branch_code": "61000000", "name_short": "None", "price_new": 250, "price_old": 150, "width_m": 4, "pt_i": 3 }, "geometry": { "type": "Point", "coordinates": [ 99.903787469240754, 15.433543492210116 ] } },
{ "type": "Feature", "properties": { "road_key": "61000000ST147", "road_name": "ถนนสายบ้านทุ่งสมอ", "road_no": "0", "aumpher": "อำเภอหนองขาหย่าง", "office": "สาขาเมือง", "branch_code": "61000000", "name_short": "None", "price_new": 250, "price_old": 150, "width_m": 4, "pt_i": 4 }, "geometry": { "type": "Point", "coordinates": [ 99.904898726592037, 15.433650483279793 ] } },
{ "type": "Feature", "properties": { "road_key": "61000000ST147", "road_name": "ถนนสายบ้านทุ่งสมอ", "road_no": "0", "aumpher": "อำเภอหนองขาหย่าง", "office": "สาขาเมือง", "branch_code": "61000000", "name_short": "None", "price_new": 250, "price_old": 150, "width_m": 4, "pt_i": 5 }, "geometry": { "type": "Point", "coordinates": [ 99.905970400201284, 15.433426535543978 ] } },
{ "type": "Feature", "properties": { "road_key": "61000000ST147", "road_name": "ถนนสายบ้านทุ่งสมอ", "road_no": "0", "aumpher": "อำเภอหนองขาหย่าง", "office": "สาขาเมือง", "branch_code": "61000000", "name_short": "None", "price_new": 250, "price_old": 150, "width_m": 4, "pt_i": 6 }, "geometry": { "type": "Point", "coordinates": [ 99.907034681836265, 15.433656623844062 ] } },
{ "type": "Feature", "properties": { "road_key": "61000000ST147", "road_name": "ถนนสายบ้านทุ่งสมอ", "road_no": "0", "aumpher": "อำเภอหนองขาหย่าง", "office": "สาขาเมือง", "branch_code": "61000000", "name_short": "None", "price_new": 250, "price_old": 150, "width_m": 4, "pt_i": 7 }, "geometry": { "type": "Point", "coordinates": [ 99.908132164073692, 15.43351926438967 ] } },
{ "type": "Feature", "properties": { "road_key": "61000000ST147", "road_name": "ถนนสายบ้านทุ่งสมอ", "road_no": "0", "aumpher": "อำเภอหนองขาหย่าง", "office": "สาขาเมือง", "branch_code": "61000000", "name_short": "None", "price_new": 250, "price_old": 150, "width_m": 4, "pt_i": 8 }, "geometry": { "type": "Point", "coordinates": [ 99.909248658209734, 15.433456710194475 ] } },
{ "type": "Feature", "properties": { "road_key": "61000000ST147", "road_name": "ถนนสายบ้านทุ่งสมอ", "road_no": "0", "aumpher": "อำเภอหนองขาหย่าง", "office": "สาขาเมือง", "branch_code": "61000000", "name_short": "None", "price_new": 250, "price_old": 150, "width_m": 4, "pt_i": 9 }, "geometry": { "type": "Point", "coordinates": [ 99.910365293871664, 15.433396752489852 ] } },
{ "type": "Feature", "properties": { "road_key": "61000000ST147", "road_name": "ถนนสายบ้านทุ่งสมอ", "road_no": "0", "aumpher": "อำเภอหนองขาหย่าง", "office": "สาขาเมือง", "branch_code": "61000000", "name_short": "None", "price_new": 250, "price_old": 150, "width_m": 4, "pt_i": 10 }, "geometry": { "type": "Point", "coordinates": [ 99.911482335368902, 15.433344215819396 ] } },
{ "type": "Feature", "properties": { "road_key": "61000000ST147", "road_name": "ถนนสายบ้านทุ่งสมอ", "road_no": "0", "aumpher": "อำเภอหนองขาหย่าง", "office": "สาขาเมือง", "branch_code": "61000000", "name_short": "None", "price_new": 250, "price_old": 150, "width_m": 4, "pt_i": 11 }, "geometry": { "type": "Point", "coordinates": [ 99.912599302629403, 15.433290255724717 ] } },
{ "type": "Feature", "properties": { "road_key": "61000000ST147", "road_name": "ถนนสายบ้านทุ่งสมอ", "road_no": "0", "aumpher": "อำเภอหนองขาหย่าง", "office": "สาขาเมือง", "branch_code": "61000000", "name_short": "None", "price_new": 250, "price_old": 150, "width_m": 4, "pt_i": 12 }, "geometry": { "type": "Point", "coordinates": [ 99.913609371058513, 15.432902974966124 ] } },
{ "type": "Feature", "properties": { "road_key": "61000000ST147", "road_name": "ถนนสายบ้านทุ่งสมอ", "road_no": "0", "aumpher": "อำเภอหนองขาหย่าง", "office": "สาขาเมือง", "branch_code": "61000000", "name_short": "None", "price_new": 250, "price_old": 150, "width_m": 4, "pt_i": 13 }, "geometry": { "type": "Point", "coordinates": [ 99.914628251974591, 15.432485625270985 ] } },
{ "type": "Feature", "properties": { "road_key": "61000000ST147", "road_name": "ถนนสายบ้านทุ่งสมอ", "road_no": "0", "aumpher": "อำเภอหนองขาหย่าง", "office": "สาขาเมือง", "branch_code": "61000000", "name_short": "None", "price_new": 250, "price_old": 150, "width_m": 4, "pt_i": 14 }, "geometry": { "type": "Point", "coordinates": [ 99.915728215809736, 15.432301126051915 ] } },
{ "type": "Feature", "properties": { "road_key": "61000000ST147", "road_name": "ถนนสายบ้านทุ่งสมอ", "road_no": "0", "aumpher": "อำเภอหนองขาหย่าง", "office": "สาขาเมือง", "branch_code": "61000000", "name_short": "None", "price_new": 250, "price_old": 150, "width_m": 4, "pt_i": 15 }, "geometry": { "type": "Point", "coordinates": [ 99.916844372794714, 15.432233281414382 ] } },
{ "type": "Feature", "properties": { "road_key": "61000000ST147", "road_name": "ถนนสายบ้านทุ่งสมอ", "road_no": "0", "aumpher": "อำเภอหนองขาหย่าง", "office": "สาขาเมือง", "branch_code": "61000000", "name_short": "None", "price_new": 250, "price_old": 150, "width_m": 4, "pt_i": 16 }, "geometry": { "type": "Point", "coordinates": [ 99.917960528730262, 15.432165431202428 ] } },
{ "type": "Feature", "properties": { "road_key": "61000000ST147", "road_name": "ถนนสายบ้านทุ่งสมอ", "road_no": "0", "aumpher": "อำเภอหนองขาหย่าง", "office": "สาขาเมือง", "branch_code": "61000000", "name_short": "None", "price_new": 250, "price_old": 150, "width_m": 4, "pt_i": 17 }, "geometry": { "type": "Point", "coordinates": [ 99.919077646707379, 15.432115025560341 ] } },
{ "type": "Feature", "properties": { "road_key": "61000000ST147", "road_name": "ถนนสายบ้านทุ่งสมอ", "road_no": "0", "aumpher": "อำเภอหนองขาหย่าง", "office": "สาขาเมือง", "branch_code": "61000000", "name_short": "None", "price_new": 250, "price_old": 150, "width_m": 4, "pt_i": 18 }, "geometry": { "type": "Point", "coordinates": [ 99.920194475795753, 15.432061278818153 ] } },
{ "type": "Feature", "properties": { "road_key": "61000000ST147", "road_name": "ถนนสายบ้านทุ่งสมอ", "road_no": "0", "aumpher": "อำเภอหนองขาหย่าง", "office": "สาขาเมือง", "branch_code": "61000000", "name_short": "None", "price_new": 250, "price_old": 150, "width_m": 4, "pt_i": 19 }, "geometry": { "type": "Point", "coordinates": [ 99.921307422371569, 15.431954834459519 ] } },
{ "type": "Feature", "properties": { "road_key": "61000000ST147", "road_name": "ถนนสายบ้านทุ่งสมอ", "road_no": "0", "aumpher": "อำเภอหนองขาหย่าง", "office": "สาขาเมือง", "branch_code": "61000000", "name_short": "None", "price_new": 250, "price_old": 150, "width_m": 4, "pt_i": 20 }, "geometry": { "type": "Point", "coordinates": [ 99.922421043919272, 15.431873029894183 ] } },
{ "type": "Feature", "properties": { "road_key": "61000000ST147", "road_name": "ถนนสายบ้านทุ่งสมอ", "road_no": "0", "aumpher": "อำเภอหนองขาหย่าง", "office": "สาขาเมือง", "branch_code": "61000000", "name_short": "None", "price_new": 250, "price_old": 150, "width_m": 4, "pt_i": 0 }, "geometry": { "type": "Point", "coordinates": [ 99.924102006041792, 15.438270368211327 ] } },
{ "type": "Feature", "properties": { "road_key": "61000000ST147", "road_name": "ถนนสายบ้านทุ่งสมอ", "road_no": "0", "aumpher": "อำเภอหนองขาหย่าง", "office": "สาขาเมือง", "branch_code": "61000000", "name_short": "None", "price_new": 250, "price_old": 150, "width_m": 4, "pt_i": 1 }, "geometry": { "type": "Point", "coordinates": [ 99.923868628385009, 15.437209477476744 ] } },
{ "type": "Feature", "properties": { "road_key": "61000000ST147", "road_name": "ถนนสายบ้านทุ่งสมอ", "road_no": "0", "aumpher": "อำเภอหนองขาหย่าง", "office": "สาขาเมือง", "branch_code": "61000000", "name_short": "None", "price_new": 250, "price_old": 150, "width_m": 4, "pt_i": 2 }, "geometry": { "type": "Point", "coordinates": [ 99.923635172896155, 15.436148607954788 ] } },
{ "type": "Feature", "properties": { "road_key": "61000000ST147", "road_name": "ถนนสายบ้านทุ่งสมอ", "road_no": "0", "aumpher": "อำเภอหนองขาหย่าง", "office": "สาขาเมือง", "branch_code": "61000000", "name_short": "None", "price_new": 250, "price_old": 150, "width_m": 4, "pt_i": 3 }, "geometry": { "type": "Point", "coordinates": [ 99.923459462552159, 15.43509117486596 ] } },
{ "type": "Feature", "properties": { "road_key": "61000000ST147", "road_name": "ถนนสายบ้านทุ่งสมอ", "road_no": "0", "aumpher": "อำเภอหนองขาหย่าง", "office": "สาขาเมือง", "branch_code": "61000000", "name_short": "None", "price_new": 250, "price_old": 150, "width_m": 4, "pt_i": 4 }, "geometry": { "type": "Point", "coordinates": [ 99.923496615874214, 15.434010651912411 ] } },
{ "type": "Feature", "properties": { "road_key": "61000000ST147", "road_name": "ถนนสายบ้านทุ่งสมอ", "road_no": "0", "aumpher": "อำเภอหนองขาหย่าง", "office": "สาขาเมือง", "branch_code": "61000000", "name_short": "None", "price_new": 250, "price_old": 150, "width_m": 4, "pt_i": 5 }, "geometry": { "type": "Point", "coordinates": [ 99.923464826974751, 15.432927207496977 ] } },
{ "type": "Feature", "properties": { "road_key": "61000000ST147", "road_name": "ถนนสายบ้านทุ่งสมอ", "road_no": "0", "aumpher": "อำเภอหนองขาหย่าง", "office": "สาขาเมือง", "branch_code": "61000000", "name_short": "None", "price_new": 250, "price_old": 150, "width_m": 4, "pt_i": 6 }, "geometry": { "type": "Point", "coordinates": [ 99.923323699951368, 15.43185147995505 ] } },
{ "type": "Feature", "properties": { "road_key": "61000000ST147", "road_name": "ถนนสายบ้านทุ่งสมอ", "road_no": "0", "aumpher": "อำเภอหนองขาหย่าง", "office": "สาขาเมือง", "branch_code": "61000000", "name_short": "None", "price_new": 250, "price_old": 150, "width_m": 4, "pt_i": 0 }, "geometry": { "type": "Point", "coordinates": [ 99.924102006041792, 15.438270368211327 ] } },
{ "type": "Feature", "properties": { "road_key": "61000000ST147", "road_name": "ถนนสายบ้านทุ่งสมอ", "road_no": "0", "aumpher": "อำเภอหนองขาหย่าง", "office": "สาขาเมือง", "branch_code": "61000000", "name_short": "None", "price_new": 250, "price_old": 150, "width_m": 4, "pt_i": 1 }, "geometry": { "type": "Point", "coordinates": [ 99.925214954309752, 15.438305801091539 ] } },
{ "type": "Feature", "properties": { "road_key": "61000000ST147", "road_name": "ถนนสายบ้านทุ่งสมอ", "road_no": "0", "aumpher": "อำเภอหนองขาหย่าง", "office": "สาขาเมือง", "branch_code": "61000000", "name_short": "None", "price_new": 250, "price_old": 150, "width_m": 4, "pt_i": 0 }, "geometry": { "type": "Point", "coordinates": [ 99.924392235239225, 15.439607810909914 ] } },
{ "type": "Feature", "properties": { "road_key": "61000000ST147", "road_name": "ถนนสายบ้านทุ่งสมอ", "road_no": "0", "aumpher": "อำเภอหนองขาหย่าง", "office": "สาขาเมือง", "branch_code": "61000000", "name_short": "None", "price_new": 250, "price_old": 150, "width_m": 4, "pt_i": 1 }, "geometry": { "type": "Point", "coordinates": [ 99.924161883084622, 15.438546297000729 ] } },
{ "type": "Feature", "properties": { "road_key": "61000000ST148", "road_name": "ถนนสายบ้านทุ่งใหญ่-บ้านหมกแถว", "road_no": "0", "aumpher": "อำเภอหนองขาหย่าง", "office": "สาขาเมือง", "branch_code": "61000000", "name_short": "None", "price_new": 250, "price_old": 150, "width_m": 4, "pt_i": 0 }, "geometry": { "type": "Point", "coordinates": [ 99.975930423440062, 15.364041976824286 ] } },
{ "type": "Feature", "properties": { "road_key": "61000000ST148", "road_name": "ถนนสายบ้านทุ่งใหญ่-บ้านหมกแถว", "road_no": "0", "aumpher": "อำเภอหนองขาหย่าง", "office": "สาขาเมือง", "branch_code": "61000000", "name_short": "None", "price_new": 250, "price_old": 150, "width_m": 4, "pt_i": 1 }, "geometry": { "type": "Point", "coordinates": [ 99.97563118353402, 15.363017807107783 ] } },
{ "type": "Feature", "properties": { "road_key": "61000000ST148", "road_name": "ถนนสายบ้านทุ่งใหญ่-บ้านหมกแถว", "road_no": "0", "aumpher": "อำเภอหนองขาหย่าง", "office": "สาขาเมือง", "branch_code": "61000000", "name_short": "None", "price_new": 250, "price_old": 150, "width_m": 4, "pt_i": 2 }, "geometry": { "type": "Point", "coordinates": [ 99.975671950599832, 15.361935862172338 ] } },
{ "type": "Feature", "properties": { "road_key": "61000000ST148", "road_name": "ถนนสายบ้านทุ่งใหญ่-บ้านหมกแถว", "road_no": "0", "aumpher": "อำเภอหนองขาหย่าง", "office": "สาขาเมือง", "branch_code": "61000000", "name_short": "None", "price_new": 250, "price_old": 150, "width_m": 4, "pt_i": 3 }, "geometry": { "type": "Point", "coordinates": [ 99.975844799723319, 15.360866274780136 ] } },
{ "type": "Feature", "properties": { "road_key": "61000000ST148", "road_name": "ถนนสายบ้านทุ่งใหญ่-บ้านหมกแถว", "road_no": "0", "aumpher": "อำเภอหนองขาหย่าง", "office": "สาขาเมือง", "branch_code": "61000000", "name_short": "None", "price_new": 250, "price_old": 150, "width_m": 4, "pt_i": 4 }, "geometry": { "type": "Point", "coordinates": [ 99.975807955154991, 15.359807329657027 ] } },
{ "type": "Feature", "properties": { "road_key": "61000000ST148", "road_name": "ถนนสายบ้านทุ่งใหญ่-บ้านหมกแถว", "road_no": "0", "aumpher": "อำเภอหนองขาหย่าง", "office": "สาขาเมือง", "branch_code": "61000000", "name_short": "None", "price_new": 250, "price_old": 150, "width_m": 4, "pt_i": 5 }, "geometry": { "type": "Point", "coordinates": [ 99.975536979070725, 15.358755262558001 ] } },
{ "type": "Feature", "properties": { "road_key": "61000000ST148", "road_name": "ถนนสายบ้านทุ่งใหญ่-บ้านหมกแถว", "road_no": "0", "aumpher": "อำเภอหนองขาหย่าง", "office": "สาขาเมือง", "branch_code": "61000000", "name_short": "None", "price_new": 250, "price_old": 150, "width_m": 4, "pt_i": 6 }, "geometry": { "type": "Point", "coordinates": [ 99.975204224017574, 15.357720175304307 ] } },
{ "type": "Feature", "properties": { "road_key": "61000000ST148", "road_name": "ถนนสายบ้านทุ่งใหญ่-บ้านหมกแถว", "road_no": "0", "aumpher": "อำเภอหนองขาหย่าง", "office": "สาขาเมือง", "branch_code": "61000000", "name_short": "None", "price_new": 250, "price_old": 150, "width_m": 4, "pt_i": 7 }, "geometry": { "type": "Point", "coordinates": [ 99.974944171672448, 15.356668942989822 ] } },
{ "type": "Feature", "properties": { "road_key": "61000000ST148", "road_name": "ถนนสายบ้านทุ่งใหญ่-บ้านหมกแถว", "road_no": "0", "aumpher": "อำเภอหนองขาหย่าง", "office": "สาขาเมือง", "branch_code": "61000000", "name_short": "None", "price_new": 250, "price_old": 150, "width_m": 4, "pt_i": 8 }, "geometry": { "type": "Point", "coordinates": [ 99.974812570789069, 15.355592436273367 ] } },
{ "type": "Feature", "properties": { "road_key": "61000000ST148", "road_name": "ถนนสายบ้านทุ่งใหญ่-บ้านหมกแถว", "road_no": "0", "aumpher": "อำเภอหนองขาหย่าง", "office": "สาขาเมือง", "branch_code": "61000000", "name_short": "None", "price_new": 250, "price_old": 150, "width_m": 4, "pt_i": 9 }, "geometry": { "type": "Point", "coordinates": [ 99.974344986931385, 15.354734981990603 ] } },
{ "type": "Feature", "properties": { "road_key": "61000000ST148", "road_name": "ถนนสายบ้านทุ่งใหญ่-บ้านหมกแถว", "road_no": "0", "aumpher": "อำเภอหนองขาหย่าง", "office": "สาขาเมือง", "branch_code": "61000000", "name_short": "None", "price_new": 250, "price_old": 150, "width_m": 4, "pt_i": 10 }, "geometry": { "type": "Point", "coordinates": [ 99.973723897249442, 15.353921014049083 ] } },
{ "type": "Feature", "properties": { "road_key": "61000000ST148", "road_name": "ถนนสายบ้านทุ่งใหญ่-บ้านหมกแถว", "road_no": "0", "aumpher": "อำเภอหนองขาหย่าง", "office": "สาขาเมือง", "branch_code": "61000000", "name_short": "None", "price_new": 250, "price_old": 150, "width_m": 4, "pt_i": 11 }, "geometry": { "type": "Point", "coordinates": [ 99.973751028348786, 15.352849251484413 ] } },
{ "type": "Feature", "properties": { "road_key": "61000000ST148", "road_name": "ถนนสายบ้านทุ่งใหญ่-บ้านหมกแถว", "road_no": "0", "aumpher": "อำเภอหนองขาหย่าง", "office": "สาขาเมือง", "branch_code": "61000000", "name_short": "None", "price_new": 250, "price_old": 150, "width_m": 4, "pt_i": 12 }, "geometry": { "type": "Point", "coordinates": [ 99.973702351833182, 15.351791314813196 ] } },
{ "type": "Feature", "properties": { "road_key": "61000000ST148", "road_name": "ถนนสายบ้านทุ่งใหญ่-บ้านหมกแถว", "road_no": "0", "aumpher": "อำเภอหนองขาหย่าง", "office": "สาขาเมือง", "branch_code": "61000000", "name_short": "None", "price_new": 250, "price_old": 150, "width_m": 4, "pt_i": 13 }, "geometry": { "type": "Point", "coordinates": [ 99.973348710338371, 15.350762325364341 ] } },
{ "type": "Feature", "properties": { "road_key": "61000000ST148", "road_name": "ถนนสายบ้านทุ่งใหญ่-บ้านหมกแถว", "road_no": "0", "aumpher": "อำเภอหนองขาหย่าง", "office": "สาขาเมือง", "branch_code": "61000000", "name_short": "None", "price_new": 250, "price_old": 150, "width_m": 4, "pt_i": 14 }, "geometry": { "type": "Point", "coordinates": [ 99.973276621894144, 15.349694444841205 ] } },
{ "type": "Feature", "properties": { "road_key": "61000000ST148", "road_name": "ถนนสายบ้านทุ่งใหญ่-บ้านหมกแถว", "road_no": "0", "aumpher": "อำเภอหนองขาหย่าง", "office": "สาขาเมือง", "branch_code": "61000000", "name_short": "None", "price_new": 250, "price_old": 150, "width_m": 4, "pt_i": 15 }, "geometry": { "type": "Point", "coordinates": [ 99.973650347957772, 15.348730053077869 ] } },
{ "type": "Feature", "properties": { "road_key": "61000000ST148", "road_name": "ถนนสายบ้านทุ่งใหญ่-บ้านหมกแถว", "road_no": "0", "aumpher": "อำเภอหนองขาหย่าง", "office": "สาขาเมือง", "branch_code": "61000000", "name_short": "None", "price_new": 250, "price_old": 150, "width_m": 4, "pt_i": 16 }, "geometry": { "type": "Point", "coordinates": [ 99.973644150561469, 15.347664115061791 ] } },
{ "type": "Feature", "properties": { "road_key": "61000000ST148", "road_name": "ถนนสายบ้านทุ่งใหญ่-บ้านหมกแถว", "road_no": "0", "aumpher": "อำเภอหนองขาหย่าง", "office": "สาขาเมือง", "branch_code": "61000000", "name_short": "None", "price_new": 250, "price_old": 150, "width_m": 4, "pt_i": 17 }, "geometry": { "type": "Point", "coordinates": [ 99.974108764722672, 15.346701749544382 ] } },
{ "type": "Feature", "properties": { "road_key": "61000000ST148", "road_name": "ถนนสายบ้านทุ่งใหญ่-บ้านหมกแถว", "road_no": "0", "aumpher": "อำเภอหนองขาหย่าง", "office": "สาขาเมือง", "branch_code": "61000000", "name_short": "None", "price_new": 250, "price_old": 150, "width_m": 4, "pt_i": 18 }, "geometry": { "type": "Point", "coordinates": [ 99.975063548642055, 15.346140128110434 ] } },
{ "type": "Feature", "properties": { "road_key": "61000000ST148", "road_name": "ถนนสายบ้านทุ่งใหญ่-บ้านหมกแถว", "road_no": "0", "aumpher": "อำเภอหนองขาหย่าง", "office": "สาขาเมือง", "branch_code": "61000000", "name_short": "None", "price_new": 250, "price_old": 150, "width_m": 4, "pt_i": 19 }, "geometry": { "type": "Point", "coordinates": [ 99.976044001901002, 15.345619404386079 ] } },
{ "type": "Feature", "properties": { "road_key": "61000000ST148", "road_name": "ถนนสายบ้านทุ่งใหญ่-บ้านหมกแถว", "road_no": "0", "aumpher": "อำเภอหนองขาหย่าง", "office": "สาขาเมือง", "branch_code": "61000000", "name_short": "None", "price_new": 250, "price_old": 150, "width_m": 4, "pt_i": 20 }, "geometry": { "type": "Point", "coordinates": [ 99.977093758423777, 15.345250178816766 ] } },
{ "type": "Feature", "properties": { "road_key": "61000000ST148", "road_name": "ถนนสายบ้านทุ่งใหญ่-บ้านหมกแถว", "road_no": "0", "aumpher": "อำเภอหนองขาหย่าง", "office": "สาขาเมือง", "branch_code": "61000000", "name_short": "None", "price_new": 250, "price_old": 150, "width_m": 4, "pt_i": 21 }, "geometry": { "type": "Point", "coordinates": [ 99.978194554628686, 15.345205977236798 ] } },
{ "type": "Feature", "properties": { "road_key": "61000000ST148", "road_name": "ถนนสายบ้านทุ่งใหญ่-บ้านหมกแถว", "road_no": "0", "aumpher": "อำเภอหนองขาหย่าง", "office": "สาขาเมือง", "branch_code": "61000000", "name_short": "None", "price_new": 250, "price_old": 150, "width_m": 4, "pt_i": 22 }, "geometry": { "type": "Point", "coordinates": [ 99.979293916628706, 15.345391219932134 ] } },
{ "type": "Feature", "properties": { "road_key": "61000000ST148", "road_name": "ถนนสายบ้านทุ่งใหญ่-บ้านหมกแถว", "road_no": "0", "aumpher": "อำเภอหนองขาหย่าง", "office": "สาขาเมือง", "branch_code": "61000000", "name_short": "None", "price_new": 250, "price_old": 150, "width_m": 4, "pt_i": 23 }, "geometry": { "type": "Point", "coordinates": [ 99.980236943352367, 15.34485089387932 ] } },
{ "type": "Feature", "properties": { "road_key": "61000000ST148", "road_name": "ถนนสายบ้านทุ่งใหญ่-บ้านหมกแถว", "road_no": "0", "aumpher": "อำเภอหนองขาหย่าง", "office": "สาขาเมือง", "branch_code": "61000000", "name_short": "None", "price_new": 250, "price_old": 150, "width_m": 4, "pt_i": 24 }, "geometry": { "type": "Point", "coordinates": [ 99.981269515443671, 15.34466133439167 ] } },
{ "type": "Feature", "properties": { "road_key": "61000000ST148", "road_name": "ถนนสายบ้านทุ่งใหญ่-บ้านหมกแถว", "road_no": "0", "aumpher": "อำเภอหนองขาหย่าง", "office": "สาขาเมือง", "branch_code": "61000000", "name_short": "None", "price_new": 250, "price_old": 150, "width_m": 4, "pt_i": 25 }, "geometry": { "type": "Point", "coordinates": [ 99.982218569627435, 15.34522959146209 ] } },
{ "type": "Feature", "properties": { "road_key": "61000000ST148", "road_name": "ถนนสายบ้านทุ่งใหญ่-บ้านหมกแถว", "road_no": "0", "aumpher": "อำเภอหนองขาหย่าง", "office": "สาขาเมือง", "branch_code": "61000000", "name_short": "None", "price_new": 250, "price_old": 150, "width_m": 4, "pt_i": 26 }, "geometry": { "type": "Point", "coordinates": [ 99.983133752609263, 15.345850164233404 ] } },
{ "type": "Feature", "properties": { "road_key": "61000000ST148", "road_name": "ถนนสายบ้านทุ่งใหญ่-บ้านหมกแถว", "road_no": "0", "aumpher": "อำเภอหนองขาหย่าง", "office": "สาขาเมือง", "branch_code": "61000000", "name_short": "None", "price_new": 250, "price_old": 150, "width_m": 4, "pt_i": 27 }, "geometry": { "type": "Point", "coordinates": [ 99.9841469044853, 15.346249025608097 ] } },
{ "type": "Feature", "properties": { "road_key": "61000000ST148", "road_name": "ถนนสายบ้านทุ่งใหญ่-บ้านหมกแถว", "road_no": "0", "aumpher": "อำเภอหนองขาหย่าง", "office": "สาขาเมือง", "branch_code": "61000000", "name_short": "None", "price_new": 250, "price_old": 150, "width_m": 4, "pt_i": 28 }, "geometry": { "type": "Point", "coordinates": [ 99.985251307668904, 15.346200537279342 ] } },
{ "type": "Feature", "properties": { "road_key": "61000000ST148", "road_name": "ถนนสายบ้านทุ่งใหญ่-บ้านหมกแถว", "road_no": "0", "aumpher": "อำเภอหนองขาหย่าง", "office": "สาขาเมือง", "branch_code": "61000000", "name_short": "None", "price_new": 250, "price_old": 150, "width_m": 4, "pt_i": 29 }, "geometry": { "type": "Point", "coordinates": [ 99.98634355467361, 15.34597581199222 ] } },
{ "type": "Feature", "properties": { "road_key": "61000000ST153", "road_name": "ถนนสายบ้านวังห้วยอ้อม", "road_no": "0", "aumpher": "อำเภอหนองขาหย่าง", "office": "สาขาเมือง", "branch_code": "61000000", "name_short": "None", "price_new": 250, "price_old": 150, "width_m": 4, "pt_i": 0 }, "geometry": { "type": "Point", "coordinates": [ 99.951140804014614, 15.323120807522532 ] } },
{ "type": "Feature", "properties": { "road_key": "61000000ST153", "road_name": "ถนนสายบ้านวังห้วยอ้อม", "road_no": "0", "aumpher": "อำเภอหนองขาหย่าง", "office": "สาขาเมือง", "branch_code": "61000000", "name_short": "None", "price_new": 250, "price_old": 150, "width_m": 4, "pt_i": 1 }, "geometry": { "type": "Point", "coordinates": [ 99.950100787667296, 15.323517807508384 ] } },
{ "type": "Feature", "properties": { "road_key": "61000000ST153", "road_name": "ถนนสายบ้านวังห้วยอ้อม", "road_no": "0", "aumpher": "อำเภอหนองขาหย่าง", "office": "สาขาเมือง", "branch_code": "61000000", "name_short": "None", "price_new": 250, "price_old": 150, "width_m": 4, "pt_i": 2 }, "geometry": { "type": "Point", "coordinates": [ 99.949086684567206, 15.323972028687303 ] } },
{ "type": "Feature", "properties": { "road_key": "61000000ST153", "road_name": "ถนนสายบ้านวังห้วยอ้อม", "road_no": "0", "aumpher": "อำเภอหนองขาหย่าง", "office": "สาขาเมือง", "branch_code": "61000000", "name_short": "None", "price_new": 250, "price_old": 150, "width_m": 4, "pt_i": 3 }, "geometry": { "type": "Point", "coordinates": [ 99.94804132576887, 15.324336824411391 ] } },
{ "type": "Feature", "properties": { "road_key": "61000000ST153", "road_name": "ถนนสายบ้านวังห้วยอ้อม", "road_no": "0", "aumpher": "อำเภอหนองขาหย่าง", "office": "สาขาเมือง", "branch_code": "61000000", "name_short": "None", "price_new": 250, "price_old": 150, "width_m": 4, "pt_i": 4 }, "geometry": { "type": "Point", "coordinates": [ 99.946956624695261, 15.324569952473944 ] } },
{ "type": "Feature", "properties": { "road_key": "61000000ST153", "road_name": "ถนนสายบ้านวังห้วยอ้อม", "road_no": "0", "aumpher": "อำเภอหนองขาหย่าง", "office": "สาขาเมือง", "branch_code": "61000000", "name_short": "None", "price_new": 250, "price_old": 150, "width_m": 4, "pt_i": 5 }, "geometry": { "type": "Point", "coordinates": [ 99.945857223634405, 15.324711558689417 ] } },
{ "type": "Feature", "properties": { "road_key": "61000000ST153", "road_name": "ถนนสายบ้านวังห้วยอ้อม", "road_no": "0", "aumpher": "อำเภอหนองขาหย่าง", "office": "สาขาเมือง", "branch_code": "61000000", "name_short": "None", "price_new": 250, "price_old": 150, "width_m": 4, "pt_i": 6 }, "geometry": { "type": "Point", "coordinates": [ 99.944754586580885, 15.324807657163243 ] } },
{ "type": "Feature", "properties": { "road_key": "61000000ST153", "road_name": "ถนนสายบ้านวังห้วยอ้อม", "road_no": "0", "aumpher": "อำเภอหนองขาหย่าง", "office": "สาขาเมือง", "branch_code": "61000000", "name_short": "None", "price_new": 250, "price_old": 150, "width_m": 4, "pt_i": 7 }, "geometry": { "type": "Point", "coordinates": [ 99.943641223371316, 15.324835190951481 ] } },
{ "type": "Feature", "properties": { "road_key": "61000000ST153", "road_name": "ถนนสายบ้านวังห้วยอ้อม", "road_no": "0", "aumpher": "อำเภอหนองขาหย่าง", "office": "สาขาเมือง", "branch_code": "61000000", "name_short": "None", "price_new": 250, "price_old": 150, "width_m": 4, "pt_i": 8 }, "geometry": { "type": "Point", "coordinates": [ 99.942552593348893, 15.32460579332829 ] } },
{ "type": "Feature", "properties": { "road_key": "61000000ST153", "road_name": "ถนนสายบ้านวังห้วยอ้อม", "road_no": "0", "aumpher": "อำเภอหนองขาหย่าง", "office": "สาขาเมือง", "branch_code": "61000000", "name_short": "None", "price_new": 250, "price_old": 150, "width_m": 4, "pt_i": 9 }, "geometry": { "type": "Point", "coordinates": [ 99.941541271093826, 15.324147407004142 ] } },
{ "type": "Feature", "properties": { "road_key": "61000000ST153", "road_name": "ถนนสายบ้านวังห้วยอ้อม", "road_no": "0", "aumpher": "อำเภอหนองขาหย่าง", "office": "สาขาเมือง", "branch_code": "61000000", "name_short": "None", "price_new": 250, "price_old": 150, "width_m": 4, "pt_i": 10 }, "geometry": { "type": "Point", "coordinates": [ 99.94069422273607, 15.324784033393531 ] } },
{ "type": "Feature", "properties": { "road_key": "61000000ST153", "road_name": "ถนนสายบ้านวังห้วยอ้อม", "road_no": "0", "aumpher": "อำเภอหนองขาหย่าง", "office": "สาขาเมือง", "branch_code": "61000000", "name_short": "None", "price_new": 250, "price_old": 150, "width_m": 4, "pt_i": 11 }, "geometry": { "type": "Point", "coordinates": [ 99.939929095965866, 15.32557483824969 ] } },
{ "type": "Feature", "properties": { "road_key": "61000000ST153", "road_name": "ถนนสายบ้านวังห้วยอ้อม", "road_no": "0", "aumpher": "อำเภอหนองขาหย่าง", "office": "สาขาเมือง", "branch_code": "61000000", "name_short": "None", "price_new": 250, "price_old": 150, "width_m": 4, "pt_i": 12 }, "geometry": { "type": "Point", "coordinates": [ 99.939163963463173, 15.326365640753529 ] } },
{ "type": "Feature", "properties": { "road_key": "61000000ST153", "road_name": "ถนนสายบ้านวังห้วยอ้อม", "road_no": "0", "aumpher": "อำเภอหนองขาหย่าง", "office": "สาขาเมือง", "branch_code": "61000000", "name_short": "None", "price_new": 250, "price_old": 150, "width_m": 4, "pt_i": 13 }, "geometry": { "type": "Point", "coordinates": [ 99.938331481194041, 15.327058192042369 ] } },
{ "type": "Feature", "properties": { "road_key": "61000000ST153", "road_name": "ถนนสายบ้านวังห้วยอ้อม", "road_no": "0", "aumpher": "อำเภอหนองขาหย่าง", "office": "สาขาเมือง", "branch_code": "61000000", "name_short": "None", "price_new": 250, "price_old": 150, "width_m": 4, "pt_i": 14 }, "geometry": { "type": "Point", "coordinates": [ 99.937243877206598, 15.326934825071595 ] } },
{ "type": "Feature", "properties": { "road_key": "61000000ST153", "road_name": "ถนนสายบ้านวังห้วยอ้อม", "road_no": "0", "aumpher": "อำเภอหนองขาหย่าง", "office": "สาขาเมือง", "branch_code": "61000000", "name_short": "None", "price_new": 250, "price_old": 150, "width_m": 4, "pt_i": 15 }, "geometry": { "type": "Point", "coordinates": [ 99.936213088519523, 15.326546321567319 ] } },
{ "type": "Feature", "properties": { "road_key": "61000000ST153", "road_name": "ถนนสายบ้านวังห้วยอ้อม", "road_no": "0", "aumpher": "อำเภอหนองขาหย่าง", "office": "สาขาเมือง", "branch_code": "61000000", "name_short": "None", "price_new": 250, "price_old": 150, "width_m": 4, "pt_i": 16 }, "geometry": { "type": "Point", "coordinates": [ 99.935112152367893, 15.326711059474363 ] } },
{ "type": "Feature", "properties": { "road_key": "61000000ST153", "road_name": "ถนนสายบ้านวังห้วยอ้อม", "road_no": "0", "aumpher": "อำเภอหนองขาหย่าง", "office": "สาขาเมือง", "branch_code": "61000000", "name_short": "None", "price_new": 250, "price_old": 150, "width_m": 4, "pt_i": 17 }, "geometry": { "type": "Point", "coordinates": [ 99.934011093424246, 15.326666278663902 ] } },
{ "type": "Feature", "properties": { "road_key": "61000000ST153", "road_name": "ถนนสายบ้านวังห้วยอ้อม", "road_no": "0", "aumpher": "อำเภอหนองขาหย่าง", "office": "สาขาเมือง", "branch_code": "61000000", "name_short": "None", "price_new": 250, "price_old": 150, "width_m": 4, "pt_i": 18 }, "geometry": { "type": "Point", "coordinates": [ 99.93325110523071, 15.325960844430821 ] } },
{ "type": "Feature", "properties": { "road_key": "61000000ST153", "road_name": "ถนนสายบ้านวังห้วยอ้อม", "road_no": "0", "aumpher": "อำเภอหนองขาหย่าง", "office": "สาขาเมือง", "branch_code": "61000000", "name_short": "None", "price_new": 250, "price_old": 150, "width_m": 4, "pt_i": 19 }, "geometry": { "type": "Point", "coordinates": [ 99.932216391798733, 15.326072461289073 ] } },
{ "type": "Feature", "properties": { "road_key": "61000000ST153", "road_name": "ถนนสายบ้านวังห้วยอ้อม", "road_no": "0", "aumpher": "อำเภอหนองขาหย่าง", "office": "สาขาเมือง", "branch_code": "61000000", "name_short": "None", "price_new": 250, "price_old": 150, "width_m": 4, "pt_i": 20 }, "geometry": { "type": "Point", "coordinates": [ 99.931132368704112, 15.326266768952792 ] } },
{ "type": "Feature", "properties": { "road_key": "61000000ST158", "road_name": "ถนนสายบ้านหนองกระเบื้อง-บ้านหมกแถว", "road_no": "0", "aumpher": "อำเภอหนองขาหย่าง", "office": "สาขาเมือง", "branch_code": "61000000", "name_short": "None", "price_new": 350, "price_old": 150, "width_m": 4, "pt_i": 0 }, "geometry": { "type": "Point", "coordinates": [ 99.933223691371495, 15.350914770357216 ] } },
{ "type": "Feature", "properties": { "road_key": "61000000ST158", "road_name": "ถนนสายบ้านหนองกระเบื้อง-บ้านหมกแถว", "road_no": "0", "aumpher": "อำเภอหนองขาหย่าง", "office": "สาขาเมือง", "branch_code": "61000000", "name_short": "None", "price_new": 350, "price_old": 150, "width_m": 4, "pt_i": 1 }, "geometry": { "type": "Point", "coordinates": [ 99.934244208606032, 15.351336240214454 ] } },
{ "type": "Feature", "properties": { "road_key": "61000000ST158", "road_name": "ถนนสายบ้านหนองกระเบื้อง-บ้านหมกแถว", "road_no": "0", "aumpher": "อำเภอหนองขาหย่าง", "office": "สาขาเมือง", "branch_code": "61000000", "name_short": "None", "price_new": 350, "price_old": 150, "width_m": 4, "pt_i": 2 }, "geometry": { "type": "Point", "coordinates": [ 99.935343823622532, 15.351212912556074 ] } },
{ "type": "Feature", "properties": { "road_key": "61000000ST158", "road_name": "ถนนสายบ้านหนองกระเบื้อง-บ้านหมกแถว", "road_no": "0", "aumpher": "อำเภอหนองขาหย่าง", "office": "สาขาเมือง", "branch_code": "61000000", "name_short": "None", "price_new": 350, "price_old": 150, "width_m": 4, "pt_i": 3 }, "geometry": { "type": "Point", "coordinates": [ 99.936384375297934, 15.350854138330225 ] } },
{ "type": "Feature", "properties": { "road_key": "61000000ST158", "road_name": "ถนนสายบ้านหนองกระเบื้อง-บ้านหมกแถว", "road_no": "0", "aumpher": "อำเภอหนองขาหย่าง", "office": "สาขาเมือง", "branch_code": "61000000", "name_short": "None", "price_new": 350, "price_old": 150, "width_m": 4, "pt_i": 4 }, "geometry": { "type": "Point", "coordinates": [ 99.937409780212661, 15.350485808607262 ] } },
{ "type": "Feature", "properties": { "road_key": "61000000ST158", "road_name": "ถนนสายบ้านหนองกระเบื้อง-บ้านหมกแถว", "road_no": "0", "aumpher": "อำเภอหนองขาหย่าง", "office": "สาขาเมือง", "branch_code": "61000000", "name_short": "None", "price_new": 350, "price_old": 150, "width_m": 4, "pt_i": 5 }, "geometry": { "type": "Point", "coordinates": [ 99.938490150005862, 15.350734414457865 ] } },
{ "type": "Feature", "properties": { "road_key": "61000000ST158", "road_name": "ถนนสายบ้านหนองกระเบื้อง-บ้านหมกแถว", "road_no": "0", "aumpher": "อำเภอหนองขาหย่าง", "office": "สาขาเมือง", "branch_code": "61000000", "name_short": "None", "price_new": 350, "price_old": 150, "width_m": 4, "pt_i": 6 }, "geometry": { "type": "Point", "coordinates": [ 99.939559893202826, 15.351049389570319 ] } },
{ "type": "Feature", "properties": { "road_key": "61000000ST158", "road_name": "ถนนสายบ้านหนองกระเบื้อง-บ้านหมกแถว", "road_no": "0", "aumpher": "อำเภอหนองขาหย่าง", "office": "สาขาเมือง", "branch_code": "61000000", "name_short": "None", "price_new": 350, "price_old": 150, "width_m": 4, "pt_i": 7 }, "geometry": { "type": "Point", "coordinates": [ 99.940518849984286, 15.351606230283705 ] } },
{ "type": "Feature", "properties": { "road_key": "61000000ST158", "road_name": "ถนนสายบ้านหนองกระเบื้อง-บ้านหมกแถว", "road_no": "0", "aumpher": "อำเภอหนองขาหย่าง", "office": "สาขาเมือง", "branch_code": "61000000", "name_short": "None", "price_new": 350, "price_old": 150, "width_m": 4, "pt_i": 8 }, "geometry": { "type": "Point", "coordinates": [ 99.941319030278933, 15.352287673093061 ] } },
{ "type": "Feature", "properties": { "road_key": "61000000ST158", "road_name": "ถนนสายบ้านหนองกระเบื้อง-บ้านหมกแถว", "road_no": "0", "aumpher": "อำเภอหนองขาหย่าง", "office": "สาขาเมือง", "branch_code": "61000000", "name_short": "None", "price_new": 350, "price_old": 150, "width_m": 4, "pt_i": 9 }, "geometry": { "type": "Point", "coordinates": [ 99.942402063099209, 15.352393624717084 ] } },
{ "type": "Feature", "properties": { "road_key": "61000000ST158", "road_name": "ถนนสายบ้านหนองกระเบื้อง-บ้านหมกแถว", "road_no": "0", "aumpher": "อำเภอหนองขาหย่าง", "office": "สาขาเมือง", "branch_code": "61000000", "name_short": "None", "price_new": 350, "price_old": 150, "width_m": 4, "pt_i": 10 }, "geometry": { "type": "Point", "coordinates": [ 99.943481003165218, 15.352190676760332 ] } },
{ "type": "Feature", "properties": { "road_key": "61000000ST158", "road_name": "ถนนสายบ้านหนองกระเบื้อง-บ้านหมกแถว", "road_no": "0", "aumpher": "อำเภอหนองขาหย่าง", "office": "สาขาเมือง", "branch_code": "61000000", "name_short": "None", "price_new": 350, "price_old": 150, "width_m": 4, "pt_i": 11 }, "geometry": { "type": "Point", "coordinates": [ 99.944242531948802, 15.351402109966898 ] } },
{ "type": "Feature", "properties": { "road_key": "61000000ST158", "road_name": "ถนนสายบ้านหนองกระเบื้อง-บ้านหมกแถว", "road_no": "0", "aumpher": "อำเภอหนองขาหย่าง", "office": "สาขาเมือง", "branch_code": "61000000", "name_short": "None", "price_new": 350, "price_old": 150, "width_m": 4, "pt_i": 12 }, "geometry": { "type": "Point", "coordinates": [ 99.945299504512562, 15.351387374260783 ] } },
{ "type": "Feature", "properties": { "road_key": "61000000ST158", "road_name": "ถนนสายบ้านหนองกระเบื้อง-บ้านหมกแถว", "road_no": "0", "aumpher": "อำเภอหนองขาหย่าง", "office": "สาขาเมือง", "branch_code": "61000000", "name_short": "None", "price_new": 350, "price_old": 150, "width_m": 4, "pt_i": 13 }, "geometry": { "type": "Point", "coordinates": [ 99.94639228159248, 15.351611387984974 ] } },
{ "type": "Feature", "properties": { "road_key": "61000000ST158", "road_name": "ถนนสายบ้านหนองกระเบื้อง-บ้านหมกแถว", "road_no": "0", "aumpher": "อำเภอหนองขาหย่าง", "office": "สาขาเมือง", "branch_code": "61000000", "name_short": "None", "price_new": 350, "price_old": 150, "width_m": 4, "pt_i": 14 }, "geometry": { "type": "Point", "coordinates": [ 99.94750203303758, 15.351727760168044 ] } },
{ "type": "Feature", "properties": { "road_key": "61000000ST158", "road_name": "ถนนสายบ้านหนองกระเบื้อง-บ้านหมกแถว", "road_no": "0", "aumpher": "อำเภอหนองขาหย่าง", "office": "สาขาเมือง", "branch_code": "61000000", "name_short": "None", "price_new": 350, "price_old": 150, "width_m": 4, "pt_i": 15 }, "geometry": { "type": "Point", "coordinates": [ 99.948610374386419, 15.351869366483575 ] } },
{ "type": "Feature", "properties": { "road_key": "61000000ST158", "road_name": "ถนนสายบ้านหนองกระเบื้อง-บ้านหมกแถว", "road_no": "0", "aumpher": "อำเภอหนองขาหย่าง", "office": "สาขาเมือง", "branch_code": "61000000", "name_short": "None", "price_new": 350, "price_old": 150, "width_m": 4, "pt_i": 16 }, "geometry": { "type": "Point", "coordinates": [ 99.949720500808169, 15.351997030129853 ] } },
{ "type": "Feature", "properties": { "road_key": "61000000ST158", "road_name": "ถนนสายบ้านหนองกระเบื้อง-บ้านหมกแถว", "road_no": "0", "aumpher": "อำเภอหนองขาหย่าง", "office": "สาขาเมือง", "branch_code": "61000000", "name_short": "None", "price_new": 350, "price_old": 150, "width_m": 4, "pt_i": 17 }, "geometry": { "type": "Point", "coordinates": [ 99.950836372042048, 15.352050007995215 ] } },
{ "type": "Feature", "properties": { "road_key": "61000000ST158", "road_name": "ถนนสายบ้านหนองกระเบื้อง-บ้านหมกแถว", "road_no": "0", "aumpher": "อำเภอหนองขาหย่าง", "office": "สาขาเมือง", "branch_code": "61000000", "name_short": "None", "price_new": 350, "price_old": 150, "width_m": 4, "pt_i": 18 }, "geometry": { "type": "Point", "coordinates": [ 99.951952883537601, 15.352035862970499 ] } },
{ "type": "Feature", "properties": { "road_key": "61000000ST158", "road_name": "ถนนสายบ้านหนองกระเบื้อง-บ้านหมกแถว", "road_no": "0", "aumpher": "อำเภอหนองขาหย่าง", "office": "สาขาเมือง", "branch_code": "61000000", "name_short": "None", "price_new": 350, "price_old": 150, "width_m": 4, "pt_i": 19 }, "geometry": { "type": "Point", "coordinates": [ 99.953032279589237, 15.35229565869081 ] } },
{ "type": "Feature", "properties": { "road_key": "61000000ST158", "road_name": "ถนนสายบ้านหนองกระเบื้อง-บ้านหมกแถว", "road_no": "0", "aumpher": "อำเภอหนองขาหย่าง", "office": "สาขาเมือง", "branch_code": "61000000", "name_short": "None", "price_new": 350, "price_old": 150, "width_m": 4, "pt_i": 20 }, "geometry": { "type": "Point", "coordinates": [ 99.954089105084492, 15.352072832081285 ] } },
{ "type": "Feature", "properties": { "road_key": "61000000ST158", "road_name": "ถนนสายบ้านหนองกระเบื้อง-บ้านหมกแถว", "road_no": "0", "aumpher": "อำเภอหนองขาหย่าง", "office": "สาขาเมือง", "branch_code": "61000000", "name_short": "None", "price_new": 350, "price_old": 150, "width_m": 4, "pt_i": 21 }, "geometry": { "type": "Point", "coordinates": [ 99.955145693891254, 15.35173404924576 ] } },
{ "type": "Feature", "properties": { "road_key": "61000000ST158", "road_name": "ถนนสายบ้านหนองกระเบื้อง-บ้านหมกแถว", "road_no": "0", "aumpher": "อำเภอหนองขาหย่าง", "office": "สาขาเมือง", "branch_code": "61000000", "name_short": "None", "price_new": 350, "price_old": 150, "width_m": 4, "pt_i": 22 }, "geometry": { "type": "Point", "coordinates": [ 99.956252882332805, 15.351584316216792 ] } },
{ "type": "Feature", "properties": { "road_key": "61000000ST158", "road_name": "ถนนสายบ้านหนองกระเบื้อง-บ้านหมกแถว", "road_no": "0", "aumpher": "อำเภอหนองขาหย่าง", "office": "สาขาเมือง", "branch_code": "61000000", "name_short": "None", "price_new": 350, "price_old": 150, "width_m": 4, "pt_i": 23 }, "geometry": { "type": "Point", "coordinates": [ 99.957306489666365, 15.35125069444986 ] } },
{ "type": "Feature", "properties": { "road_key": "61000000ST158", "road_name": "ถนนสายบ้านหนองกระเบื้อง-บ้านหมกแถว", "road_no": "0", "aumpher": "อำเภอหนองขาหย่าง", "office": "สาขาเมือง", "branch_code": "61000000", "name_short": "None", "price_new": 350, "price_old": 150, "width_m": 4, "pt_i": 24 }, "geometry": { "type": "Point", "coordinates": [ 99.958411509261964, 15.351088582827639 ] } },
{ "type": "Feature", "properties": { "road_key": "61000000ST158", "road_name": "ถนนสายบ้านหนองกระเบื้อง-บ้านหมกแถว", "road_no": "0", "aumpher": "อำเภอหนองขาหย่าง", "office": "สาขาเมือง", "branch_code": "61000000", "name_short": "None", "price_new": 350, "price_old": 150, "width_m": 4, "pt_i": 25 }, "geometry": { "type": "Point", "coordinates": [ 99.959454521598744, 15.350766622783704 ] } },
{ "type": "Feature", "properties": { "road_key": "61000000ST158", "road_name": "ถนนสายบ้านหนองกระเบื้อง-บ้านหมกแถว", "road_no": "0", "aumpher": "อำเภอหนองขาหย่าง", "office": "สาขาเมือง", "branch_code": "61000000", "name_short": "None", "price_new": 350, "price_old": 150, "width_m": 4, "pt_i": 26 }, "geometry": { "type": "Point", "coordinates": [ 99.960565368728084, 15.350870119377735 ] } },
{ "type": "Feature", "properties": { "road_key": "61000000ST158", "road_name": "ถนนสายบ้านหนองกระเบื้อง-บ้านหมกแถว", "road_no": "0", "aumpher": "อำเภอหนองขาหย่าง", "office": "สาขาเมือง", "branch_code": "61000000", "name_short": "None", "price_new": 350, "price_old": 150, "width_m": 4, "pt_i": 27 }, "geometry": { "type": "Point", "coordinates": [ 99.961665835045082, 15.350778119530963 ] } },
{ "type": "Feature", "properties": { "road_key": "61000000ST158", "road_name": "ถนนสายบ้านหนองกระเบื้อง-บ้านหมกแถว", "road_no": "0", "aumpher": "อำเภอหนองขาหย่าง", "office": "สาขาเมือง", "branch_code": "61000000", "name_short": "None", "price_new": 350, "price_old": 150, "width_m": 4, "pt_i": 28 }, "geometry": { "type": "Point", "coordinates": [ 99.962695190816518, 15.350388520224195 ] } },
{ "type": "Feature", "properties": { "road_key": "61000000ST158", "road_name": "ถนนสายบ้านหนองกระเบื้อง-บ้านหมกแถว", "road_no": "0", "aumpher": "อำเภอหนองขาหย่าง", "office": "สาขาเมือง", "branch_code": "61000000", "name_short": "None", "price_new": 350, "price_old": 150, "width_m": 4, "pt_i": 29 }, "geometry": { "type": "Point", "coordinates": [ 99.963672698759027, 15.34989833250051 ] } },
{ "type": "Feature", "properties": { "road_key": "61000000ST158", "road_name": "ถนนสายบ้านหนองกระเบื้อง-บ้านหมกแถว", "road_no": "0", "aumpher": "อำเภอหนองขาหย่าง", "office": "สาขาเมือง", "branch_code": "61000000", "name_short": "None", "price_new": 350, "price_old": 150, "width_m": 4, "pt_i": 30 }, "geometry": { "type": "Point", "coordinates": [ 99.964781583392707, 15.349785549019876 ] } },
{ "type": "Feature", "properties": { "road_key": "61000000ST158", "road_name": "ถนนสายบ้านหนองกระเบื้อง-บ้านหมกแถว", "road_no": "0", "aumpher": "อำเภอหนองขาหย่าง", "office": "สาขาเมือง", "branch_code": "61000000", "name_short": "None", "price_new": 350, "price_old": 150, "width_m": 4, "pt_i": 31 }, "geometry": { "type": "Point", "coordinates": [ 99.965848900479955, 15.350050949378929 ] } },
{ "type": "Feature", "properties": { "road_key": "61000000ST158", "road_name": "ถนนสายบ้านหนองกระเบื้อง-บ้านหมกแถว", "road_no": "0", "aumpher": "อำเภอหนองขาหย่าง", "office": "สาขาเมือง", "branch_code": "61000000", "name_short": "None", "price_new": 350, "price_old": 150, "width_m": 4, "pt_i": 32 }, "geometry": { "type": "Point", "coordinates": [ 99.966948753508433, 15.349890021392337 ] } },
{ "type": "Feature", "properties": { "road_key": "61000000ST158", "road_name": "ถนนสายบ้านหนองกระเบื้อง-บ้านหมกแถว", "road_no": "0", "aumpher": "อำเภอหนองขาหย่าง", "office": "สาขาเมือง", "branch_code": "61000000", "name_short": "None", "price_new": 350, "price_old": 150, "width_m": 4, "pt_i": 33 }, "geometry": { "type": "Point", "coordinates": [ 99.968056662443004, 15.349763171313638 ] } },
{ "type": "Feature", "properties": { "road_key": "61000000ST158", "road_name": "ถนนสายบ้านหนองกระเบื้อง-บ้านหมกแถว", "road_no": "0", "aumpher": "อำเภอหนองขาหย่าง", "office": "สาขาเมือง", "branch_code": "61000000", "name_short": "None", "price_new": 350, "price_old": 150, "width_m": 4, "pt_i": 34 }, "geometry": { "type": "Point", "coordinates": [ 99.969170198077904, 15.349677718448421 ] } },
{ "type": "Feature", "properties": { "road_key": "61000000ST158", "road_name": "ถนนสายบ้านหนองกระเบื้อง-บ้านหมกแถว", "road_no": "0", "aumpher": "อำเภอหนองขาหย่าง", "office": "สาขาเมือง", "branch_code": "61000000", "name_short": "None", "price_new": 350, "price_old": 150, "width_m": 4, "pt_i": 35 }, "geometry": { "type": "Point", "coordinates": [ 99.97024621499628, 15.349398762525974 ] } },
{ "type": "Feature", "properties": { "road_key": "61000000ST158", "road_name": "ถนนสายบ้านหนองกระเบื้อง-บ้านหมกแถว", "road_no": "0", "aumpher": "อำเภอหนองขาหย่าง", "office": "สาขาเมือง", "branch_code": "61000000", "name_short": "None", "price_new": 350, "price_old": 150, "width_m": 4, "pt_i": 36 }, "geometry": { "type": "Point", "coordinates": [ 99.971110096240423, 15.348719719532113 ] } },
{ "type": "Feature", "properties": { "road_key": "61000000ST158", "road_name": "ถนนสายบ้านหนองกระเบื้อง-บ้านหมกแถว", "road_no": "0", "aumpher": "อำเภอหนองขาหย่าง", "office": "สาขาเมือง", "branch_code": "61000000", "name_short": "None", "price_new": 350, "price_old": 150, "width_m": 4, "pt_i": 37 }, "geometry": { "type": "Point", "coordinates": [ 99.97198621816986, 15.348050916627621 ] } },
{ "type": "Feature", "properties": { "road_key": "61000000ST158", "road_name": "ถนนสายบ้านหนองกระเบื้อง-บ้านหมกแถว", "road_no": "0", "aumpher": "อำเภอหนองขาหย่าง", "office": "สาขาเมือง", "branch_code": "61000000", "name_short": "None", "price_new": 350, "price_old": 150, "width_m": 4, "pt_i": 38 }, "geometry": { "type": "Point", "coordinates": [ 99.973001635070844, 15.347620795395857 ] } },
{ "type": "Feature", "properties": { "road_key": "61000000ST166", "road_name": "ถนนสายบ้านหมกแถว-บ้านบึงทับแต้", "road_no": "0", "aumpher": "อำเภอหนองขาหย่าง", "office": "สาขาเมือง", "branch_code": "61000000", "name_short": "None", "price_new": 300, "price_old": 150, "width_m": 4, "pt_i": 0 }, "geometry": { "type": "Point", "coordinates": [ 100.002611548105676, 15.343446524897965 ] } },
{ "type": "Feature", "properties": { "road_key": "61000000ST166", "road_name": "ถนนสายบ้านหมกแถว-บ้านบึงทับแต้", "road_no": "0", "aumpher": "อำเภอหนองขาหย่าง", "office": "สาขาเมือง", "branch_code": "61000000", "name_short": "None", "price_new": 300, "price_old": 150, "width_m": 4, "pt_i": 1 }, "geometry": { "type": "Point", "coordinates": [ 100.001536798289294, 15.343670212888263 ] } },
{ "type": "Feature", "properties": { "road_key": "61000000ST166", "road_name": "ถนนสายบ้านหมกแถว-บ้านบึงทับแต้", "road_no": "0", "aumpher": "อำเภอหนองขาหย่าง", "office": "สาขาเมือง", "branch_code": "61000000", "name_short": "None", "price_new": 300, "price_old": 150, "width_m": 4, "pt_i": 2 }, "geometry": { "type": "Point", "coordinates": [ 100.000440778794285, 15.343644124941864 ] } },
{ "type": "Feature", "properties": { "road_key": "61000000ST166", "road_name": "ถนนสายบ้านหมกแถว-บ้านบึงทับแต้", "road_no": "0", "aumpher": "อำเภอหนองขาหย่าง", "office": "สาขาเมือง", "branch_code": "61000000", "name_short": "None", "price_new": 300, "price_old": 150, "width_m": 4, "pt_i": 3 }, "geometry": { "type": "Point", "coordinates": [ 99.999339292795213, 15.343826958377546 ] } },
{ "type": "Feature", "properties": { "road_key": "61000000ST166", "road_name": "ถนนสายบ้านหมกแถว-บ้านบึงทับแต้", "road_no": "0", "aumpher": "อำเภอหนองขาหย่าง", "office": "สาขาเมือง", "branch_code": "61000000", "name_short": "None", "price_new": 300, "price_old": 150, "width_m": 4, "pt_i": 4 }, "geometry": { "type": "Point", "coordinates": [ 99.998403517053617, 15.343313377462453 ] } },
{ "type": "Feature", "properties": { "road_key": "61000000ST166", "road_name": "ถนนสายบ้านหมกแถว-บ้านบึงทับแต้", "road_no": "0", "aumpher": "อำเภอหนองขาหย่าง", "office": "สาขาเมือง", "branch_code": "61000000", "name_short": "None", "price_new": 300, "price_old": 150, "width_m": 4, "pt_i": 5 }, "geometry": { "type": "Point", "coordinates": [ 99.997589073979711, 15.342580049898974 ] } },
{ "type": "Feature", "properties": { "road_key": "61000000ST166", "road_name": "ถนนสายบ้านหมกแถว-บ้านบึงทับแต้", "road_no": "0", "aumpher": "อำเภอหนองขาหย่าง", "office": "สาขาเมือง", "branch_code": "61000000", "name_short": "None", "price_new": 300, "price_old": 150, "width_m": 4, "pt_i": 6 }, "geometry": { "type": "Point", "coordinates": [ 99.996558851181462, 15.342171022333769 ] } },
{ "type": "Feature", "properties": { "road_key": "61000000ST166", "road_name": "ถนนสายบ้านหมกแถว-บ้านบึงทับแต้", "road_no": "0", "aumpher": "อำเภอหนองขาหย่าง", "office": "สาขาเมือง", "branch_code": "61000000", "name_short": "None", "price_new": 300, "price_old": 150, "width_m": 4, "pt_i": 7 }, "geometry": { "type": "Point", "coordinates": [ 99.995485268996362, 15.342039221831875 ] } },
{ "type": "Feature", "properties": { "road_key": "61000000ST166", "road_name": "ถนนสายบ้านหมกแถว-บ้านบึงทับแต้", "road_no": "0", "aumpher": "อำเภอหนองขาหย่าง", "office": "สาขาเมือง", "branch_code": "61000000", "name_short": "None", "price_new": 300, "price_old": 150, "width_m": 4, "pt_i": 8 }, "geometry": { "type": "Point", "coordinates": [ 99.994385854312085, 15.342232259091086 ] } },
{ "type": "Feature", "properties": { "road_key": "61000000ST166", "road_name": "ถนนสายบ้านหมกแถว-บ้านบึงทับแต้", "road_no": "0", "aumpher": "อำเภอหนองขาหย่าง", "office": "สาขาเมือง", "branch_code": "61000000", "name_short": "None", "price_new": 300, "price_old": 150, "width_m": 4, "pt_i": 9 }, "geometry": { "type": "Point", "coordinates": [ 99.993279870285136, 15.342276690396037 ] } },
{ "type": "Feature", "properties": { "road_key": "61000000ST166", "road_name": "ถนนสายบ้านหมกแถว-บ้านบึงทับแต้", "road_no": "0", "aumpher": "อำเภอหนองขาหย่าง", "office": "สาขาเมือง", "branch_code": "61000000", "name_short": "None", "price_new": 300, "price_old": 150, "width_m": 4, "pt_i": 10 }, "geometry": { "type": "Point", "coordinates": [ 99.992283201718408, 15.342672662824985 ] } },
{ "type": "Feature", "properties": { "road_key": "61000000ST166", "road_name": "ถนนสายบ้านหมกแถว-บ้านบึงทับแต้", "road_no": "0", "aumpher": "อำเภอหนองขาหย่าง", "office": "สาขาเมือง", "branch_code": "61000000", "name_short": "None", "price_new": 300, "price_old": 150, "width_m": 4, "pt_i": 11 }, "geometry": { "type": "Point", "coordinates": [ 99.991293361402455, 15.343147315935527 ] } },
{ "type": "Feature", "properties": { "road_key": "61000000ST166", "road_name": "ถนนสายบ้านหมกแถว-บ้านบึงทับแต้", "road_no": "0", "aumpher": "อำเภอหนองขาหย่าง", "office": "สาขาเมือง", "branch_code": "61000000", "name_short": "None", "price_new": 300, "price_old": 150, "width_m": 4, "pt_i": 12 }, "geometry": { "type": "Point", "coordinates": [ 99.990399755981599, 15.343751761066082 ] } },
{ "type": "Feature", "properties": { "road_key": "61000000ST166", "road_name": "ถนนสายบ้านหมกแถว-บ้านบึงทับแต้", "road_no": "0", "aumpher": "อำเภอหนองขาหย่าง", "office": "สาขาเมือง", "branch_code": "61000000", "name_short": "None", "price_new": 300, "price_old": 150, "width_m": 4, "pt_i": 13 }, "geometry": { "type": "Point", "coordinates": [ 99.989521595280081, 15.344318614339871 ] } },
{ "type": "Feature", "properties": { "road_key": "61000000ST166", "road_name": "ถนนสายบ้านหมกแถว-บ้านบึงทับแต้", "road_no": "0", "aumpher": "อำเภอหนองขาหย่าง", "office": "สาขาเมือง", "branch_code": "61000000", "name_short": "None", "price_new": 300, "price_old": 150, "width_m": 4, "pt_i": 14 }, "geometry": { "type": "Point", "coordinates": [ 99.988451775285171, 15.344533343618224 ] } },
{ "type": "Feature", "properties": { "road_key": "61000000ST166", "road_name": "ถนนสายบ้านหมกแถว-บ้านบึงทับแต้", "road_no": "0", "aumpher": "อำเภอหนองขาหย่าง", "office": "สาขาเมือง", "branch_code": "61000000", "name_short": "None", "price_new": 300, "price_old": 150, "width_m": 4, "pt_i": 15 }, "geometry": { "type": "Point", "coordinates": [ 99.987567667675904, 15.345194721915597 ] } },
{ "type": "Feature", "properties": { "road_key": "61000000ST167", "road_name": "ถนนสายบ้านห้วยรอบ-บ้านหนองแบนใน", "road_no": "0", "aumpher": "อำเภอหนองขาหย่าง", "office": "สาขาเมือง", "branch_code": "61000000", "name_short": "None", "price_new": 250, "price_old": 150, "width_m": 4, "pt_i": 0 }, "geometry": { "type": "Point", "coordinates": [ 99.919249439246542, 15.38889837696132 ] } },
{ "type": "Feature", "properties": { "road_key": "61000000ST167", "road_name": "ถนนสายบ้านห้วยรอบ-บ้านหนองแบนใน", "road_no": "0", "aumpher": "อำเภอหนองขาหย่าง", "office": "สาขาเมือง", "branch_code": "61000000", "name_short": "None", "price_new": 250, "price_old": 150, "width_m": 4, "pt_i": 1 }, "geometry": { "type": "Point", "coordinates": [ 99.918311630882116, 15.389466395399149 ] } },
{ "type": "Feature", "properties": { "road_key": "61000000ST167", "road_name": "ถนนสายบ้านห้วยรอบ-บ้านหนองแบนใน", "road_no": "0", "aumpher": "อำเภอหนองขาหย่าง", "office": "สาขาเมือง", "branch_code": "61000000", "name_short": "None", "price_new": 250, "price_old": 150, "width_m": 4, "pt_i": 2 }, "geometry": { "type": "Point", "coordinates": [ 99.917323754152179, 15.389960404379725 ] } },
{ "type": "Feature", "properties": { "road_key": "61000000ST167", "road_name": "ถนนสายบ้านห้วยรอบ-บ้านหนองแบนใน", "road_no": "0", "aumpher": "อำเภอหนองขาหย่าง", "office": "สาขาเมือง", "branch_code": "61000000", "name_short": "None", "price_new": 250, "price_old": 150, "width_m": 4, "pt_i": 3 }, "geometry": { "type": "Point", "coordinates": [ 99.916238558887628, 15.390063235648809 ] } },
{ "type": "Feature", "properties": { "road_key": "61000000ST167", "road_name": "ถนนสายบ้านห้วยรอบ-บ้านหนองแบนใน", "road_no": "0", "aumpher": "อำเภอหนองขาหย่าง", "office": "สาขาเมือง", "branch_code": "61000000", "name_short": "None", "price_new": 250, "price_old": 150, "width_m": 4, "pt_i": 4 }, "geometry": { "type": "Point", "coordinates": [ 99.915165065154071, 15.389768020012463 ] } },
{ "type": "Feature", "properties": { "road_key": "61000000ST167", "road_name": "ถนนสายบ้านห้วยรอบ-บ้านหนองแบนใน", "road_no": "0", "aumpher": "อำเภอหนองขาหย่าง", "office": "สาขาเมือง", "branch_code": "61000000", "name_short": "None", "price_new": 250, "price_old": 150, "width_m": 4, "pt_i": 5 }, "geometry": { "type": "Point", "coordinates": [ 99.914067177103163, 15.389591336826792 ] } },
{ "type": "Feature", "properties": { "road_key": "61000000ST167", "road_name": "ถนนสายบ้านห้วยรอบ-บ้านหนองแบนใน", "road_no": "0", "aumpher": "อำเภอหนองขาหย่าง", "office": "สาขาเมือง", "branch_code": "61000000", "name_short": "None", "price_new": 250, "price_old": 150, "width_m": 4, "pt_i": 6 }, "geometry": { "type": "Point", "coordinates": [ 99.913024038072479, 15.389570215492018 ] } },
{ "type": "Feature", "properties": { "road_key": "61000000ST167", "road_name": "ถนนสายบ้านห้วยรอบ-บ้านหนองแบนใน", "road_no": "0", "aumpher": "อำเภอหนองขาหย่าง", "office": "สาขาเมือง", "branch_code": "61000000", "name_short": "None", "price_new": 250, "price_old": 150, "width_m": 4, "pt_i": 7 }, "geometry": { "type": "Point", "coordinates": [ 99.911925681759669, 15.389585468284157 ] } },
{ "type": "Feature", "properties": { "road_key": "61000000ST167", "road_name": "ถนนสายบ้านห้วยรอบ-บ้านหนองแบนใน", "road_no": "0", "aumpher": "อำเภอหนองขาหย่าง", "office": "สาขาเมือง", "branch_code": "61000000", "name_short": "None", "price_new": 250, "price_old": 150, "width_m": 4, "pt_i": 8 }, "geometry": { "type": "Point", "coordinates": [ 99.910820265111852, 15.389565842271526 ] } },
{ "type": "Feature", "properties": { "road_key": "61000000ST167", "road_name": "ถนนสายบ้านห้วยรอบ-บ้านหนองแบนใน", "road_no": "0", "aumpher": "อำเภอหนองขาหย่าง", "office": "สาขาเมือง", "branch_code": "61000000", "name_short": "None", "price_new": 250, "price_old": 150, "width_m": 4, "pt_i": 9 }, "geometry": { "type": "Point", "coordinates": [ 99.909735449629522, 15.389817414291402 ] } },
{ "type": "Feature", "properties": { "road_key": "61000000ST167", "road_name": "ถนนสายบ้านห้วยรอบ-บ้านหนองแบนใน", "road_no": "0", "aumpher": "อำเภอหนองขาหย่าง", "office": "สาขาเมือง", "branch_code": "61000000", "name_short": "None", "price_new": 250, "price_old": 150, "width_m": 4, "pt_i": 10 }, "geometry": { "type": "Point", "coordinates": [ 99.908705549246648, 15.390237201465766 ] } },
{ "type": "Feature", "properties": { "road_key": "61000000ST167", "road_name": "ถนนสายบ้านห้วยรอบ-บ้านหนองแบนใน", "road_no": "0", "aumpher": "อำเภอหนองขาหย่าง", "office": "สาขาเมือง", "branch_code": "61000000", "name_short": "None", "price_new": 250, "price_old": 150, "width_m": 4, "pt_i": 11 }, "geometry": { "type": "Point", "coordinates": [ 99.907723008322805, 15.39075261481254 ] } },
{ "type": "Feature", "properties": { "road_key": "61000000ST167", "road_name": "ถนนสายบ้านห้วยรอบ-บ้านหนองแบนใน", "road_no": "0", "aumpher": "อำเภอหนองขาหย่าง", "office": "สาขาเมือง", "branch_code": "61000000", "name_short": "None", "price_new": 250, "price_old": 150, "width_m": 4, "pt_i": 12 }, "geometry": { "type": "Point", "coordinates": [ 99.906764718677238, 15.391311534682634 ] } },
{ "type": "Feature", "properties": { "road_key": "61000000ST167", "road_name": "ถนนสายบ้านห้วยรอบ-บ้านหนองแบนใน", "road_no": "0", "aumpher": "อำเภอหนองขาหย่าง", "office": "สาขาเมือง", "branch_code": "61000000", "name_short": "None", "price_new": 250, "price_old": 150, "width_m": 4, "pt_i": 13 }, "geometry": { "type": "Point", "coordinates": [ 99.905792179855467, 15.391846719489823 ] } },
{ "type": "Feature", "properties": { "road_key": "61000000ST167", "road_name": "ถนนสายบ้านห้วยรอบ-บ้านหนองแบนใน", "road_no": "0", "aumpher": "อำเภอหนองขาหย่าง", "office": "สาขาเมือง", "branch_code": "61000000", "name_short": "None", "price_new": 250, "price_old": 150, "width_m": 4, "pt_i": 0 }, "geometry": { "type": "Point", "coordinates": [ 99.905652968857368, 15.391924208808582 ] } },
{ "type": "Feature", "properties": { "road_key": "61000000ST167", "road_name": "ถนนสายบ้านห้วยรอบ-บ้านหนองแบนใน", "road_no": "0", "aumpher": "อำเภอหนองขาหย่าง", "office": "สาขาเมือง", "branch_code": "61000000", "name_short": "None", "price_new": 250, "price_old": 150, "width_m": 4, "pt_i": 1 }, "geometry": { "type": "Point", "coordinates": [ 99.904635127500327, 15.391477424351095 ] } },
{ "type": "Feature", "properties": { "road_key": "61000000ST167", "road_name": "ถนนสายบ้านห้วยรอบ-บ้านหนองแบนใน", "road_no": "0", "aumpher": "อำเภอหนองขาหย่าง", "office": "สาขาเมือง", "branch_code": "61000000", "name_short": "None", "price_new": 250, "price_old": 150, "width_m": 4, "pt_i": 2 }, "geometry": { "type": "Point", "coordinates": [ 99.903796875443334, 15.390787030662405 ] } },
{ "type": "Feature", "properties": { "road_key": "61000000ST167", "road_name": "ถนนสายบ้านห้วยรอบ-บ้านหนองแบนใน", "road_no": "0", "aumpher": "อำเภอหนองขาหย่าง", "office": "สาขาเมือง", "branch_code": "61000000", "name_short": "None", "price_new": 250, "price_old": 150, "width_m": 4, "pt_i": 3 }, "geometry": { "type": "Point", "coordinates": [ 99.902919852215589, 15.390126000941999 ] } },
{ "type": "Feature", "properties": { "road_key": "61000000ST167", "road_name": "ถนนสายบ้านห้วยรอบ-บ้านหนองแบนใน", "road_no": "0", "aumpher": "อำเภอหนองขาหย่าง", "office": "สาขาเมือง", "branch_code": "61000000", "name_short": "None", "price_new": 250, "price_old": 150, "width_m": 4, "pt_i": 4 }, "geometry": { "type": "Point", "coordinates": [ 99.902337286686574, 15.389230064768938 ] } },
{ "type": "Feature", "properties": { "road_key": "61000000ST167", "road_name": "ถนนสายบ้านห้วยรอบ-บ้านหนองแบนใน", "road_no": "0", "aumpher": "อำเภอหนองขาหย่าง", "office": "สาขาเมือง", "branch_code": "61000000", "name_short": "None", "price_new": 250, "price_old": 150, "width_m": 4, "pt_i": 5 }, "geometry": { "type": "Point", "coordinates": [ 99.90126760743567, 15.38928933375065 ] } },
{ "type": "Feature", "properties": { "road_key": "61000000ST167", "road_name": "ถนนสายบ้านห้วยรอบ-บ้านหนองแบนใน", "road_no": "0", "aumpher": "อำเภอหนองขาหย่าง", "office": "สาขาเมือง", "branch_code": "61000000", "name_short": "None", "price_new": 250, "price_old": 150, "width_m": 4, "pt_i": 6 }, "geometry": { "type": "Point", "coordinates": [ 99.900263190760825, 15.388819563159291 ] } },
{ "type": "Feature", "properties": { "road_key": "61000000ST167", "road_name": "ถนนสายบ้านห้วยรอบ-บ้านหนองแบนใน", "road_no": "0", "aumpher": "อำเภอหนองขาหย่าง", "office": "สาขาเมือง", "branch_code": "61000000", "name_short": "None", "price_new": 250, "price_old": 150, "width_m": 4, "pt_i": 7 }, "geometry": { "type": "Point", "coordinates": [ 99.899355372752495, 15.38818733227799 ] } },
{ "type": "Feature", "properties": { "road_key": "61000000ST167", "road_name": "ถนนสายบ้านห้วยรอบ-บ้านหนองแบนใน", "road_no": "0", "aumpher": "อำเภอหนองขาหย่าง", "office": "สาขาเมือง", "branch_code": "61000000", "name_short": "None", "price_new": 250, "price_old": 150, "width_m": 4, "pt_i": 8 }, "geometry": { "type": "Point", "coordinates": [ 99.89832902784218, 15.387872262138517 ] } },
{ "type": "Feature", "properties": { "road_key": "61000000ST167", "road_name": "ถนนสายบ้านห้วยรอบ-บ้านหนองแบนใน", "road_no": "0", "aumpher": "อำเภอหนองขาหย่าง", "office": "สาขาเมือง", "branch_code": "61000000", "name_short": "None", "price_new": 250, "price_old": 150, "width_m": 4, "pt_i": 9 }, "geometry": { "type": "Point", "coordinates": [ 99.897223348412922, 15.38803054911982 ] } },
{ "type": "Feature", "properties": { "road_key": "61000000ST167", "road_name": "ถนนสายบ้านห้วยรอบ-บ้านหนองแบนใน", "road_no": "0", "aumpher": "อำเภอหนองขาหย่าง", "office": "สาขาเมือง", "branch_code": "61000000", "name_short": "None", "price_new": 250, "price_old": 150, "width_m": 4, "pt_i": 10 }, "geometry": { "type": "Point", "coordinates": [ 99.896116378486852, 15.387982277979511 ] } },
{ "type": "Feature", "properties": { "road_key": "61000000ST167", "road_name": "ถนนสายบ้านห้วยรอบ-บ้านหนองแบนใน", "road_no": "0", "aumpher": "อำเภอหนองขาหย่าง", "office": "สาขาเมือง", "branch_code": "61000000", "name_short": "None", "price_new": 250, "price_old": 150, "width_m": 4, "pt_i": 11 }, "geometry": { "type": "Point", "coordinates": [ 99.895149314817345, 15.387469770027586 ] } },
{ "type": "Feature", "properties": { "road_key": "61000000ST167", "road_name": "ถนนสายบ้านห้วยรอบ-บ้านหนองแบนใน", "road_no": "0", "aumpher": "อำเภอหนองขาหย่าง", "office": "สาขาเมือง", "branch_code": "61000000", "name_short": "None", "price_new": 250, "price_old": 150, "width_m": 4, "pt_i": 12 }, "geometry": { "type": "Point", "coordinates": [ 99.894051357283388, 15.387413280821903 ] } },
{ "type": "Feature", "properties": { "road_key": "61000000ST167", "road_name": "ถนนสายบ้านห้วยรอบ-บ้านหนองแบนใน", "road_no": "0", "aumpher": "อำเภอหนองขาหย่าง", "office": "สาขาเมือง", "branch_code": "61000000", "name_short": "None", "price_new": 250, "price_old": 150, "width_m": 4, "pt_i": 13 }, "geometry": { "type": "Point", "coordinates": [ 99.892958584884852, 15.387294516942658 ] } },
{ "type": "Feature", "properties": { "road_key": "61000000ST167", "road_name": "ถนนสายบ้านห้วยรอบ-บ้านหนองแบนใน", "road_no": "0", "aumpher": "อำเภอหนองขาหย่าง", "office": "สาขาเมือง", "branch_code": "61000000", "name_short": "None", "price_new": 250, "price_old": 150, "width_m": 4, "pt_i": 14 }, "geometry": { "type": "Point", "coordinates": [ 99.891987108524532, 15.386815139985396 ] } },
{ "type": "Feature", "properties": { "road_key": "61000000ST167", "road_name": "ถนนสายบ้านห้วยรอบ-บ้านหนองแบนใน", "road_no": "0", "aumpher": "อำเภอหนองขาหย่าง", "office": "สาขาเมือง", "branch_code": "61000000", "name_short": "None", "price_new": 250, "price_old": 150, "width_m": 4, "pt_i": 15 }, "geometry": { "type": "Point", "coordinates": [ 99.890901795566549, 15.38660160631947 ] } },
{ "type": "Feature", "properties": { "road_key": "61000000ST167", "road_name": "ถนนสายบ้านห้วยรอบ-บ้านหนองแบนใน", "road_no": "0", "aumpher": "อำเภอหนองขาหย่าง", "office": "สาขาเมือง", "branch_code": "61000000", "name_short": "None", "price_new": 250, "price_old": 150, "width_m": 4, "pt_i": 16 }, "geometry": { "type": "Point", "coordinates": [ 99.889896571320008, 15.386127514526743 ] } },
{ "type": "Feature", "properties": { "road_key": "61000000ST167", "road_name": "ถนนสายบ้านห้วยรอบ-บ้านหนองแบนใน", "road_no": "0", "aumpher": "อำเภอหนองขาหย่าง", "office": "สาขาเมือง", "branch_code": "61000000", "name_short": "None", "price_new": 250, "price_old": 150, "width_m": 4, "pt_i": 17 }, "geometry": { "type": "Point", "coordinates": [ 99.888806431584968, 15.385908860628378 ] } },
{ "type": "Feature", "properties": { "road_key": "61000000ST167", "road_name": "ถนนสายบ้านห้วยรอบ-บ้านหนองแบนใน", "road_no": "0", "aumpher": "อำเภอหนองขาหย่าง", "office": "สาขาเมือง", "branch_code": "61000000", "name_short": "None", "price_new": 250, "price_old": 150, "width_m": 4, "pt_i": 18 }, "geometry": { "type": "Point", "coordinates": [ 99.887701650939022, 15.385741881634269 ] } },
{ "type": "Feature", "properties": { "road_key": "61000000ST167", "road_name": "ถนนสายบ้านห้วยรอบ-บ้านหนองแบนใน", "road_no": "0", "aumpher": "อำเภอหนองขาหย่าง", "office": "สาขาเมือง", "branch_code": "61000000", "name_short": "None", "price_new": 250, "price_old": 150, "width_m": 4, "pt_i": 19 }, "geometry": { "type": "Point", "coordinates": [ 99.886597719973565, 15.385569939969672 ] } },
{ "type": "Feature", "properties": { "road_key": "61000000ST167", "road_name": "ถนนสายบ้านห้วยรอบ-บ้านหนองแบนใน", "road_no": "0", "aumpher": "อำเภอหนองขาหย่าง", "office": "สาขาเมือง", "branch_code": "61000000", "name_short": "None", "price_new": 250, "price_old": 150, "width_m": 4, "pt_i": 20 }, "geometry": { "type": "Point", "coordinates": [ 99.88549659128708, 15.385381625259967 ] } },
{ "type": "Feature", "properties": { "road_key": "61000000ST167", "road_name": "ถนนสายบ้านห้วยรอบ-บ้านหนองแบนใน", "road_no": "0", "aumpher": "อำเภอหนองขาหย่าง", "office": "สาขาเมือง", "branch_code": "61000000", "name_short": "None", "price_new": 250, "price_old": 150, "width_m": 4, "pt_i": 21 }, "geometry": { "type": "Point", "coordinates": [ 99.884388395317146, 15.385245204736028 ] } },
{ "type": "Feature", "properties": { "road_key": "61000000ST167", "road_name": "ถนนสายบ้านห้วยรอบ-บ้านหนองแบนใน", "road_no": "0", "aumpher": "อำเภอหนองขาหย่าง", "office": "สาขาเมือง", "branch_code": "61000000", "name_short": "None", "price_new": 250, "price_old": 150, "width_m": 4, "pt_i": 22 }, "geometry": { "type": "Point", "coordinates": [ 99.883270402038974, 15.385229923444495 ] } },
{ "type": "Feature", "properties": { "road_key": "61000000ST167", "road_name": "ถนนสายบ้านห้วยรอบ-บ้านหนองแบนใน", "road_no": "0", "aumpher": "อำเภอหนองขาหย่าง", "office": "สาขาเมือง", "branch_code": "61000000", "name_short": "None", "price_new": 250, "price_old": 150, "width_m": 4, "pt_i": 23 }, "geometry": { "type": "Point", "coordinates": [ 99.882152430564432, 15.385213202824698 ] } },
{ "type": "Feature", "properties": { "road_key": "61000000ST167", "road_name": "ถนนสายบ้านห้วยรอบ-บ้านหนองแบนใน", "road_no": "0", "aumpher": "อำเภอหนองขาหย่าง", "office": "สาขาเมือง", "branch_code": "61000000", "name_short": "None", "price_new": 250, "price_old": 150, "width_m": 4, "pt_i": 24 }, "geometry": { "type": "Point", "coordinates": [ 99.881043761356537, 15.385087537023594 ] } },
{ "type": "Feature", "properties": { "road_key": "61000000ST167", "road_name": "ถนนสายบ้านห้วยรอบ-บ้านหนองแบนใน", "road_no": "0", "aumpher": "อำเภอหนองขาหย่าง", "office": "สาขาเมือง", "branch_code": "61000000", "name_short": "None", "price_new": 250, "price_old": 150, "width_m": 4, "pt_i": 25 }, "geometry": { "type": "Point", "coordinates": [ 99.879957179676509, 15.384837936187042 ] } },
{ "type": "Feature", "properties": { "road_key": "61000000ST167", "road_name": "ถนนสายบ้านห้วยรอบ-บ้านหนองแบนใน", "road_no": "0", "aumpher": "อำเภอหนองขาหย่าง", "office": "สาขาเมือง", "branch_code": "61000000", "name_short": "None", "price_new": 250, "price_old": 150, "width_m": 4, "pt_i": 26 }, "geometry": { "type": "Point", "coordinates": [ 99.879021259921686, 15.384376038205282 ] } },
{ "type": "Feature", "properties": { "road_key": "61000000ST167", "road_name": "ถนนสายบ้านห้วยรอบ-บ้านหนองแบนใน", "road_no": "0", "aumpher": "อำเภอหนองขาหย่าง", "office": "สาขาเมือง", "branch_code": "61000000", "name_short": "None", "price_new": 250, "price_old": 150, "width_m": 4, "pt_i": 0 }, "geometry": { "type": "Point", "coordinates": [ 99.905652968857368, 15.391924208808582 ] } },
{ "type": "Feature", "properties": { "road_key": "61000000ST167", "road_name": "ถนนสายบ้านห้วยรอบ-บ้านหนองแบนใน", "road_no": "0", "aumpher": "อำเภอหนองขาหย่าง", "office": "สาขาเมือง", "branch_code": "61000000", "name_short": "None", "price_new": 250, "price_old": 150, "width_m": 4, "pt_i": 1 }, "geometry": { "type": "Point", "coordinates": [ 99.905926204998622, 15.392974714751752 ] } },
{ "type": "Feature", "properties": { "road_key": "61000000ST167", "road_name": "ถนนสายบ้านห้วยรอบ-บ้านหนองแบนใน", "road_no": "0", "aumpher": "อำเภอหนองขาหย่าง", "office": "สาขาเมือง", "branch_code": "61000000", "name_short": "None", "price_new": 250, "price_old": 150, "width_m": 4, "pt_i": 2 }, "geometry": { "type": "Point", "coordinates": [ 99.90679746711011, 15.393374286962285 ] } },
{ "type": "Feature", "properties": { "road_key": "61000000ST167", "road_name": "ถนนสายบ้านห้วยรอบ-บ้านหนองแบนใน", "road_no": "0", "aumpher": "อำเภอหนองขาหย่าง", "office": "สาขาเมือง", "branch_code": "61000000", "name_short": "None", "price_new": 250, "price_old": 150, "width_m": 4, "pt_i": 3 }, "geometry": { "type": "Point", "coordinates": [ 99.907907809616177, 15.393476532203525 ] } },
{ "type": "Feature", "properties": { "road_key": "61000000ST167", "road_name": "ถนนสายบ้านห้วยรอบ-บ้านหนองแบนใน", "road_no": "0", "aumpher": "อำเภอหนองขาหย่าง", "office": "สาขาเมือง", "branch_code": "61000000", "name_short": "None", "price_new": 250, "price_old": 150, "width_m": 4, "pt_i": 4 }, "geometry": { "type": "Point", "coordinates": [ 99.908543868630787, 15.394214656195382 ] } },
{ "type": "Feature", "properties": { "road_key": "61000000ST167", "road_name": "ถนนสายบ้านห้วยรอบ-บ้านหนองแบนใน", "road_no": "0", "aumpher": "อำเภอหนองขาหย่าง", "office": "สาขาเมือง", "branch_code": "61000000", "name_short": "None", "price_new": 250, "price_old": 150, "width_m": 4, "pt_i": 5 }, "geometry": { "type": "Point", "coordinates": [ 99.90928414257256, 15.39500253896685 ] } },
{ "type": "Feature", "properties": { "road_key": "61000000ST167", "road_name": "ถนนสายบ้านห้วยรอบ-บ้านหนองแบนใน", "road_no": "0", "aumpher": "อำเภอหนองขาหย่าง", "office": "สาขาเมือง", "branch_code": "61000000", "name_short": "None", "price_new": 250, "price_old": 150, "width_m": 4, "pt_i": 6 }, "geometry": { "type": "Point", "coordinates": [ 99.910279125394013, 15.395473822815536 ] } },
{ "type": "Feature", "properties": { "road_key": "61000000ST167", "road_name": "ถนนสายบ้านห้วยรอบ-บ้านหนองแบนใน", "road_no": "0", "aumpher": "อำเภอหนองขาหย่าง", "office": "สาขาเมือง", "branch_code": "61000000", "name_short": "None", "price_new": 250, "price_old": 150, "width_m": 4, "pt_i": 7 }, "geometry": { "type": "Point", "coordinates": [ 99.911320960254429, 15.395153898409303 ] } },
{ "type": "Feature", "properties": { "road_key": "61000000ST167", "road_name": "ถนนสายบ้านห้วยรอบ-บ้านหนองแบนใน", "road_no": "0", "aumpher": "อำเภอหนองขาหย่าง", "office": "สาขาเมือง", "branch_code": "61000000", "name_short": "None", "price_new": 250, "price_old": 150, "width_m": 4, "pt_i": 8 }, "geometry": { "type": "Point", "coordinates": [ 99.912359948778729, 15.39521339081578 ] } },
{ "type": "Feature", "properties": { "road_key": "61000000ST167", "road_name": "ถนนสายบ้านห้วยรอบ-บ้านหนองแบนใน", "road_no": "0", "aumpher": "อำเภอหนองขาหย่าง", "office": "สาขาเมือง", "branch_code": "61000000", "name_short": "None", "price_new": 250, "price_old": 150, "width_m": 4, "pt_i": 9 }, "geometry": { "type": "Point", "coordinates": [ 99.91343168594274, 15.394913027051599 ] } },
{ "type": "Feature", "properties": { "road_key": "61000000ST167", "road_name": "ถนนสายบ้านห้วยรอบ-บ้านหนองแบนใน", "road_no": "0", "aumpher": "อำเภอหนองขาหย่าง", "office": "สาขาเมือง", "branch_code": "61000000", "name_short": "None", "price_new": 250, "price_old": 150, "width_m": 4, "pt_i": 0 }, "geometry": { "type": "Point", "coordinates": [ 99.913865860929647, 15.394808234608741 ] } },
{ "type": "Feature", "properties": { "road_key": "61000000ST167", "road_name": "ถนนสายบ้านห้วยรอบ-บ้านหนองแบนใน", "road_no": "0", "aumpher": "อำเภอหนองขาหย่าง", "office": "สาขาเมือง", "branch_code": "61000000", "name_short": "None", "price_new": 250, "price_old": 150, "width_m": 4, "pt_i": 1 }, "geometry": { "type": "Point", "coordinates": [ 99.91496333949911, 15.394600853595934 ] } },
{ "type": "Feature", "properties": { "road_key": "61000000ST167", "road_name": "ถนนสายบ้านห้วยรอบ-บ้านหนองแบนใน", "road_no": "0", "aumpher": "อำเภอหนองขาหย่าง", "office": "สาขาเมือง", "branch_code": "61000000", "name_short": "None", "price_new": 250, "price_old": 150, "width_m": 4, "pt_i": 2 }, "geometry": { "type": "Point", "coordinates": [ 99.916008387619954, 15.394326574578765 ] } },
{ "type": "Feature", "properties": { "road_key": "61000000ST167", "road_name": "ถนนสายบ้านห้วยรอบ-บ้านหนองแบนใน", "road_no": "0", "aumpher": "อำเภอหนองขาหย่าง", "office": "สาขาเมือง", "branch_code": "61000000", "name_short": "None", "price_new": 250, "price_old": 150, "width_m": 4, "pt_i": 3 }, "geometry": { "type": "Point", "coordinates": [ 99.916797816221319, 15.393690876294812 ] } },
{ "type": "Feature", "properties": { "road_key": "61000000ST167", "road_name": "ถนนสายบ้านห้วยรอบ-บ้านหนองแบนใน", "road_no": "0", "aumpher": "อำเภอหนองขาหย่าง", "office": "สาขาเมือง", "branch_code": "61000000", "name_short": "None", "price_new": 250, "price_old": 150, "width_m": 4, "pt_i": 4 }, "geometry": { "type": "Point", "coordinates": [ 99.917731795169772, 15.394018739994172 ] } },
{ "type": "Feature", "properties": { "road_key": "61000000ST167", "road_name": "ถนนสายบ้านห้วยรอบ-บ้านหนองแบนใน", "road_no": "0", "aumpher": "อำเภอหนองขาหย่าง", "office": "สาขาเมือง", "branch_code": "61000000", "name_short": "None", "price_new": 250, "price_old": 150, "width_m": 4, "pt_i": 5 }, "geometry": { "type": "Point", "coordinates": [ 99.917640544641472, 15.395088543357209 ] } },
{ "type": "Feature", "properties": { "road_key": "61000000ST167", "road_name": "ถนนสายบ้านห้วยรอบ-บ้านหนองแบนใน", "road_no": "0", "aumpher": "อำเภอหนองขาหย่าง", "office": "สาขาเมือง", "branch_code": "61000000", "name_short": "None", "price_new": 250, "price_old": 150, "width_m": 4, "pt_i": 0 }, "geometry": { "type": "Point", "coordinates": [ 99.917412541678047, 15.395683804653048 ] } },
{ "type": "Feature", "properties": { "road_key": "61000000ST167", "road_name": "ถนนสายบ้านห้วยรอบ-บ้านหนองแบนใน", "road_no": "0", "aumpher": "อำเภอหนองขาหย่าง", "office": "สาขาเมือง", "branch_code": "61000000", "name_short": "None", "price_new": 250, "price_old": 150, "width_m": 4, "pt_i": 1 }, "geometry": { "type": "Point", "coordinates": [ 99.916354398956955, 15.395656128642889 ] } },
{ "type": "Feature", "properties": { "road_key": "61000000ST167", "road_name": "ถนนสายบ้านห้วยรอบ-บ้านหนองแบนใน", "road_no": "0", "aumpher": "อำเภอหนองขาหย่าง", "office": "สาขาเมือง", "branch_code": "61000000", "name_short": "None", "price_new": 250, "price_old": 150, "width_m": 4, "pt_i": 2 }, "geometry": { "type": "Point", "coordinates": [ 99.915281498106566, 15.395902694851555 ] } },
{ "type": "Feature", "properties": { "road_key": "61000000ST167", "road_name": "ถนนสายบ้านห้วยรอบ-บ้านหนองแบนใน", "road_no": "0", "aumpher": "อำเภอหนองขาหย่าง", "office": "สาขาเมือง", "branch_code": "61000000", "name_short": "None", "price_new": 250, "price_old": 150, "width_m": 4, "pt_i": 3 }, "geometry": { "type": "Point", "coordinates": [ 99.914200110736871, 15.396122838997742 ] } },
{ "type": "Feature", "properties": { "road_key": "61000000ST167", "road_name": "ถนนสายบ้านห้วยรอบ-บ้านหนองแบนใน", "road_no": "0", "aumpher": "อำเภอหนองขาหย่าง", "office": "สาขาเมือง", "branch_code": "61000000", "name_short": "None", "price_new": 250, "price_old": 150, "width_m": 4, "pt_i": 4 }, "geometry": { "type": "Point", "coordinates": [ 99.913885901102404, 15.395206008183539 ] } },
{ "type": "Feature", "properties": { "road_key": "61000000ST167", "road_name": "ถนนสายบ้านห้วยรอบ-บ้านหนองแบนใน", "road_no": "0", "aumpher": "อำเภอหนองขาหย่าง", "office": "สาขาเมือง", "branch_code": "61000000", "name_short": "None", "price_new": 250, "price_old": 150, "width_m": 4, "pt_i": 0 }, "geometry": { "type": "Point", "coordinates": [ 99.917412541678047, 15.395683804653048 ] } },
{ "type": "Feature", "properties": { "road_key": "61000000ST167", "road_name": "ถนนสายบ้านห้วยรอบ-บ้านหนองแบนใน", "road_no": "0", "aumpher": "อำเภอหนองขาหย่าง", "office": "สาขาเมือง", "branch_code": "61000000", "name_short": "None", "price_new": 250, "price_old": 150, "width_m": 4, "pt_i": 1 }, "geometry": { "type": "Point", "coordinates": [ 99.917698752487397, 15.396328999664616 ] } },
{ "type": "Feature", "properties": { "road_key": "61000000ST173", "road_name": "ถนนในโครงการ (ตำบลท่าโพ) (1)", "road_no": "0", "aumpher": "อำเภอหนองขาหย่าง", "office": "สาขาเมือง", "branch_code": "61000000", "name_short": "None", "price_new": 800, "price_old": 400, "width_m": 4, "pt_i": 0 }, "geometry": { "type": "Point", "coordinates": [ 99.998390117523968, 15.366462787519986 ] } },
{ "type": "Feature", "properties": { "road_key": "61000000ST173", "road_name": "ถนนในโครงการ (ตำบลท่าโพ) (1)", "road_no": "0", "aumpher": "อำเภอหนองขาหย่าง", "office": "สาขาเมือง", "branch_code": "61000000", "name_short": "None", "price_new": 800, "price_old": 400, "width_m": 4, "pt_i": 1 }, "geometry": { "type": "Point", "coordinates": [ 99.998286163205933, 15.367064894377403 ] } },
{ "type": "Feature", "properties": { "road_key": "61000000ST173", "road_name": "ถนนในโครงการ (ตำบลท่าโพ) (1)", "road_no": "0", "aumpher": "อำเภอหนองขาหย่าง", "office": "สาขาเมือง", "branch_code": "61000000", "name_short": "None", "price_new": 800, "price_old": 400, "width_m": 4, "pt_i": 0 }, "geometry": { "type": "Point", "coordinates": [ 99.996805785277004, 15.366888850934952 ] } },
{ "type": "Feature", "properties": { "road_key": "61000000ST173", "road_name": "ถนนในโครงการ (ตำบลท่าโพ) (1)", "road_no": "0", "aumpher": "อำเภอหนองขาหย่าง", "office": "สาขาเมือง", "branch_code": "61000000", "name_short": "None", "price_new": 800, "price_old": 400, "width_m": 4, "pt_i": 1 }, "geometry": { "type": "Point", "coordinates": [ 99.996908862775072, 15.36627230553696 ] } },
{ "type": "Feature", "properties": { "road_key": "61000000ST173", "road_name": "ถนนในโครงการ (ตำบลท่าโพ) (1)", "road_no": "0", "aumpher": "อำเภอหนองขาหย่าง", "office": "สาขาเมือง", "branch_code": "61000000", "name_short": "None", "price_new": 800, "price_old": 400, "width_m": 4, "pt_i": 0 }, "geometry": { "type": "Point", "coordinates": [ 99.996805785277004, 15.366888850934952 ] } },
{ "type": "Feature", "properties": { "road_key": "61000000ST173", "road_name": "ถนนในโครงการ (ตำบลท่าโพ) (1)", "road_no": "0", "aumpher": "อำเภอหนองขาหย่าง", "office": "สาขาเมือง", "branch_code": "61000000", "name_short": "None", "price_new": 800, "price_old": 400, "width_m": 4, "pt_i": 1 }, "geometry": { "type": "Point", "coordinates": [ 99.997915454873379, 15.367020811477353 ] } },
{ "type": "Feature", "properties": { "road_key": "61000000ST173", "road_name": "ถนนในโครงการ (ตำบลท่าโพ) (1)", "road_no": "0", "aumpher": "อำเภอหนองขาหย่าง", "office": "สาขาเมือง", "branch_code": "61000000", "name_short": "None", "price_new": 800, "price_old": 400, "width_m": 4, "pt_i": 0 }, "geometry": { "type": "Point", "coordinates": [ 99.998286163205933, 15.367064894377403 ] } },
{ "type": "Feature", "properties": { "road_key": "61000000ST173", "road_name": "ถนนในโครงการ (ตำบลท่าโพ) (1)", "road_no": "0", "aumpher": "อำเภอหนองขาหย่าง", "office": "สาขาเมือง", "branch_code": "61000000", "name_short": "None", "price_new": 800, "price_old": 400, "width_m": 4, "pt_i": 1 }, "geometry": { "type": "Point", "coordinates": [ 99.99913582721895, 15.367180251822315 ] } },
{ "type": "Feature", "properties": { "road_key": "61000000ST173", "road_name": "ถนนในโครงการ (ตำบลท่าโพ) (1)", "road_no": "0", "aumpher": "อำเภอหนองขาหย่าง", "office": "สาขาเมือง", "branch_code": "61000000", "name_short": "None", "price_new": 800, "price_old": 400, "width_m": 4, "pt_i": 0 }, "geometry": { "type": "Point", "coordinates": [ 99.998286163205933, 15.367064894377403 ] } },
{ "type": "Feature", "properties": { "road_key": "61000000ST173", "road_name": "ถนนในโครงการ (ตำบลท่าโพ) (1)", "road_no": "0", "aumpher": "อำเภอหนองขาหย่าง", "office": "สาขาเมือง", "branch_code": "61000000", "name_short": "None", "price_new": 800, "price_old": 400, "width_m": 4, "pt_i": 1 }, "geometry": { "type": "Point", "coordinates": [ 99.998223445424671, 15.367577257734512 ] } },
{ "type": "Feature", "properties": { "road_key": "61000000ST173", "road_name": "ถนนในโครงการ (ตำบลท่าโพ) (1)", "road_no": "0", "aumpher": "อำเภอหนองขาหย่าง", "office": "สาขาเมือง", "branch_code": "61000000", "name_short": "None", "price_new": 800, "price_old": 400, "width_m": 4, "pt_i": 0 }, "geometry": { "type": "Point", "coordinates": [ 99.998223445424671, 15.367577257734512 ] } },
{ "type": "Feature", "properties": { "road_key": "61000000ST173", "road_name": "ถนนในโครงการ (ตำบลท่าโพ) (1)", "road_no": "0", "aumpher": "อำเภอหนองขาหย่าง", "office": "สาขาเมือง", "branch_code": "61000000", "name_short": "None", "price_new": 800, "price_old": 400, "width_m": 4, "pt_i": 1 }, "geometry": { "type": "Point", "coordinates": [ 99.999219717192616, 15.367714438323311 ] } },
{ "type": "Feature", "properties": { "road_key": "61000000ST173", "road_name": "ถนนในโครงการ (ตำบลท่าโพ) (1)", "road_no": "0", "aumpher": "อำเภอหนองขาหย่าง", "office": "สาขาเมือง", "branch_code": "61000000", "name_short": "None", "price_new": 800, "price_old": 400, "width_m": 4, "pt_i": 0 }, "geometry": { "type": "Point", "coordinates": [ 99.998223445424671, 15.367577257734512 ] } },
{ "type": "Feature", "properties": { "road_key": "61000000ST173", "road_name": "ถนนในโครงการ (ตำบลท่าโพ) (1)", "road_no": "0", "aumpher": "อำเภอหนองขาหย่าง", "office": "สาขาเมือง", "branch_code": "61000000", "name_short": "None", "price_new": 800, "price_old": 400, "width_m": 4, "pt_i": 1 }, "geometry": { "type": "Point", "coordinates": [ 99.998157773693663, 15.368091659004264 ] } },
{ "type": "Feature", "properties": { "road_key": "61000000ST173", "road_name": "ถนนในโครงการ (ตำบลท่าโพ) (1)", "road_no": "0", "aumpher": "อำเภอหนองขาหย่าง", "office": "สาขาเมือง", "branch_code": "61000000", "name_short": "None", "price_new": 800, "price_old": 400, "width_m": 4, "pt_i": 0 }, "geometry": { "type": "Point", "coordinates": [ 99.998157773693663, 15.368091659004264 ] } },
{ "type": "Feature", "properties": { "road_key": "61000000ST173", "road_name": "ถนนในโครงการ (ตำบลท่าโพ) (1)", "road_no": "0", "aumpher": "อำเภอหนองขาหย่าง", "office": "สาขาเมือง", "branch_code": "61000000", "name_short": "None", "price_new": 800, "price_old": 400, "width_m": 4, "pt_i": 1 }, "geometry": { "type": "Point", "coordinates": [ 99.999264951061576, 15.368242083399315 ] } },
{ "type": "Feature", "properties": { "road_key": "61000000ST173", "road_name": "ถนนในโครงการ (ตำบลท่าโพ) (1)", "road_no": "0", "aumpher": "อำเภอหนองขาหย่าง", "office": "สาขาเมือง", "branch_code": "61000000", "name_short": "None", "price_new": 800, "price_old": 400, "width_m": 4, "pt_i": 0 }, "geometry": { "type": "Point", "coordinates": [ 99.998157773693663, 15.368091659004264 ] } },
{ "type": "Feature", "properties": { "road_key": "61000000ST173", "road_name": "ถนนในโครงการ (ตำบลท่าโพ) (1)", "road_no": "0", "aumpher": "อำเภอหนองขาหย่าง", "office": "สาขาเมือง", "branch_code": "61000000", "name_short": "None", "price_new": 800, "price_old": 400, "width_m": 4, "pt_i": 1 }, "geometry": { "type": "Point", "coordinates": [ 99.998096444557305, 15.368432977896425 ] } },
{ "type": "Feature", "properties": { "road_key": "61000000ST173", "road_name": "ถนนในโครงการ (ตำบลท่าโพ) (1)", "road_no": "0", "aumpher": "อำเภอหนองขาหย่าง", "office": "สาขาเมือง", "branch_code": "61000000", "name_short": "None", "price_new": 800, "price_old": 400, "width_m": 4, "pt_i": 0 }, "geometry": { "type": "Point", "coordinates": [ 99.99657907544028, 15.368167647481593 ] } },
{ "type": "Feature", "properties": { "road_key": "61000000ST173", "road_name": "ถนนในโครงการ (ตำบลท่าโพ) (1)", "road_no": "0", "aumpher": "อำเภอหนองขาหย่าง", "office": "สาขาเมือง", "branch_code": "61000000", "name_short": "None", "price_new": 800, "price_old": 400, "width_m": 4, "pt_i": 1 }, "geometry": { "type": "Point", "coordinates": [ 99.996770661031817, 15.367098941608795 ] } },
{ "type": "Feature", "properties": { "road_key": "61000000ST173", "road_name": "ถนนในโครงการ (ตำบลท่าโพ) (1)", "road_no": "0", "aumpher": "อำเภอหนองขาหย่าง", "office": "สาขาเมือง", "branch_code": "61000000", "name_short": "None", "price_new": 800, "price_old": 400, "width_m": 4, "pt_i": 0 }, "geometry": { "type": "Point", "coordinates": [ 99.99657907544028, 15.368167647481593 ] } },
{ "type": "Feature", "properties": { "road_key": "61000000ST173", "road_name": "ถนนในโครงการ (ตำบลท่าโพ) (1)", "road_no": "0", "aumpher": "อำเภอหนองขาหย่าง", "office": "สาขาเมือง", "branch_code": "61000000", "name_short": "None", "price_new": 800, "price_old": 400, "width_m": 4, "pt_i": 1 }, "geometry": { "type": "Point", "coordinates": [ 99.997679330513492, 15.368360041550513 ] } },
{ "type": "Feature", "properties": { "road_key": "61000000ST173", "road_name": "ถนนในโครงการ (ตำบลท่าโพ) (1)", "road_no": "0", "aumpher": "อำเภอหนองขาหย่าง", "office": "สาขาเมือง", "branch_code": "61000000", "name_short": "None", "price_new": 800, "price_old": 400, "width_m": 4, "pt_i": 0 }, "geometry": { "type": "Point", "coordinates": [ 99.998096444557305, 15.368432977896425 ] } },
{ "type": "Feature", "properties": { "road_key": "61000000ST173", "road_name": "ถนนในโครงการ (ตำบลท่าโพ) (1)", "road_no": "0", "aumpher": "อำเภอหนองขาหย่าง", "office": "สาขาเมือง", "branch_code": "61000000", "name_short": "None", "price_new": 800, "price_old": 400, "width_m": 4, "pt_i": 1 }, "geometry": { "type": "Point", "coordinates": [ 99.997999357367263, 15.368868978313472 ] } },
{ "type": "Feature", "properties": { "road_key": "61000000ST173", "road_name": "ถนนในโครงการ (ตำบลท่าโพ) (1)", "road_no": "0", "aumpher": "อำเภอหนองขาหย่าง", "office": "สาขาเมือง", "branch_code": "61000000", "name_short": "None", "price_new": 800, "price_old": 400, "width_m": 4, "pt_i": 0 }, "geometry": { "type": "Point", "coordinates": [ 99.996714763646622, 15.368648884910293 ] } },
{ "type": "Feature", "properties": { "road_key": "61000000ST173", "road_name": "ถนนในโครงการ (ตำบลท่าโพ) (1)", "road_no": "0", "aumpher": "อำเภอหนองขาหย่าง", "office": "สาขาเมือง", "branch_code": "61000000", "name_short": "None", "price_new": 800, "price_old": 400, "width_m": 4, "pt_i": 1 }, "geometry": { "type": "Point", "coordinates": [ 99.99657907544028, 15.368167647481593 ] } },
{ "type": "Feature", "properties": { "road_key": "61000000ST173", "road_name": "ถนนในโครงการ (ตำบลท่าโพ) (1)", "road_no": "0", "aumpher": "อำเภอหนองขาหย่าง", "office": "สาขาเมือง", "branch_code": "61000000", "name_short": "None", "price_new": 800, "price_old": 400, "width_m": 4, "pt_i": 0 }, "geometry": { "type": "Point", "coordinates": [ 99.996714763646622, 15.368648884910293 ] } },
{ "type": "Feature", "properties": { "road_key": "61000000ST173", "road_name": "ถนนในโครงการ (ตำบลท่าโพ) (1)", "road_no": "0", "aumpher": "อำเภอหนองขาหย่าง", "office": "สาขาเมือง", "branch_code": "61000000", "name_short": "None", "price_new": 800, "price_old": 400, "width_m": 4, "pt_i": 1 }, "geometry": { "type": "Point", "coordinates": [ 99.997815713338213, 15.3688375145032 ] } },
{ "type": "Feature", "properties": { "road_key": "61000000ST173", "road_name": "ถนนในโครงการ (ตำบลท่าโพ) (1)", "road_no": "0", "aumpher": "อำเภอหนองขาหย่าง", "office": "สาขาเมือง", "branch_code": "61000000", "name_short": "None", "price_new": 800, "price_old": 400, "width_m": 4, "pt_i": 0 }, "geometry": { "type": "Point", "coordinates": [ 99.997999357367263, 15.368868978313472 ] } },
{ "type": "Feature", "properties": { "road_key": "61000000ST173", "road_name": "ถนนในโครงการ (ตำบลท่าโพ) (1)", "road_no": "0", "aumpher": "อำเภอหนองขาหย่าง", "office": "สาขาเมือง", "branch_code": "61000000", "name_short": "None", "price_new": 800, "price_old": 400, "width_m": 4, "pt_i": 1 }, "geometry": { "type": "Point", "coordinates": [ 99.997206631839276, 15.369158755731299 ] } },
{ "type": "Feature", "properties": { "road_key": "61000000ST232.1", "road_name": "ถนนบ้านหนองขาหย่าง-บ้านหนองระแหงใต้ ช่วงที่ 1", "road_no": "0", "aumpher": "อำเภอหนองขาหย่าง", "office": "สาขาเมือง", "branch_code": "61000000", "name_short": "None", "price_new": 850, "price_old": 800, "width_m": 4, "pt_i": 0 }, "geometry": { "type": "Point", "coordinates": [ 99.926503606717574, 15.363714870267192 ] } },
{ "type": "Feature", "properties": { "road_key": "61000000ST232.1", "road_name": "ถนนบ้านหนองขาหย่าง-บ้านหนองระแหงใต้ ช่วงที่ 1", "road_no": "0", "aumpher": "อำเภอหนองขาหย่าง", "office": "สาขาเมือง", "branch_code": "61000000", "name_short": "None", "price_new": 850, "price_old": 800, "width_m": 4, "pt_i": 1 }, "geometry": { "type": "Point", "coordinates": [ 99.926217124066653, 15.362671571962135 ] } },
{ "type": "Feature", "properties": { "road_key": "61000000ST232.1", "road_name": "ถนนบ้านหนองขาหย่าง-บ้านหนองระแหงใต้ ช่วงที่ 1", "road_no": "0", "aumpher": "อำเภอหนองขาหย่าง", "office": "สาขาเมือง", "branch_code": "61000000", "name_short": "None", "price_new": 850, "price_old": 800, "width_m": 4, "pt_i": 2 }, "geometry": { "type": "Point", "coordinates": [ 99.925758854042087, 15.361688836710432 ] } },
{ "type": "Feature", "properties": { "road_key": "61000000ST232.1", "road_name": "ถนนบ้านหนองขาหย่าง-บ้านหนองระแหงใต้ ช่วงที่ 1", "road_no": "0", "aumpher": "อำเภอหนองขาหย่าง", "office": "สาขาเมือง", "branch_code": "61000000", "name_short": "None", "price_new": 850, "price_old": 800, "width_m": 4, "pt_i": 3 }, "geometry": { "type": "Point", "coordinates": [ 99.925477718950432, 15.360641622169577 ] } },
{ "type": "Feature", "properties": { "road_key": "61000000ST232.1", "road_name": "ถนนบ้านหนองขาหย่าง-บ้านหนองระแหงใต้ ช่วงที่ 1", "road_no": "0", "aumpher": "อำเภอหนองขาหย่าง", "office": "สาขาเมือง", "branch_code": "61000000", "name_short": "None", "price_new": 850, "price_old": 800, "width_m": 4, "pt_i": 4 }, "geometry": { "type": "Point", "coordinates": [ 99.925112414728005, 15.359616805802046 ] } },
{ "type": "Feature", "properties": { "road_key": "61000000ST232.2", "road_name": "ถนนบ้านหนองขาหย่าง-บ้านหนองระแหงใต้ ช่วงที่ 3", "road_no": "0", "aumpher": "อำเภอหนองขาหย่าง", "office": "สาขาเมือง", "branch_code": "61000000", "name_short": "None", "price_new": 300, "price_old": 150, "width_m": 4, "pt_i": 0 }, "geometry": { "type": "Point", "coordinates": [ 99.920981723236878, 15.355966430914163 ] } },
{ "type": "Feature", "properties": { "road_key": "61000000ST232.2", "road_name": "ถนนบ้านหนองขาหย่าง-บ้านหนองระแหงใต้ ช่วงที่ 3", "road_no": "0", "aumpher": "อำเภอหนองขาหย่าง", "office": "สาขาเมือง", "branch_code": "61000000", "name_short": "None", "price_new": 300, "price_old": 150, "width_m": 4, "pt_i": 1 }, "geometry": { "type": "Point", "coordinates": [ 99.920337397602808, 15.355102351256033 ] } },
{ "type": "Feature", "properties": { "road_key": "61000000ST232.2", "road_name": "ถนนบ้านหนองขาหย่าง-บ้านหนองระแหงใต้ ช่วงที่ 3", "road_no": "0", "aumpher": "อำเภอหนองขาหย่าง", "office": "สาขาเมือง", "branch_code": "61000000", "name_short": "None", "price_new": 300, "price_old": 150, "width_m": 4, "pt_i": 2 }, "geometry": { "type": "Point", "coordinates": [ 99.919817772271628, 15.35414421475396 ] } },
{ "type": "Feature", "properties": { "road_key": "61000000ST232.2", "road_name": "ถนนบ้านหนองขาหย่าง-บ้านหนองระแหงใต้ ช่วงที่ 3", "road_no": "0", "aumpher": "อำเภอหนองขาหย่าง", "office": "สาขาเมือง", "branch_code": "61000000", "name_short": "None", "price_new": 300, "price_old": 150, "width_m": 4, "pt_i": 3 }, "geometry": { "type": "Point", "coordinates": [ 99.919106283235806, 15.353489445884074 ] } },
{ "type": "Feature", "properties": { "road_key": "61000000ST232.2", "road_name": "ถนนบ้านหนองขาหย่าง-บ้านหนองระแหงใต้ ช่วงที่ 3", "road_no": "0", "aumpher": "อำเภอหนองขาหย่าง", "office": "สาขาเมือง", "branch_code": "61000000", "name_short": "None", "price_new": 300, "price_old": 150, "width_m": 4, "pt_i": 4 }, "geometry": { "type": "Point", "coordinates": [ 99.918709122834571, 15.352500672168912 ] } },
{ "type": "Feature", "properties": { "road_key": "61000000ST232.2", "road_name": "ถนนบ้านหนองขาหย่าง-บ้านหนองระแหงใต้ ช่วงที่ 3", "road_no": "0", "aumpher": "อำเภอหนองขาหย่าง", "office": "สาขาเมือง", "branch_code": "61000000", "name_short": "None", "price_new": 300, "price_old": 150, "width_m": 4, "pt_i": 5 }, "geometry": { "type": "Point", "coordinates": [ 99.918509293221419, 15.35144636167219 ] } },
{ "type": "Feature", "properties": { "road_key": "61000000ST232.2", "road_name": "ถนนบ้านหนองขาหย่าง-บ้านหนองระแหงใต้ ช่วงที่ 3", "road_no": "0", "aumpher": "อำเภอหนองขาหย่าง", "office": "สาขาเมือง", "branch_code": "61000000", "name_short": "None", "price_new": 300, "price_old": 150, "width_m": 4, "pt_i": 6 }, "geometry": { "type": "Point", "coordinates": [ 99.918035344253056, 15.350517022789248 ] } },
{ "type": "Feature", "properties": { "road_key": "61000000ST232.2", "road_name": "ถนนบ้านหนองขาหย่าง-บ้านหนองระแหงใต้ ช่วงที่ 3", "road_no": "0", "aumpher": "อำเภอหนองขาหย่าง", "office": "สาขาเมือง", "branch_code": "61000000", "name_short": "None", "price_new": 300, "price_old": 150, "width_m": 4, "pt_i": 7 }, "geometry": { "type": "Point", "coordinates": [ 99.916930611470619, 15.350576385136575 ] } },
{ "type": "Feature", "properties": { "road_key": "61000000ST232.2", "road_name": "ถนนบ้านหนองขาหย่าง-บ้านหนองระแหงใต้ ช่วงที่ 3", "road_no": "0", "aumpher": "อำเภอหนองขาหย่าง", "office": "สาขาเมือง", "branch_code": "61000000", "name_short": "None", "price_new": 300, "price_old": 150, "width_m": 4, "pt_i": 8 }, "geometry": { "type": "Point", "coordinates": [ 99.916057929783506, 15.349981877599166 ] } },
{ "type": "Feature", "properties": { "road_key": "61000000ST232.2", "road_name": "ถนนบ้านหนองขาหย่าง-บ้านหนองระแหงใต้ ช่วงที่ 3", "road_no": "0", "aumpher": "อำเภอหนองขาหย่าง", "office": "สาขาเมือง", "branch_code": "61000000", "name_short": "None", "price_new": 300, "price_old": 150, "width_m": 4, "pt_i": 9 }, "geometry": { "type": "Point", "coordinates": [ 99.915219833654533, 15.349265642945319 ] } },
{ "type": "Feature", "properties": { "road_key": "61000000ST232.2", "road_name": "ถนนบ้านหนองขาหย่าง-บ้านหนองระแหงใต้ ช่วงที่ 3", "road_no": "0", "aumpher": "อำเภอหนองขาหย่าง", "office": "สาขาเมือง", "branch_code": "61000000", "name_short": "None", "price_new": 300, "price_old": 150, "width_m": 4, "pt_i": 10 }, "geometry": { "type": "Point", "coordinates": [ 99.914348550086302, 15.348601512632852 ] } },
{ "type": "Feature", "properties": { "road_key": "61000000ST232.2", "road_name": "ถนนบ้านหนองขาหย่าง-บ้านหนองระแหงใต้ ช่วงที่ 3", "road_no": "0", "aumpher": "อำเภอหนองขาหย่าง", "office": "สาขาเมือง", "branch_code": "61000000", "name_short": "None", "price_new": 300, "price_old": 150, "width_m": 4, "pt_i": 11 }, "geometry": { "type": "Point", "coordinates": [ 99.913334650616804, 15.34888368615109 ] } },
{ "type": "Feature", "properties": { "road_key": "61000000ST232.2", "road_name": "ถนนบ้านหนองขาหย่าง-บ้านหนองระแหงใต้ ช่วงที่ 3", "road_no": "0", "aumpher": "อำเภอหนองขาหย่าง", "office": "สาขาเมือง", "branch_code": "61000000", "name_short": "None", "price_new": 300, "price_old": 150, "width_m": 4, "pt_i": 12 }, "geometry": { "type": "Point", "coordinates": [ 99.912244876126664, 15.34902692331946 ] } },
{ "type": "Feature", "properties": { "road_key": "61000000ST232.2", "road_name": "ถนนบ้านหนองขาหย่าง-บ้านหนองระแหงใต้ ช่วงที่ 3", "road_no": "0", "aumpher": "อำเภอหนองขาหย่าง", "office": "สาขาเมือง", "branch_code": "61000000", "name_short": "None", "price_new": 300, "price_old": 150, "width_m": 4, "pt_i": 13 }, "geometry": { "type": "Point", "coordinates": [ 99.911152746679818, 15.349198559845165 ] } },
{ "type": "Feature", "properties": { "road_key": "61000000ST232.2", "road_name": "ถนนบ้านหนองขาหย่าง-บ้านหนองระแหงใต้ ช่วงที่ 3", "road_no": "0", "aumpher": "อำเภอหนองขาหย่าง", "office": "สาขาเมือง", "branch_code": "61000000", "name_short": "None", "price_new": 300, "price_old": 150, "width_m": 4, "pt_i": 0 }, "geometry": { "type": "Point", "coordinates": [ 99.92495763158017, 15.35927349597916 ] } },
{ "type": "Feature", "properties": { "road_key": "61000000ST232.2", "road_name": "ถนนบ้านหนองขาหย่าง-บ้านหนองระแหงใต้ ช่วงที่ 3", "road_no": "0", "aumpher": "อำเภอหนองขาหย่าง", "office": "สาขาเมือง", "branch_code": "61000000", "name_short": "None", "price_new": 300, "price_old": 150, "width_m": 4, "pt_i": 1 }, "geometry": { "type": "Point", "coordinates": [ 99.924394823878302, 15.358340622541901 ] } },
{ "type": "Feature", "properties": { "road_key": "61000000ST232.2", "road_name": "ถนนบ้านหนองขาหย่าง-บ้านหนองระแหงใต้ ช่วงที่ 3", "road_no": "0", "aumpher": "อำเภอหนองขาหย่าง", "office": "สาขาเมือง", "branch_code": "61000000", "name_short": "None", "price_new": 300, "price_old": 150, "width_m": 4, "pt_i": 2 }, "geometry": { "type": "Point", "coordinates": [ 99.923598573337259, 15.357584761785921 ] } },
{ "type": "Feature", "properties": { "road_key": "61000000ST232.2", "road_name": "ถนนบ้านหนองขาหย่าง-บ้านหนองระแหงใต้ ช่วงที่ 3", "road_no": "0", "aumpher": "อำเภอหนองขาหย่าง", "office": "สาขาเมือง", "branch_code": "61000000", "name_short": "None", "price_new": 300, "price_old": 150, "width_m": 4, "pt_i": 3 }, "geometry": { "type": "Point", "coordinates": [ 99.922696960142019, 15.356954055638711 ] } },
{ "type": "Feature", "properties": { "road_key": "61000000ST232.2", "road_name": "ถนนบ้านหนองขาหย่าง-บ้านหนองระแหงใต้ ช่วงที่ 3", "road_no": "0", "aumpher": "อำเภอหนองขาหย่าง", "office": "สาขาเมือง", "branch_code": "61000000", "name_short": "None", "price_new": 300, "price_old": 150, "width_m": 4, "pt_i": 4 }, "geometry": { "type": "Point", "coordinates": [ 99.921865507936062, 15.356258105470538 ] } },
{ "type": "Feature", "properties": { "road_key": "61000000ST233", "road_name": "ถนนสายบ้านเนินคร้อ-บ้านวัดใหม่", "road_no": "0", "aumpher": "อำเภอหนองขาหย่าง", "office": "สาขาเมือง", "branch_code": "61000000", "name_short": "None", "price_new": 200, "price_old": 150, "width_m": 4, "pt_i": 0 }, "geometry": { "type": "Point", "coordinates": [ 99.990027072516341, 15.315878778654982 ] } },
{ "type": "Feature", "properties": { "road_key": "61000000ST233", "road_name": "ถนนสายบ้านเนินคร้อ-บ้านวัดใหม่", "road_no": "0", "aumpher": "อำเภอหนองขาหย่าง", "office": "สาขาเมือง", "branch_code": "61000000", "name_short": "None", "price_new": 200, "price_old": 150, "width_m": 4, "pt_i": 1 }, "geometry": { "type": "Point", "coordinates": [ 99.99040392374674, 15.314887901119638 ] } },
{ "type": "Feature", "properties": { "road_key": "61000000ST233", "road_name": "ถนนสายบ้านเนินคร้อ-บ้านวัดใหม่", "road_no": "0", "aumpher": "อำเภอหนองขาหย่าง", "office": "สาขาเมือง", "branch_code": "61000000", "name_short": "None", "price_new": 200, "price_old": 150, "width_m": 4, "pt_i": 2 }, "geometry": { "type": "Point", "coordinates": [ 99.99087016406115, 15.313904683316085 ] } },
{ "type": "Feature", "properties": { "road_key": "61000000ST233", "road_name": "ถนนสายบ้านเนินคร้อ-บ้านวัดใหม่", "road_no": "0", "aumpher": "อำเภอหนองขาหย่าง", "office": "สาขาเมือง", "branch_code": "61000000", "name_short": "None", "price_new": 200, "price_old": 150, "width_m": 4, "pt_i": 3 }, "geometry": { "type": "Point", "coordinates": [ 99.99111211294877, 15.312851115503618 ] } },
{ "type": "Feature", "properties": { "road_key": "61000000ST233", "road_name": "ถนนสายบ้านเนินคร้อ-บ้านวัดใหม่", "road_no": "0", "aumpher": "อำเภอหนองขาหย่าง", "office": "สาขาเมือง", "branch_code": "61000000", "name_short": "None", "price_new": 200, "price_old": 150, "width_m": 4, "pt_i": 4 }, "geometry": { "type": "Point", "coordinates": [ 99.991738147293248, 15.312012294472263 ] } },
{ "type": "Feature", "properties": { "road_key": "61000000ST233", "road_name": "ถนนสายบ้านเนินคร้อ-บ้านวัดใหม่", "road_no": "0", "aumpher": "อำเภอหนองขาหย่าง", "office": "สาขาเมือง", "branch_code": "61000000", "name_short": "None", "price_new": 200, "price_old": 150, "width_m": 4, "pt_i": 5 }, "geometry": { "type": "Point", "coordinates": [ 99.991598204809193, 15.31093621520932 ] } },
{ "type": "Feature", "properties": { "road_key": "61000000ST233", "road_name": "ถนนสายบ้านเนินคร้อ-บ้านวัดใหม่", "road_no": "0", "aumpher": "อำเภอหนองขาหย่าง", "office": "สาขาเมือง", "branch_code": "61000000", "name_short": "None", "price_new": 200, "price_old": 150, "width_m": 4, "pt_i": 6 }, "geometry": { "type": "Point", "coordinates": [ 99.992308495742705, 15.310327619159674 ] } },
{ "type": "Feature", "properties": { "road_key": "61000000ST233", "road_name": "ถนนสายบ้านเนินคร้อ-บ้านวัดใหม่", "road_no": "0", "aumpher": "อำเภอหนองขาหย่าง", "office": "สาขาเมือง", "branch_code": "61000000", "name_short": "None", "price_new": 200, "price_old": 150, "width_m": 4, "pt_i": 7 }, "geometry": { "type": "Point", "coordinates": [ 99.992013224289963, 15.309319375767339 ] } },
{ "type": "Feature", "properties": { "road_key": "61000000ST233", "road_name": "ถนนสายบ้านเนินคร้อ-บ้านวัดใหม่", "road_no": "0", "aumpher": "อำเภอหนองขาหย่าง", "office": "สาขาเมือง", "branch_code": "61000000", "name_short": "None", "price_new": 200, "price_old": 150, "width_m": 4, "pt_i": 8 }, "geometry": { "type": "Point", "coordinates": [ 99.991659485986091, 15.308299849880511 ] } },
{ "type": "Feature", "properties": { "road_key": "61000000ST233", "road_name": "ถนนสายบ้านเนินคร้อ-บ้านวัดใหม่", "road_no": "0", "aumpher": "อำเภอหนองขาหย่าง", "office": "สาขาเมือง", "branch_code": "61000000", "name_short": "None", "price_new": 200, "price_old": 150, "width_m": 4, "pt_i": 9 }, "geometry": { "type": "Point", "coordinates": [ 99.991768871114999, 15.307222016541907 ] } },
{ "type": "Feature", "properties": { "road_key": "61000000ST233", "road_name": "ถนนสายบ้านเนินคร้อ-บ้านวัดใหม่", "road_no": "0", "aumpher": "อำเภอหนองขาหย่าง", "office": "สาขาเมือง", "branch_code": "61000000", "name_short": "None", "price_new": 200, "price_old": 150, "width_m": 4, "pt_i": 10 }, "geometry": { "type": "Point", "coordinates": [ 99.992426209681184, 15.30642991387505 ] } },
{ "type": "Feature", "properties": { "road_key": "61000000ST233", "road_name": "ถนนสายบ้านเนินคร้อ-บ้านวัดใหม่", "road_no": "0", "aumpher": "อำเภอหนองขาหย่าง", "office": "สาขาเมือง", "branch_code": "61000000", "name_short": "None", "price_new": 200, "price_old": 150, "width_m": 4, "pt_i": 11 }, "geometry": { "type": "Point", "coordinates": [ 99.992504169418481, 15.305349839180968 ] } },
{ "type": "Feature", "properties": { "road_key": "61000000ST233", "road_name": "ถนนสายบ้านเนินคร้อ-บ้านวัดใหม่", "road_no": "0", "aumpher": "อำเภอหนองขาหย่าง", "office": "สาขาเมือง", "branch_code": "61000000", "name_short": "None", "price_new": 200, "price_old": 150, "width_m": 4, "pt_i": 12 }, "geometry": { "type": "Point", "coordinates": [ 99.992465049131098, 15.304266962606029 ] } },
{ "type": "Feature", "properties": { "road_key": "61000000ST233", "road_name": "ถนนสายบ้านเนินคร้อ-บ้านวัดใหม่", "road_no": "0", "aumpher": "อำเภอหนองขาหย่าง", "office": "สาขาเมือง", "branch_code": "61000000", "name_short": "None", "price_new": 200, "price_old": 150, "width_m": 4, "pt_i": 13 }, "geometry": { "type": "Point", "coordinates": [ 99.992509219960866, 15.303196765972819 ] } },
{ "type": "Feature", "properties": { "road_key": "61000000ST233", "road_name": "ถนนสายบ้านเนินคร้อ-บ้านวัดใหม่", "road_no": "0", "aumpher": "อำเภอหนองขาหย่าง", "office": "สาขาเมือง", "branch_code": "61000000", "name_short": "None", "price_new": 200, "price_old": 150, "width_m": 4, "pt_i": 14 }, "geometry": { "type": "Point", "coordinates": [ 99.992338374785092, 15.30215584230913 ] } },
{ "type": "Feature", "properties": { "road_key": "61000000ST233", "road_name": "ถนนสายบ้านเนินคร้อ-บ้านวัดใหม่", "road_no": "0", "aumpher": "อำเภอหนองขาหย่าง", "office": "สาขาเมือง", "branch_code": "61000000", "name_short": "None", "price_new": 200, "price_old": 150, "width_m": 4, "pt_i": 15 }, "geometry": { "type": "Point", "coordinates": [ 99.992232244539565, 15.301198988803883 ] } },
{ "type": "Feature", "properties": { "road_key": "61000000ST233", "road_name": "ถนนสายบ้านเนินคร้อ-บ้านวัดใหม่", "road_no": "0", "aumpher": "อำเภอหนองขาหย่าง", "office": "สาขาเมือง", "branch_code": "61000000", "name_short": "None", "price_new": 200, "price_old": 150, "width_m": 4, "pt_i": 16 }, "geometry": { "type": "Point", "coordinates": [ 99.991351242677538, 15.300536092604951 ] } },
{ "type": "Feature", "properties": { "road_key": "61000000ST233", "road_name": "ถนนสายบ้านเนินคร้อ-บ้านวัดใหม่", "road_no": "0", "aumpher": "อำเภอหนองขาหย่าง", "office": "สาขาเมือง", "branch_code": "61000000", "name_short": "None", "price_new": 200, "price_old": 150, "width_m": 4, "pt_i": 17 }, "geometry": { "type": "Point", "coordinates": [ 99.990823288841668, 15.299807552599312 ] } },
{ "type": "Feature", "properties": { "road_key": "61000000ST234", "road_name": "ถนนสายแยก อน 4017-บ้านเนินบ้าน", "road_no": "0", "aumpher": "อำเภอหนองขาหย่าง", "office": "สาขาเมือง", "branch_code": "61000000", "name_short": "None", "price_new": 200, "price_old": 150, "width_m": 4, "pt_i": 0 }, "geometry": { "type": "Point", "coordinates": [ 99.972193833670204, 15.309546311512531 ] } },
{ "type": "Feature", "properties": { "road_key": "61000000ST234", "road_name": "ถนนสายแยก อน 4017-บ้านเนินบ้าน", "road_no": "0", "aumpher": "อำเภอหนองขาหย่าง", "office": "สาขาเมือง", "branch_code": "61000000", "name_short": "None", "price_new": 200, "price_old": 150, "width_m": 4, "pt_i": 1 }, "geometry": { "type": "Point", "coordinates": [ 99.971873676759714, 15.308510691423963 ] } },
{ "type": "Feature", "properties": { "road_key": "61000000ST234", "road_name": "ถนนสายแยก อน 4017-บ้านเนินบ้าน", "road_no": "0", "aumpher": "อำเภอหนองขาหย่าง", "office": "สาขาเมือง", "branch_code": "61000000", "name_short": "None", "price_new": 200, "price_old": 150, "width_m": 4, "pt_i": 2 }, "geometry": { "type": "Point", "coordinates": [ 99.971928616076937, 15.307430685390388 ] } },
{ "type": "Feature", "properties": { "road_key": "61000000ST234", "road_name": "ถนนสายแยก อน 4017-บ้านเนินบ้าน", "road_no": "0", "aumpher": "อำเภอหนองขาหย่าง", "office": "สาขาเมือง", "branch_code": "61000000", "name_short": "None", "price_new": 200, "price_old": 150, "width_m": 4, "pt_i": 3 }, "geometry": { "type": "Point", "coordinates": [ 99.972347016232277, 15.306425023563452 ] } },
{ "type": "Feature", "properties": { "road_key": "61000000ST234", "road_name": "ถนนสายแยก อน 4017-บ้านเนินบ้าน", "road_no": "0", "aumpher": "อำเภอหนองขาหย่าง", "office": "สาขาเมือง", "branch_code": "61000000", "name_short": "None", "price_new": 200, "price_old": 150, "width_m": 4, "pt_i": 4 }, "geometry": { "type": "Point", "coordinates": [ 99.972444270409383, 15.305386566758701 ] } },
{ "type": "Feature", "properties": { "road_key": "61000000ST234", "road_name": "ถนนสายแยก อน 4017-บ้านเนินบ้าน", "road_no": "0", "aumpher": "อำเภอหนองขาหย่าง", "office": "สาขาเมือง", "branch_code": "61000000", "name_short": "None", "price_new": 200, "price_old": 150, "width_m": 4, "pt_i": 5 }, "geometry": { "type": "Point", "coordinates": [ 99.972683302750511, 15.304342317066592 ] } },
{ "type": "Feature", "properties": { "road_key": "61000000ST234", "road_name": "ถนนสายแยก อน 4017-บ้านเนินบ้าน", "road_no": "0", "aumpher": "อำเภอหนองขาหย่าง", "office": "สาขาเมือง", "branch_code": "61000000", "name_short": "None", "price_new": 200, "price_old": 150, "width_m": 4, "pt_i": 6 }, "geometry": { "type": "Point", "coordinates": [ 99.972744157212986, 15.303261884956354 ] } },
{ "type": "Feature", "properties": { "road_key": "61000000ST234", "road_name": "ถนนสายแยก อน 4017-บ้านเนินบ้าน", "road_no": "0", "aumpher": "อำเภอหนองขาหย่าง", "office": "สาขาเมือง", "branch_code": "61000000", "name_short": "None", "price_new": 200, "price_old": 150, "width_m": 4, "pt_i": 7 }, "geometry": { "type": "Point", "coordinates": [ 99.972769482881844, 15.302177391492219 ] } },
{ "type": "Feature", "properties": { "road_key": "61000000ST234", "road_name": "ถนนสายแยก อน 4017-บ้านเนินบ้าน", "road_no": "0", "aumpher": "อำเภอหนองขาหย่าง", "office": "สาขาเมือง", "branch_code": "61000000", "name_short": "None", "price_new": 200, "price_old": 150, "width_m": 4, "pt_i": 8 }, "geometry": { "type": "Point", "coordinates": [ 99.972803634703865, 15.301093152056842 ] } },
{ "type": "Feature", "properties": { "road_key": "61000000ST234", "road_name": "ถนนสายแยก อน 4017-บ้านเนินบ้าน", "road_no": "0", "aumpher": "อำเภอหนองขาหย่าง", "office": "สาขาเมือง", "branch_code": "61000000", "name_short": "None", "price_new": 200, "price_old": 150, "width_m": 4, "pt_i": 9 }, "geometry": { "type": "Point", "coordinates": [ 99.972865226284625, 15.300010654206643 ] } },
{ "type": "Feature", "properties": { "road_key": "61000000ST235", "road_name": "ถนนายบ้านปากดง", "road_no": "0", "aumpher": "อำเภอหนองขาหย่าง", "office": "สาขาเมือง", "branch_code": "61000000", "name_short": "None", "price_new": 200, "price_old": 150, "width_m": 4, "pt_i": 0 }, "geometry": { "type": "Point", "coordinates": [ 99.979542573267608, 15.309680572674607 ] } },
{ "type": "Feature", "properties": { "road_key": "61000000ST235", "road_name": "ถนนายบ้านปากดง", "road_no": "0", "aumpher": "อำเภอหนองขาหย่าง", "office": "สาขาเมือง", "branch_code": "61000000", "name_short": "None", "price_new": 200, "price_old": 150, "width_m": 4, "pt_i": 1 }, "geometry": { "type": "Point", "coordinates": [ 99.980312591823022, 15.308924005156529 ] } },
{ "type": "Feature", "properties": { "road_key": "61000000ST235", "road_name": "ถนนายบ้านปากดง", "road_no": "0", "aumpher": "อำเภอหนองขาหย่าง", "office": "สาขาเมือง", "branch_code": "61000000", "name_short": "None", "price_new": 200, "price_old": 150, "width_m": 4, "pt_i": 2 }, "geometry": { "type": "Point", "coordinates": [ 99.981050831117813, 15.308169628885391 ] } },
{ "type": "Feature", "properties": { "road_key": "61000000ST235", "road_name": "ถนนายบ้านปากดง", "road_no": "0", "aumpher": "อำเภอหนองขาหย่าง", "office": "สาขาเมือง", "branch_code": "61000000", "name_short": "None", "price_new": 200, "price_old": 150, "width_m": 4, "pt_i": 3 }, "geometry": { "type": "Point", "coordinates": [ 99.981008619461221, 15.307087905902502 ] } },
{ "type": "Feature", "properties": { "road_key": "61000000ST235", "road_name": "ถนนายบ้านปากดง", "road_no": "0", "aumpher": "อำเภอหนองขาหย่าง", "office": "สาขาเมือง", "branch_code": "61000000", "name_short": "None", "price_new": 200, "price_old": 150, "width_m": 4, "pt_i": 4 }, "geometry": { "type": "Point", "coordinates": [ 99.981096591859284, 15.306010873872046 ] } },
{ "type": "Feature", "properties": { "road_key": "61000000ST235", "road_name": "ถนนายบ้านปากดง", "road_no": "0", "aumpher": "อำเภอหนองขาหย่าง", "office": "สาขาเมือง", "branch_code": "61000000", "name_short": "None", "price_new": 200, "price_old": 150, "width_m": 4, "pt_i": 5 }, "geometry": { "type": "Point", "coordinates": [ 99.981078373174839, 15.304933182717035 ] } },
{ "type": "Feature", "properties": { "road_key": "61000000ST235", "road_name": "ถนนายบ้านปากดง", "road_no": "0", "aumpher": "อำเภอหนองขาหย่าง", "office": "สาขาเมือง", "branch_code": "61000000", "name_short": "None", "price_new": 200, "price_old": 150, "width_m": 4, "pt_i": 6 }, "geometry": { "type": "Point", "coordinates": [ 99.981053331000737, 15.303849838768627 ] } },
{ "type": "Feature", "properties": { "road_key": "61000000ST235", "road_name": "ถนนายบ้านปากดง", "road_no": "0", "aumpher": "อำเภอหนองขาหย่าง", "office": "สาขาเมือง", "branch_code": "61000000", "name_short": "None", "price_new": 200, "price_old": 150, "width_m": 4, "pt_i": 7 }, "geometry": { "type": "Point", "coordinates": [ 99.980680488883465, 15.302904330946575 ] } },
{ "type": "Feature", "properties": { "road_key": "61000000ST235", "road_name": "ถนนายบ้านปากดง", "road_no": "0", "aumpher": "อำเภอหนองขาหย่าง", "office": "สาขาเมือง", "branch_code": "61000000", "name_short": "None", "price_new": 200, "price_old": 150, "width_m": 4, "pt_i": 8 }, "geometry": { "type": "Point", "coordinates": [ 99.979621783644433, 15.302996968088959 ] } },
{ "type": "Feature", "properties": { "road_key": "61000000ST235", "road_name": "ถนนายบ้านปากดง", "road_no": "0", "aumpher": "อำเภอหนองขาหย่าง", "office": "สาขาเมือง", "branch_code": "61000000", "name_short": "None", "price_new": 200, "price_old": 150, "width_m": 4, "pt_i": 9 }, "geometry": { "type": "Point", "coordinates": [ 99.978800026972579, 15.303577244113001 ] } },
{ "type": "Feature", "properties": { "road_key": "61000000ST235", "road_name": "ถนนายบ้านปากดง", "road_no": "0", "aumpher": "อำเภอหนองขาหย่าง", "office": "สาขาเมือง", "branch_code": "61000000", "name_short": "None", "price_new": 200, "price_old": 150, "width_m": 4, "pt_i": 10 }, "geometry": { "type": "Point", "coordinates": [ 99.977794834435144, 15.303741617799178 ] } },
{ "type": "Feature", "properties": { "road_key": "61000000ST235", "road_name": "ถนนายบ้านปากดง", "road_no": "0", "aumpher": "อำเภอหนองขาหย่าง", "office": "สาขาเมือง", "branch_code": "61000000", "name_short": "None", "price_new": 200, "price_old": 150, "width_m": 4, "pt_i": 11 }, "geometry": { "type": "Point", "coordinates": [ 99.976856339001117, 15.303238405096989 ] } },
{ "type": "Feature", "properties": { "road_key": "61000000ST235", "road_name": "ถนนายบ้านปากดง", "road_no": "0", "aumpher": "อำเภอหนองขาหย่าง", "office": "สาขาเมือง", "branch_code": "61000000", "name_short": "None", "price_new": 200, "price_old": 150, "width_m": 4, "pt_i": 12 }, "geometry": { "type": "Point", "coordinates": [ 99.975779122766966, 15.302986114882176 ] } },
{ "type": "Feature", "properties": { "road_key": "61000000ST235", "road_name": "ถนนายบ้านปากดง", "road_no": "0", "aumpher": "อำเภอหนองขาหย่าง", "office": "สาขาเมือง", "branch_code": "61000000", "name_short": "None", "price_new": 200, "price_old": 150, "width_m": 4, "pt_i": 13 }, "geometry": { "type": "Point", "coordinates": [ 99.974943362034452, 15.302541271095579 ] } },
{ "type": "Feature", "properties": { "road_key": "61000000ST235", "road_name": "ถนนายบ้านปากดง", "road_no": "0", "aumpher": "อำเภอหนองขาหย่าง", "office": "สาขาเมือง", "branch_code": "61000000", "name_short": "None", "price_new": 200, "price_old": 150, "width_m": 4, "pt_i": 14 }, "geometry": { "type": "Point", "coordinates": [ 99.974728259977724, 15.301522550952551 ] } },
{ "type": "Feature", "properties": { "road_key": "61000000ST235", "road_name": "ถนนายบ้านปากดง", "road_no": "0", "aumpher": "อำเภอหนองขาหย่าง", "office": "สาขาเมือง", "branch_code": "61000000", "name_short": "None", "price_new": 200, "price_old": 150, "width_m": 4, "pt_i": 15 }, "geometry": { "type": "Point", "coordinates": [ 99.973889946060467, 15.302071644730852 ] } },
{ "type": "Feature", "properties": { "road_key": "61000000ST235", "road_name": "ถนนายบ้านปากดง", "road_no": "0", "aumpher": "อำเภอหนองขาหย่าง", "office": "สาขาเมือง", "branch_code": "61000000", "name_short": "None", "price_new": 200, "price_old": 150, "width_m": 4, "pt_i": 16 }, "geometry": { "type": "Point", "coordinates": [ 99.973215859632006, 15.302915157743257 ] } },
{ "type": "Feature", "properties": { "road_key": "61000000ST250", "road_name": "ถนนในชุมชนบ้านห้วยไผ่ขุย", "road_no": "0", "aumpher": "อำเภอหนองขาหย่าง", "office": "สาขาเมือง", "branch_code": "61000000", "name_short": "None", "price_new": 250, "price_old": 150, "width_m": 4, "pt_i": 0 }, "geometry": { "type": "Point", "coordinates": [ 99.874417913019641, 15.331052760011909 ] } },
{ "type": "Feature", "properties": { "road_key": "61000000ST250", "road_name": "ถนนในชุมชนบ้านห้วยไผ่ขุย", "road_no": "0", "aumpher": "อำเภอหนองขาหย่าง", "office": "สาขาเมือง", "branch_code": "61000000", "name_short": "None", "price_new": 250, "price_old": 150, "width_m": 4, "pt_i": 1 }, "geometry": { "type": "Point", "coordinates": [ 99.874755301276551, 15.330119066264421 ] } },
{ "type": "Feature", "properties": { "road_key": "61000000ST250", "road_name": "ถนนในชุมชนบ้านห้วยไผ่ขุย", "road_no": "0", "aumpher": "อำเภอหนองขาหย่าง", "office": "สาขาเมือง", "branch_code": "61000000", "name_short": "None", "price_new": 250, "price_old": 150, "width_m": 4, "pt_i": 2 }, "geometry": { "type": "Point", "coordinates": [ 99.875815353806033, 15.329775537294468 ] } },
{ "type": "Feature", "properties": { "road_key": "61000000ST250", "road_name": "ถนนในชุมชนบ้านห้วยไผ่ขุย", "road_no": "0", "aumpher": "อำเภอหนองขาหย่าง", "office": "สาขาเมือง", "branch_code": "61000000", "name_short": "None", "price_new": 250, "price_old": 150, "width_m": 4, "pt_i": 3 }, "geometry": { "type": "Point", "coordinates": [ 99.876845346691908, 15.329360497497506 ] } },
{ "type": "Feature", "properties": { "road_key": "61000000ST250", "road_name": "ถนนในชุมชนบ้านห้วยไผ่ขุย", "road_no": "0", "aumpher": "อำเภอหนองขาหย่าง", "office": "สาขาเมือง", "branch_code": "61000000", "name_short": "None", "price_new": 250, "price_old": 150, "width_m": 4, "pt_i": 4 }, "geometry": { "type": "Point", "coordinates": [ 99.877884747260893, 15.328974912693335 ] } },
{ "type": "Feature", "properties": { "road_key": "61000000ST251", "road_name": "ถนนสายบ้านขุนทอง", "road_no": "0", "aumpher": "อำเภอหนองขาหย่าง", "office": "สาขาเมือง", "branch_code": "61000000", "name_short": "None", "price_new": 250, "price_old": 150, "width_m": 4, "pt_i": 0 }, "geometry": { "type": "Point", "coordinates": [ 99.876600574188444, 15.322218313594599 ] } },
{ "type": "Feature", "properties": { "road_key": "61000000ST251", "road_name": "ถนนสายบ้านขุนทอง", "road_no": "0", "aumpher": "อำเภอหนองขาหย่าง", "office": "สาขาเมือง", "branch_code": "61000000", "name_short": "None", "price_new": 250, "price_old": 150, "width_m": 4, "pt_i": 1 }, "geometry": { "type": "Point", "coordinates": [ 99.875957050174435, 15.321364219217067 ] } },
{ "type": "Feature", "properties": { "road_key": "61000000ST251", "road_name": "ถนนสายบ้านขุนทอง", "road_no": "0", "aumpher": "อำเภอหนองขาหย่าง", "office": "สาขาเมือง", "branch_code": "61000000", "name_short": "None", "price_new": 250, "price_old": 150, "width_m": 4, "pt_i": 2 }, "geometry": { "type": "Point", "coordinates": [ 99.875320286528293, 15.320573429920964 ] } },
{ "type": "Feature", "properties": { "road_key": "61000000ST251", "road_name": "ถนนสายบ้านขุนทอง", "road_no": "0", "aumpher": "อำเภอหนองขาหย่าง", "office": "สาขาเมือง", "branch_code": "61000000", "name_short": "None", "price_new": 250, "price_old": 150, "width_m": 4, "pt_i": 3 }, "geometry": { "type": "Point", "coordinates": [ 99.874361390001283, 15.320268059514191 ] } },
{ "type": "Feature", "properties": { "road_key": "61000000ST251", "road_name": "ถนนสายบ้านขุนทอง", "road_no": "0", "aumpher": "อำเภอหนองขาหย่าง", "office": "สาขาเมือง", "branch_code": "61000000", "name_short": "None", "price_new": 250, "price_old": 150, "width_m": 4, "pt_i": 4 }, "geometry": { "type": "Point", "coordinates": [ 99.873984223050769, 15.319246902891562 ] } },
{ "type": "Feature", "properties": { "road_key": "61000000ST251", "road_name": "ถนนสายบ้านขุนทอง", "road_no": "0", "aumpher": "อำเภอหนองขาหย่าง", "office": "สาขาเมือง", "branch_code": "61000000", "name_short": "None", "price_new": 250, "price_old": 150, "width_m": 4, "pt_i": 5 }, "geometry": { "type": "Point", "coordinates": [ 99.873530232113737, 15.31825761892282 ] } },
{ "type": "Feature", "properties": { "road_key": "61000000ST251", "road_name": "ถนนสายบ้านขุนทอง", "road_no": "0", "aumpher": "อำเภอหนองขาหย่าง", "office": "สาขาเมือง", "branch_code": "61000000", "name_short": "None", "price_new": 250, "price_old": 150, "width_m": 4, "pt_i": 6 }, "geometry": { "type": "Point", "coordinates": [ 99.872887494040498, 15.317371226231325 ] } },
{ "type": "Feature", "properties": { "road_key": "61000000ST251", "road_name": "ถนนสายบ้านขุนทอง", "road_no": "0", "aumpher": "อำเภอหนองขาหย่าง", "office": "สาขาเมือง", "branch_code": "61000000", "name_short": "None", "price_new": 250, "price_old": 150, "width_m": 4, "pt_i": 7 }, "geometry": { "type": "Point", "coordinates": [ 99.872359679417755, 15.316439081317023 ] } },
{ "type": "Feature", "properties": { "road_key": "61000000ST251", "road_name": "ถนนสายบ้านขุนทอง", "road_no": "0", "aumpher": "อำเภอหนองขาหย่าง", "office": "สาขาเมือง", "branch_code": "61000000", "name_short": "None", "price_new": 250, "price_old": 150, "width_m": 4, "pt_i": 8 }, "geometry": { "type": "Point", "coordinates": [ 99.872734407764, 15.31544577012515 ] } },
{ "type": "Feature", "properties": { "road_key": "61000000ST251", "road_name": "ถนนสายบ้านขุนทอง", "road_no": "0", "aumpher": "อำเภอหนองขาหย่าง", "office": "สาขาเมือง", "branch_code": "61000000", "name_short": "None", "price_new": 250, "price_old": 150, "width_m": 4, "pt_i": 9 }, "geometry": { "type": "Point", "coordinates": [ 99.87260730838527, 15.314368548170975 ] } }
]
}
